学科,题干,标准答案,选项A,选项B,选项C,选项D,选项E
中医儿科学,从出生后至满1周岁，称为,D,胎儿期,围生期,新生儿期,婴儿期,幼儿期
中医儿科学,胎儿期体重增长快的阶段是,E,妊娠早期4周,妊娠早期12周,妊娠中期10周,妊娠中期l5周,妊娠晚期13周
中医儿科学,胎儿期易发生先天畸形的是,B,妊娠早期4周,妊娠早期12周,妊娠中期10周,妊娠中期15周,妊娠晚期13周
中医儿科学,学龄前期起于,B,1周岁,3周岁后,2周岁,4周岁后,满5周岁
中医儿科学,身高增长的第二个高峰在,E,婴儿期,幼儿期,学龄前期,学龄期,青春期
中医儿科学,新生儿体重约为,C,1kg,2kg,3kg,5kg,7kg
中医儿科学,按公式计算，3岁小儿的身高应为,D,70cm,81cm,85cm,91cm,100cm
中医儿科学,前囟关闭的时间为出生后,D,2～4个月,4～6个月,6～12个月,12～18个月,18～24个月
中医儿科学,小儿“纯阳”之体的含义是,D,纯阳无阴,阳常有余,阴亏阳亢,发育迅速,肝常有余
中医儿科学,小儿为纯阳之体，伤于外邪以热性病证为多，其原因是六气易于化,D,湿,寒,燥,火,风
中医儿科学,小儿摄入的食物要软而易消化，饮食有常、有节，否则易出现食积、吐泻的原因主要是,D,肝常有余,心常有余,肺常不足,脾常不足,肾常虚
中医儿科学,小儿易产生感冒、咳喘，原因主要是,B,脾常不足,肺脏娇嫩,肾常虚,稚阳未充,稚阴未长
中医儿科学,小儿易受惊吓，原因主要是,D,肺脏娇嫩,脾常不足,肾常虚,心神怯弱,稚阴未长
中医儿科学,小儿缺乏卫生知识，易于误食一些被污染的食物，引发,E,咳喘,水肿,紫癜,厌食,吐泻
中医儿科学,儿科发病率居于第二位的是,D,肺系病证,心系病证,肝系病证,脾系病证,肾系病证
中医儿科学,面呈红色，多为,A,热证,寒证,瘀证,实证,虚证
中医儿科学,诊断小儿疾病，特别重要的诊查方法是,E,按诊,脉诊,问诊,闻诊,望诊
中医儿科学,腹部膨大，肢体瘦弱，发稀，额上青筋显现，多为,C,积滞,厌食,疳积,泄泻,五迟
中医儿科学,肺气闭郁的鼻诊特点是,E,鼻塞流涕,鼻孔出血,鼻孔干燥,鼻涕浊臭,鼻翼煽动
中医儿科学,小儿血证可闻及的口气为,B,臭秽,腥臭,臭腐,酸腐,酸腐而臭
中医儿科学,正常小儿脉象平和，较成人,D,浮而稍数,弦而稍数,浮而稍缓,软而稍数,浮而稍弦
中医儿科学,新生儿中药用量应为成人量的,A,1月6日,1月3日,1月2日,2月3日,等量
中医儿科学,乳婴儿中药用量应为成人量的,B,1月6日,1月3日,1月2日,1／2～2／3,等量
中医儿科学,培元补肾法常用于治疗,A,五迟五软,肺炎喘嗽,幼儿急疹,手足口病,脐血脐突
中医儿科学,麻疹初期透疹可用下列那位药加黄酒洒擦洗皮肤,A,生麻黄,香薷,五倍子,石榴皮,香樟木
中医儿科学,治疗寒喘，宜选用以下哪味药捣烂外敷肺俞穴,C,麻黄,附子,白芥子,西河柳,吴茱萸
中医儿科学,治疗痄腮，宜选用以下哪味药捣烂外敷腮部,A,马齿苋,延胡索,白芥子,吴茱萸,芫荽子
中医儿科学,以下除哪项外，均为儿科推拿疗法的作用,D,神气安定,经络畅通,气血循行,凉血止血,脏腑调和
中医儿科学,"患儿，2岁。经常发生惊惕、抽风等症,其病位在",D,肺,脾,心,肝,肾
中医儿科学,患儿，12个月。体重10kg，身长65cm，前囟近闭，乳牙7个，不会摆放积木。其中不正常的是,B,体重,身长,前囟,乳牙萌出,精细运动
中医儿科学,患儿，3岁。体重10kg。以下诊断中可能性最大的是,E,佝偻病,肥胖症,侏儒症,解颅,营养不良
中医儿科学,患儿，5个月。前囟、后囟均未闭合。其囟门闭合情况评价为,C,均正常,均不正常,前囟正常，后囟不正常,前囟不正常，后囟正常,需联系头围情况确定是否正常
中医儿科学,患儿18个月。乳牙未萌出。以下诊断中可能性最大的是,A,佝偻病,龋齿,解颅,肥胖症,脑发育不良
中医儿科学,患儿，半岁。骤闻异声后，夜里啼哭1个月，每夜发作3～5分钟。其病因是,C,感受外邪,伤乳因素,惊恐因素,环境污染,胎产因素
中医儿科学,患儿，3岁。吃瓜子时误吸入气管引起窒息。其病因是,D,乳食因素,先天因素,情志因素,意外因素,其他因素
中医儿科学,患儿，5岁。舌苔花剥，经久不愈，状如“地图”。病机多为,D,脾之气阳虚弱,肺脾气阴亏虚,乳食积滞内停,胃之气阴不足,寒湿生冷内停
中医儿科学,患儿，2岁。发热3～4天出疹，疹形细小，状如麻粒，口腔黏膜出现“麻疹黏膜斑”者，为,C,口疮,鹅口疮,麻疹,痄腮,发颐
中医儿科学,患儿，10个月。大便呈果酱色，伴阵发性哭吵，腹胀。其诊断是,E,痢疾,肠炎,积滞,虫积,肠套叠
中医儿科学,患儿，10个月。指纹纹色青紫，多为,E,气血不足,疼痛惊风,体虚有寒,寒湿阻滞,瘀热内结
中医儿科学,患儿，6岁。睡中遗尿，每夜1～2次，甚则数次，醒后方觉。伴面色苍白，神疲乏力，肢凉怕冷，腰腿酸软，下肢无力，小便清长，舌质较淡。其治法是,C,益气固摄,补肺健脾,培元补肾,健脾益气,固涩小便
中医儿科学,小儿生长发育最快的时期是,B,新生儿期,婴儿期,幼儿期,学龄前期,学龄期
中医儿科学,多种小儿急性传染病发病率最高的,C,新生儿期,婴儿期,幼儿期,学龄前期,学龄期
中医儿科学,新生儿期是指,A,从出生断脐到生后满28天,出生28天后到满1周岁,1～3岁,3～7岁,7～12岁
中医儿科学,幼儿期是指,C,从出生断脐到生后满28天,出生28天后到满1周岁,1～3岁,3～7岁,7～12岁
中医儿科学,正常小儿开始会爬的月龄一般是,D,2,4,6,8,10
中医儿科学,正常小儿开始会独坐的月龄一般是,C,2,4,6,8,10
中医儿科学,小儿可见解颅儿迟五软等先天禀赋不足之病，主要责之于,E,肺常不足,脾常不足,心常有余,肝常有余,肾常虚
中医儿科学,小儿易患疳证泄泻，主要责之于,B,肺常不足,脾常不足,心常有余,肝常有余,肾常虚
中医儿科学,睡中露睛多属,C,心神失养,肝风内动,脾虚气弱,胃气不和,肺气虚弱
中医儿科学,两目直视，瞪目不活多属,B,心神失养,肝风内动,脾虚气弱,胃气不和,肺气虚弱
中医儿科学,下列关于大黄法祛除胎毒的用法中不正确的是,E,用生大黄,略煮,胎粪通下后停服,脾虚气弱者勿用,胎粪通下后继续服用
中医儿科学,预防脐风最重要的措施是,D,孕妇勿感风邪,产妇勿感风邪,小儿生后避风,清洁断脐护脐,脐疮防其走黄
中医儿科学,不属于小儿正常断奶季节是,B,春季,酷暑,初秋,深秋,初冬
中医儿科学,母乳喂养应遵循的原则是,B,按时,按需,按量,按时按量,按时不按量
中医儿科学,下列各项，属于新生儿病态的是,B,马牙,胎怯,螳螂子,女婴生后3～5天乳房隆起如蚕豆到鸽蛋大小，2～3周消退,女婴生后5～7天阴道有少量流血，1～3天自止
中医儿科学,关于孕妇饮食，下列说法中可取的是,D,大冷之物,大热之物,甘肥厚味,营养丰富,辛辣炙焯
中医儿科学,下列药物中，不属于妊娠禁忌药的是,A,白术,大戟,斑蝥,麝香,乌头
中医儿科学,小儿可以完全断乳的适当年龄是,A,8～12个月,7～10个月,12～14个月,6～8个月,14～16个月
中医儿科学,不适宜给小儿断奶的季节是,B,春季,夏季,秋季,深秋,以上都不适宜
中医儿科学,在下列情况中，母亲仍应哺乳的是,A,乳汁数量少,患有传染病,重症心脏病,重症肾脏病,身体过弱
中医儿科学,下列关于添加辅食原则的说法中，不正确的是,C,由少到多,由稀到稠,由稠到稀,由细到粗,品种渐增
中医儿科学,患儿，4个月。前日其母给其喂蛋黄后，出现哭闹不安，大便干结，吃奶测少。此时应采取的措施是,B,暂停母乳喂养,暂停添加辅食,继续添加辅食,改为人工喂养,改为混合喂养
中医儿科学,患儿，出生后4天。家长发现小儿两侧颊部各有一个垫状隆起，可活动。以下观点中正确的是,D,影响吸乳，消毒后挑割,影响吸乳，手术切除,应予治疗，解毒消肿,有利吸乳，不予处理,有利吸乳，但易感染
中医儿科学,患儿，出生1天。面目红赤，多啼声响，无胎粪排出。最可能的原因是,A,胎毒,胎怯,胎惊,五硬,胎寒
中医儿科学,新生儿上腭中线和齿龈部位有散在黄白色碎米大小隆起，称为,A,马牙,螳螂子,胎黄,胎毒,口疮
中医儿科学,新生儿两侧颊部各有一脂肪垫隆起，称为,B,马牙,螳螂子,胎黄,胎毒,口疮
中医儿科学,患儿，出生9天。诊断为胎怯。症见气弱声低，皮肤薄嫩，胎毛细软。其病机是,B,心虚,肺虚,肝虚,脾虚,肾虚
中医儿科学,患儿，出生8天，诊断为胎怯。症见肌肤欠温，耳郭软，指甲软短，骨弱肢柔，睾丸不降。其病机是,E,心虚,肺虚,肝虚,脾虚,肾虚
中医儿科学,患儿，出生9天。诊断为胎怯。症见肌肉瘠薄，痿软无力，吮乳量少，呛乳溢乳，便下稀薄，目肤黄疸。其病机是,D,心虚,肺虚,肝虚,脾虚,肾虚
中医儿科学,胎怯的关键病机是,A,脾肾两虚,肺肾两虚,肝肾不足,肺脾两虚,五脏不足
中医儿科学,下列各项，对胎怯的描述错误的是,A,只包括早产儿,出生体重低于2500g,相当于西医学低出生体重儿,成为围生期死亡的主要原因之一,易并发硬肿症、败血症、新生儿窒息、黄疸等疾病
中医儿科学,胎怯的病变脏腑主要在,A,脾、肾,心、肝,心、肾,心、脾,肝、肾
中医儿科学,胎怯的基本治疗法则是,A,补肾培元,健脾益气,补肝强筋,补气养血,温运脾阳
中医儿科学,治疗胎怯肾精薄弱证首选方是,D,保元汤,归脾汤,金匮肾气丸,补肾地黄丸,六味地黄丸
中医儿科学,治疗胎怯脾肾两虚证首选方是,C,归脾汤,六味地黄丸,保元汤,补肾地黄丸,金贵肾气丸
中医儿科学,患儿，出生1天。孕期8月早产。体短形瘦，头大囟张，头发稀黄，耳壳薄软，哭声低微，肌肤不温，指甲软短，骨弱肢柔，指纹淡。其证候是,A,肾精薄弱,肝脾两虚,肺气虚弱,脾肾两虚,心脾不足
中医儿科学,患儿，出生7天。足月顺产。啼哭无力，多卧少动，肌肉瘠薄，四肢不温，吮乳乏力，呛乳溢乳，哽气多哕，腹胀腹泻，指纹淡。治疗首选方是,A,保元汤,生脉饮,六味地黄汤,补肾地黄汤,金匮肾气丸
中医儿科学,患儿，出生10天。诊断为胎怯。证见啼哭无力，多卧少动，皮肤干皱，肌肉瘠薄，四肢不温，吮乳乏力，呛乳溢乳，腹胀腹泻，甚而水肿，指纹淡。其证侯为,D,肾精薄弱,心脾不足,肺气虚弱,脾肾两虚,肝脾两虚
中医儿科学,患儿，出生10天。身长43cm，体重2300g，囟门3cm×3cm，头发稀黄，耳壳薄软、贴于两颞，啼哭时唇口紫绀，四肢不温，多卧少动，指纹淡。其治法是,C,健脾益肾，温运脾阳,益气活血，补精充髓,益精充髓，补肾温阳,益气健脾，养心安神,活血化瘀，益精充髓
中医儿科学,治疗肾精薄弱证胎怯应首选的方剂是,A,补肾地黄丸,六味地黄丸,金匮肾气丸,大补阴丸,保元汤
中医儿科学,治疗脾肾两虚证胎怯应首选的方剂是,E,补肾地黄丸,六味地黄丸,金匮肾气丸,大补阴丸,保元汤
中医儿科学,对于硬肿症的临床表现描述错误的是,A,可见紧张性水肿,腋温-肛温差由正值变为负值,低体温，体温<35℃，严重者<30℃,硬肿为对称性，依次为双下肢、臀、面颊、两上肢、背、腹、胸部等,患儿不吃、不哭、少动，严重者可伴有休克、肺出血及多脏器功能衰竭
中医儿科学,治疗硬肿症阳气虚衰证首选方是,B,四逆汤,参附汤,金匮肾气丸,当归四逆汤,血府逐瘀汤
中医儿科学,治疗硬肿症寒凝血涩证首选方是,D,四逆汤,参附汤,金匮肾气丸,当归四逆汤,血府逐瘀汤
中医儿科学,硬肿症的内因是,A,肾阳虚衰,脾肾阳虚,肺脾气虚,肝肾阴虚,脾肾两虚
中医儿科学,患儿，生后2天。症见全身冰冷，肌肤板硬而肿，范围波及全身，气息微弱，僵卧少动，哭声低怯，吸吮困难，反应极差，皮肤暗红，尿少或尤，面色苍白，唇舌色淡，指纹淡红不显。其证候是,B,寒凝血涩,阳气虚衰,脾肾虚衰,肺脾气虚,气滞血瘀
中医儿科学,患儿，出生7天。全身不温，四肢发凉，反应尚可，哭声较低，肌肤硬肿，难以捏起，臀部与小腿皮肤硬肿，颜色暗红如陈伤，指纹紫暗。其证候是,B,热毒壅滞,寒凝血涩,气弱欲绝,脾肾两虚,阳气虚衰
中医儿科学,患儿，出生10天。全身冰冷，僵卧少动，反应极差，气息微弱，哭声低怯，面色苍白，肌肤板硬而肿，范围波及全身，皮肤暗红，少尿。唇舌色淡，指纹淡红。治疗首选方,A,参附汤,四逆汤,理中汤,附子理中汤,黄芪建中汤
中医儿科学,患儿，出生8天。出生时体重2000g，啼声细弱无力，全身冰冷，僵卧少动，面色苍白，肌肉板硬而肿，硬肿范围达60％，皮肤暗红，少尿，指纹色红不显。其治法是,C,益气养心，活血化瘀,通经活络，利水消肿,益气温阳，通经活血,益气温阳，利水消肿,温经散寒，益气活血
中医儿科学,治疗硬肿症阳气虚衰证应首选的方剂是,A,参附汤,血府逐瘀汤,附子理中汤,当归四逆汤,人参五味汤
中医儿科学,治疗硬肿症寒凝血涩证应首选的方剂是,D,参附汤,血府逐瘀汤,附子理中汤,当归四逆汤,人参五味汤
中医儿科学,患儿，出生32天。症见面目皮肤发黄，色泽晦暗，持久不退，精神委靡，四肢欠温，纳呆，大便溏薄色灰白，小便短少，舌质淡，苔白腻。其证候是,A,寒湿阻滞,气滞血瘀,湿热郁蒸,胎黄动风,胎黄虚脱
中医儿科学,患儿，生后l天。症见面目皮肤发黄，色泽鲜明如橘，哭声响亮，不欲吮乳，口渴唇干，大便秘结，小便深黄，舌质红，苔黄腻。其治法是,C,行气化瘀消积,温中化湿退黄,清热利湿退黄,平肝息风，利湿退黄,大补元气，温阳固脱
中医儿科学,下列病机中，不属于胎黄病机的是,C,脾胃湿热,寒湿内蕴,肺失通调,肝失疏泄,气滞血瘀
中医儿科学,下列属于病理性黄疸的是,A,生后24h以内出现黄疸,生后第2～3日出现黄疽，第4～6日达高峰,足月儿在生后2周消退，早产儿可延迟至3～4周消退,足月儿血清总胆红素≤221μmol／L，早产儿≤257μmol／L,小儿一般情况良好，除偶有轻微食欲不振外，不伴有其他临床症状
中医儿科学,胎黄的病变脏腑是,A,肝胆、脾胃,心小肠、肝胆,肾膀胱、脾胃,肺大肠、肝胆,肾膀胱、心肺
中医儿科学,面目皮肤发黄，颜色逐渐加深，晦暗无华，右胁下痞块质硬，肚腹膨胀，青筋显露，唇色暗红，舌见瘀点，苔黄；证属,E,肠腑阻结证,寒湿内蕴证,脾运失职证,肝失疏泄证,气滞血瘀证
中医儿科学,治疗寒湿阻滞证胎黄的基本法则是,D,利水渗湿退黄,化瘀消积退黄,清热利湿退黄,温中化湿退黄,疏肝利胆退黄
中医儿科学,治疗胎黄湿热郁蒸证首选方是,A,茵陈蒿汤,茵陈理中汤,血府逐瘀汤,羚角钩藤汤,藿朴夏苓汤
中医儿科学,下列表现中，属于生理性胎黄的是,B,生后24小时出现黄疸,足月儿在出生后2周消退,黄疸消退后复现,黄疸持续3周以上,血清总胆红素300μmol／L
中医儿科学,患儿，出生26天。黄疸未退，皮肤色黄无光泽，精神萎靡，四肢不温，大便灰白而溏，舌淡苔白腻。其治法是,B,清热利湿,温中化湿,化瘀消积,平肝熄风,温阳固脱
中医儿科学,患儿，出生30天。黄疸持续不退，面目皮肤发黄，晦暗无光泽，右胁下痞块渐大，腹部胀满，口唇暗红。辨证为气滞血瘀证，最主要的辨证依据是,E,腹部胀满,黄疸不退,全身黄疸,黄疸晦暗,右胁下痞块
中医儿科学,患儿，出生10天。面目皮肤发黄，色泽鲜明如橘，哭声响亮，不欲吮乳，口渴唇干，或有发热，大便秘结，小便深黄，舌质红，苔黄腻；其证型是,A,湿热郁蒸证,寒湿内蕴证,脾气虚弱证,肝失疏泄证,气滞血瘀证
中医儿科学,患儿，出生32天。面目皮肤发黄，色泽晦暗，持久不退，腹胀，全身散在瘀斑，大便溏薄，舌有瘀点，苔黄。治疗首选方是,D,茵陈蒿汤,茵陈理中汤,茵陈五苓散,血府逐瘀汤,归脾汤
中医儿科学,胎黄寒湿阻滞证常见,D,神昏抽搐,肌肤硬肿,右胁下痞块，腹壁青筋暴露,肤黄色晦暗，大便溏薄灰白,口渴口唇干，小便黄赤短少
中医儿科学,胎黄气滞血瘀证常见,C,神昏抽搐,肌肤硬肿,右胁下痞块，腹壁青筋暴露,肤黄色晦暗，大便溏薄灰白,口渴口唇干，小便黄赤短少
中医儿科学,小儿时邪感冒的主要特点是,D,恶寒发热，鼻塞流涕，舌淡苔薄白,发热头痛，身重困倦，舌红苔黄腻,发热恶风，咽红肿痛，舌红苔薄黄,起病急骤，高热恶寒，肌肉酸痛,恶寒发热，脘腹胀痛，呕吐酸腐
中医儿科学,治疗小儿风寒感冒的首选方是,E,麻黄汤,杏苏散,小青龙汤,新加香薷饮,荆防败毒散
中医儿科学,治疗小儿暑邪感冒的首选方剂是,E,银翘散,香薷饮,桑菊饮,藿朴夏苓汤,新加香薷饮
中医儿科学,患儿，2岁。发热2小时。证见发热，恶寒，无汗，鼻塞，流清涕，微咳，咽部不红，纳少，舌淡红，苔薄白，指纹浮红。其证候是,A,风寒感冒,风热感冒,暑邪感冒,时邪感冒,感冒夹滞
中医儿科学,患儿，7岁。时值夏令，骤起发热，汗出热不解，头昏，头痛，胸闷，肢体困倦，泛恶，心烦口渴，食欲不振，大便稀溏，小便短黄，舌质红，苔黄腻，脉数。其证候是,C,风热感冒,时邪感冒,暑邪感冒,感冒夹滞,感冒夹痰
中医儿科学,患儿，5岁。证见发热，恶寒，无汗，鼻塞流涕，微咳，兼见脘腹胀满，呕吐酸腐，口气秽浊，大便酸臭，小便短黄，舌质红，苔厚腻，脉滑。其病证是,E,呕吐,腹痛,积滞,伤食泻,感冒夹滞
中医儿科学,患儿，9岁。发热半日，伴见恶风，少汗，头痛，鼻塞流涕，咽红肿痛，微咳，舌质红，苔薄黄，脉浮数。其选方是,C,桑菊饮,桑杏汤,银翘散,新加香薷饮,普济消毒饮
中医儿科学,患儿，10个月。时当八月，发热，无汗，烦躁哭闹，咽红，身重困倦，食欲不振，呕吐乳食，大便稀溏，小便短黄，舌质红，苔黄腻，脉数。其治法是,D,辛温解表,辛凉解表,清热解毒,清暑解表,清热导滞
中医儿科学,患儿，5岁。发热2日。证见发热，恶寒，无汗，头痛，鼻塞，流清涕，咳嗽阵作，喉间痰鸣，舌淡红，苔白，脉浮滑。其治法，应在解表的基础上加用,C,温肺化饮,肃肺化痰,宣肺化痰,清肺化痰,涤痰降气
中医儿科学,患儿，2岁。发热1天。证见高热，恶寒，无汗，鼻塞，惊惕哭闹，睡卧不宁，大便干结，小便短黄，舌质红，指纹紫达于气关。其治法，应在解表的基础上加用,A,清热镇惊,清心开窍,清肝熄风,清热解毒,通腑泄热
中医儿科学,感冒夹滞的病位在肺和,A,脾,心肝,肺,大肠,肾
中医儿科学,感冒夹惊的病位在肺和,B,脾,心肝,肺,大肠,肾
中医儿科学,小儿风热感冒证见,B,发热，恶寒，无汗，鼻塞，流清涕，喷嚏，微咳,发热，恶风，少汗，头痛，鼻塞流浊涕，咽红肿痛,高热，恶寒，无汗，头痛，目赤咽红，肌肉酸痛,发热，恶寒，无汗，鼻塞流涕，微咳，脘腹胀满,高热，无汗，惊惕哭闹，睡卧不宁，骤然抽风
中医儿科学,小儿时邪感冒证见,C,发热，恶寒，无汗，鼻塞，流清涕，喷嚏，微咳,发热，恶风，少汗，头痛，鼻塞流浊涕，咽红肿痛,高热，恶寒，无汗，头痛，目赤咽红，肌肉酸痛,发热，恶寒，无汗，鼻塞流涕，微咳，脘腹胀满,高热，无汗，惊惕哭闹，睡卧不宁，骤然抽风
中医儿科学,乳蛾肺胃阴虚证应首选的方剂是,C,银翘马勃散,牛蒡甘桔汤,养阴清肺汤,普济消毒饮,荆防败毒散
中医儿科学,乳蛾的治疗原则是,A,清热解毒，利咽消肿,疏风清热，利咽消肿,养阴润肺，软坚利咽,辛温解表，疏风散寒,清热解毒，软坚散结
中医儿科学,关于乳蛾的诊断要点，说法错误的是,C,以咽痛为主要症状,急性乳蛾病程短,一定伴有发热症状,可见扁桃体肿大,可伴有吞咽困难
中医儿科学,乳蛾风热搏结证的治法,A,疏风清热，利咽消肿,清热解毒，利咽消肿,养阴润肺，利咽消肿,滋阴清热，软坚利咽,清热解毒，软坚利咽
中医儿科学,患儿，4岁。咽痛6天。喉核肿大暗红，咽干咽痒，日久不愈，干咳少痰，大便干结，小便黄少，舌质红，苔少，脉细数。应首选的方剂是,C,银翘马勃散,牛蒡甘桔汤,养阴清肺汤,普济消毒饮,荆防败毒散
中医儿科学,患儿，4岁。咽痛1周。喉核肿大暗红，咽干咽痒，日久不愈，干咳少痰，大便干结，小便黄少，舌质红，苔少，脉细数。其治法是,C,疏风清热，利咽消肿.,清热解毒，利咽消肿,养阴润肺，软坚利咽,清热解毒，软解散结,利咽消肿，活血化瘀
中医儿科学,患儿，5岁。发热咽痛2天。高热不退，喉核赤肿，溃烂化脓，吞咽困难，口干口臭，大便十结，小便黄少，舌红，苔黄，脉数。其证候是,B,风热搏结,热毒炽盛,肺胃阴虚,脾胃积热,肺胃蕴热
中医儿科学,患儿，6岁。发热390C，喉核赤肿，咽喉疼痛，吞咽不利，鼻塞流涕，头痛身痛，舌红，苔薄黄，脉浮数。其证候是,A,风热搏结证,热毒炽盛证,肺胃阴虚证,脾胃积热证,肺胃蕴热证
中医儿科学,患儿，7岁。喉核赤肿，咽喉疼痛，吞咽不利，发热重，鼻塞流涕，头痛身痛，舌红，苔薄黄，脉浮数。其治法是,A,疏风清热，利咽消肿,清热解毒，利咽消肿,养阴润肺，软坚利咽,清热解毒，软解散结,利咽消肿，活血化瘀
中医儿科学,患儿，3岁。发热咽痛2天。高热不退，喉核赤肿，溃烂化脓，吞咽困难，口干口臭，大便干结，小便黄少，舌红，苔黄，脉数。其治法是,B,疏风清热，利咽消肿,清热解毒，利咽消肿,养阴润肺，软坚利咽,清热解毒，软解散结,利咽消肿，活血化瘀
中医儿科学,患儿，4岁。咽痛1周。喉核肿大暗红，咽干咽痒，日久不愈，干咳少痰，大便干结，小便黄少，舌质红，苔少，脉细数。其证候是,C,风热搏结,热毒炽盛,肺胃阴虚,脾胃积热,肺胃蕴热
中医儿科学,患儿，5岁。高热不退，喉核赤肿，溃烂化脓，吞咽困难，口干口臭，大便干结，小便黄少，舌红，苔黄，脉数。应首选的方剂是,B,银翘马勃散,牛蒡甘桔汤,养阴清肺汤,普济消毒饮,荆防败毒散
中医儿科学,下列不属于内伤咳嗽证的是,E,痰热咳嗽证,痰湿咳嗽证,气虚咳嗽证,阴虚咳嗽证,风寒咳嗽证
中医儿科学,小儿痰热咳嗽的主要特点是,B,干咳无痰，咽痒声嘶,咳嗽不爽，痰黄黏稠,咳而无力，痰白清稀,咳声重浊，痰多壅盛，色白而稀,咳嗽频作，声重咽痒，咳痰清稀
中医儿科学,小儿咳嗽的主要内因是,A,肺脾虚弱,肝肾阴虚,肺肾两虚,肝脾不和,心脾两虚
中医儿科学,小儿咳嗽的主要外因是,A,风邪,火邪,湿邪,寒邪,燥邪
中医儿科学,小儿外感风寒咳嗽的主要特点是,A,咳嗽频作，声重咽痒，咳痰清稀,咳嗽不爽，痰黄黏稠,咳声重浊，痰多壅盛，色白而稀,咳而无力，痰白清稀,干咳无痰，咽痒声嘶
中医儿科学,治疗阴虚咳嗽的首选方剂是,C,银翘散,桑菊饮,沙参麦冬汤,清金化痰汤,麦味地黄丸
中医儿科学,咳嗽的病变部位在肺，但常涉及到其他脏腑，其中最密切的是,B,肝,脾,肾,心,大肠
中医儿科学,患儿，3岁。咳嗽8天。干咳无痰，口渴咽干，喉痒，声音嘶哑，盗汗，手足心热，大便干结，舌红，少苔，脉细数。其治法是,D,健脾补肺，益气化痰,燥湿化痰，宣肺止咳,疏风散寒，宣肺止咳,滋阴润燥，养阴清肺,疏风清肺，润燥止咳
中医儿科学,患儿，3岁。咳嗽7天。干咳少痰，不易咯出，口渴咽干，喉痒，声音嘶哑，盗汗，手足心热，大便干结，舌红，少苔，脉细数。其证候是,E,风寒咳嗽,风热咳嗽,风燥咳嗽,气虚咳嗽,阴虚咳嗽
中医儿科学,患儿，5岁。咳嗽1周。证见咳嗽痰多，痰黄黏稠，难咯，喉间时有痰鸣，发热口渴，尿少色黄，舌质红，苔黄腻，脉滑数。治疗宜选方,A,清金化痰汤,桑菊饮,沙参麦冬汤,麻杏石甘汤,黄连解毒汤合三拗汤
中医儿科学,患儿，3岁。咳嗽发热2天。证见发热，38.2℃，鼻塞流浊涕，微汗恶风，咳嗽不爽，咽红，舌质红，苔薄黄，指纹浮紫。其治法是,B,疏风散寒，宣肺止咳,疏风解热，宣肺止咳,清热化痰，宣肺止咳,清热化痰，养阴润肺,清热涤痰，肃肺止咳
中医儿科学,患儿，2岁。起病2天，鼻塞流清涕，喷嚏时作，咳嗽频频，咳声较重，舌质正常，舌苔薄白，指纹浮红。其证候是,A,风寒咳嗽,风热咳嗽,痰热咳嗽,气虚咳嗽,阴虚咳嗽
中医儿科学,阴虚咳嗽证见,B,咳嗽反复不已，痰白清稀，气短懒言，自汗畏寒,干咳无痰，口渴咽干，咽痒声嘶，舌红少苔,咳嗽不爽，痰黄黏稠，不易咯出，舌苔黄腻,咳嗽频作，声重咽痒，咳痰清稀，舌苔薄白,咳嗽重浊，痰多壅盛，胸闷纳呆，舌苔白腻
中医儿科学,气虚咳嗽证见,A,咳嗽反复不已，痰白清稀，气短懒言，自汗畏寒,干咳无痰，口渴咽干，咽痒声嘶，舌红少苔,咳嗽不爽，痰黄黏稠，不易咯出，舌苔黄腻,咳嗽频作，声重咽痒，咳痰清稀，舌苔薄白,咳嗽重浊，痰多壅盛，胸闷纳呆，舌苔白腻
中医儿科学,肺炎喘嗽痰热闭肺证的临床表现为,C,恶寒发热，呛咳不爽，呼吸气急，痰白而稀,发热恶风，咳嗽气急，痰黄而黏，口渴咽红,发热烦躁，咳嗽喘促，气急鼻煽，喉间痰鸣,低热盗汗，干咳无痰，面色潮红，舌红少苔,面白少华，动则汗出，咳嗽无力，纳差便溏
中医儿科学,治疗小儿肺炎喘嗽毒热闭肺证的首选方剂是,D,银翘散,清金化痰丸,麻杏石甘汤,黄连解毒汤合麻杏石甘汤,五虎汤合葶苈大枣泻肺汤
中医儿科学,肺炎喘嗽肺脾气虚证的临床表现为,B,发热恶风，咳嗽气急，痰黄而黏，口渴咽红,面白少华，动则汗出，咳嗽无力，纳差便溏,发热烦躁，咳嗽喘促，气急鼻煽，喉间痰鸣,低热盗汗，干咳无痰，面色潮红，舌红少苔,恶寒发热，呛咳不爽，呼吸气急，痰白而稀
中医儿科学,小儿肺炎喘嗽的病机关键为,D,风寒闭肺,风热闭肺,毒热闭肺,肺气闭郁,肺脾气虚
中医儿科学,小儿肺炎喘嗽的主要治疗原则是,C,辛温宣肺，化痰止咳,辛凉宣肺，清热化痰,开肺化痰，止咳平喘,清热涤痰，肃肺定喘,清热解毒，泻肺开闭
中医儿科学,小儿肺炎喘嗽痰热闭肺证的治法是,D,辛温宣肺，化痰止咳,辛凉宣肺，清热化痰,开肺化痰，止咳平喘,清热涤痰，开肺定喘,清热解毒，泻肺开闭
中医儿科学,小儿肺炎喘嗽毒热闭肺证的治法是,E,辛温宣肺，化痰止咳,辛凉宣肺，清热化痰,开肺化痰，止咳平喘,清热涤痰，开肺定喘,清热解毒，泻肺开闭
中医儿科学,患儿，9岁。发热咳嗽2天。证见发热恶风，咳嗽气急，痰多而黄，口渴咽红，舌质红，苔薄白，脉浮数。其治法是,B,辛温宣肺，化痰止咳,辛凉宣肺，化痰止咳,清热涤痰，开肺定喘,清热解毒，泻肺开闭,养阴清肺，润肺止咳
中医儿科学,患儿，2岁。发热咳嗽3天。证见高热持续不退，咳嗽剧烈，气急鼻煽，烦躁喘憋，涕泪俱无，面赤唇红，大便秘结，舌红，苔黄，指纹紫滞。其治法是,D,辛温宣肺，化痰止咳,辛凉宣肺，清热化痰,清热涤痰，开肺定喘,清热解毒，泻肺开闭,养阴清肺，润肺止咳
中医儿科学,患儿，6岁。发热咳嗽5天。证见发热，无汗，呛咳不爽，呼吸气急，痰白而稀，咽不红，舌淡红，苔薄白，脉浮紧。治疗首选方,C,三拗汤,麻黄汤,华盖散,荆防败毒散,麻杏石甘汤
中医儿科学,患儿，2岁。发热咳嗽3天。证见发热，无汗，呛咳不爽，呼吸气急，痰声重浊，咽不红，舌淡红，苔薄白，指纹浮红。其证候是,A,风寒郁肺,风热闭肺,痰热闭肺,肺脾气虚,阴虚肺热
中医儿科学,患儿，5岁。证见发热烦躁，咳嗽喘促，气急鼻煽，呼吸困难，喉间痰鸣，面赤口渴，大便干燥，小便黄少，舌红，苔黄，脉滑数。其证候是,C,风寒闭肺,风热闭肺,痰热闭肺,毒热闭肺,阴虚肺热
中医儿科学,患儿，4岁。高热3天，持续不退，咳嗽剧烈，气急鼻煽，烦躁不安，忽见神昏谵语，四肢抽搐，双目上视，舌红绛，指纹直达命关。其治法是,E,辛凉宣肺，清热化痰,清热解毒，泻肺开闭,清热涤痰，开肺定喘,温补心阳，救逆固脱,平肝熄风，清心开窍
中医儿科学,患儿，12岁。发热咳嗽3天，证见高热烦躁，咳嗽喘促，气急鼻煽，呼吸困难，咯黄稠痰，胸闷胀满，面赤口渴，大便干燥，舌红，苔黄，脉滑数。治疗首选方,C,华盖散,麻杏石甘汤,麻杏石甘汤合葶苈大枣泻肺汤,银翘散合麻杏石甘汤,黄连解毒汤合三拗汤
中医儿科学,患儿，4岁。证见高热持续，咳嗽剧烈，喉间痰鸣，气急鼻煽，烦躁喘憋，涕泪俱无，鼻孔干燥，面赤唇红，口渴咽干，大便秘结，舌红而干，苔黄，脉数。治疗首选方,E,华盖散,麻杏石甘汤,五虎汤合葶苈大枣泻肺汤,银翘散合麻杏石甘汤,黄连解毒汤合麻杏石甘汤
中医儿科学,患儿，9岁。1个月前患肺炎喘嗽，迁延未愈，证见低热盗汗，干咳无痰，面色潮红，五心烦热，舌红少津，少苔，脉细数。治疗首选方,B,麦门冬汤,沙参麦冬汤,补肺阿胶汤,青蒿鳖甲汤,人参五味子汤
中医儿科学,患儿，7岁。患肺炎喘嗽已半月，经治疗症状好转，现证见低热，面白少华，多汗，咳嗽无力，纳差，便溏，舌淡红，苔薄白，脉弱。治疗首选方,C,沙参麦冬汤,六君子汤,人参五味子汤,参苓白术散,补中益气汤
中医儿科学,患儿，2岁。发热咳嗽2天，高热顿躁，咳嗽喘促，气急鼻煽，呼吸困难，突见面色苍白，口唇紫绀，精神萎靡，胁下痞块，舌质紫，苔薄白，指纹紫滞。其证候是,D,风热闭肺,毒热闭肺,邪陷厥阴,心阳虚衰,痰热闭肺
中医儿科学,治疗肺炎喘嗽风寒闭肺证的首选方是,D,金沸草散,小青龙汤,三拗汤,华盖散,荆防败毒散
中医儿科学,治疗咳嗽风寒咳嗽证的首选方是,A,金沸草散,小青龙汤,三拗汤,华盖散,荆防败毒散
中医儿科学,与哮喘发病关系最密切的脏腑是,E,肺心肝,肺脾心,肺肝脾,肝脾肾,肺脾肾
中医儿科学,下列哪项不属于哮喘的临床特征,A,发热,喘息气促,喉间痰鸣,呼气延长,甚者紫绀
中医儿科学,治疗小儿哮喘肺脾气虚证首选方是,E,金匮肾气丸,苏子降气汤,麻杏石甘汤合苏葶丸,小青龙汤合三子养亲汤,人参五味子汤合玉屏风散
中医儿科学,患儿，5岁。咳嗽喘促半天。证见气喘，喉间哮鸣，咳嗽，胸闷，痰稀色白有泡沫，喷嚏鼻塞，流清涕，唇青，形寒肢凉，无汗，口不渴，小便清长，大便溏薄，咽不红，舌质淡红，苔薄白，脉浮紧，指纹红。其治法是,A,温肺散寒，涤痰定喘,清肺涤痰，止咳平喘,解表清里，定喘止咳,泻肺补肾，标本兼顾,健脾温肾，固摄纳气
中医儿科学,患儿，6岁。咳嗽喘促1天。证见喘促气急，咳嗽痰鸣，恶寒发热，鼻流清涕，咯痰黄稠，口渴，大便干，舌红，苔白，脉滑数。其治法是,C,温肺散寒，化痰定喘,清肺涤痰，止咳平喘,解表清里，止咳定喘,泻肺补肾，标本兼顾,健脾温肾，固摄纳气
中医儿科学,患儿，9岁。咳嗽喘促3天。证见咳嗽，喉间痰鸣，喘促气急，鼻塞，喷嚏，流清涕，咯痰黄稠，大便秘结，舌红，苔白，脉浮滑。其证候是,B,寒性哮喘,外寒内热,热性哮喘,肺实肾虚,肺肾阴虚
中医儿科学,患儿，10岁。反复咳嗽哮喘4年余。证见咳嗽无力，声低息微，自汗畏风，面白少华，神疲懒言，形体消瘦，大便稀溏，舌淡红，苔薄白，脉细弱。其证候是,D,寒性哮喘,肺实肾虚,肺肾阴虚,肺脾气虚,脾肾阳虚
中医儿科学,患儿，7岁。咳嗽喘促2月余。证见咳嗽时作，喘促乏力，咳痰不爽，面色潮红，盗汗，手足心热，舌质红，少苔，脉细数。其证候是,B,寒性哮喘,肺肾阴虚,肺实肾虚,肺脾气虚,脾肾阳虚
中医儿科学,患儿，7岁。咳嗽喘促3小时。证见恶寒发热，咳嗽，喘促气急，喉间痰鸣，鼻塞，流清涕，咯痰黄稠，烦躁，口渴，大便干，舌红，苔白，脉浮紧。治疗首选方,D,麻黄汤,华盖散,麻杏石甘汤,大青龙汤,小青龙汤
中医儿科学,患儿，8岁。反复咳嗽喘促3年余。证见咳嗽时作，喘促乏力，咯痰不爽，潮红盗汗，手足心热，大便秘结，小便少，舌质红，少苔，脉细数。治疗首选方,B,桑菊饮,麦味地黄丸,养阴清肺汤,麻杏石甘汤,沙参麦冬汤
中医儿科学,患儿，7岁。反复咳嗽喘促3年余。证见咳嗽喘促，动则喘甚，胸闷气短，面色欠华，神疲乏力，畏寒肢冷，舌质淡，苔白，脉细弱。治疗首选方,E,苏葶九,华盖散,苏子降气汤,小青龙汤,金匮肾气丸
中医儿科学,治疗风寒束肺哮喘的首选方是,E,三拗汤,都气丸,大青龙汤,麻杏石甘汤合苏葶丸,小青龙汤合三子养亲汤
中医儿科学,治疗痰热阻肺哮喘的首选方是,D,三拗汤,都气丸,大青龙汤,麻杏石甘汤合苏葶丸,小青龙汤合三子养亲汤
中医儿科学,小儿反复呼吸道感染病位主要在肺，常涉及的脏腑是,A,脾肾,心肝,脾胃,肝肾,心肾
中医儿科学,反复呼吸道感染脾肾两虚证的治法,B,养阴润肺，益气健脾,温补肾阳，健脾益气,调和营卫，益气固表,补肺固表，健脾益气,温补脾肾，固摄纳气
中医儿科学,治疗反复呼吸道感染肺脾气虚证应选的方剂是,E,补中益气汤,黄芪桂枝五物汤,金匮肾气丸合理中丸,生脉散合沙参麦冬汤,玉屏风散合六君子汤
中医儿科学,诊断3～5岁的小儿反复呼吸道感染，其中1年上呼吸道感染的次数是,B,5,6,7,8,9
中医儿科学,诊断0～2岁的小儿反复呼吸道感染，其中1年上呼吸道感染的次数是,C,5,6,7,8,9
中医儿科学,反复呼吸道感染，肺脾气虚证的表现不包括,B,面黄少华,腰膝酸软,少气懒言,自汗多汗,脉无力，指纹淡
中医儿科学,反复呼吸道感染，营卫失调证的主治方剂,D,桂枝汤,麻黄汤,小青龙汤,黄芪桂枝五物汤,玉屏风散
中医儿科学,患儿，3岁。平素反复外感。面白少华，形体消瘦，肌肉松软，鸡胸龟背，腰膝酸软，形寒肢冷，发育落后，动则气喘，少气懒言，多汗易汗，食少纳呆，大便稀溏，舌质淡，苔薄白，脉沉细无力。其治法是,B,调和营卫，益气固表,温补肾阳，健脾益气,养阴润肺，益气健脾,补肺固表，健脾益气,健脾益气，养阴益胃
中医儿科学,患儿，4岁。反复外感，面白颧红少华，食少纳呆，口渴，盗汗自汗，手足心热，大便干结，舌质红，苔花剥，脉细数。其证候是,D,肺脾气虚,营卫失调,脾肾两虚,肺脾阴虚,气阴两虚证
中医儿科学,患儿，9岁。反复呼吸道感染，诉恶风、恶寒，面色少华，四肢不温，多汗易汗，舌淡红，苔薄白，脉无力。其治法是,A,调和营卫，益气固表,温补肾阳，健脾益气,养阴润肺，益气健脾,补肺固表，健脾益气,健脾益气，养阴益胃
中医儿科学,鹅口疮的发病，可由胎热内蕴，口腔不洁，感受秽毒之邪所致。其主要病变在,D,心肝,心肾,肝肾,心脾,肺脾
中医儿科学,鹅口疮好发于,A,初生儿,幼儿,学龄前儿童,学龄儿童,青春期儿童
中医儿科学,治疗鹅口疮心脾积热证的首选方剂是,E,导赤散,泻黄散,泻心汤,清胃散,清热泻脾散
中医儿科学,治疗鹅口疮虚火上浮证的首选方剂是,B,益黄散,知柏地黄丸,六味地黄丸,沙参麦冬汤,养胃增液汤
中医儿科学,患儿，10天。啼哭不安，不欲吮乳，口舌满布白屑，唇舌俱红，小便短赤。治疗应首选,E,导赤散,泻黄散,竹叶石膏汤,知柏地黄丸,清热泻脾散
中医儿科学,患儿，6个月。泄泻10多天，经用抗生素治疗，泄泻已止，但口舌出现散在白屑，红晕不著，口干不渴，手足心热，舌红苔少。治疗应首选,D,导赤散,泻黄散,竹叶石膏汤,知柏地黄丸,清热泻脾散
中医儿科学,鹅口疮心脾积热证证见,A,口舌白屑满布,口舌白屑散在,舌如草莓,舌起芒刺,恶寒发热
中医儿科学,鹅口疮虚火上浮证证见,B,口舌白屑满布,口舌白屑散在,舌如草莓,舌起芒刺,恶寒发热
中医儿科学,鹅口疮心脾积热证的治疗法则是,B,清泻胃火,清心泻脾,清心泻热,滋阴增液,滋阴降火
中医儿科学,鹅口疮虚火上浮证的治疗法则是,E,清泻胃火,清心泻脾,清心泻热,滋阴增液,滋阴降火
中医儿科学,治疗口疮虚火上浮证的首选方剂是,C,导赤散,泻黄散,六味地黄丸,泻心导赤散,黄连解毒汤
中医儿科学,治疗口疮风热乘脾证的首选方剂是,E,导赤散,泻黄散,清胃散,凉膈散,银翘散
中医儿科学,治疗口疮心火上炎证的首选方剂是,D,导赤散,凉膈散,泻心汤,泻心导赤散,黄连解毒汤
中医儿科学,患儿，2岁。起病1天，发热，口颊、齿龈见多个溃疡点，周围焮红，口臭流涎，舌红，苔黄，脉浮数。其证候是,B,心火上炎,风热乘脾,心脾积热,虚火上浮,肝胆湿热
中医儿科学,患儿，4岁。昨天外出游玩。今天舌边尖溃烂，色赤疼痛，饮食困难，心烦不安，口干欲饮，小便短赤，舌尖红，苔薄黄。其治法是,C,疏风散火，清热解毒,滋阴降火，引火归元,清心凉血，泻火解毒,疏风解表，泻火解毒,消食导滞，清热解毒
中医儿科学,患儿，3岁。口腔溃疡或糜烂，反复发作，形体消瘦，神疲颧红，周围不红，疼痛不甚，口干不渴，舌红，苔少。治疗应首选,D,沙参麦冬汤,养胃增液汤,益黄散,六味地黄丸加肉桂,知柏地黄丸加附子
中医儿科学,口疮虚火上浮证的治法是,E,疏风散火，清热解毒,消食导滞，清热解毒,清心凉血，泻火解毒,疏风解表，泻火解毒,滋阴降火，引火归原
中医儿科学,口疮风热乘脾证的治法是,A,疏风散火，清热解毒,消食导滞，清热解毒,清心凉血，泻火解毒,疏风解表，泻火解毒,滋阴降火，引火归原
中医儿科学,小儿泄泻发病率较高的季节是,B,春夏,夏秋,秋冬,冬春,四季无差异
中医儿科学,泄泻的病变脏腑主要在,C,肝，胆,心，小肠,脾，胃,肺，大肠,肾，膀胱
中医儿科学,泄泻的基本治疗原则是,D,清肠化湿,消食化积,祛风散寒,运脾化湿,健脾化湿
中医儿科学,治疗脾虚泻的首选方是,C,保和丸,平胃散,参苓白术散,藿香正气散,附子理中汤
中医儿科学,脾肾阳虚泻的治法为,D,健脾温阳，助运止泻,健脾益气，酸甘敛阴,补肾滋阴，平肝降火,温补脾肾，固涩止泻,挽阴回阳，救逆固脱
中医儿科学,患儿，9个月。泄泻3个月，身体日渐消瘦，现仍泻下不止，日行7、8次，精神萎靡，哭声微弱，面色青灰，四肢厥冷，脉微细欲绝。其证候是,E,脾阳虚弱,肾阳虚衰,阴津耗伤,气阴两伤,阴竭阳脱
中医儿科学,患儿，7个月。病起1天，发热，泄泻9次，大便稀薄如水，泻下急迫，恶心呕吐，阵阵啼哭，小便短黄。治疗应首选,E,保和丸,平胃散,参苓白术散,藿香正气散,葛根黄芩黄连汤
中医儿科学,患儿，6个月。今晨起啼哭不安，阵阵捧腹啼叫，已解清稀大便3次，便多泡沫，臭气轻，可闻肠鸣，指纹淡红。其证候是,B,湿热泻,风寒泻,伤食泻,脾虚泻,脾肾阳虚泻
中医儿科学,患儿，2岁。昨晚吃鸡腿3只，夜间阵阵哭闹，呕吐2次，至今晨大便3次，便稀薄，夹有乳凝块或食物残渣，气味酸臭，不思进食，舌苔厚腻。其治法是,A,运脾和胃，消食化滞,运脾和胃，清肠化湿,运脾和胃，祛风散寒,运脾和胃，健脾益气,运脾和胃，温补脾肾
中医儿科学,患儿，11个月。泄泻2周，大便稀溏，色淡不臭，多于食后作泻，时轻时重，面色萎黄，形体消瘦，神疲倦怠，舌淡苔白，脉缓弱，指纹淡。其分型为,D,湿热泻证,风寒泻证,伤食泻证,脾虚泻证,脾肾阳虚泻证
中医儿科学,患儿，1岁。泄泻时轻时重，已经3月，大便清稀无臭，夹不消化食物，有时便后脱肛，形寒肢冷，精神萎靡，指纹色淡。治疗应首选,D,异功散合平胃散,保和丸合二陈汤,参苓白术散合理中丸,附子理中汤合四神丸,金匮肾气丸合人参乌梅汤
中医儿科学,患儿，8个月。素来体弱，泄泻2天，大便日行二十余次，质稀如水，精神萎软，时而烦闹，皮肤干燥，囟门凹陷，啼哭无泪，小便量少，舌红少津。其治法是,B,健脾温阳，助运止泻,健脾益气，酸甘敛阴,补肾滋阴，平肝降火,补肾温阳，涩肠止泻,挽阴回阳，救逆固脱
中医儿科学,伤食泻证见,A,大便稀薄，夹有食物，泻后痛减,便下急迫，便色黄褐，气味秽臭,大便稀溏，色淡不臭，食后易泻,大便清稀，完谷不化，澄澈清冷,便稀多沫，臭气不重，肠鸣腹痛
中医儿科学,脾肾阳虚泻证见,D,大便稀薄，夹有食物，泻后痛减,便下急迫，便色黄褐，气味秽臭,大便稀溏，色淡不臭，食后易泻,大便清稀，完谷不化，澄澈清冷,便稀多沫，臭气不重，肠鸣腹痛
中医儿科学,泄泻气阴两伤变证证见,A,小便短少，皮肤干燥,小便短黄，皮肤灼热,小便清长，四肢欠温,尿少或无，四肢厥冷,尿次频数，面色苍白
中医儿科学,泄泻阴竭阳脱变证证见,D,小便短少，皮肤干燥,小便短黄，皮肤灼热,小便清长，四肢欠温,尿少或无，四肢厥冷,尿次频数，面色苍白
中医儿科学,厌食的基本治疗法则是,B,消食导滞,运脾开胃,健脾助运,理气醒脾,养胃育阴
中医儿科学,治疗厌食脾失健运证的首选方剂是,A,不换金正气散,保和丸,健脾丸,异功散,平胃散
中医儿科学,治疗厌食脾胃气虚证的首选方剂是,B,保和丸,异功散,四君子汤,补中益气汤,健脾丸
中医儿科学,患儿，2岁。体重11kg，自入秋以来食欲不振，食而不化，面色少华，倦怠乏力，大便偏稀，夹有不消化食物。最可能的诊断是,A,厌食,积滞,疳证,疰夏,泄泻
中医儿科学,患儿，4岁。素喜煎炸食物，近两月来不思进食，食少饮多，皮肤欠润，大便干结，舌质红，苔花剥。治疗应首选,B,增液汤,养胃增液汤,沙参麦冬汤,养阴清肺汤,增液承气汤
中医儿科学,患儿，3岁。体重13kg，自入幼儿园2个月来，食欲不振，面色少华，偶尔多食后则脘腹饱胀，恶心，精神尚可，二便不调，舌苔薄腻。其治法是,E,消食导滞，理气行滞,健脾益气，开胃助运,滋脾养胃，佐以助运,疏肝开郁，理气助运,调和脾胃，运脾开胃
中医儿科学,患儿，5岁。3个月前曾患肺炎，病愈后一直不思进食，食而不化，大便稀薄，夹有不消化食物，形体较瘦，乏力肢倦，舌质淡，苔薄白。治疗应首选,C,肥儿丸,枳术丸,异功散,保和丸,四君子汤
中医儿科学,患儿，6岁。近3个月来食欲不振，食而乏味，多食则胸脘痞闷，嗳气泛恶，精神如常，二便调，舌淡红，苔薄腻。其病机为,D,脾胃气虚,脾为湿困,乳食积滞,脾失健运,脾胃阴虚
中医儿科学,厌食脾胃气虚证证见,C,厌恶进食，多食饱胀，精神尚可,不欲饮食，脘腹胀满，烦躁多啼,不思进食，食而不化，形瘦肢倦,不思进食，食少饮多，便干烦躁,食欲不振，大便稀溏，完谷不化
中医儿科学,厌食脾胃阴虚证证见,D,厌恶进食，多食饱胀，精神尚可,不欲饮食，脘腹胀满，烦躁多啼,不思进食，食而不化，形瘦肢倦,不思进食，食少饮多，便干烦躁,食欲不振，大便稀溏，完谷不化
中医儿科学,积滞的病变脏腑主要在,E,胃、小肠,胃、大肠,脾、小肠,脾、大肠,脾、胃
中医儿科学,治疗积滞乳食内积证的首选方是,E,健脾丸,七味白术散,枳实导滞丸,肥儿丸或疳积散,消乳丸或保和丸
中医儿科学,患儿，8个月。因一次食入2个鸡蛋，并饮用一大杯牛奶而致呕吐，不思进食，腹胀，啼哭不安，大便酸臭，舌苔厚腻。其诊断是,B,厌食,积滞,呕吐,疳积,腹痛
中医儿科学,患儿，2岁。平素喜进肉食，5天前因过食虾仁而出现腹胀嗳气，食欲减退，口臭，大便3日未行，舌质红，苔黄厚腻。其治法是,A,消乳化食，和中导滞,健脾化积，和中导滞,清热和胃，和中导滞,运脾开胃，和中导滞,理气和中，和中导滞
中医儿科学,患儿，6个月。因一次加食2个蛋黄而出现腹胀，拒乳，便秘，舌质红，苔厚腻。调护时应注意,E,暂禁食，但不禁水,常规喂哺,可暂停辅食，仅用母乳,药物治疗，饮食如常,减少饮食，药物调理，症消后渐恢复正常饮食
中医儿科学,患儿，2岁4个月。平素形体消瘦，面色萎黄，乏力食少，近日过食甜点后，进食更少，且稍食则饱胀，腹满喜按，大便溏、酸臭，夹有不消化食物，舌淡红，苔白腻，指纹淡滞。治疗应首选,C,保和丸,消乳丸,健脾丸,八珍汤,肥儿丸
中医儿科学,积滞的主要症状有不思乳食，伴见,B,面色少华，精神尚好,脘腹胀满，舌苔厚腻,形体消瘦，精神萎靡,腹痛拒按，嗳气泛酸,神疲肢倦，大便不调
中医儿科学,疳证的主要症状有不思乳食，伴见,C,面色少华，精神尚好,脘腹胀满，舌苔厚腻,形体消瘦，精神萎靡,腹痛拒按，嗳气泛酸,神疲肢倦，大便不调
中医儿科学,口疳证的主要治法是,A,清心泻火，滋阴生津,健脾温阳，利水消肿,养血柔肝，滋阴明目,调理脾胃，助其纳化,清热泻火，滋阴生津
中医儿科学,治疗眼疳应首选的方剂是,B,肥儿丸,石斛夜光丸,泻心导赤散,防己黄芪汤,参苓白术散
中医儿科学,干疳的主要治法是,B,养血柔肝,补益气血,滋阴生津,健脾温阳,调脾健运
中医儿科学,治疗口疳应首选的方剂是,C,肥儿丸,石斛夜光丸,泻心导赤散,防己黄芪汤,参苓白术散
中医儿科学,治疗疳气证首选方为,A,资生健脾丸,六君子汤,四君子汤,肥儿丸,八珍汤
中医儿科学,患儿，1岁6个月。体重9kg，纳呆，面色少华，性急易怒，大便干稀不调，舌质淡，苔薄微腻，指纹淡。其诊断是,B,厌食,疳气,疳积,干疳,积滞
中医儿科学,患儿，10个月。于出生4个月添加辅食时出现泄泻，纳差，形体日渐消瘦，面色萎黄，毛发稀疏发黄，烦躁哭闹，夜眠不安，腹大如鼓，喜揉眉挖鼻，吮指磨牙，舌质淡，苔腻，指纹紫滞。治疗应首选,A,肥儿丸,八珍汤,六君子汤,四君子汤,资生健脾丸
中医儿科学,患儿，1岁。体重7.2,D,补益气血，佐以运脾,养血柔肝，活血化瘀,滋阴生津，养血安神,健脾温阳，利水消肿,调脾健运，开胃进食
中医儿科学,患儿，1岁9个月。极度消瘦，貌似老人，毛发干枯，面色白，精神萎靡，腹凹如舟，大便溏，舌质淡嫩，苔薄少，指纹淡。治疗应首选,B,肥儿丸,八珍汤,六君子汤,六味地黄丸,资生健脾丸
中医儿科学,患儿，2岁。体重7kg，形体极度消瘦，皮肤干瘪起皱，大肉已脱，皮包骨头，貌似老人，毛发干枯，面色苍白，精神萎靡，啼哭无力，腹凹如舟，久不思食，大便稀溏或便秘，舌淡嫩，苔少，脉细弱。辨证为,D,疳气证,疳积证,眼疳证,干疳证,口疳证
中医儿科学,治疗贫血心脾两虚证，应首选方剂是,A,归脾汤,六君子汤,左归丸,右归丸,四物汤
中医儿科学,缺铁性贫血的治疗原则是,E,健脾益气，滋生化源,健运脾胃，益气养血,补血养心，益气生血,滋养肝肾，益精生血,培补脾肾，化生气血
中医儿科学,感染诸虫引起贫血，最常见的是,D,蛔虫,蛲虫,绦虫,钩虫,姜片虫
中医儿科学,诊断3月至6岁小儿贫血，其末梢血血红蛋白值应,C,＜90g／L,＜100g／L,＜110g／L,＜120g／L,＜130g／L
中医儿科学,中度贫血指的是血红蛋白为,C,＜30g／L,30～60g／L,60～90g／L,90～110g／L,90～120g／L
中医儿科学,患儿，2岁。1年前因患肠套叠行肠切除术，术后体质虚弱，发育迟缓，近半年皮肤黏膜苍白，爪甲色淡易脆，毛发枯黄，头晕目涩，颧红盗汗，舌红苔薄，脉细数。查血常规：血红蛋白60g/L，红细胞3.1×1012/L。治疗应首选,D,八珍汤,归脾汤,一贯煎,左归丸,右归丸
中医儿科学,患儿，4岁。有久泻病史。近3月来，面黄唇淡，发黄稀疏，食欲不振，体倦乏力，头晕目眩，睡眠不安，舌淡红，脉细弱。查血常规：血红蛋白95g/L。其治法是,B,健运脾胃，益气养血,补脾养心，益气生血,滋养肝肾，益精生血,温补脾肾，益阴养血,健脾养血，补肾益精
中医儿科学,患儿，1岁。面色苍白，神疲乏力，发黄稀疏，消瘦4月，诊断为“营养性缺铁性贫血”。选用铁剂治疗时，正确的停药时间为,C,血红蛋白开始升高时,血红蛋白恢复正常时,血红蛋白恢复至正常后2个月左右,血红蛋白恢复至正常后4个月左右,血红蛋白恢复至正常后6个月左右
中医儿科学,患儿，10个月。以奶糕喂养为主，食欲不振，时有泄泻，近5个月发现面色白，唇甲色淡，精神萎靡，毛发稀黄，手足欠温，舌淡苔白，指纹淡。查血常规：血红蛋白55g／L。其证候为,B,脾胃虚弱,脾肾阳虚,肝肾阴虚,心脾两虚,气血亏虚
中医儿科学,患儿，18个月。近3个月来不思进食，神疲乏力，形体消瘦，面色苍黄，唇淡甲白，大便不调，舌淡苔白，脉细无力，指纹淡红。其证候是,E,肝肾阴虚,心脾两虚,气血亏虚,脾肾阳虚,脾胃虚弱
中医儿科学,营养性缺铁性贫血肝肾阴虚证证见,C,面色苍白，唇甲色淡，头晕心悸,面色苍黄，纳呆消瘦，大便不调,面色苍白，头晕目涩，四肢震颤,面色（白光）白，精神萎靡，四肢不温,面色苍白，形体消瘦，发黄稀疏
中医儿科学,营养性缺铁性贫血心脾两虚证证见,A,面色苍白，唇甲色淡，头晕心悸,面色苍黄，纳呆消瘦，大便不调,面色苍白，头晕目涩，四肢震颤,面色（白光）白，精神萎靡，四肢不温,面色苍白，形体消瘦，发黄稀疏
中医儿科学,治疗夜啼惊恐伤神证应首选方剂是,B,乌药散合匀气散,远志丸,朱砂安神丸,导赤散,清营汤
中医儿科学,治疗夜啼脾寒气滞证应首选方剂是,A,乌药散合匀气散,远志丸合止痉散,朱砂安神丸,导赤散,清营汤
中医儿科学,小儿夜啼的发病年龄多见于,A,新生儿及婴儿,1岁,2岁,3岁,4岁
中医儿科学,下列各项，有关夜啼的预防与调护，不正确的是,C,要注意防寒保暖，但勿使衣被过暖,孕妇及乳母不可过食寒凉及辛辣热性食物，勿受惊吓,饥饿、过饱、闷热、寒冷、虫咬、尿布浸渍、衣被刺激等不会引起夜啼,婴儿啼哭不止，要注意寻找原因，以尽早明确诊断,不要将婴儿抱在怀中睡眠，不通宵开启灯具，养成良好的睡眠习惯
中医儿科学,小儿夜啼，心经积热证的主治方剂,E,远志丸,泻白散,苇茎汤,玉女煎,导赤散
中医儿科学,属于小儿夜啼脾寒气滞证的症状是,C,面红口齿,指纹紫暗,腹部喜揉喜按,脉数,舌红苔黄
中医儿科学,患儿，10个月。10天前听到爆竹声响，夜间突然啼哭，紧偎母怀，面色乍青乍白，哭声时高时低，时急时缓，舌苔薄白，指纹色紫。治疗应首选方剂是,B,乌药散,远志丸,朱砂安神丸,导赤散,清营汤
中医儿科学,患儿，6个月。近期夜间啼哭，时哭时止，睡喜蜷曲，四肢欠温，吮乳无力，胃纳欠佳，大便溏，舌苔薄白，指纹淡红。其证候是,B,心经积热,脾寒气滞,肝胃不和,惊恐伤神,气血不足
中医儿科学,小儿常见汗证为,B,大汗，战汗,自汗，盗汗,自汗，大汗,自汗，战汗,大汗，手足心汗
中医儿科学,小儿汗证常见于,B,6月以内的婴儿,5岁以内的小儿,3岁以内的小儿,1岁以内的小儿,10岁以内的小儿
中医儿科学,下列哪项不是汗证的病机,D,肺卫不固,营卫失调,气阴亏虚,阴阳失调,湿热迫蒸
中医儿科学,有关汗证的描述哪项不对,D,汗证多属虚证,自汗以气虚、阳虚为主,盗汗以阴虚、血虚为主,小儿汗证多为虚实夹杂证,实证多为湿热迫蒸
中医儿科学,治疗肺卫不固汗证的首选方剂为,D,黄芪桂枝五物汤,玉屏风散,当归六黄汤,玉屏风散合牡蛎散,生脉散
中医儿科学,治疗气阴亏虚汗证的首选方剂为,A,生脉散,知柏地黄丸,一贯煎,牡蛎散,桂枝汤
中医儿科学,汗证肺卫不固证的治法为,B,调和营卫,益气固表,固表敛汗,益气养阴,补中益气
中医儿科学,患儿，男，3岁，平时易感、自汗，偶有盗汗。汗出以头部、肩背部汗出明显，动则尤甚，神疲乏力，面色少华，舌淡，苔薄白，脉细弱。治疗首选方剂为,D,桂枝汤,黄芪桂枝五物汤,黄芪建中汤,玉屏风散合牡蛎散,生脉散
中医儿科学,患儿，女，5岁，易出汗，汗出遍身，畏寒恶风，不发热，精神疲倦，胃纳不振，舌质淡红，苔薄白，脉缓。治疗首选方剂是,B,参苓白术散,黄芪桂枝五物汤,生脉散,四君子汤,玉屏风散合牡蛎散
中医儿科学,患儿，男，2岁，经常在入睡后出汗，有时白天也汗出较多。形体消瘦，精神倦怠，心烦少寐，时有低热、口干、手足心灼热，哭声无力，口唇淡红，舌质淡，可见花剥苔，脉细弱。治疗首选方剂是,A,生脉散,黄芪桂枝五物汤,一贯煎,牡蛎散,玉屏风散
中医儿科学,肺卫不固型汗证的症状特征为,B,多汗而不温,汗出以头胸颈背为主,汗出遍身而伴虚热征象,汗出肤热,不分寤寐，无故汗出
中医儿科学,营卫失调型汗证的症状特征为,A,多汗而不温,汗出以头胸颈背为主,汗出遍身而伴虚热征象,汗出肤热,不分寤寐，无故汗出
中医儿科学,肺卫不固型汗证的治法是,E,益气养阴,调和营卫,清热泻脾,化湿和中,益气固表
中医儿科学,营卫失调型汗证的治法是,B,益气养阴,调和营卫,清热泻脾,化湿和中,益气固表
中医儿科学,气阴亏虚型汗证的治法是,A,益气养阴,调和营卫,清热泻脾,化湿和中,益气固表
中医儿科学,治疗肺卫不固型汗证的首选方为,C,黄芪桂枝五物汤,生脉散,玉屏风散合牡蛎散,清营汤,桂枝汤
中医儿科学,治疗营卫失调型汗证的首选方为,A,黄芪桂枝五物汤,生脉散,玉屏风散合牡蛎散,清营汤,桂枝汤
中医儿科学,治疗气阴亏虚型汗证的首选方为,B,黄芪桂枝五物汤,生脉散,玉屏风散合牡蛎散,清营汤,桂枝汤
中医儿科学,病毒性心肌炎急性期应卧床休息的时间为,C,1周,1～3周,3～6周,6～12周,6～12个月
中医儿科学,病毒性心肌炎心脏扩大及并发心力衰竭者，应至少卧床休息的时间是,C,1个月,1～3个月,3～6个月,6～12个月,1年以上
中医儿科学,治疗病毒性心肌炎气阴亏虚证应首选方剂是,E,八珍汤,归脾汤,黄芪桂枝五物汤,荆防败毒散,炙甘草汤合生脉散
中医儿科学,下列各项，不属病毒性心肌炎特征的是,E,神疲乏力,面色苍白,心悸气短,肢冷多汗,恶寒发热
中医儿科学,病毒性心肌炎的发病年龄多见于,D,初生～1个月,1个月～1岁,1～3岁,3～10岁,10岁以上
中医儿科学,病毒性心肌炎的发病内因是,B,痰瘀内阻,正气亏虚,外感风温邪毒,湿热邪毒侵袭,饮食内滞
中医儿科学,小儿病毒性心肌炎，风热犯心证的主治方剂为,C,桑菊饮,败毒散,银翘散,导赤散,葛根黄芩黄连汤
中医儿科学,病毒性心肌炎痰淤阻络证的治法,B,清热解毒，宁心复脉,豁痰化瘀，宁心通络,清热化湿，宁心通络,益气养阴，宁心复脉,温振心阳，宁心安神
中医儿科学,患儿，8岁。罹患心肌炎2年，症见神疲乏力，畏寒肢冷，面色苍白，头晕多汗，舌质淡胖，脉缓无力。治疗应首选方剂是,E,银翘散,失笑散,生脉散、,葛根芩连汤,桂枝甘草龙骨牡蛎汤
中医儿科学,患儿，9岁。罹患心肌炎2周，寒热起伏，胸闷憋气，心悸气短，肌肉酸痛，腹痛腹泻，倦怠乏力，恶心欲吐，舌质红，苔黄腻，脉濡数。其病机是,B,风热犯心,湿热侵心,气阴亏虚,心阳虚弱,痰瘀阻络
中医儿科学,下列各项，有关多动症的预防与调护，错误的是,D,孕妇应营养均衡，禁烟酒，慎用药物，避免早产、难产及新生儿窒息,关心体谅患儿，对其行为及学习进行耐心的帮助与训练,训练患儿有规律地生活，起床、吃饭、学习等都要形成规律。不要过于迁就,避免食用有兴奋性和刺激性的饮料和食物，对于高蛋白高热量食物减少摄入,加强管理，及时疏导，防止攻击性、破坏性及危险性行为发生
中医儿科学,治疗儿童多动症心脾两虚证的首选方剂是,E,八珍汤,归脾汤,杞菊地黄丸,黄连温胆汤,归脾汤合甘麦大枣汤
中医儿科学,下列症状中，与儿童多动症密切相关的是,B,喜欢玩耍,注意力不集中,智力较差,喜欢看电视,常有不自主的肢体抽动
中医儿科学,儿童多动症的发病年龄多见于,E,新生儿期,婴儿期,幼儿期,学龄前期,学龄期
中医儿科学,注意力缺陷多动障碍的治疗原则,A,调和阴阳,滋养肝肾,养心安神,清热泻火,健脾益气
中医儿科学,小儿注意力缺陷多动障碍，痰火内扰证的治疗选用,C,归脾汤,枸杞地黄丸,黄连温胆汤,龙胆泻肝汤,甘麦大枣汤
中医儿科学,男孩，10岁。身体消瘦，上课注意力不能集中，多动而不暴躁，言语冒失，做事有头无尾，睡眠不实，记忆力差，伴自汗盗汗，偏食纳少，面色无华，舌质淡，苔薄白，脉虚弱。治疗应首选方剂是,E,八珍汤,二陈汤合黄连温胆汤,杞菊地黄丸,孔圣枕中丹,归脾汤合甘麦大枣汤
中医儿科学,男孩，9岁。平时注意力不集中，学习成绩低下，多动难静，急躁易怒，冲动任性，难以自控，夜间盗汗，大便秘结，舌质红，舌苔薄，脉细弦。其治法是,B,养心安神，健脾益气,滋养肝肾，平肝潜阳,清热泻火，化痰宁心,安神定志，滋养肝肾,调和肝脾，佐以益气
中医儿科学,男孩，8岁。症见多动多语，冲动任性，难于制约，注意力不集中，胸中烦热，懊侬不眠，便秘尿赤，舌质红，苔黄腻，脉滑数。治疗应首选方剂是,E,龙胆泻肝汤,泻心导赤散,泻心汤,清心涤痰汤,黄连温胆汤
中医儿科学,儿童多动症，其病在肝者，临床证候是,A,易于冲动，好动难静，容易发怒，常不能自控,兴趣多变，做事有头元尾，记忆力差,脑失精明，学习成绩低下，记忆力欠佳，或有遗尿、腰酸乏力,注意力不集中，情绪不稳定，多梦烦躁,神思涣散，活动过多，动作笨拙
中医儿科学,儿童多动症，其病在肾者，临床证候是,C,易于冲动，好动难静，容易发怒，常不能自控,兴趣多变，做事有头元尾，记忆力差,脑失精明，学习成绩低下，记忆力欠佳，或有遗尿、腰酸乏力,注意力不集中，情绪不稳定，多梦烦躁,神思涣散，活动过多，动作笨拙
中医儿科学,抽动障碍气郁化火证的治法为,B,疏肝解郁，息风镇惊,清肝泻火，息风镇惊,泻火解郁，平肝熄风,清热解郁，柔肝熄风,清热泻火，行气解郁
中医儿科学,多发性抽搐症的发病与哪几脏关系最为密切,C,心肝肺肾,肺肝脾肾,肝心脾肾,肺心脾肾,心肺肾
中医儿科学,抽动障碍好发年龄为,B,1～3岁之间,2～12岁之间,3～6岁之间,1～12岁之间,6～12岁之间
中医儿科学,以下哪项不是多发性抽搐症的诊断要点,C,起病年龄在2～12岁，可有疾病后及情致失调的诱因或家族史,有固定的肌肉快速收缩，无节律性，以固定方式出现，抽动时伴不自主发声,抽动不受意志控制，可暂时不发作,病状呈慢性过程，病程呈明显波动性,脑电图正常或非特异性异常，实验室检查无特殊异常，智力正常
中医儿科学,抽动障碍的病因为,B,脏腑阴阳失调,五志过极，风痰内蕴,元气未充，心神怯弱,肝常有余，肝风内动,脾虚肝旺，肝风扰动
中医儿科学,抽动障碍的病位主要在,B,心,肝,脾,肺,肾
中医儿科学,患儿出现抽动障碍的病机与哪项无关,E,气郁化火，引动肝风,脾虚痰聚，肝风夹痰上扰,水不涵木，虚风内动,气郁化火，耗伤阴精，筋脉失养,脾肾阳虚，不能温煦筋脉
中医儿科学,抽动障碍气郁化火证首选方剂为,A,清肝达郁汤,十味温胆汤,琥珀抱龙丸,羚角钩藤汤,黄连温胆汤
中医儿科学,抽动障碍脾虚痰聚证首选方剂为,B,暖肝理脾汤,十味温胆汤,大定风珠,固真汤,六君子汤
中医儿科学,抽动障碍阴虚风动证的首选方剂为,B,大补阴丸,大定风珠,镇肝熄风汤,地黄饮子,三甲复脉汤
中医儿科学,抽动障碍阴虚风动证的治法为,A,滋阴潜阳，柔肝熄风,补益肝肾，平肝熄风,滋阴潜阳，镇肝熄风,育阴潜阳，滋肾养肝,滋阴养血，柔肝熄风
中医儿科学,患儿，7岁，面红耳赤，烦躁易怒，皱眉眨眼，张口歪嘴，摇头耸肩，发作频繁，抽动有力，日出异声秽语，大便秘结，小便短赤，舌红苔黄，脉弦数。应诊断为,C,惊风,癫痫,抽动障碍,注意力缺陷多动症,痉挛症
中医儿科学,患儿，男，8岁，平素性急易怒，近1月经常皱眉眨眼，喉中发出怪声，时有摇头耸肩，大便秘结，小便短赤，舌红苔黄，脉弦数。治疗首选方,A,清肝达郁汤,龙胆泻肝汤,琥珀抱龙丸,羚角钩藤汤,黄连温胆汤
中医儿科学,患儿，男，11岁，形体消瘦，3年来经常挤眉眨眼，耸肩摇头，有时肢体震颤并口出秽语，时轻时重，手足心热，睡眠不安，舌质红绛，舌苔光剥，脉细数。治疗首选方,D,大补阴丸,地黄饮子,镇肝熄风汤,大定风珠,三甲复脉汤
中医儿科学,抽动障碍脾虚痰聚证的治法为,B,温中健脾，暖肝理脾,健脾化痰，平肝熄风,清肝泻火，熄风镇惊,滋阴潜阳，柔肝熄风,清热泻火，平肝熄风
中医儿科学,抽动障碍气郁化火证的治法为,C,温中健脾，暖肝理脾,健脾化痰，平肝熄风,清肝泻火，熄风镇惊,滋阴潜阳，柔肝熄风,清热泻火，平肝熄风
中医儿科学,抽动障碍脾虚痰聚证的临床症状为,C,面红耳赤，急躁易怒，抽动频繁,形体消瘦，两颧潮红，抽动无力,面黄肌瘦，胸闷作咳，抽动无常,病状呈慢性过程，反复发作,性急易怒，症状变异，入睡后消失
中医儿科学,抽动障碍阴虚风动证的临床症状为,B,面红耳赤，急躁易怒，抽动频繁,形体消瘦，两颧潮红，抽动无力,面黄肌瘦，胸闷作咳，抽动无常,病状呈慢性过程，反复发作,性急易怒，症状变异，入睡后消失
中医儿科学,抽动障碍气郁化火证的临床症状为,A,面红耳赤，急躁易怒，抽动频繁,形体消瘦，两颧潮红，抽动无力,面黄肌瘦，胸闷作咳，抽动无常,病状呈慢性过程，反复发作,性急易怒，症状变异，入睡后消失
中医儿科学,慢惊风阴虚风动证的治法为,D,滋阴潜阳，柔肝熄风,补益肝肾，平肝熄风,滋阴潜阳，镇肝熄风,育阴潜阳，滋肾养肝,滋阴养血，柔肝熄风
中医儿科学,抽动障碍阴虚风动证的治法为,A,滋阴潜阳，柔肝熄风,补益肝肾，平肝熄风,滋阴潜阳，镇肝熄风,育阴潜阳，滋肾养肝,滋阴养血，柔肝熄风
中医儿科学,急惊风的“四证”是指,B,风、火、积、热,风、痰、热、惊,痰、积、惊、热,惊、热、痰、火,痰、火、积、热
中医儿科学,除哪一项之外，为治疗急惊风的四大基本方法,B,清热,养阴,豁痰,镇惊,熄风
中医儿科学,急惊风的基本治则为,D,疏风清热，开窍镇惊,清心开窍，凉肝熄风,消食导滞，熄风镇惊,清热豁痰，镇惊熄风,镇静安神，化痰熄风
中医儿科学,治疗惊风风热动风证的首选方剂是,B,桑菊饮,银翘散,柴葛解肌汤,羚角钩藤汤,镇肝熄风汤
中医儿科学,治疗急惊风气营两燔证的首选方剂是,B,新加香薷饮,清瘟败毒饮,清营汤,白虎汤,藿香正气散
中医儿科学,治疗急惊风邪陷心肝证的首选方剂是,A,羚角钩藤汤,清瘟败毒饮,白虎汤合紫雪丹,清营汤合白虎汤,黄连解毒汤合安官牛黄丸
中医儿科学,治疗急惊风湿热疫毒证的首选方剂是,B,羚角钩藤汤,黄连解毒汤合白头翁汤,清瘟败毒饮,普济消毒饮,白虎汤合紫雪丹
中医儿科学,治疗急惊风惊恐惊风证的首选方剂是,E,远志丸,菖蒲丸,定魄丸,磁朱丸,琥珀抱龙丸
中医儿科学,下列哪项属慢惊风的治疗原则,E,清热镇惊,清热豁痰,凉肝熄风,清心开窍,温中健脾
中医儿科学,以下哪一项不属于慢惊风的常用治则,A,清心开窍,温中健脾,育阴潜阳,缓肝理脾,回阳救逆
中医儿科学,治疗慢惊风脾虚肝亢证首选方剂是,C,附子理中汤,固真汤,缓肝理脾汤,镇肝熄风汤,羚角钩藤汤
中医儿科学,下列哪项不属慢惊风的病机,D,脾胃虚弱,脾肾阳衰,阴虚风动,暴受惊恐,以上都不属于
中医儿科学,治疗慢惊风脾肾阳衰证首选方是,E,理中汤,四逆汤,附桂八味丸,木香肉桂逐寒方,固真汤合逐寒荡惊汤
中医儿科学,治疗慢惊风阴虚风动证的首选方为,D,附子理中汤,固真汤,缓肝理脾汤,大定风珠,羚角钩藤汤
中医儿科学,患儿，男，3岁，突然出现神昏惊厥，伴发热头痛，咳嗽流涕，咽红，舌苔薄黄，脉象浮数。治疗首选方剂是,B,柴葛解肌汤,银翘散,银翘散合羚角钩藤汤,桑菊饮,紫雪丹
中医儿科学,患儿，5岁，突然壮热，神志昏迷，烦躁谵妄，反复抽搐，惊厥不已，呕吐腹痛，大便腥臭或夹脓血，舌质红，苔黄腻，脉象滑数。治疗首选方剂是,C,羚角钩藤汤,普济消毒饮,黄连解毒汤合白头翁汤,白虎汤合玉枢丹,清瘟败毒饮
中医儿科学,患儿，男，5岁。突然高热，不省人事，抽搐不已，大便化验见脓球成堆，大便腥臭异常，肛门灼热，舌红，苔黄腻，脉滑数。其证候是,A,湿热疫毒证,邪陷心肝证,风热动风证,气营两燔证,湿热蕴伏证
中医儿科学,患儿，男，2岁。流涕，喷嚏，咳嗽1天，次日高热，于体温骤升时突然发生惊厥。查：体温40℃，咽喉红赤，苔薄黄，指纹浮紫于气关。其证候是,C,风热感冒证,邪陷心肝证,风热动风证,气营两燔证,湿热疫毒证
中医儿科学,患儿，男，3岁。高热持续3天，神昏谵语，突然颈项强直，两目上视，口吐白沫，手足抽动，四肢厥冷。其证候是,B,湿热疫毒,邪陷心肝,风热动风,气营两燔,脾肾阳虚
中医儿科学,患儿，1岁，面色时青时赤，频作惊惕，甚则惊厥，喜投母怀，大便色青，脉律不整，指纹紫滞。治疗的首选方剂是,E,菖蒲丸,定魄丸,磁朱丸,远志丸,琥珀抱龙丸
中医儿科学,患儿，2岁，精神萎靡，嗜睡露睛，面色萎黄，不欲饮食，大便稀溏，色带青绿，时有肠呜，四肢不温，抽搐无力，时作时止，舌淡苔白，脉沉弱。治疗首选方剂是,D,附子理中汤,固真汤,镇肝熄风汤,缓肝理脾汤,羚角钩藤汤
中医儿科学,患儿，2岁半，面色潮红，身热消瘦，手足心热，肢体拘挛或强直，时或抽搐，大便干结，舌光无苔，质绛少津，脉象细数。治疗首选方剂是,A,大定风珠,地黄饮子,大补阴丸,理中汤,四逆汤
中医儿科学,急惊风气营两燔证的主证是,A,发病急骤，高热，抽搐，昏迷，头痛，项强，舌红苔黄,发病较急，突然抽搐，神昏惊叫，四肢厥冷，脉乱不整,高热不退，神昏抽搐，腹痛拒按，便下脓血，舌红苔腻,面色萎黄，嗜睡露睛，频繁抽搐，舌淡苔白，脉象沉弱,身热形瘦，手足心热，肢挛强直，舌绛少苔，脉细数
中医儿科学,急惊风湿热疫毒证的主证是,C,发病急骤，高热，抽搐，昏迷，头痛，项强，舌红苔黄,发病较急，突然抽搐，神昏惊叫，四肢厥冷，脉乱不整,高热不退，神昏抽搐，腹痛拒按，便下脓血，舌红苔腻,面色萎黄，嗜睡露睛，频繁抽搐，舌淡苔白，脉象沉弱,身热形瘦，手足心热，肢挛强直，舌绛少苔，脉细数
中医儿科学,慢惊风阴虚风动证的主证是,E,发病急骤，高热，抽搐，昏迷，头痛，项强，舌红苔黄,发病较急，突然抽搐，神昏惊叫，四肢厥冷，脉乱不整,高热不退，神昏抽搐，腹痛拒按，便下脓血，舌红苔腻,面色萎黄，嗜睡露睛，频繁抽搐，舌淡苔白，脉象沉弱,身热形瘦，手足心热，肢挛强直，舌绛少苔，脉细数
中医儿科学,治疗慢惊风脾虚肝亢证首选方剂,E,大定风珠,固真汤,远志丸,抱龙丸,缓肝理脾汤
中医儿科学,治疗慢惊风阴虚风动证的首选方剂是,A,大定风珠,固真汤,远志丸,抱龙丸,缓肝理脾汤
中医儿科学,治疗小儿瘀血痫证的首选方剂是,A,通窍活血汤,桃仁四物汤,复元活血汤,少腹逐瘀汤,膈下逐瘀汤
中医儿科学,小儿痫证除下列哪项之外，均为常用治法,B,熄风止痉,柔肝熄风,化瘀通窍,镇惊安神,豁痰开窍
中医儿科学,治疗小儿痰痫证的首选方剂是,C,朱衣滚痰丸,羚角钩藤汤,涤痰汤,加味温胆汤,小儿回春丹
中医儿科学,治疗小儿风痫证的首选方剂是,C,益脾镇惊散,定魄丸,定痫丸,羚角钩藤汤,大定风珠
中医儿科学,小儿痫证中惊痫证的主要治法是,B,理气镇惊,镇惊安神,定痫开窍,平肝熄风,养血安神
中医儿科学,在小儿痫证的发病原因中，下列哪项是错误的,A,脾肾阳虚,顽痰内伏,暴受惊恐,惊风频发,外伤血瘀
中医儿科学,小儿痫证的特征，下列哪项是错误的,E,突然仆倒,昏不知人,口吐涎沫,四肢抽搐,发作后留后遗症
中医儿科学,患儿，8岁。发作时头晕眩仆，神志不清，单侧或四肢抽搐，抽搐部位及动态较为固定，头痛，大便干硬如羊屎，舌红或见瘀点，舌苔少，脉涩。治疗应首选方剂是,B,仁四物汤,通窍活血汤,复元活血汤,少腹逐瘀汤,膈下逐瘀汤
中医儿科学,痫证患儿，发作时突然仆倒，神志不清，颈项及全身强直，继而四肢抽搐，两目上视，牙关紧闭，口吐白沫，口唇及面部色青，舌苔白，脉弦滑。治疗应首选方剂是,A,定痫丸,远志丸,定魄丸,镇惊丸,涤痰汤
中医儿科学,患儿，2岁，患有癫痫。每次发作时惊叫，吐舌，急啼，面色时红时白，惊惕不安，四肢抽搐，大便黏稠，舌淡红，舌苔白，脉弦滑，指纹色青。治疗首选方为,D,定痫丸,远志丸,定魄丸,镇惊丸,涤痰汤
中医儿科学,治疗小儿急惊风惊恐惊风证的首选方为,A,琥珀抱龙丸,羚羊钩藤汤,大定风珠,镇惊丸,菖蒲丸
中医儿科学,治疗小儿惊痫证的首选方为,D,琥珀抱龙丸,羚羊钩藤汤,大定风珠,镇惊丸,菖蒲丸
中医儿科学,治疗小儿慢惊风脾肾阳衰证的首选方是,E,左归丸,右归丸,大补元煎,河车八味丸,固真汤合逐寒荡惊汤
中医儿科学,治疗小儿痫证脾肾两虚证的首选方是,D,左归丸,右归丸,大补元煎,河车八味丸,固真汤合逐寒荡惊汤
中医儿科学,下述哪项不是小儿水肿风水相搏型的临床特点,C,发热、恶风、咳嗽,头面眼睑浮肿，迅速波及全身,浮肿按之凹陷不起,尿少,血尿
中医儿科学,治疗小儿水肿肺脾气虚证的首选方剂是,B,知柏地黄丸,参苓白术散合玉屏风散,真武汤合黄芪桂枝五物汤,实脾饮,六味地黄丸加黄芪
中医儿科学,小儿水肿气阴两虚证的中医治法是,E,益气健脾，利水消肿,清热解毒，利水消肿,活血化瘀，利水消肿,滋阴补肾，平肝潜阳,益气养阴，利水消肿
中医儿科学,治疗小儿水肿湿热内侵证的首选方为,D,五味消毒饮合五苓散,麻黄连翘赤小豆汤合五苓散,甘露消毒丹合小蓟饮子,五味消毒饮合五皮饮,温胆汤合小蓟饮子
中医儿科学,小儿水肿变证水凌心肺证的治法为,C,泻肺逐水，清心邪火,通腑泻浊，解毒利尿,温阳逐水，泻肺宁心,平肝泻火，清心利水,泻肺平喘，温阳扶正
中医儿科学,小儿水肿变证水毒内闭证的主要症状为,A,尿少尿闭,恶心呕吐,头晕头痛,嗜睡昏迷,烦躁不安
中医儿科学,小儿水肿突然出现头痛、眩晕，甚则抽搐、昏迷，其病机为,C,水毒内闭,水毒上凌心肺,邪毒内陷心肝,湿浊壅塞三焦,热扰心肝
中医儿科学,小儿急性肾小球肾炎发病前有哪种前驱感染史,B,病毒感染,链球菌感染,金葡菌感染,支原体感染,原虫感染
中医儿科学,下述哪项不是小儿急性肾小球肾炎的临床特点,D,水肿,血尿,少尿,大量蛋白尿,高血压
中医儿科学,治疗小儿水肿气阴两虚证的首选方剂是,E,知柏地黄丸,防己黄芪汤合五苓散,真武汤合黄芪桂枝五物汤,实脾饮,六味地黄丸加黄芪
中医儿科学,小儿肾病综合征大量蛋白尿的定量标准是,A,＞每日50mg／kg,＞每日60mg／kg,＞每日70mg／kg,＞每日75mg／kg,＞每日100mg／kg
中医儿科学,儿童肾病综合征高脂血症的标准是，血浆胆固醇,A,≥5.7mmol／L,≥3mmol／L,≥3.5mmol／L,≥4mmol／L,≥4.5mmol／L
中医儿科学,肾病综合征分为单纯型肾病和肾炎型肾病，其中单纯型肾病必备的条件是,B,血沉明显加快,大量蛋白尿和低蛋白血症,水肿,血胆固醇增高,大量蛋白尿
中医儿科学,患儿，男，4岁。反复浮肿月余，尿蛋白镜检（+,B,小儿水肿，风水相搏证,小儿水肿，脾肾阳虚证,小儿水肿，脾虚湿困证,小儿水肿，肺脾气虚证,小儿水肿，脾虚湿困证
中医儿科学,患儿，8岁，头面肢体浮肿或轻或重，小便短赤，头身困重，脘闷纳呆，口苦口黏，大便不爽，舌红，苔黄腻，脉滑数。治疗应首选,B,麻黄连翘赤小豆汤合五苓散,五味消毒饮合五皮饮,苓桂术甘汤合小蓟饮子,甘露消毒丹合五苓散,甘露消毒丹合小蓟饮子
中医儿科学,患儿，10岁，肢体面部浮肿，头痛眩晕，烦躁不安，视物模糊，口苦，恶心呕吐，甚至抽搐、昏迷，尿短赤，舌质红，苔黄糙，脉弦数。治疗应首选,C,麻黄连翘赤小豆汤合五苓散,五味消毒饮合小蓟饮子,龙胆泻肝汤合羚角钩藤汤,龙胆泻肝汤合小蓟饮子,甘露消毒丹合羚角钩藤汤
中医儿科学,患儿，男，6岁。西医诊断为肾病综合征。证见高度浮肿，按之没指，腰腹下肢尤甚，面白无华，神疲畏寒，可伴有胸水、腹水，舌质淡，苔白，脉细无力。其证候是,D,湿热内侵,肝肾阴虚,脾虚湿困,脾肾阳虚,风水相搏
中医儿科学,患儿，女，7岁，诊为肾病综合征。证见浮肿不著，或仅见面目浮肿，小便减少，面白身重，神疲乏力，纳少便溏，自汗出，易感冒，或有咳嗽，舌淡胖，脉虚弱。辨证分型为,A,肺脾气虚,脾虚湿困,肝肾阴虚,脾肾阳虚,脾肾气虚
中医儿科学,治疗小儿水肿脾肾阳虚证首选方,E,五味消毒饮,己椒苈黄丸,麻黄连翘赤小豆汤,知柏地黄丸,真武汤
中医儿科学,治疗小儿水肿风水相搏证首选方,C,五味消毒饮,己椒苈黄丸,麻黄连翘赤小豆汤,知柏地黄丸,真武汤
中医儿科学,小儿肺脾气虚证的治法是,B,辛开苦降，辟秽解毒,益气健脾，利水消肿,平肝潜阳，泻肺逐水,温阳逐水，泻肺宁心,健脾益气，化气行水
中医儿科学,小儿水肿水凌心肺证的治法是,D,辛开苦降，辟秽解毒,益气健脾，利水消肿,平肝潜阳，泻肺逐水,温阳逐水，泻肺宁心,健脾益气，化气行水
中医儿科学,小儿尿频湿热下注证的治法为,A,清热利湿，通利膀胱,清热泻火，利湿通淋,清热利湿，升提固摄,清热利湿，固涩小便,利湿通淋，清热固脬
中医儿科学,治疗小儿尿频湿热下注证的首选方剂为,B,菟丝子散,八正散,龙胆泻肝汤,桑螵蛸散,缩泉丸
中医儿科学,治疗小儿尿频脾肾气虚证的首选方是,B,八正散,缩泉丸,菟丝子散,补中益气汤,桑螵蛸散
中医儿科学,小儿尿频脾肾气虚证的治法为,C,健脾益气，温肾固摄,益脾温肾，固涩膀胱,温补脾肾，升提固摄,温补脾肾，固涩小便,健脾补肾，固摄缩尿
中医儿科学,小儿尿频脾肾气虚证的症状特点为,B,病程长，小便频数，滴沥不尽，尿痛,病程长，小便频数，滴沥不尽，无尿痛,病程长，小便频数短赤，尿道疼痛,起病缓，小便频数，滴沥不尽，小腹坠胀,病程长，小便频数，尿液混浊
中医儿科学,治疗小儿尿频阴虚内热证的首选方是,C,缩泉丸,八正散,知柏地黄丸,六味地黄丸,补中益气汤
中医儿科学,患儿，女，6岁，突然出现小便频数短赤，尿道灼热疼痛，尿液淋沥浑浊，小腹坠胀，腰部酸痛，伴有发热，烦躁口渴，甚有恶心呕吐，舌质红，苔黄腻，脉数有力。治疗首选方剂,B,龙胆泻肝汤,八正散,缩泉丸,桑螵蛸散,知柏地黄丸
中医儿科学,患儿，3岁，患病日久，小便频数，滴沥不尽，尿液不清，神疲乏力，面色萎黄，食欲不振，畏寒怕冷，手足不温，大便稀薄，眼睑浮肿，舌质淡或有齿痕，苔薄腻，脉细弱。辨证为,C,湿热下注,下元虚寒,脾肾气虚,肺脾气虚,肝经湿热
中医儿科学,小儿遗尿心肾失交证的治法为,B,清心安神，滋阴固脬,清心滋肾，安神固脬,清泻心火，固涩小便,泻心安神，固涩膀胱,清心泻火，滋肾缩尿
中医儿科学,治疗小儿遗尿肾气不足证的首选方剂为,C,缩泉丸,导赤散,菟丝子散,金匮肾气丸,桑螵蛸散
中医儿科学,治疗小儿遗尿心肾失交证的首选方为,B,知柏地黄丸,交泰丸合导赤散,交泰丸,导赤散,五子衍宗丸
中医儿科学,治疗小儿遗尿肺脾气虚证的首选方为,D,菟丝子散,导赤散,缩泉丸,补中益气汤合缩泉丸,桑螵蛸散
中医儿科学,有关小儿遗尿描述正确的是,D,3周岁以上的小儿小便自遗,10周岁以下的儿童睡中小便自遗,3周岁以上的小儿醒时尿频，入寐消失,3周岁以上的小儿睡中小便自遗，醒后方觉,10周岁以下小儿睡中小便自遗，醒后方觉
中医儿科学,小儿遗尿的病机多见,A,肾气不足，膀胱虚寒,肺脾气虚，水道失约,心肾失交，水火不济,肝经郁热，疏泄失司,脾肾气虚，下元不固
中医儿科学,患儿，4岁，每晚尿床1次以上，小便清长，面白少华，神疲乏力，智力较同龄儿稍差，肢冷畏寒，舌质淡，苔白滑，脉沉无力。治疗首选方剂为,D,桑螵蛸散,巩堤丸,补肾地黄丸,菟丝子散,桂枝加龙骨牡蛎汤
中医儿科学,患儿，5岁，经常梦中遗尿，睡眠不安，白天多动，较少安静，手足心热，舌红，苔薄少津，脉沉细而数。治疗首选方剂是,B,知柏地黄丸,导赤散合交泰丸,交泰丸,导赤散,五子衍宗丸
中医儿科学,患儿，女，6岁，时有尿频，小便清长，每晚尿床1次以上，面白少华，神疲乏力，肢冷畏寒，舌淡，苔白滑，脉沉无力。应诊断为,B,尿频，脾肾气虚,遗尿，肾气不足,遗尿，脾肾气虚,尿频，脾肾阳虚,遗尿，肺脾气虚
中医儿科学,小儿尿频肺脾气虚证的治法是,D,清热利湿，通利膀胱,温补肾阳，固涩膀胱,温补脾肾，升提固摄,补肺益脾，固涩膀胱,培元益气，安神固脬
中医儿科学,小儿遗尿肾气不足证的治法是,B,清热利湿，通利膀胱,温补肾阳，固涩膀胱,温补脾肾，升提固摄,补肺益脾，固涩膀胱,培元益气，安神固脬
中医儿科学,哪些脏腑的功能不足导致语迟、发迟、肌肉软、口软,C,心肾,肝肾,心脾,脾肾,脾肝
中医儿科学,哪些脏腑的功能不足导致立迟、行迟、齿迟、头项软、手软、足软,B,心肝肾,肝脾肾,心脾肾,肝脾,心肝脾
中医儿科学,小儿何时尚不能站立、行走为立迟、行迟,C,0～1岁,1～2岁,2～3岁,3～4岁,4～5岁
中医儿科学,小儿何时尚不能说话为语迟,B,0～1岁,1～2岁,2～3岁,3～4岁,4～5岁
中医儿科学,小儿何时头项仍软弱下垂为头项软,C,2个月左右,4个月左右,6个月左右,1岁左右,2岁左右
中医儿科学,下列哪项不属于五迟的范畴,A,坐迟,立迟,行迟,齿迟,语迟
中医儿科学,五迟五软的治疗大法为,A,以补为主,先补益后祛邪,先祛邪后补益,涤痰化瘀为主,活血通络为主
中医儿科学,治疗五迟五软肝肾亏损证的首选方剂为,B,知柏地黄丸,加味六味地黄丸,大补阴丸,调元散,虎潜丸
中医儿科学,治疗五迟五软心脾两虚证的首选方剂为,D,补中益气丸,参苓白术散,当归六黄汤,调元散,八珍汤
中医儿科学,治疗五迟五软痰瘀阻滞证的首选方剂为,C,当归六黄汤合二陈汤,清气化痰丸合二陈汤,通窍活血汤合二陈汤,调元散合二陈汤,虎潜丸合二陈汤
中医儿科学,患儿，1岁，能抬头，不能独坐及站立，牙齿萌出4颗，头颅呈方形，囟门宽大，发稀而黄，目无神采，反应迟钝，夜卧不安，易倦懒动，肢体无力，睡眠不实，面色不华，形体瘦弱，舌淡苔少，指纹淡。治疗应首选,A,加味六味地黄丸,调元散,虎潜丸,调元散合二胨汤,通窍活血汤合二陈汤
中医儿科学,患儿，4岁，身高78cm，体重14kg，能说2字以下词语，智力较同龄儿低，时常口角流涎，频频弄舌，发稀萎黄，四肢痿软，肌肉松弛，疲乏无力，食欲不振，大便秘结，舌淡胖，苔薄少，脉细缓无力，指纹淡。治疗应首选,B,加味六味地黄丸,调元散,虎潜丸,调元散合二陈汤,通窍活血汤合二陈汤
中医儿科学,患儿3岁，失聪失语，反应迟钝，意识不清，动作不由自主，时时口流痰涎，喉间痰鸣，关节僵硬，肌肉软弱，间或有癫痫发作，舌体胖，可见瘀斑，苔腻，脉滑。治疗应首选,E,加味六味地黄丸,调元散,虎潜丸,调元散合二陈汤,通窍活血汤合二陈汤
中医儿科学,五迟五软肝肾亏损证的治法,D,健脾养心，补益气血,补益肝肾，养血填精,健脾补肾，益气养阴,补肾填髓，养肝强筋,益气行血，通经活络
中医儿科学,五迟五软心脾两虚证的治法,A,健脾养心，补益气血,补益肝肾，养血填精,健脾补肾，益气养阴,补肾填髓，养肝强筋,益气行血，通经活络
中医儿科学,麻疹的好发年龄哪种说法正确,C,6个月～1岁,6个月～3岁,6个月～5岁,6个月～7岁,6个月～10岁
中医儿科学,下列疾病，发病过程中容易并发肺炎的是,A,麻疹,风疹,幼儿急疹,猩红热,水痘
中医儿科学,治疗麻疹逆证邪陷心肝的首选方剂是,B,朱衣滚痰丸,羚角钩藤汤,涤痰汤,加味温胆汤,小儿回春丹
中医儿科学,治疗麻疹逆证邪毒攻喉证的首选方剂是,B,定喘汤,清咽下痰汤,银翘散,黄连解毒汤,麻杏石甘汤
中医儿科学,治疗麻疹逆证邪毒闭肺证的首选方剂是,E,定喘汤,苏葶丸,清宁散,葶苈大枣泻肺汤,麻杏石甘汤
中医儿科学,麻疹在治疗上，为顺的是以,D,升,散,清,透,和
中医儿科学,麻疹的收没期皮肤可见,E,无色素沉着及脱屑,无色素沉着，可见脱皮,有色素沉着，可见脱皮,有色素沉着痕，无脱屑,有色素沉着，并有糠麸样脱屑
中医儿科学,治疗麻疹收没期首选方剂是,B,益胃汤,沙参麦冬汤,人参五味子汤,生脉散,养阴清肺汤
中医儿科学,治疗麻疹出疹期的首选方剂是,A,清解透表汤,解肌透痧汤,宣毒发表汤,透疹凉解汤,柴葛解肌汤
中医儿科学,麻疹典型皮疹开始于,A,耳后发际及颈部,头面,背部,胸腹,四肢
中医儿科学,以下哪一项不属于麻疹初起的临床症状,D,发热,咳嗽,两目畏光,咽部有出血性红点,口腔两颊黏膜近臼齿处可见麻疹黏膜斑
中医儿科学,下列麻疹的治疗，哪种提法不正确,C,初热期，辛凉透发,出疹期，清热解毒,收没期，益气补脾,初热期，忌用攻下,收没期，忌用大苦大寒
中医儿科学,麻疹主要受病的脏腑是,B,心肺,肺脾,心脾,肺肾,心肝
中医儿科学,麻疹的发病原因是,E,胎毒,风邪,胎毒加风邪,胎毒加疠气,麻疹时邪
中医儿科学,麻疹的好发季节是,B,春秋,冬春,秋冬,春夏,夏秋
中医儿科学,有关麻疹的预防调护，下列哪种提法不正确,C,按计划接种麻疹减毒活疫苗很有必要,有麻疹接触史者，可及时注射丙种球蛋白,易感儿接触传染源后，应隔离观察7天,麻疹流行期间，少去公共场所,卧室空气要流通，温度、湿度适宜
中医儿科学,患儿，男，3岁6个月。麻疹已6日，现高热不退，咳嗽气急，鼻翼煽动，口渴烦躁，疹点密集色暗，舌红苔黄，脉数。其证候是,C,麻疹顺证，初热期,麻疹顺证，出疹期,麻疹逆证，邪毒闭肺,麻疹逆证，邪毒攻喉,麻疹逆证，邪陷心肝
中医儿科学,患儿，女，2岁。壮热持续，起伏如潮，肤有微汗，烦躁不安，目赤眵多，咳嗽阵作，皮疹布发，疹点由细小稀少而逐渐稠密，疹色先红后暗，皮疹凸起，触之碍手，压之退色，大便干结，小便短少，舌质红赤，苔黄腻，脉数有力；其病证诊断是,C,风疹，邪犯肺卫,幼儿急疹，邪郁肌表,麻疹，出疹期,猩红热，毒炽气营,麻疹，初热期
中医儿科学,麻疹收没期治法是,C,辛凉透表，清宣肺卫,清热解毒，透疹达邪,养阴益气，清解余邪,宣肺开闭，清热解毒,凉肝熄风，清营解毒
中医儿科学,麻疹邪毒闭肺治法是,D,辛凉透表，清宣肺卫,清热解毒，透疹达邪,养阴益气，清解余邪,宣肺开闭，清热解毒,凉肝熄风，清营解毒
中医儿科学,治疗麻疹出疹期的首选方剂是,D,黄连解毒汤,宣毒发表汤,清咽下痰汤,清解透表汤,羚角钩藤汤
中医儿科学,治疗麻疹初热期的首选方剂是,B,黄连解毒汤,宣毒发表汤,清咽下痰汤,清解透表汤,羚角钩藤汤
中医儿科学,奶麻毒透肌肤的首选方剂是,E,清燥救肺汤,普济消毒饮,清瘟败毒饮,清解透表汤,银翘散合养阴清肺汤
中医儿科学,奶麻邪郁肌表的治法是,A,疏风清热，宣透邪毒,辛凉透表，清宣肺卫,疏风清热，利湿解毒,清热生津，以助康复,泻火解毒，清热凉营
中医儿科学,奶麻好发季节是,A,冬春,春夏,夏秋,秋冬,盛夏
中医儿科学,奶麻好发年龄是,C,1～3个月,3～6个月,6～18个月,18～24个月,3岁以上
中医儿科学,以热退疹出为特征的疾病是,B,麻疹,奶麻,风痧,丹痧,手足口病
中医儿科学,奶麻，邪郁肌表证的治疗选用,D,麻黄汤,桂枝汤,桑菊饮,银翘散,葱豉桔梗汤
中医儿科学,关于奶麻的说法，不正确的是,B,发病多在2岁以内,起病缓慢,又称假麻,一年四季都可发病,患病后可获持久免疫力
中医儿科学,在风疹易感儿群集的地方，须适当隔离，可隔离至出疹后,B,3天,5天,7天,9天,14天
中医儿科学,在风疹发病中，下列哪种提法不正确,C,一种较轻的出疹性传染病,多发于冬春二季,多发于哺乳的婴儿，不易流行,淡红色斑丘疹,耳后及枕骨下淋巴结肿大
中医儿科学,风疹的好发年龄哪种说法正确,B,1岁左右,1～5岁,1～8岁,1～12岁,任何年龄
中医儿科学,风疹的病变部位主要在,D,心,肝,脾,肺卫,肾
中医儿科学,治疗风疹邪犯肺卫证的首选方剂是,B,解肌透痧汤,银翘散,桑菊饮,宣毒发表汤,透疹凉解汤
中医儿科学,风疹邪犯肺卫证的治法是,B,宣肺透疹透疹,疏风清热透疹,辛温解表透疹,清热解毒透疹,调和营卫透疹
中医儿科学,治疗风疹邪入气营证的首选方剂是,C,银翘散,白虎汤,透疹凉解汤,清气凉营汤,解肌透痧汤
中医儿科学,孕妇在妊娠早期若患风疹最易导致,A,流产,妊娠高血压,胎儿畸形,妊娠水肿,胎死宫内
中医儿科学,患儿，男，9岁。发热1天，口渴咽痛，烦燥不安，全身可见鲜红皮疹，疹点致密，舌红，苔黄，脉数。诊断是,A,风疹,幼儿急疹,麻疹,猩红热,水痘
中医儿科学,患儿，男，5岁。发热2天后出疹，查体：体温38.5℃，精神尚可，咽红，耳后及枕部淋巴结肿大，颜面、躯干散在淡红色丘疹。现发热恶风，流涕喷嚏，胃纳欠佳，舌质红，苔薄白，脉浮数。其病证诊断为,A,风疹，邪犯肺卫,风疹，邪入气营,麻疹，邪犯肺卫,猩红热，毒炽气营,麻疹，邪入肺胃
中医儿科学,麻疹的特点是,B,发热3～4天，热退疹出,发热3～4天，皮疹出现，热度增高,发热1～2天，出现斑疹、丘疹、水疱及结痂,发热1天左右，出现淡红色斑丘疹，1天后皮疹布满全身,发热半天出疹，疹点细小鲜红，颜面无疹
中医儿科学,风疹的特点是,D,发热3～4天，热退疹出,发热3～4天，皮疹出现，热度增高,发热1～2天，出现斑疹、丘疹、水疱及结痂,发热1天左右，出现淡红色斑丘疹，1天后皮疹布满全身,发热半天出疹，疹点细小鲜红，颜面无疹
中医儿科学,麻疹的主要临床特征是,B,热退疹出,口腔黏膜斑,口周苍白圈,丘疹、疱疹、结痂,耳后、枕后淋巴结肿大
中医儿科学,风疹主要临床特征是,E,热退疹出,口腔黏膜斑,口周苍白圈,丘疹、疱疹、结痂,耳后、枕后淋巴结肿大
中医儿科学,猩红热的典型舌象为,E,地图舌,红绛舌,霉酱苔,镜面舌,草莓舌
中医儿科学,猩红热的好发年龄哪种说法正确,C,1岁左右,2～5岁,2～8岁,3～12岁,任何年龄
中医儿科学,猩红热病机主要涉及的脏腑是,E,心肺,心肝,脾肾,脾胃,肺胃
中医儿科学,治疗猩红热邪侵肺卫证的首选方剂是,E,桑菊饮,银翘散,透疹凉解汤,葱豉桔梗汤,解肌透痧汤
中医儿科学,治疗猩红热毒炽气营证的首选方剂是,E,清瘟败毒饮,白虎汤,清营汤,透疹凉解汤,凉营清气汤
中医儿科学,患儿，男，8岁。发热，咽痛1天后出疹。查体：体温39.5℃，疹由颈、胸开始，继而弥漫全身，压之退色，见疹后的1～2天舌苔黄糙，舌质起红刺，3～4天后舌苔剥落，舌面光红起刺，状如草莓，脉数有力。其病证诊断为,D,麻疹，邪犯肺卫,风疹，邪入气营,猩红热，邪侵肺卫,猩红热，毒炽气营,猩红热，疹后阴伤
中医儿科学,患儿，男，7岁。诊断为猩红热。现身热渐退，咽喉糜烂，疼痛减轻，皮疹渐消，唇干口燥，食欲不振，舌红少津，脉细。治疗首选方为,C,养阴清肺汤,益胃汤,沙参麦冬汤,竹叶石膏汤,增液承气汤
中医儿科学,风疹应隔离至,D,从发病之日算起40天,临床症状完全消失,皮疹消退后5天,出疹后5天,出疹后7～12天
中医儿科学,猩红热应隔离至,B,从发病之日算起40天,临床症状完全消失,皮疹消退后5天,出疹后5天,出疹后7～12天
中医儿科学,治疗猩红热毒炽气营证的首选方剂是,C,清解透表汤,透疹凉解汤,凉营清气汤,清胃解毒汤,化斑解毒汤
中医儿科学,治疗风疹邪入气营证的首选方剂是,B,清解透表汤,透疹凉解汤,凉营清气汤,清胃解毒汤,化斑解毒汤
中医儿科学,猩红热疹后阴伤证的治法是,D,辛凉宣透，清热利咽,清热解毒，软坚消肿,养阴益气，清解余邪,养阴生津，清热润喉,辛凉透表，清宣肺卫
中医儿科学,猩红热邪侵肺卫证的治法是,A,辛凉宣透，清热利咽,清热解毒，软坚消肿,养阴益气，清解余邪,养阴生津，清热润喉,辛凉透表，清宣肺卫
中医儿科学,水痘的高发季节是,A,冬春,春夏,夏秋,秋冬,春秋
中医儿科学,水痘的主要病位在,B,肺卫,肺脾,脾肾,脾胃,肺胃
中医儿科学,在水痘的诊断依据中，下列哪项是错误的,E,发热当天或1～2天出现皮疹,发热大多不高,起病2～3周前有水痘接触史,结成痂盖脱落，不留瘢痕,疱疹一齐出齐
中医儿科学,水痘出疹，下列哪一项是错误的,B,在发热同时或发热1～2日后出疹,皮疹分布以四肢为多，躯干部少,在同一部位的皮肤上丘疹、疱疹、结痂同时见到,出疹顺序先后不一,疱疹内含清亮液体
中医儿科学,水痘的主要表现，下列哪项是错误的,E,发热1～2,疱疹是向心性分布,疹色红润，疱浆清亮,丘疹、疱疹、结痂同时并见,愈后脱屑
中医儿科学,脓疱疮与水痘的鉴别点，下列哪项是错误的,D,疱疹较大,疱疹含脓液,疱疹易破，蔓延附近皮肤,疱疹躯干部位多,多发于夏季炎热季节
中医儿科学,邪炽气营的水痘疱疹特点是,D,晶亮如露珠,疱疹个大且含脓液,疱浆清亮,疱浆混浊，疹色紫暗,分布稀疏
中医儿科学,水痘邪伤肺卫证的治疗原则是,C,宣肺解毒，利湿清热,辛凉解表，清热渗湿,疏风清热，利湿解毒,清热渗湿，解毒凉营,疏风解表，清热利湿
中医儿科学,治疗水痘邪伤肺卫证的首选方剂是,B,桑菊饮,银翘散,透疹凉解汤,宣毒发表汤,五味消毒饮
中医儿科学,治疗水痘邪炽气营证的首选方剂是,C,柴葛解肌汤,宣毒发表汤,清胃解毒汤,清瘟败毒饮,五味消毒饮
中医儿科学,水痘愈后可见,E,脱皮,脱屑,色素沉着,瘢痕,结痂后不留疤痕
中医儿科学,水痘的隔离期为,E,疱疹消退后1周,发热消退后1周,疱疹与结痂并见时,痘疹出齐后,痘疹全部结痂后
中医儿科学,患儿，女，5岁。发热1天，颜面、躯干见丘疹及水疱疹。现低热，恶寒，鼻塞流涕，疹色红润，疱浆清亮，疹粒稀疏，舌质红，苔薄白，脉浮数。其病证诊断为,E,幼儿急疹，邪郁肌表,风疹，邪犯肺卫证,麻疹，邪犯肺卫证,水痘，毒炽气营证,水痘，邪伤肺卫证
中医儿科学,患儿，男，8岁，高热3天不退，颜面躯干皮疹分布密集，疹色紫暗，疱浆混浊，大便干结，舌红绛，苔黄，脉数有力。其治法是,C,疏风清热，利湿解毒,疏风解表，清热透疹,清气凉营，解毒化湿,清气凉营，泻火解毒,清凉解毒，透疹达邪
中医儿科学,水痘的临床特点是,B,皮肤黏膜分批出现丘疹、疱疹、结痂,发热3～4天后，热退疹出，呈玫瑰色斑疹,疱疹分布于手足及口腔黏膜，破溃后形成溃疡,发热1天出疹，全身潮红，皮肤皱褶处皮疹明显,
中医儿科学,脓疱疮的临床特点是,A,皮肤黏膜分批出现丘疹、疱疹、结痂,发热3～4天后，热退疹出，呈玫瑰色斑疹,疱疹分布于手足及口腔黏膜，破溃后形成溃疡,发热1天出疹，全身潮红，皮肤皱褶处皮疹明显,
中医儿科学,手足口病的临床特点是,E,初为疱疹，很快成为脓疱，夏秋季节多发,皮肤黏膜分批出现丘疹、疱疹、结痂,发热3～4天后，热退疹出，呈玫瑰色斑疹,风团样丘疹，中心有针尖大小水疱，伴瘙痒,疱疹分布于四肢远端、手足及口腔黏膜，不结痂
中医儿科学,手足口病的好发年龄哪种说法正确,D,2岁以下,3岁以下,4岁以下,5岁以下,6岁以下
中医儿科学,手足口病的好发季节是,E,春秋,冬春,秋冬,春夏,夏秋
中医儿科学,手足口病的主要病位在,D,肺卫,脾胃,脾肾,肺脾,肺胃
中医儿科学,患儿，4岁，轻度发热，流涕咳嗽，纳差恶心，1天后出现口腔内疱疹，并破溃后形成小的溃疡，疼痛流涎，拒食，1天后手足也见到疱疹，分布稀疏，疹色红润，疱浆清亮。舌质红，苔薄黄腻，脉浮数。其可能的诊断是,C,疱疹性咽峡炎,手足口病，湿热蒸盛证,手足口病，邪犯肺脾证,猩红热，邪侵肺卫证,水痘，邪伤肺卫证
中医儿科学,患儿，2岁，发热3天，口腔、手足、四肢、臀部可见疱疹，疹色紫暗，疱液混浊，口臭流涎，小便黄，大便秘结，舌质红绛，苔黄厚腻，指纹紫。治疗首选,B,甘露消毒丹,清瘟败毒饮,凉营清气汤,清胃解毒汤,透疹凉解汤
中医儿科学,治疗风疹邪入气营证的首选方剂是,A,透疹凉解汤,凉营清气汤,宣毒发表汤,甘露消毒丹,银翘散
中医儿科学,治疗猩红热毒炽气营证的首选方剂是,B,透疹凉解汤,凉营清气汤,宣毒发表汤,甘露消毒丹,银翘散
中医儿科学,治疗手足口病邪犯肺脾证的首选方剂是,D,透疹凉解汤,凉营清气汤,宣毒发表汤,甘露消毒丹,银翘散
中医儿科学,上述疾病，有口腔黏膜斑体征的是,A,麻疹,风疹,猩红热,手足口病,水痘
中医儿科学,上述疾病，口腔及手足有疱疹的是,D,麻疹,风疹,猩红热,手足口病,水痘
中医儿科学,上述疾病，耳后及枕骨下有淋巴结肿大的是,B,麻疹,风疹,猩红热,手足口病,水痘
中医儿科学,治疗风疹邪犯肺卫证的首选方剂是,A,银翘散,透疹凉解汤,清瘟败毒饮,清胃解毒汤,宣毒发表汤
中医儿科学,治疗手足口病湿热蒸盛证的首选方剂是,C,银翘散,透疹凉解汤,清瘟败毒饮,清胃解毒汤,宣毒发表汤
中医儿科学,流行性腮腺炎的流行季节是,C,夏秋,秋冬,冬春,春夏,不分季节
中医儿科学,流行性腮腺炎的好发年龄为,C,1岁以内,1岁～2岁,3岁以上儿童,6个月以内,12岁以后
中医儿科学,流行性腮腺炎的隔离期为,B,直至腮肿完全消退,腮肿完全消退后3天,1周,2周,3周
中医儿科学,流行性腮腺炎的肿胀部位为,B,颌下,以耳垂为中心,耳后,颈前,面颊部
中医儿科学,中医认为，流行性腮腺炎的病位主要在,B,太阳经脉,少阳经脉,阳明经脉,太阴经脉,少阴经脉
中医儿科学,治疗流行性腮腺炎邪犯少阳证首选方剂为,D,普济消毒饮,五味消毒饮,仙方活命饮,柴胡葛根汤,黄连解毒汤
中医儿科学,流行性腮腺炎邪犯少阳证的治法为,B,清热解毒，软坚散结,疏风清热，散结消肿,清肝泻火，活血止痛,辛凉解表,清热凉血散瘀
中医儿科学,流行性腮腺炎热毒壅盛证的治法为,A,清热解毒，软坚散结,疏风清热，散结消肿,清肝泻火，活血止痛,辛凉解表,清热凉血散瘀
中医儿科学,治疗流行性腮腺炎热毒壅盛证首选方剂为,A,普济消毒饮,五味消毒饮,仙方活命饮,柴胡葛根汤,黄连解毒汤
中医儿科学,流行性腮腺炎邪陷心肝变证的治法为,D,清热解毒，软坚散结,疏风清热，散结消肿,清肝泻火，活血止痛,清热解毒，熄风开窍,清热凉血散瘀
中医儿科学,治疗流行性腮腺炎邪陷心肝变证的首选方剂为,B,普济消毒饮,清瘟败毒饮,仙方活命饮,柴胡葛根汤,黄连解毒汤
中医儿科学,流行性腮腺炎毒窜睾腹变证的治法为,C,清热解毒，软坚散结,疏风清热，散结消肿,清肝泻火，活血止痛,清热解毒，熄风开窍,清热凉血散瘀
中医儿科学,治疗流行性腮腺炎毒窜睾腹变证的首选方剂为,D,普济消毒饮,清瘟败毒饮,仙方活命饮,龙胆泻肝汤,黄连解毒汤
中医儿科学,患儿，男，3岁。因右侧腮部肿胀2天就诊。现证见右侧腮部肿痛，恶寒发热，头痛，舌质红，苔薄白微黄，脉浮数。治疗首选方剂是,A,柴胡葛根汤,普济消毒饮,仙方活命饮,五味消毒饮,荆防败毒散
中医儿科学,患儿，女，5岁。因右侧腮部肿痛5天就诊。现证见腮部漫肿，灼热疼痛，咀嚼时尤甚，精神倦怠，高热头痛，咽喉红肿，大便干结，小便短赤，舌质红，苔黄腻，脉滑数。治疗首选方剂是,B,仙方活命饮,普济消毒饮,黄连解毒汤,三仁汤,荆防败毒散
中医儿科学,患儿，男，7岁，因左腮部肿痛2天、反复抽搐就诊。现证见发热，耳下腮部漫肿，神昏，嗜睡，项强，呕吐，舌红，苔黄，脉弦数。治疗首选方剂是,E,仙方活命饮,普济消毒饮,黄连解毒汤,三仁汤,清瘟败毒饮
中医儿科学,患儿，男，6岁，7天前两侧腮部肿胀疼痛，现腮部肿消，一侧睾丸肿胀疼痛，舌红苔黄，脉数。治疗首选方剂是,D,仙方活命饮,普济消毒饮,黄连解毒汤,龙胆泻肝汤,清瘟败毒饮
中医儿科学,流行性腮腺炎出现神昏头痛抽搐时为邪陷何经,A,心肝,胆,脾,肺,肾
中医儿科学,流行性腮腺炎主要病变经脉是,B,心肝,胆,脾,肺,肾
中医儿科学,流行性腮腺炎的中医病名为,B,痰核,痄腮,瘰疬,发颐,滞颐
中医儿科学,化脓性腮腺炎的中医病名为,D,痰核,痄腮,瘰疬,发颐,滞颐
中医儿科学,传染性单核细胞增多症作周围血象检查时，可见,E,白细胞总数下降，淋巴细胞下降,白细胞总数下降，中性粒细胞下降,白细胞总数正常，中性粒细胞下降,白细胞总数增高，中性粒细胞升高,白细胞总数增高，异型淋巴细胞10％以上
中医儿科学,治疗小儿传染性单核细胞增多症湿热壅滞证，应首选的方剂是,D,消风散,止痉散,白虎汤,甘露消毒丹,清瘟败毒饮
中医儿科学,治疗小儿传染性单核细胞增多症邪犯肺胃证的治法是,E,辛凉宜透，清热利咽,清热解毒，泻火涤痰,辛凉解表，清暑化湿,凉血清心，增液潜阳,疏风清热，宣肺利咽
中医儿科学,传染性单核细胞增多症的发病年龄多见于,C,婴儿和幼儿,幼儿和儿童,年长儿和青少年,青少年和成人,儿童和成人
中医儿科学,传染性单核细胞增多症是因感染,A,EB病毒所致,EV病毒所致,巨细胞病毒所致,单纯疱疹病毒所致,金黄色葡萄球菌所致
中医儿科学,传染性单核细胞增多症，气营两燔证的选方,B,银翘散,普济消毒饮,败毒散,甘露消毒丹,竹叶石膏汤
中医儿科学,传染性单核细胞增多症的治疗原则为,A,清热解毒，化痰祛瘀,疏风清热，宣肺利咽,清气凉营，解毒化痰,清热化痰，通络散瘀,益气生津，兼清余热
中医儿科学,患儿，4岁。发热4天，高热烦渴，乳蛾肿大溃烂，颈、腋、腹股沟处浅表淋巴结肿大，肝脾肿大，舌质红，苔黄腻，脉滑数。诊为传染性单核细胞增多症，治疗应首选的方剂是,A,清肝化痰丸,安宫牛黄丸,犀角地黄汤,犀角地黄汤合增液汤,青蒿鳖甲汤合清络饮
中医儿科学,患儿，8岁。发热3天，壮热烦渴，咽喉红肿疼痛，乳蛾肿大溃烂，口疮口臭，面红唇赤，便秘尿赤，舌质红，苔黄糙，脉洪数。诊为传染性单核细胞增多症，治疗应首选的方剂是,E,白虎汤,犀角地黄汤,清瘟败毒饮,竹叶石膏汤,普济消毒饮
中医儿科学,患儿，5岁。诊断为传染性单核细胞增多症。症见发热，咳嗽，少汗，咽红肿痛，口微干，舌边尖红，苔薄白，脉浮数。治疗应首选的方剂是,B,桑菊饮,银翘散,新加香薷饮,藿朴夏苓汤,清瘟败毒饮
中医儿科学,百日咳最易发病的年龄是,D,1岁以内,3岁以内,2岁以内,5岁以内,7岁以内
中医儿科学,百日咳的病程较长，可持续,E,1周,2周,1个月,2个月,2～3个月
中医儿科学,百日咳的好发季节是,A,冬春,春夏,秋冬,夏秋,春秋
中医儿科学,小儿发生顿咳的病机是,B,外感时令疠气，肺气失宣,外感时行邪毒夹痰交结气道，肺失肃降,外邪引动伏痰，一触即发,感受风邪，肺气郁闭,感受风热疠气，肺失清肃
中医儿科学,百日咳痉咳期的治法是,D,清肺化痰，涤痰镇咳,宣肺止咳，涤痰镇咳,清热肃肺，涤痰镇咳,清热泻肺，涤痰镇咳,滋阴润肺，涤痰镇咳
中医儿科学,治疗百日咳初咳期首选方剂是,B,止嗽散,三拗汤,银翘散,桑菊饮,金沸草散
中医儿科学,患儿，男，2岁。初起发热、流涕、咳嗽，咳嗽以入夜为甚，咳声不扬，尚未发生痉咳，舌苔薄白。治疗首选方剂为,B,桑白皮汤,三拗汤,沙参麦冬汤,人参五味子汤,清燥救肺汤
中医儿科学,患儿，3岁，患百日咳后，痉咳缓解，出现低热干咳，盗汗，夜寐不安，舌质红，苔光剥。治疗首选方剂为,C,桑白皮汤,养阴清肺汤,沙参麦冬汤,人参五味子汤,清燥救肺汤
中医儿科学,患儿，4岁，患百日咳后期，痉咳缓解，咳而无力，精神萎靡，食欲不振，形体明显消瘦，舌质淡，苔薄白。治疗首选方剂为,B,沙参麦冬汤,人参五味子汤,清燥救肺汤,玉屏风散,人参健脾丸
中医儿科学,患儿，1岁半，咳嗽2周仍不缓解，以阵发性的痉咳为主，日轻夜重，咳剧时伴有深吸气样的鸡鸣声，咳吐痰涎及食物后才得暂时缓解。治疗首选方剂为,C,桑菊饮,银翘散,桑白皮汤合葶苈大枣泻肺汤,清燥救肺汤,沙参麦冬汤
中医儿科学,百日咳初咳期的治法是,A,疏风祛邪，宣肺止咳,泻肺清热，涤痰镇咳,养阴润肺，健脾益气,清热解毒，利湿化痰,宣肺散邪，清热化痰
中医儿科学,百日咳恢复期的治法是,C,疏风祛邪，宣肺止咳,泻肺清热，涤痰镇咳,养阴润肺，健脾益气,清热解毒，利湿化痰,宣肺散邪，清热化痰
中医儿科学,百日咳的主证是,A,阵发性痉挛性咳嗽，咳毕有鸡鸣样回声，日轻夜重,咳嗽，发热，流涕，经治表证解后，咳嗽渐止,突发阵发性痉咳，有异物吸人史,发热，咳嗽，痰壅，气喘，肺部闻及中细湿哕音,咳嗽无定时，夜间较多，喉间哮吼痰鸣
中医儿科学,肺炎喘嗽的主证是,D,阵发性痉挛性咳嗽，咳毕有鸡鸣样回声，日轻夜重,咳嗽，发热，流涕，经治表证解后，咳嗽渐止,突发阵发性痉咳，有异物吸人史,发热，咳嗽，痰壅，气喘，肺部闻及中细湿哕音,咳嗽无定时，夜间较多，喉间哮吼痰鸣
中医儿科学,预防小儿蛔虫病的有效措施是,A,注意个人卫生，饭前便后洗手，不饮用生水,饮食宜清淡，少食辛辣,口服食醋60～100ml,可食适量使君子,饭后服用驱虫药
中医儿科学,治疗蛔虫病虫瘕证，治法是,C,驱蛔杀虫，调理脾胃,散蛔驱虫，调胃定痛,行气通腑，散蛔驱虫,安蛔定痛，继则驱虫,调气活络，驱蛔杀虫
中医儿科学,肠蛔虫证以哪种证型居多,E,寒热错杂,虚实夹杂,热,虚,实
中医儿科学,蛔虫病以腹痛为主要症状，其疼痛部位主要是,B,胃脘部,脐周部,左下腹,右下腹,痛无定处
中医儿科学,蛔虫病的治疗原则，除驱蛔杀虫外，辅以,D,健脾理气,补气养血,调和气血,调理脾胃,消食导滞
中医儿科学,治疗蛔虫病肠虫证的首选方剂是,C,追虫丸,化虫丸,使君子散,乌梅丸,驱虫粉
中医儿科学,下列哪项不是蛔厥证的临床症状,D,腹部突然绞痛，主要在胃脘及右胁下,伴恶心呕吐，常吐出蛔虫,肢冷汗出,腹胀腹痛，腹部有包块，推之移动,疼痛可暂时缓解减轻
中医儿科学,患儿，8岁，腹痛以脐周痛为主，饮食不振，日渐消瘦，大便不调，时吐清涎，或恶心、呕吐，或吐蛔虫，精神萎靡，睡眠不安，寐中磨牙，爱挖鼻孔，咬衣角，嗜食异物。舌苔薄腻，舌尖红赤，舌体常见红色刺点。诊断为,B,蛔厥证,肠虫证,蛲虫病,姜片虫病,绦虫病
中医儿科学,患儿，6岁，突然腹部绞痛，弯腰曲背，辗转不安，恶心，呕吐，肢冷汗出，常吐出蛔虫。腹部绞痛时作时止，疼痛主要在胃脘部及右胁下，痛止后可如常人。舌苔黄腻，脉弦数或滑数。诊断为,D,钩虫病,蛔虫病,蛲虫病,蛔厥证,绦虫病
中医儿科学,蛲虫病治疗原则以何法为主,B,杀虫,驱虫,调理脾胃,消食导滞,以上都不正确
中医儿科学,蛲虫古代又称为,A,线虫,白虫,寸白虫,伏虫,胃虫
中医儿科学,蛲虫病的主要特征是,C,阵发性腹痛,夜寐磨牙,夜间肛门奇痒,腹部有移动包块,食欲异常
中医儿科学,治疗蛲虫病首选方剂为,B,化虫丸,驱虫粉,使君子散,追虫丸,贯众汤
中医儿科学,患儿，3岁。出现肛门、会阴部瘙痒，夜间尤甚，睡眠不宁，烦躁不安，或尿频、遗尿，或女孩前阴瘙痒分泌物增多，或食欲不振，形体消瘦，面色苍黄。舌淡。苔白，脉无力。治法是,E,驱蛔杀虫，调理脾胃,散蛔驱虫，调胃定痛,行气通腑，散蛔驱虫,安蛔定痛，继则驱虫,杀虫止痒，结合外治
中医儿科学,患儿，3岁，饮食异常，精神烦躁，睡眠不安，肛门、会阴部瘙痒。诊断为,C,钩虫病,蛔虫病,蛲虫病,姜片虫病,绦虫病
中医儿科学,下列症状除哪项外皆为夏季热的临床特征,D,发热,口渴,多饮,少尿,少汗
中医儿科学,夏季热多见于哪个年龄段的小儿,D,6个月以内,1岁以内,2岁以内,6个月至3岁,5岁以上
中医儿科学,下述因素除哪项外皆可能成为夏季热的病因,E,禀赋不足,感受暑邪,病后体虚,不耐炎暑,风寒袭表
中医儿科学,下述哪项不符合夏季热的发病特点,E,发病集中在6、7、8月,3岁以内小儿易患,发病率随气温升高而增加,病情随气温升高而加重,以多汗、多尿为特征
中医儿科学,夏季热体温的特点,B,体温与气候无关,天气愈热，体温愈高,高热时伴有汗出,夜晚高热，晨起转凉,持续高热，秋凉后不缓解
中医儿科学,夏季热“上盛下虚”指的是,C,暑热淫于肺胃，肾阳虚于下,暑热淫于肺胃，肾阴虚于下,心胃火盛于上，肾阳虚于下,心火盛于上，肾阴虚于下,心胃之火蒸于上，肾阴虚于下
中医儿科学,患儿，7个月，因持续发热2周于8月上旬就诊，体温波动于38℃～39℃，气温高时体温较高，无汗，口渴，无咳嗽流涕，口唇干燥，烦躁喜哭，尿频，舌红，苔薄黄，指纹紫滞。治疗首选方剂,C,六一散,甘露消毒丹,王氏清暑益气汤,竹叶石膏汤,温下清上汤
中医儿科学,患儿，2岁，发热1月不退，朝盛暮衰，口渴多饮，无汗或少汗，精神萎靡或虚烦不安，面色苍白，下肢清冷，小便清长，频数无度，大便稀薄，舌淡苔薄，脉细数无力。治疗首选方剂,E,六一散,甘露消毒丹,清暑益气汤,竹叶石膏汤,温下清上汤
中医儿科学,紫癜血热妄行证的治法是,E,疏风散邪，清热凉血,滋阴降火，凉血止血,清热解毒，益气摄血,清气凉营，活血消斑,清热解毒，凉血止血
中医儿科学,小儿紫癜主要涉及的病变脏腑,B,心、肺、脾、肾,心、肝、脾、肾,肝、脾、肾,心、肝、脾,肺、肝、肾
中医儿科学,下述哪项不是过敏性紫癜的临床特点,C,紫癜多见于下肢伸侧及臀部、关节周围,多呈对称性分布,不高出皮肤,压之不退色,可伴腹痛及关节痛
中医儿科学,下述哪项不是血小板减少性紫癜的临床特点,B,紫癜可遍及全身,多呈对称性分布,不高出皮肤,压之不退色,血小板计数减低
中医儿科学,患儿，10岁，1周前有上呼吸道感染史，1天前始出现臀部及双下肢鲜红色皮疹，呈对称分布，色泽鲜红，大小不一，伴痒感，腹痛时作，双踝肿痛，尿色鲜红，舌红，苔薄黄，脉浮数。治疗应首选,C,麻黄连翘赤小豆汤,银翘散,连翘败毒散,黄连解毒汤,犀角地黄汤
中医儿科学,患儿，11岁，皮肤紫癜反复出现3年余，瘀斑瘀点颜色紫暗，间或出现鼻衄、齿衄，面色萎黄，神疲乏力，食欲不振，头晕心慌，舌淡苔薄，脉细无力。治疗应首选,D,麻黄连翘赤小豆汤,犀角地黄汤,连翘败毒汤,归脾汤,大补阴丸
中医儿科学,紫癜起病急，病程短，紫癜颜色鲜明者辩证属,B,虚证,实证,寒证,热证,虚实夹杂证
中医儿科学,紫癜起病缓，病程长，紫癜颜色暗淡者辩证属,A,虚证,实证,寒证,热证,虚实夹杂证
中医儿科学,过敏生紫癜的常见部位,C,头面部,四肢,下肢伸侧及臀部,四肢及头面部,躯干
中医儿科学,血小板减少性紫癜的常见部位,D,头面部,四肢,下肢伸侧及臀部,四肢及头面部,躯干
中医儿科学,静脉滴注丙种球蛋白的治疗方法，最好应用于皮肤黏膜淋巴结综合征病程,A,早期,中期,病后,中晚期,恢复期
中医儿科学,皮肤黏膜淋巴结综合征卫气同病证的治法是,A,辛凉透表，清热解毒,疏风解表，清热凉血,清气凉营，解毒化瘀,益气养阴，清解余热,疏风清热，利湿解毒
中医儿科学,皮肤黏膜淋巴结综合征治疗原则是,C,辛凉透表，清热解毒,滋养胃津，顾护心阴,清热解毒，活血化瘀,益气养阴，清解余热,疏风清热，利湿解毒
中医儿科学,皮肤黏膜淋巴结综合征引起病变的脏腑主要是,A,肺胃,心肝,心、肾,肝肾,肝脾
中医儿科学,皮肤黏膜淋巴结综合征的治疗，自初期至后期，始终应注意的是,D,化痰散结,收敛止血,清气分热,活血化瘀,温阳通脉
中医儿科学,皮肤黏膜淋巴结综合征的好发年龄是,B,新生儿,婴幼儿,幼童期,学龄期,青春期
中医儿科学,皮肤黏膜淋巴结综合征气阴两伤证的首选方剂为,D,银翘散,桑菊饮,清瘟败毒饮,沙参麦冬汤,小建中汤
中医儿科学,皮肤黏膜淋巴结综合征卫气同病的首选方剂为,A,银翘散,桑菊饮,清瘟败毒饮,沙参麦冬汤,小建中汤
中医儿科学,皮肤黏膜淋巴结综合征气营两燔证的首选方剂为,C,银翘散加减,桑菊饮加减,清瘟败毒饮,普济消毒饮,沙参麦冬汤
中医儿科学,患儿，18个月。发热，体温在39.30C～39.80C，双侧球结膜充血，手足硬性水肿，颈部淋巴结肿胀，用多种抗生素治疗无效。诊断应首先考虑的是,D,急性结膜炎,幼年类风湿病,急性肾小球肾炎,皮肤黏膜淋巴结综合征,传染性单核细胞增多症
中医儿科学,患儿，2岁。高热7天，昼轻夜重，咽红目赤，唇干赤裂，烦躁不宁，肌肤斑疹，手足硬肿，随后指趾端脱皮，舌质红绛，状如草莓，苔薄黄，脉数有力。治疗应首选的方剂是,D,桑杏汤,银翘散,桃花煎,清瘟败毒饮,沙参麦冬汤
中医儿科学,维生素D缺乏性佝偻病，肺脾气虚证的首选方剂为,D,六味地黄丸,济川煎,补肾地黄丸,人参五味子汤,六君子汤
中医儿科学,佝偻病激期的服药应是,A,日服维生素D,日服维生素D,日服维生素D,日服维生素D,日服维生素D
中医儿科学,佝偻病的基本治疗原则是,E,健脾养血,益气温阳,固表止汗,平肝潜阳,调补脾肾
中医儿科学,佝偻病的病机主要是,A,脾肾虚亏,心肝血虚,肝肾阴虚,肝风阴虚,肺脾两虚
中医儿科学,佝偻病在我国各地发病率不同，从地理位置分布，高发地区是,B,东部,北方,南方,东南,沿海
中医儿科学,维生素D缺乏性佝偻病，肾精亏损证的治法,D,健脾助运，补肾壮阳,健脾补肺，益气生津,健脾益气，补肺化痰,补肾填精，佐以健脾,健脾益肾，滋阴壮阳
中医儿科学,患儿，1岁半。头颅方大，肋软骨沟，肋串珠，鸡胸，现8颗牙，行走迟缓，并有面白虚烦，多汗肢软，舌淡苔少，脉细无力。治疗应首选的方剂是,C,人参五味子汤,益脾镇惊散,补肾地黄丸,健脾益气汤,健脾丸
中医儿科学,患儿，5个月。多汗夜惊，烦躁不安，发稀枕秃，囟门开大，伴有轻度骨骼改变。其治法是,D,固表敛汗,镇惊安神,平肝潜阳,健脾补肺,补益肝肾
中医内科,表虚自汗，易伤风邪者，宜常用的方剂是,A,玉屏风散,补肺汤,防风汤,参苏饮,加减葳蕤汤
中医内科,风寒和风热的辨证依据，下列哪项是错误的,D,恶寒、发热的轻重,渴与不渴,舌苔黄与白,脉浮与不浮,咽喉红肿疼痛与否
中医内科,感冒风寒束表证的代表方是,A,荆防达表汤,葱豉桔梗汤,新加香薷饮,参苏饮,加减葳蕤汤
中医内科,感冒的主因是,A,风,寒,燥,热,湿
中医内科,感冒的发病季节以何者为主,A,冬春,秋冬,春秋,夏秋,春夏
中医内科,下列哪项不是时行感冒的特征,E,传染性大,病情较重,发病急,易于流行,不传变
中医内科,加减葳蕤汤主要用于,C,风寒感冒,风热感冒,阴虚感冒,气虚感冒,暑湿感冒
中医内科,患者，男性，43岁，身热，微恶风，汗少，头昏重胀而痛，心烦口渴，胸闷恶心，小便短赤，舌苔薄黄腻，脉濡数。此患者应诊断为,C,感冒风寒,感冒风热,感冒暑湿,时行感冒,体虚感冒
中医内科,患者身热，微恶风，汗少，肢体酸重，头昏重胀痛，咳嗽痰黏，鼻流浊涕，心烦，口渴，舌苔薄黄而腻，脉濡数。治疗应首选,C,银翘散,桑菊饮,新加香薷饮,桑白皮汤,藿香正气散
中医内科,某男，45岁，病起5日，恶寒发热，鼻塞流涕，少汗身痛，咳嗽气急，痰稠色黄，咽痛声哑，苔薄黄，舌尖红，脉浮数。证属,B,风寒束表证,风热犯表证,暑湿伤表证,气虚感冒,阴虚感冒
中医内科,患者恶寒较甚，发热，无汗，头痛身楚，咳嗽，痰白，咯痰无力，舌淡苔白，脉浮而无力。治法宜首选,D,辛温解表,辛凉解表,祛湿解表,益气解表,滋阴解表
中医内科,某男，64岁，近一月来寒热持续不解，恶寒较甚，发热无汗，身楚倦怠，咳嗽，咯痰无力，舌淡苔白，脉浮无力。治疗方剂宜首选,C,新加香薷饮,葱白七味饮,参苏饮,再造散,加减葳蕤汤
中医内科,气虚感冒的代表方宜首选,D,玉屏风散,补中益气汤,再造散,参苏饮,加减葳蕤汤
中医内科,阳虚感冒的代表方宜首选,C,玉屏风散,补中益气汤,再造散,参苏饮,加减葳蕤汤
中医内科,阴虚感冒的代表方宜首选,E,玉屏风散,补中益气汤,再造散,参苏饮,加减葳蕤汤
中医内科,治疗感冒宜,B,辛温解表,解表达邪,解表化湿,扶正解表,辛凉解表
中医内科,治疗虚人感冒宜,D,辛温解表,解表达邪,解表化湿,扶正解表,辛凉解表
中医内科,身热，微恶风，汗少，肢体酸重或疼痛，头昏重胀痛，咳嗽痰黏，鼻流浊涕，心烦口渴，渴不多饮，胸闷脘痞，泛恶，腹胀，大便或溏，小便短赤，舌苔薄黄而腻，脉濡数。证属,C,风寒感冒,风热感冒,暑湿感冒,气虚感冒,阴虚感冒
中医内科,恶寒重，发热轻，无汗，头痛，肢节酸疼，鼻塞声重或鼻痒喷嚏，时流清涕，咽痒，咳嗽，痰吐稀薄色白，口不渴或渴喜热饮，舌苔薄白而润，脉浮紧。证属,A,风寒感冒,风热感冒,暑湿感冒,气虚感冒,阴虚感冒
中医内科,身热，微恶风寒，少汗，头昏，心烦，口干，干咳少痰，舌红少苔，脉细数。证属,E,风寒感冒,风热感冒,暑湿感冒,气虚感冒,阴虚感冒
中医内科,感冒暑湿伤表证的代表方宜首选,C,荆防败毒散,银翘散,新加香薷饮,参苏饮,加减葳蕤汤
中医内科,感冒风热犯表证的代表方宜首选,B,荆防败毒散,银翘散,新加香薷饮,参苏饮,加减葳蕤汤
中医内科,感冒风寒束表证的代表方宜首选,A,荆防败毒散,银翘散,新加香薷饮,参苏饮,加减葳蕤汤
中医内科,咳嗽气粗，或喉中有痰声，痰多质黏腻或黄稠，咯吐不爽，舌质红，舌苔黄腻，脉滑数。辨证为,C,咳嗽之肺阴亏耗证,咳嗽之风燥伤肺证,咳嗽之痰热郁肺证,咳嗽之痰湿蕴肺证,咳嗽之肝火犯肺证
中医内科,治疗咳嗽痰热郁肺证的最佳方剂是,D,桑菊饮,桑白皮汤,清肺饮,清金化痰汤,泻白散
中医内科,咽痒咳嗽声重，气急，咳痰稀薄色白，伴恶寒，鼻塞，流清涕，肢体酸楚，舌苔薄白，脉紧，属咳嗽之何证,A,风寒咳嗽,风热咳嗽,燥热咳嗽,凉燥咳嗽,肝火犯肺
中医内科,治疗咳嗽常须佐以化痰药物，下列哪味药物不宜用于热痰证候,C,全瓜蒌,川贝母,白芥子,竹茹,天竺黄
中医内科,外感咳嗽以下列何邪为先导而夹它邪,A,风邪,寒邪,热邪,燥邪,湿邪
中医内科,外感咳嗽与内伤咳嗽的鉴别，下列哪项无意义,C,病程的长短,起病的缓急,咳嗽的多少,疾病的新久,以上均非
中医内科,下列除哪项外，均为肺阴亏耗型咳嗽的主症,D,干咳，咳声短促,痰少黏白,口干咽燥,食少脘痞,脉象细数
中医内科,外感咳嗽治疗原则是,A,祛邪利肺,疏风散寒,调和营卫,解表发汗,祛风化痰
中医内科,治疗痰热郁肺咳嗽的主方是,D,桑菊饮,麻杏石甘汤,泻白散,清金化痰汤,清肺汤
中医内科,咳嗽肺阴亏耗证与肺痨肺阴亏损证的鉴别点在于有无,D,干咳,咳血,潮热,胸部隐隐闷痛,痰少而黏
中医内科,痰湿蕴肺型咳嗽的主症特点为,D,咳声气促、痰多质黏,咳声重浊、痰黄量少,咳嗽频剧、痰少而黏,咳声重浊、痰多胸闷,咳嗽气促、痰黄稠厚
中医内科,咳嗽初起，忌用,D,黄芩、冬花,沙参、麦冬,双花、连翘,诃子、五味子,半夏、陈皮
中医内科,治疗咳嗽凉燥证的最佳方剂是,A,杏苏散,桑杏汤,香苏散,清金化痰汤,桑菊饮
中医内科,患者干咳，连声作呛，咽喉干痛，唇鼻干燥，痰少而黏，口干，伴身热微寒，舌质红干而少津，苔薄黄，脉浮数。其证候是,B,风热犯肺,风燥伤肺,痰热郁肺,肝火犯肺,肺阴亏耗
中医内科,患者咳嗽频剧，咯痰不爽，痰黏稠而黄，咳声嘶哑，喉燥咽痛，身热恶风，头痛肢楚，鼻流黄涕，口渴，小便黄，苔薄黄，脉浮数。治法宜,C,疏风清肺，润肺止咳,疏风散寒，宣肺止咳,疏风清热，宣肺止咳,滋阴润肺，化痰止咳,清热肃肺，豁痰止咳
中医内科,患者干咳少痰质黏，常感痰滞咽喉而咯之难出，胸胁胀痛，症状可随情绪波动而增减，咽干口苦，舌红，苔薄黄，脉弦数，其辨证是,D,肺阴亏虚,风燥伤肺,风热犯肺,肝火犯肺,痰热郁肺
中医内科,治疗肝火犯肺型咳嗽的代表方剂是,D,二陈汤合三子养亲汤,清金化痰汤,桑杏汤,黛蛤散合加减泻白散,三拗汤合止嗽散
中医内科,治疗痰湿蕴肺型咳嗽的代表方剂是,A,二陈汤合三子养亲汤,清金化痰汤,桑杏汤,黛蛤散合加减泻白散,三拗汤合止嗽散
中医内科,三拗汤合止嗽散治疗咳嗽之何种证型,B,风热犯肺,风寒袭肺,风燥伤肺,痰热郁肺,肺阴亏耗
中医内科,桑菊饮治疗咳嗽之何种证型,A,风热犯肺,风寒袭肺,风燥伤肺,痰热郁肺,肺阴亏耗
中医内科,桑杏汤治疗咳嗽之何种证型,C,风热犯肺,风寒袭肺,风燥伤肺,痰热郁肺,肺阴亏耗
中医内科,沙参麦冬汤治疗咳嗽之何种证型,E,风热犯肺,风寒袭肺,风燥伤肺,痰热郁肺,肺阴亏耗
中医内科,咳嗽咳痰不爽，痰黄或稠黏，喉燥咽痛，常伴恶风身热，头痛肢楚，鼻流黄涕，口渴，舌苔薄黄，脉浮数。其治法是,B,疏风清热，润燥止咳,疏风清热，宣肺止咳,清肝泻肺，化痰止咳,清热肃肺，化痰止咳,滋阴润肺，化痰止咳
中医内科,喉痒干咳，无痰或痰少而黏连成丝，咳痰不爽，咽喉干痛，唇鼻干燥，口干，常伴鼻塞，头痛，微寒，身热，苔薄黄或薄白，脉浮。其治法是,A,疏风清热，润燥止咳,疏风清热，宣肺止咳,清肝泻肺，化痰止咳,清热肃肺，化痰止咳,滋阴润肺，化痰止咳
中医内科,咳嗽，气息粗促，或喉中有痰声，痰多质黏厚，或稠黄，咯吐不爽，或有热腥味，胸胁胀满，或有身热，口中欲饮，舌质红，苔薄黄腻，脉滑数。其治法是,D,疏风清热，润燥止咳,疏风清热，宣肺止咳,清肝泻肺，化痰止咳,清热肃肺，化痰止咳,滋阴润肺，化痰止咳
中医内科,哮病与喘证的鉴别要点是,D,咳嗽胸闷,呼吸不利,时作时止,喉中哮鸣有声,以上均不是
中医内科,冷哮咳痰特点,C,臭脓痰,痰稠黄胶黏,痰稀薄多沫咯吐不爽,痰如白沫量多,痰黄白相兼
中医内科,哮病缓解期表现为肺脾气虚证候者，宜选用,B,左归饮,六君子汤,六味地黄丸,麦门冬汤,大补阴丸
中医内科,寒哮久发易伤内脏，一般伤及,A,肺脾肾,肺肾,脾肾,肺脾,肺心
中医内科,哮病的宿根,C,寒,热,痰,气,火
中医内科,哮病的主症是,D,咳嗽胸痛痰黏,呼吸急促困难,咳吐浊唾涎沫,发作性痰鸣喘咳,咳嗽潮热盗汗
中医内科,哮病发作时的病理关键在于,A,痰阻气闭,肺失宣降,伏痰,肺气不清,肺气虚寒
中医内科,哮病大发作期的病理性质是,C,邪实,正虚,邪实正虚,寒热夹杂,表里同病
中医内科,患者喉中痰鸣如吼，气粗息涌，胸高胁胀，咳痰色黄，烦闷不安，汗出面赤，口渴喜饮，舌红苔黄腻，脉弦滑。其治法是,C,清热泻肺，豁痰开窍,宣肺化痰，止咳平喘,清热宣肺，化痰定喘,宣肺解表，止咳化痰,泻肺通腑，宣肺清热
中医内科,患者症见呼吸急促，喉中哮鸣有声，胸膈满闷如塞，面色晦青，形寒肢冷，苔白滑，脉弦紧者。选用下列何方,D,定喘汤,温胆汤,控涎丹,射干麻黄汤,葶苈大枣泻肺汤
中医内科,某男，56岁，哮病十载，发作半月，经治略平，但仍感胸闷气短，动则喘甚，吸气不利，腰酸乏力，不耐劳累。或烦热颧红，口干，舌红少苔，脉细数；或畏寒肢冷，面色苍白，苔淡白质胖，脉沉细。证属,C,痰浊阻肺证,下虚上实证,肺肾两虚证,心阳欲脱证,脾肾两虚证
中医内科,某男，60岁，咳喘胸满，但坐不得卧，喉间痰鸣如拽锯，咯痰黏腻难出，舌苔厚浊，脉象滑实。治疗方剂宜首选,C,小青龙汤,射干麻黄汤,三子养亲汤,定喘汤,以上都不是
中医内科,发作期之热哮病的治疗代表方是,B,桑菊饮,定喘汤,玉屏风散,射干麻黄汤,柴胡疏肝散
中医内科,发作期之冷哮病的治疗代表方是,D,桑菊饮,定喘汤,玉屏风散,射干麻黄汤,柴胡疏肝散
中医内科,喉中哮鸣有声，胸膈烦闷，呼吸急促，喘咳气逆，咯痰不爽，痰黏色黄，烦躁，发热，恶寒，无汗身痛，口干欲饮，大便偏干，舌边尖红，脉弦紧。证属,A,寒包热哮,风痰哮,肺脾气虚哮,肺肾两虚哮,虚哮
中医内科,气短声低，喉中时有轻度哮鸣，痰多质稀，色白，自汗，怕风，常易感冒，倦怠无力，食少便溏，舌质淡，苔白，脉细软。证属,C,寒包热哮,风痰哮,肺脾气虚哮,肺肾两虚哮,虚哮
中医内科,短气息促，动则为甚，吸气不利，咯痰质黏起沫，脑转耳鸣，腰酸腿软，心慌，不耐劳累。或烦热，颧红，口干，舌质红少苔，脉细数。证属,D,寒包热哮,风痰哮,肺脾气虚哮,肺肾两虚哮,虚哮
中医内科,热哮病的代表方宜选用,B,射干麻黄汤,定喘汤,小青龙汤加石膏汤,三子养亲汤,平喘固本汤
中医内科,寒包热哮病的代表方宜选用,C,射干麻黄汤,定喘汤,小青龙汤加石膏汤,三子养亲汤,平喘固本汤
中医内科,虚哮病的代表方宜选用,E,射干麻黄汤,定喘汤,小青龙汤加石膏汤,三子养亲汤,平喘固本汤
中医内科,五磨饮子适用于喘证之,C,上实下虚证,痰浊阻肺证,肺气郁痹证,表寒里热证,痰热郁肺证
中医内科,下列哪一项不是实喘的表现,B,呼吸深长,吸入为快,气粗声高,痰鸣咳嗽,脉数有力
中医内科,喘证的病变部位在,B,心、肺,肺、肾,心、肾,脾、肾,肺、脾
中医内科,喘脱危象，宜急服,C,回阳救急汤,苏子降气汤,参附汤送服黑锡丹,控涎丹,紫金丹
中医内科,下列哪项不是喘证的成因,B,外邪侵袭,肺气虚冷,饮食不当,劳欲久病,情志失调
中医内科,实喘的治疗原则是,B,化痰平喘,祛邪利气,降气平喘,降气化痰,以上都不是
中医内科,清热化痰，宣肺平喘用于喘证的哪一个证型,C,风寒袭肺,表寒里热,痰热郁肺,痰浊阻肺,肺气郁闭
中医内科,虚喘的治疗尤当重视,E,治肺,治脾,治心,治肝,治肾
中医内科,下列哪项不是实喘的表现,B,呼吸深长,吸入为快,气粗声高,痰鸣咳嗽,脉数有力
中医内科,喘证持续不已的病位在,A,心,肺,脾,肾,肝
中医内科,喘脱的病机为,E,心气欲竭，脾肾阳衰,心气欲竭，肺肾阳衰,肾气欲竭，心肺阳衰,肺气欲竭，肝肾阳衰,肺气欲竭，心肾阳衰
中医内科,患者，男，70岁。喘促气短，声低气怯，咳声低弱，咳痰稀白，自汗畏风，舌淡红苔薄白，脉弱无力。治疗应首选,B,三子养亲汤合二陈汤,生脉散合补肺汤,七味都气丸合生脉散,参蛤散合金匮肾气丸,苏子降气汤合二陈汤
中医内科,某男，28岁，喘逆上气，息粗鼻煽。咳而不爽，痰吐稠黏，形寒身热，身痛无汗，口渴，苔薄白或黄、质红，脉浮数。治疗方剂宜首选,C,麻黄汤,小青龙汤,麻杏石甘汤,桑白皮汤,三子养亲汤
中医内科,治疗肺脾气虚所致哮病，应首选,C,生脉散合补肺汤,金水六君煎,六君子汤,保真汤,麦门冬汤
中医内科,治疗肺气虚耗所致喘证，应首选,A,生脉散合补肺汤,金水六君煎,六君子汤,保真汤,麦门冬汤
中医内科,喘息咳逆，呼吸急促，胸部胀闷，痰多稀薄而带泡沫，色白质黏，常有头痛，恶寒，或有发热，口不渴，无汗，苔薄白而滑，脉浮紧。证属,A,风寒壅肺证,表寒肺热证,痰热郁肺证,痰浊阻肺证,肺气郁闭证
中医内科,喘而胸满闷塞，甚则胸盈仰息，咳嗽，痰多黏腻色白，咯吐不利，兼有呕恶食少，口黏不渴，舌苔白腻，脉象滑或濡。证属,D,风寒壅肺证,表寒肺热证,痰热郁肺证,痰浊阻肺证,肺气郁闭证
中医内科,每遇情志刺激而诱发，发时突然呼吸短促，息粗气憋，胸闷胸痛，咽中如窒，但喉中痰鸣不著，平素常多忧思抑郁，失眠，心悸，苔薄，脉弦。证属,E,风寒壅肺证,表寒肺热证,痰热郁肺证,痰浊阻肺证,肺气郁闭证
中医内科,喘证痰热郁肺证的治法宜选用,B,解表清里，化痰平喘,清热化痰，宣肺平喘,痰浊阻肺，宣肺平喘,扶阳固脱，镇摄肾气,补肾纳气
中医内科,喘证正虚喘脱证的治法宜选用,D,解表清里，化痰平喘,清热化痰，宣肺平喘,痰浊阻肺，宣肺平喘,扶阳固脱，镇摄肾气,补肾纳气
中医内科,喘证肾虚不纳证的治法宜选用,E,解表清里，化痰平喘,清热化痰，宣肺平喘,痰浊阻肺，宣肺平喘,扶阳固脱，镇摄肾气,补肾纳气
中医内科,喘证风寒壅肺证的代表方宜首选,A,麻黄汤,小青龙汤,麻杏石甘汤,桑白皮汤,七味都气丸
中医内科,喘证寒饮伏肺，复感外寒而引发者宜选用何方,B,麻黄汤,小青龙汤,麻杏石甘汤,桑白皮汤,七味都气丸
中医内科,喘证肾阴虚者，不宜辛燥，宜选用何方,E,麻黄汤,小青龙汤,麻杏石甘汤,桑白皮汤,七味都气丸
中医内科,肺痈的治疗原则是,B,清热解毒，活血通络,清热解毒、化瘀排脓,清热解毒，肃肺化痰,清热解毒，凉血止血,清热解毒，宣肺平喘
中医内科,肺痈成痈期的最佳治法是,B,清热解毒，凉血止血,清肺解毒，化瘀消痈,清热解毒，宣肺化痰,辛凉解表，清肺化痰,清热解毒，排脓消痈
中医内科,肺痈溃脓期的治法是,D,养阴清肺,清肺化痰,养阴补肺,排脓解毒,益气养阴
中医内科,加味桔梗汤治疗下列何证,A,肺痈溃脓期,肺痈成痈期,咳嗽痰热郁肺,实喘痰热郁肺,肺胀痰热郁肺
中医内科,肺痈的诊断，主要应掌握下列哪项,D,咳嗽,胸痛,发热口干,咳吐腥臭脓痰,脉滑数
中医内科,咳吐大量脓血痰，或如米粥，腥臭异常，有时咯血，胸中烦满而痛，证属,C,肺痈成痈期,初期,溃脓期,恢复期,以上都不是
中医内科,肺痈溃脓期的治疗主方是,E,银翘散,千金苇茎汤,如金解毒散,桔梗杏仁煎,以上都不是
中医内科,《千金》苇茎汤用于治疗下列哪个病最为适合,A,肺痈,肺痿,肺胀,肺消,肺痨
中医内科,肺痈恢复期的病机是,D,痰热与瘀血壅阻肺络，肉腐血败,热壅血瘀，蕴酿成痈,风热犯表，内郁于肺,邪去正虚，阴伤气耗,痰热阻肺，肺气上逆
中医内科,肺痈溃脓期若气虚不能托脓，可在辨证用药的基础上加入,B,党参,生黄芪,柴胡,升麻,薏苡仁
中医内科,肺痈成痈化脓的病理基础，主要在于,D,痰热壅盛,热伤血脉,血脉瘀滞,热壅血瘀,气滞血瘀
中医内科,肺痈患者，壮热面赤，咳嗽气急，咯痰腥臭，痰色黄绿，口渴。其治法是,D,清肺化痰活血,排脓解毒,养阴清肺解毒,清肺化瘀消痈,清热解毒化痰
中医内科,患者咳嗽，胸痛，发热，咯吐腥臭浊痰及脓血，应诊断为,D,肺痿,咳嗽,肺痨,肺痈,肺胀
中医内科,患者始恶寒发热，咳嗽，咳白色黏痰，痰量逐渐增多，胸痛，咳则尤甚，呼吸不利，口干鼻燥，苔薄黄，脉浮数。应诊断为,C,风热咳嗽,燥热咳嗽,初期肺痈,风热感冒,成痈期肺痈
中医内科,肺痈初期应选,B,千金苇茎汤合如金解毒散,银翘散,葶苈大枣泻肺汤,沙参麦冬汤或桔梗杏仁煎,加味桔梗汤
中医内科,肺痈成痈期应选,A,千金苇茎汤合如金解毒散,银翘散,葶苈大枣泻肺汤,沙参麦冬汤或桔梗杏仁煎,加味桔梗汤
中医内科,肺痈溃脓期应选,E,千金苇茎汤合如金解毒散,银翘散,葶苈大枣泻肺汤,沙参麦冬汤或桔梗杏仁煎,加味桔梗汤
中医内科,肺痈恢复期应选,D,千金苇茎汤合如金解毒散,银翘散,葶苈大枣泻肺汤,沙参麦冬汤或桔梗杏仁煎,加味桔梗汤
中医内科,肺痈成痈期，当用何治法,B,益气养阴，排脓解毒,清热解毒，化瘀消痈,益气养阴清热,疏风散热，清肺化痰,清热解毒，排脓消痈
中医内科,肺痈初期，当用何治法,D,益气养阴，排脓解毒,清热解毒，化瘀消痈,益气养阴清热,疏风散热，清肺化痰,清热解毒，排脓消痈
中医内科,治疗肺痨之虚火灼肺证，应首选的方剂是,E,保真汤,补天大造丸,参苓白术散,月华丸,百合固金汤合秦艽鳖甲散
中医内科,肺痨患者症见咳嗽无力，气短声低，自汗畏风，舌质转淡，其虚损性质是,E,阳虚,阴阳两虚,阴虚,气阴两虚,气虚
中医内科,肺痨之虚火灼肺证的证机概要是,E,阴伤及阳，精气虚竭，肺、脾、肾俱损,肺肾阴伤，燥热内灼，肺肾俱损,阴虚肺燥，肺失滋润，肺伤络损,阴伤气耗，肺脾两虚，肺气不清，脾虚不健,肺肾阴伤，水亏火旺，燥热内灼，络损血溢
中医内科,肺痨的外在致病因素是,B,燥邪,痨虫,痰浊,瘀血,水饮
中医内科,滋阴降火是哪一型肺痨的治法,B,肺阴亏虚,虚火灼肺,气阴耗伤,阴阳虚损,气血不足
中医内科,肺痨虚火灼肺，咳血较著者，在辨证方中宜加入,C,当归、三七,泽兰、红花,黑山栀、紫珠草,冬虫夏草、蛤蚧,木蝴蝶、诃子
中医内科,虚劳与肺痨的鉴别要点主要在于,D,有无咳血盗汗,有无肺虚见证,有无五脏虚损证候,有无传染性,有无干咳
中医内科,补天大造丸治疗肺痨的证型是,B,肺阴亏虚,阴阳两虚,虚火灼肺,气阴耗伤,肺肾两虚
中医内科,肺痨日久可以进一步影响其他脏腑，其中关系最密切的是,B,心肺,脾肾,心肝,肝肾,肝脾
中医内科,虚证肺痨之病理属性以何为主,A,阴虚,阳虚,气虚,血虚,阴虚火旺
中医内科,患者，男，27岁。有与肺痨病人接触史。干咳少痰，咳声短促，痰中带血，五心烦热，时有盗汗，形体消瘦，胸部闷痛隐隐，舌红少苔，脉细数。其诊断是,B,内伤咳嗽，肺阴亏耗,肺痨，肺阴亏损,哮证，肺虚,喘证，肺虚,虚劳，肺阴虚
中医内科,患者肺痨迁延9年余，咳嗽痰白质稀，声低气怯，午后潮红，面颧红赤，神疲，纳少，大便溏薄，自汗，盗汗，偶有痰中带血，面色少华，舌光，边有齿印，脉细弱。方选,D,百合固金汤加减,补天大造丸加减,月华丸加减,参苓白术散加减,秦艽鳖甲散加减
中医内科,某女，病起半年，晚间呛咳，痰少质黏，痰中带血，口干咽燥，心烦失眠，盗汗，大便干结，舌质干红，苔薄黄，脉细数。治法宜用,C,滋阴润肺,益气养阴,滋阴降火,健脾生血,润燥化痰
中医内科,咳嗽肺阴亏耗证的代表方首选,B,麦门冬汤,沙参麦冬汤,秦艽鳖甲散,百合固金汤,月华丸
中医内科,肺痨肺阴亏虚证的代表方首选,E,麦门冬汤,沙参麦冬汤,秦艽鳖甲散,百合固金汤,月华丸
中医内科,气阴耗伤型肺痨的治法是,C,滋阴止咳,滋阴降火,益气养阴,滋阴补阳,滋阴润肺
中医内科,肺阴亏虚型肺痨的治法是,E,滋阴止咳,滋阴降火,益气养阴,滋阴补阳,滋阴润肺
中医内科,治疗肺胀之痰浊壅肺证，应首选的方剂是,A,苏子降气汤合三子养亲汤,越婢加半夏汤,桑白皮汤,真武汤合五苓散,平喘固本汤合补肺汤
中医内科,下列各项，不属肺胀实证治疗原则的是,D,祛邪宣肺,降气化痰,温阳利水,益肾健脾,开窍息风
中医内科,肺胀的病理因素是,C,痰浊、水饮、外邪,痰浊、外邪、血瘀,痰浊、水饮、血瘀,痰浊、气滞、血瘀,痰浊、水饮、气滞
中医内科,肺胀最特征性的主症是,D,发作性痰鸣气喘,喘促气急,咳嗽咳痰,胸部膨满，憋闷如塞,胸胁饱满，咳睡引痛
中医内科,肺胀的病位在肺，继则影响到,B,心、脾，后期病及于肾,脾、肾，后期病及于心,肝、肾，后期病及于心,肝、脾，后期病及于心,心、肝，后期病及于肾
中医内科,肺胀之阳虚水泛证当选下列何法治疗,E,温肺散寒，降逆涤痰,清肺泄热，降逆平喘,涤痰祛瘀，泻肺平喘,补肺纳肾，降气平喘,温肾健脾，化饮利水
中医内科,小青龙汤治疗肺胀哪一型,A,外寒内饮,痰热郁肺,痰蒙神窍,肺肾气虚,阳虚水泛
中医内科,痰热郁肺证肺胀的治法是,C,宣肺化痰，止咳定喘,清热解毒，止咳化痰,清肺化痰，降逆平喘,辛凉解表，止咳化痰,养阴清肺，化痰降气
中医内科,下列除哪项外，均为痰热郁肺型肺胀的主症,D,咳逆喘息气粗,胸满烦躁，目胀睛突,痰黄或白，黏稠难咯,痰稀易咯出,舌苔黄腻，脉滑数
中医内科,肺胀的病理性质为本虚标实，下列哪项不属标实的内容,E,痰浊,水饮,瘀血,气滞,食滞
中医内科,肺胀后期容易波及的脏腑是,D,肝,肺,大肠,心,以上均非
中医内科,治疗痰热郁肺型肺胀的首选方剂是,B,清金化痰汤,越婢加半夏汤,小青龙加石膏汤,麻杏石甘汤,定喘汤
中医内科,患者肺胀病史20年，呼吸浅促难续，声低气怯，倚息不能平卧，胸闷如窒，心慌，咳痰不爽，脉沉数无力。治疗应首选,B,金匮肾气丸,平喘固本汤,真武汤,大补元煎,七味都气丸
中医内科,患者呼吸浅短难续，咳声低怯，胸满短气，倚息不能平卧，咳嗽，痰白如沫，咳吐不利，心悸，形寒汗出，面色晦暗，舌黯紫，脉沉细无力，当用何法治疗,D,温肺散寒，降逆涤痰,清肺泄热，降逆平喘,涤痰祛瘀，泻肺平喘,补肺纳肾，降气平喘,温阳化饮，宣肺平喘
中医内科,患者症见胸部膨满，憋闷如塞，短气喘息，稍劳即著，咳嗽痰多，色白黏腻，畏风易汗，脘痞纳少，倦怠乏力，舌暗，苔薄腻，脉小滑。属肺胀何种证型,B,痰热郁肺,痰浊壅肺,痰蒙神窍,肺肾气虚,阳虚水泛
中医内科,肺胀宜用真武汤合五苓散治疗的证候是,A,阳虚水泛证,痰蒙神窍证,痰浊壅肺证,肺肾气虚证,外寒内饮证
中医内科,肺胀宜用苏子降气汤合三子养亲汤治疗的证候是,C,阳虚水泛证,痰蒙神窍证,痰浊壅肺证,肺肾气虚证,外寒内饮证
中医内科,下列关于肺痿治疗的各项叙述中，错误的是,A,重视调理肝肾,以补肺生津为原则,不可妄投燥热，以免助火伤津,忌苦寒滋腻碍胃,慎用祛痰峻剂
中医内科,治疗肺痿虚寒证，应首选的方剂是,D,七味都气丸,麦门冬汤,麻黄升麻汤,甘草干姜汤,清燥救肺汤
中医内科,肺痿的特征性症状是,C,咳大量脓血痰,胸胁饱满，咳唾引痛,咳吐浊唾涎沫、气短,胸部膨满，憋闷如塞,咳嗽、咳血、潮热、盗汗
中医内科,不属于肺痿虚热证的症状是,D,气急喘促,午后潮热,皮毛干燥,舌质淡,舌红而干
中医内科,肺痿上热下寒证的治疗方剂是,B,清金化痰汤,麻黄升麻汤,小青龙汤,泻白散,麦门冬汤
中医内科,肺痿的治疗原则是,C,疏风解表,温肺化饮,补肺生津,纳气定喘,止咳化痰
中医内科,肺痿的病位在肺，与（,B,脾、心、肾,脾、胃、肾,脾、肝、肾,脾、肾,脾、胃
中医内科,治疗肺痿之肾虚血瘀证，应首选的方剂是,D,麻黄升麻汤,甘草干姜汤,清燥救肺汤,七味都气丸合柴胡疏肝散,麦门冬汤
中医内科,王某，男性，75岁。反复咳喘30年多。现症：咳吐涎沫，其质清稀量多，不渴，短气不足以息，头眩，神疲乏力，食少，形寒，小便数，舌质淡，脉虚弱。其治疗应首选（,B,麻黄升麻汤,生姜甘草汤,清燥救肺汤,七味都气丸,麦门冬汤
中医内科,肺痿虚寒证的特点是,E,咳吐涎沫，咽干，下利泄泻，形寒肢凉,咳吐涎沫，短气，呼多吸少，动辄尤甚,咳吐黏稠涎沫，口渴咽燥，午后潮热，皮毛干枯,咳吐涎沫，神疲体弱，气短懒言，唇面青紫,咳吐清稀涎沫，形寒，小便频数或遗尿
中医内科,肺痿虚热证的特点是,C,咳吐涎沫，咽干，下利泄泻，形寒肢凉,咳吐涎沫，短气，呼多吸少，动辄尤甚,咳吐黏稠涎沫，口渴咽燥，午后潮热，皮毛干枯,咳吐涎沫，神疲体弱，气短懒言，唇面青紫,咳吐清稀涎沫，形寒，小便频数或遗尿
中医内科,肺痿虚热证，出现虚烦呕逆者，应加用,A,竹茹、竹叶,天花粉、川贝母,沙参、玉竹,地黄、当归,银柴胡、地骨皮
中医内科,肺痿虚热证，出现津伤甚者，应加用,C,竹茹、竹叶,天花粉、川贝母,沙参、玉竹,地黄、当归,银柴胡、地骨皮
中医内科,治疗心悸瘀阻心脉证，应首选的方剂是,E,桂枝甘草龙骨牡蛎汤合参附汤,黄连温胆汤合炙甘草汤,通窍活血汤合甘麦大枣汤,半夏泻心汤合当归活血饮,桃仁红花煎合桂枝甘草龙骨牡蛎汤
中医内科,下列选项中，不属于心悸诊断依据的是,A,伴有上下冲逆，发自少腹,劳倦、饱食等因素可诱发,自觉心中悸动不安，心搏异常,呈阵发性或持续不解,伴有胸闷不舒，易激动
中医内科,心悸的辨证，应首辨的要点是,C,脉象变化,外感内伤,虚实,寒热,表里
中医内科,下列选项中，不属心悸病理因素的是,A,寒凝,水饮,气滞,痰浊,血瘀
中医内科,下列选项中，属于心悸病因的是,D,先天遗传,久病入络,跌仆损伤,感受外邪,疫毒侵袭
中医内科,治疗心悸心血不足证，应首选,D,天王补心丹,安神定志丸,桂枝甘草龙骨牡蛎汤,归脾汤,朱砂安神丸
中医内科,下列何项不是惊悸与怔忡的鉴别要点,E,致病多由外因或内因引起,诱因常与惊恐、恼怒或劳累有关,全身情况较好或较差,病性属实或属虚,病位在肝或在心
中医内科,下列除哪项外，均是心悸的病机,B,心神不宁,胃失和降,心失所养,阴阳亏虚,邪扰心神
中医内科,心悸心血不足证的治法为,B,镇惊定志，养心安神,补血养心，益气安神,滋阴清火，养心安神,温补心阳，安神定悸,振奋心阳，宁心安神
中医内科,心悸心虚胆怯证的代表方是,A,安神定志丸,归脾汤,天王补心丹合朱砂安神丸,桂枝甘草龙骨牡蛎汤合参附汤,黄连温胆汤
中医内科,心悸心虚胆怯证的治法为,A,镇惊定志，养心安神,补血养心，益气安神,滋阴清火，养心安神,温补心阳，安神定悸,振奋心阳，宁心安神
中医内科,患者心悸气短，头晕目眩，失眠健忘，面色无华，倦怠乏力，纳呆食少，舌淡红，脉细弱。证机概要为,B,气血亏损，心虚胆怯，心神失养，神摇不安,心血亏耗，心失所养，心神不宁,肝肾阴虚，水不济火，心火内动，扰动心神,心阳虚衰，无以温养心神,脾肾阳虚，水饮内停，上凌于心，扰乱心神
中医内科,患者心悸不宁，善惊易恐，坐卧不安，不寐多梦而易惊醒，恶闻声响，食少纳呆，苔薄白，脉细略数或细弦。证机概要为,A,气血亏损，心虚胆怯，心神失养,心血亏耗，心失所养，心神不宁,肝肾阴虚，水不济火，心火内动,心阳虚衰，无以温养心神,脾肾阳虚，水饮内停，上凌于心
中医内科,患者心悸易惊，心烦失眠，五心烦热，口干，盗汗，思虑劳心则症状加重，伴耳呜腰酸，头晕目眩，急躁易怒，舌红少津，苔少或无，脉象细数。证机概要为,C,气血亏损，心虚胆怯，心神失养，神摇不安,心血亏耗，心失所养，心神不宁,肝肾阴虚，水不济火，心火内动，扰动心神,心阳虚衰，无以温养心神,脾肾阳虚，水饮内停，上凌于心，扰乱心神
中医内科,心悸心阳不振证的代表方宜首选,B,天王补心丹合朱砂安神丸,桂枝甘草龙骨牡蛎汤合参附汤,真武汤,黄连温胆汤,苓桂术甘汤
中医内科,心悸水饮凌心证的代表方宜首选,E,天王补心丹合朱砂安神丸,桂枝甘草龙骨牡蛎汤合参附汤,真武汤,黄连温胆汤,苓桂术甘汤
中医内科,心悸阴虚火旺证的代表方宜首选,C,安神定志丸,黄连温胆汤,天王补心丹合朱砂安神丸,桂枝甘草龙骨牡蛎汤合参附汤,归脾汤
中医内科,心悸心血不足证的代表方宜首选,E,安神定志丸,黄连温胆汤,天王补心丹合朱砂安神丸,桂枝甘草龙骨牡蛎汤合参附汤,归脾汤
中医内科,下列选项中，属于胸痹主症的是,C,胸胁胀痛，持续不解，多伴有咳唾,心下有气攻冲作痛,胸部闷痛甚则胸痛彻背，休息或用药后可缓解,自觉心中悸动不安，心搏异常,咳嗽，胸痛，脓血痰
中医内科,胸痹的辨证，应首辨的要点是,D,脉象变化,外感内伤,标本虚实,病情轻重,寒热虚实
中医内科,胸痹的辨证，应首辨的要点是,D,脉象变化,外感内伤,标本虚实,病情轻重,寒热虚实
中医内科,治疗胸痹心血瘀阻证，若伴气虚自汗者，可选用的方剂为,D,生脉散合失笑散,补中益气汤合当归活血饮,四君子汤合复方丹参滴丸,人参养营汤合桃红四物汤,补中益气汤合失笑散
中医内科,下列选项中，属于胸痹主症的是,C,胸胁胀痛，持续不解，多伴有咳唾,心下有气攻冲作痛,胸部闷痛甚则胸痛彻背，休息或用药后可缓解,自觉心中悸动不安，心搏异常,咳嗽，胸痛，脓血痰
中医内科,胸痹的辨证，应首辨的要点是,D,脉象变化,外感内伤,标本虚实,病情轻重,寒热虚实
中医内科,胸痹的主要病机为,E,气滞血瘀,寒凝气滞,痰瘀交阻,阳气虚衰,心脉痹阻
中医内科,胸痹总属本虚标实，下列哪项除外都为常见标实,E,气滞,痰浊,血瘀,阴寒,火邪
中医内科,胸痹心痛的病位在,D,肾,肝,脾,心,肺
中医内科,胸痹心痛发作时，疼痛可以放射到,B,右胸,肩背,左胁下,右胁下,背正中
中医内科,患者胸闷气短，甚则胸痛彻背，心悸汗出，腰酸乏力，畏寒肢冷，唇甲淡白，舌淡白，脉沉微欲绝。治疗应首选,A,参附汤合右归饮,人参养营汤合左归饮,炙甘草汤合生脉散,苓桂术甘汤合左归丸,苏合香丸合左归饮
中医内科,患者，女性，60岁，有冠心病病史半年，昨日与邻居发生口角后即感觉心痛阵作，痛无定处，脘腹胀闷，嗳气较舒，苔白，脉细弦。治疗主方选,A,柴胡疏肝散,丹栀逍遥散,当归四逆散,甘麦大枣汤,栝蒌薤白半夏汤
中医内科,患者心胸疼痛剧烈，如刺如绞，痛有定处，伴有胸闷，日久不愈，可因暴怒而加重，舌质紫暗，脉弦涩。证属,D,痰浊痹阻,寒凝心脉,气滞心胸,心血瘀阻,心阳不振
中医内科,患者胸痛剧烈，心痛彻背，背痛彻心，痛无休止，身寒肢冷，气短喘息，脉沉紧。治宜选用,A,乌头赤石脂丸,血府逐瘀汤,冠心苏合丸,瓜萎薤白半夏汤,天王补心丹
中医内科,胸痹气阴两虚证，其临床特点是,B,胸部刺痛，入夜尤甚,胸闷隐痛，时作时止,胸闷如窒，气短喘促,胸闷气短，畏寒肢冷,胸痛彻背，感寒痛甚
中医内科,胸痹阴寒凝滞证，其临床特点是,E,胸部刺痛，入夜尤甚,胸闷隐痛，时作时止,胸闷如窒，气短喘促,胸闷气短，畏寒肢冷,胸痛彻背，感寒痛甚
中医内科,真心痛正虚阳脱证的治法为,A,回阳救逆，益气固脱,益气活血，通脉止痛,温补心阳，散寒通脉,通阳散结，豁痰宣痹,活血化瘀，通脉止痛
中医内科,真心痛寒凝心脉的主治方剂,D,保元汤,血府逐瘀汤,四逆散,当归四逆汤,当归补血汤
中医内科,真心痛的症状特点是,C,自觉心中悸动,胸部膨满,剧烈持久的胸骨后疼痛,两胁胀痛,心下痞满
中医内科,关于真心痛气虚血瘀证临床表现，错误的是,E,心胸刺痛,动则加重,短气乏力,舌质暗淡,脉微欲绝
中医内科,真心痛其本在,A,肾,心,脾,肺,肝
中医内科,孙某，女，50岁。有胸闷病史3年，近日来心胸刺痛，胸部闷窒，动则加重，短气乏力，舌体胖大，边有齿痕，舌质暗淡，舌苔薄白，脉弦细无力。其治疗应首选的方剂是,E,天王补心丹合炙甘草汤,生脉散合人参养荣汤,枳实薤白桂枝汤合当归四逆汤,桂枝甘草龙骨牡蛎汤合参附汤,保元汤合血府逐瘀汤
中医内科,张某，男，65岁，有冠心病史6年。今日突然心胸绞痛，胸中有窒息感，心慌，面色苍白，大汗淋漓，四肢厥冷，舌淡少苔，脉疾数无力。此证的治法是,C,温补心阳，散寒通脉,益气活血，通脉止痛,回阳救逆，益气固脱,滋阴清火，养心和络,益气养阴，活血通脉
中医内科,真心痛发作期治疗原则为,D,疏理气机，活血化瘀,辛温通阳，泄浊豁痰,镇心安神，益气养阴,急则治标，速效止痛,补气活血，温阳通脉
中医内科,真心痛缓解期治疗原则为,E,疏理气机，活血化瘀,辛温通阳，泄浊豁痰,镇心安神，益气养阴,急则治标，速效止痛,补气活血，温阳通脉
中医内科,治疗不寐痰热扰心证，首选的方剂是,B,羚角钩藤汤,黄连温胆汤,涤痰汤,礞石滚痰丸,半夏白术天麻汤
中医内科,不寐的治疗原则为,E,先治其标，后治其本,补虚扶正，充髓养脑,益气养血，补益肝肾,清热化痰，安神定志,补虚泻实，调整阴阳
中医内科,不寐的辨证，应首辨的要点是,D,寒热,久暂,病位,虚实,标本
中医内科,不寐的病机总属,E,邪扰心神，心神不宁,气血阴阳亏虚，心失所养,阴虚火旺，心肾不交,脾虚不运，心神失养,阳盛阴衰，阴阳失交
中医内科,不寐之心肾不交证的主治方剂是,D,归脾汤,龙胆泻肝汤,黄连温胆汤,六味地黄丸合交泰丸,安神定志丸合酸枣仁汤
中医内科,不寐的病位主要在,A,心,脑,肝,脾,肾
中医内科,失眠患者心烦、心悸、梦遗失精者，加用肉桂的目的是,E,温补肾阳,健脾和胃,温经散寒,温通心阳,引火归原
中医内科,将朱砂安神丸改汤剂治疗失眠时朱砂宜,D,先下,后下,同煎,冲服,减去
中医内科,不寐之心脾两虚证的主治方剂是,A,归脾汤,龙胆泻肝汤,黄连温胆汤,六味地黄丸合交泰丸,安神定志丸合酸枣仁汤
中医内科,患者不寐多梦，甚则彻夜不眠，急躁易怒，伴头晕头胀，目赤耳鸣，口干而苦，不思饮食，便秘溲赤，舌红苔黄，脉弦而数。其治法是,C,清化痰热，和中安神,补益心脾，养血安神,疏肝泻火，镇心安神,清肝利胆，安神定志,清心凉肝，镇惊宁神
中医内科,患者心烦不寐，胸闷脘痞，泛恶嗳气，伴口苦，头重，目眩，舌偏红，苔黄腻，脉滑数。其治法是,D,清心宁神，养阴除烦,养阴生津，除烦宁神,清火除烦，宁心安神,清化痰热，和中安神,滋阴宁心，镇惊安神
中医内科,患者胸闷，心烦不寐，泛恶嗳气，头重目眩，口苦，舌红苔黄腻，脉滑数。证属,D,阴虚火旺,心火炽盛,肝郁化火,痰热扰心,心胆气虚
中医内科,睡眠深度不够常表现为,E,入睡困难,醒后不能再睡,彻夜不寐,醒后不能消除疲劳,睡眠多梦
中医内科,最严重的睡眠时间不足为,C,入睡困难,醒后不能再睡,彻夜不寐,醒后不能消除疲劳,睡眠多梦
中医内科,阳明头痛，可选用的引经药是,C,羌活、蔓荆子,羌活、川芎,葛根、白芷,柴胡、川芎,吴茱萸、藁本
中医内科,头痛患者，疼痛日久，其痛如锥刺，固定不移，舌质紫，脉细涩。其证候是,E,肝阳,痰浊,血虚,肾虚,瘀血
中医内科,半夏白术天麻汤主要用于,A,痰浊头痛,血虚头痛,肝阳头痛,肾虚头痛,瘀血头痛
中医内科,下列哪项不是内伤头痛的特征,C,起病缓慢,疼痛较轻,痛无休止,痛势悠悠,遇劳加重
中医内科,下列哪项不是外感头痛的特征,E,灼痛,掣痛,重痛,胀痛,空痛
中医内科,前额部及眉棱骨等处的头痛多为,C,太阳头痛,厥阴头痛,阳明头痛,少阳头痛,太阴头痛
中医内科,外感头痛的致病因素以为主,A,风邪,寒邪,湿邪,热邪,燥邪
中医内科,患者，头痛以前额为甚，面红，牙痛，便干，舌红苔黄，脉弦。病位在,C,少阳经,太阳经,阳明经,少阴经,厥阴经
中医内科,患者头痛如裹，肢体困重，胸闷纳呆，大便溏薄，苔白腻，脉濡。治疗方剂首选,C,芎芷石膏汤,通窍活血汤,羌活胜湿汤,川芎茶调散,大补元煎
中医内科,患者头痛而胀，甚则头胀如裂，恶风发热，面红目赤，口渴喜饮，大便不畅，溲赤，舌尖红，苔薄黄，脉浮数。证属,B,风寒头痛,风热头痛,风湿头痛,肝阳头痛,瘀血头痛
中医内科,痰浊头痛的特征为,B,头昏胀痛,头痛昏蒙,头痛如裹,头痛且空,头痛而晕
中医内科,肾虚头痛的特征为,D,头昏胀痛,头痛昏蒙,头痛如裹,头痛且空,头痛而晕
中医内科,血虚头痛的特征为,E,头昏胀痛,头痛昏蒙,头痛如裹,头痛且空,头痛而晕
中医内科,风湿头痛的代表方宜首选,C,通窍活血汤,川芎茶调散,羌活胜湿汤,加味四物汤,大补元煎
中医内科,肾虚头痛的代表方宜首选,E,通窍活血汤,川芎茶调散,羌活胜湿汤,加味四物汤,大补元煎
中医内科,瘀血头痛的代表方宜首选,A,通窍活血汤,川芎茶调散,羌活胜湿汤,加味四物汤,大补元煎
中医内科,眩晕的治疗原则是,A,补虚泻实，调整阴阳,滋养肝肾，补气行血,清肝泻火，降逆化痰,平肝潜阳，养心安神,以上均不是
中医内科,下列哪项不是眩晕肝阳上亢证的主症,E,头痛,面赤,烦躁,口苦,呕吐
中医内科,治疗痰湿中阻之眩晕的主方应选,B,二陈汤,半夏白术天麻汤,天麻钩藤饮,异功散,参苓白术散
中医内科,眩晕的特点是,D,坐立不安,头重如蒙,头痛头胀,头晕眼花,恶心呕吐
中医内科,眩晕常见的病理因素有,E,风痰,风火痰,气火痰,风火痰气,风火痰瘀
中医内科,患者眩晕日久不愈，精神萎靡，腰酸膝软，少寐多梦，健忘，两目干涩，视力减退，或遗精，滑泄，耳鸣，齿摇，或颧红咽干，五心烦热，舌红少苔，脉细数。治疗应以下列何方为主,A,左归丸,右归丸,六味地黄丸,知柏地黄丸,黄连阿胶汤
中医内科,患者眩晕，头重昏蒙，或伴视物旋转，胸闷恶心，呕吐痰涎，食少多寐，舌苔白腻，脉濡滑。治宜选用,E,天麻钩藤饮,黄连温胆汤,藿香正气散,半夏厚朴汤,半夏白术天麻汤
中医内科,患者突发眩晕，耳鸣，头目胀痛，口苦，失眠多梦，遇烦劳、郁怒而加重，甚则仆倒，颜面潮红，急躁易怒，肢麻震颤，舌红苔黄，脉弦或数。证属,D,肝肾亏虚,痰火上扰,痰瘀阻窍,肝阳上亢,气血亏虚
中医内科,眩晕头痛，兼见健忘，失眠，心悸，精神不振，耳鸣耳聋，面唇紫暗，舌暗有瘀斑，脉涩或细涩。证属,E,肝阳上亢证,气血亏虚证,痰湿中阻证,肾精不足证,瘀血阻窍证
中医内科,眩晕动则加剧，劳累即发，面色,B,肝阳上亢证,气血亏虚证,痰湿中阻证,肾精不足证,瘀血阻窍证
中医内科,眩晕，耳鸣，头目胀痛，口苦，失眠多梦，遇烦劳郁怒而加重，甚则仆倒，颜面潮红，急躁易怒，肢麻震颤，舌红苔黄，脉弦或数。证属,A,肝阳上亢证,气血亏虚证,痰湿中阻证,肾精不足证,瘀血阻窍证
中医内科,眩晕肝阳上亢证的代表方宜首选,A,天麻钩藤饮,归脾汤,左归丸,半夏白术天麻汤,通窍活血汤
中医内科,眩晕痰湿中阻证的代表方宜首选,D,天麻钩藤饮,归脾汤,左归丸,半夏白术天麻汤,通窍活血汤
中医内科,眩晕肾精不足证的代表方宜首选,C,天麻钩藤饮,归脾汤,左归丸,半夏白术天麻汤,通窍活血汤
中医内科,治疗中风中经络风阳上扰证，首选的方剂是,D,解语丹,地黄饮子,羚角钩藤汤,天麻钩藤饮,镇肝息风汤
中医内科,下列各项，属于中风与痉证鉴别要点的是,E,发作时有无四肢厥冷,发作时有无口吐白沫,发作时有无神志昏迷,发作时有无四肢抽搐,神昏与抽搐出现的前后
中医内科,下列各项，属于中风先兆症状的是,B,头痛、恶心呕吐、眼球震颤,头晕、头痛、一侧肢体麻木,鼻痒、喷嚏、胸闷,高热、寒战,眩晕、胸闷
中医内科,中风的病理因素是,E,痰、气、火、瘀,风、痰、湿、瘀,风、火、气、瘀,火、湿、痰、瘀,风、火、痰、瘀
中医内科,中风的基本病机是,D,痰火上逆，扰动清窍,外邪阻滞经络，脑窍失养,阴阳失调，神机逆乱,阴阳失调，气血逆乱，上犯于脑,脑髓空虚，清窍失养
中医内科,下列哪项不是中风的主症,D,猝然昏仆,半身不遂,口眼歪斜,四肢抽搐,语言不利
中医内科,中风的病理因素为,D,风痰气,风痰瘀,痰火瘀,风火痰瘀,风火痰
中医内科,补阳还五汤适用于中风何证型,C,气血亏虚,肝肾阴虚,气虚络瘀,风痰阻络,肾虚精亏
中医内科,中风与厥证的区别是有无,E,神昏,肢厥,口吐涎沫,牙关紧闭,后遗症
中医内科,中风的好发年龄是,B,30岁以上,40岁以上,50岁以上,60岁以上,70岁以上
中医内科,中风阳闭和阴闭的区别在于有无,B,痰浊,火热,血瘀,气滞,肝风
中医内科,下列哪项不是中风中经络的主症,A,卒然昏仆,半身不遂,口眼歪斜,语言不利,手足拘挛
中医内科,中风中脏腑脱证的治法是,E,养血祛风通络,平肝潜阳，活血通络,熄风清火，豁痰开窍,化痰熄风，宣郁开窍,回阳救阴，益气固脱
中医内科,中风中脏腑痰火瘀闭的治法是,C,养血祛风通络,平肝潜阳，活血通络,熄风清火，豁痰开窍,化痰熄风，宣郁开窍,回阳救阴，益气固脱
中医内科,中经络风阳上扰证的治法是,B,养血祛风通络,平肝潜阳，活血通络,熄风清火，豁痰开窍,化痰熄风，宣郁开窍,回阳救阴，益气固脱
中医内科,下列哪项不是癫狂证的主症,D,语无伦次,躁妄打骂,喜怒无常,流涎抽搐,神志痴呆
中医内科,狂证的病机是,D,痰气郁结，蒙蔽神机,心脾气结，郁而生痰,气郁化火，炼液为痰,痰火上扰，神明失主,气郁化火，上扰心神
中医内科,狂证痰火扰神证治疗方剂宜选,B,滚痰丸,生铁落饮,清气化痰丸,顺气导痰汤,温胆汤
中医内科,二阴煎用于,D,癫证痰气郁结证,癫证心脾两虚证,狂证痰火扰神证,狂证火盛阴伤证,狂证痰热瘀结证
中医内科,癫狂的病理因素以何者为先,B,痰凝,气郁,火郁,血瘀,痰气郁结
中医内科,癫狂的病位最主要是在,A,心,肺,脾,胆,肾
中医内科,下列哪项不是狂证的特征,D,精神亢奋,狂躁不安,喧扰不宁,语无伦次,动而多怒
中医内科,患者精神抑郁，表情淡漠，神志痴呆，语无伦次，不思饮食，舌苔腻，脉弦滑。其证候是,B,肝气郁结,痰气郁结,痰火上扰,风痰闭阻,痰浊壅塞
中医内科,患者喧扰不宁，躁妄打骂，动而多怒。其诊断是,B,癫证,狂证,痛证,痉证,中风
中医内科,患者沉默痴呆，语无伦次，静而多喜。其诊断是,A,癫证,狂证,痛证,痉证,中风
中医内科,精神抑郁，表情淡漠，沉默痴呆，时时太息，言语无序，或喃喃自语，多疑多虑，喜怒无常，秽洁不分，不思饮食，舌红苔腻而白，脉弦滑,A,癫证痰气郁结证,癫证心脾两虚证,狂证痰火扰神证,狂证痰热瘀结证,狂证火盛阴伤证
中医内科,素有性情急躁，头痛失眠，两目怒视，面红目赤，不避亲疏，逾垣上屋，或毁物伤人，气力逾常，不食不眠。舌质红绛，苔多黄腻或黄燥而垢，脉弦大滑数,C,癫证痰气郁结证,癫证心脾两虚证,狂证痰火扰神证,狂证痰热瘀结证,狂证火盛阴伤证
中医内科,癫狂久延，时作时止，有疲惫之象，形瘦，面红而秽，口于便难，舌尖红无苔，有剥裂，脉细数,E,癫证痰气郁结证,癫证心脾两虚证,狂证痰火扰神证,狂证痰热瘀结证,狂证火盛阴伤证
中医内科,狂证痰火扰神证的代表方是,A,生铁落饮,癫狂梦醒汤,顺气导痰汤,二阴煎合琥珀养心丹,天王补心丹
中医内科,狂证痰热瘀结证的代表方是,B,生铁落饮,癫狂梦醒汤,顺气导痰汤,二阴煎合琥珀养心丹,天王补心丹
中医内科,狂证火盛阴伤证的代表方是,D,生铁落饮,癫狂梦醒汤,顺气导痰汤,二阴煎合琥珀养心丹,天王补心丹
中医内科,风痰闭阻之痫证的治法是,A,涤痰息风，开窍定痫,清肝泻火，化痰开窍,涤痰开窍，化瘀通络,息风开窍，化痰定志,化痰通络，镇心安神
中医内科,痫病瘀阻脑络证的治法为,C,理气化痰，活血化瘀,行气解郁，化瘀通络,活血化瘀，熄风通络,活血化瘀，开窍醒神,理气化痰，醒脑通窍
中医内科,痫病心肾亏虚证的代表方为天王补心丹合,A,左归丸,右归丸,八珍汤,左归饮,右归饮
中医内科,痫病风痰闭阻证的代表方为,D,天麻钩藤饮,滚痰丸,顺气导痰汤,定痫丸,二陈汤
中医内科,痫病发病中以何邪最为重要,C,火邪,湿邪,痰邪,热邪,寒邪
中医内科,患者突然跌倒，神志不清，口吐涎沫，两目上视，四肢抽搐，口中如作猪羊叫声，移时苏醒，舌苔白腻，脉弦滑。治疗应首选,A,定痫丸,导痰汤,二阴煎,涤痰汤,控涎丹
中医内科,患者，男，50岁。昏仆抽搐吐涎，两目上视，口中如作猪羊叫，平时隋绪急躁，心烦失眠，咯痰不爽，口苦而干，舌红苔黄腻，脉弦滑数。治疗应首选,D,知柏地黄丸合定痫丸,天王补心丹合定痫丸,顺气导痰汤合二阴煎,龙胆泻肝汤合涤痰汤,滋水清肝饮合定痫丸
中医内科,刘某，女，34岁。有痫证病史16年。近1年来，痫证发作日益频繁，自觉发作后神疲乏力，平素头晕目眩，心悸，失眠多梦，纳呆，大便溏薄，舌苔腻，脉细弱无力。治法当为,A,补益气血，健脾宁心,补益心肾，健脾化痰,健脾补肾，健脑宁神,平肝健脾，补肾宁神,平肝熄风，健脾补肾
中医内科,突然昏仆，并伴有口眼斜偏瘫等症，神昏时间较长，苏醒后有偏瘫口眼斜及失语等后遗症。此为,E,痫证,眩晕,厥证,昏迷,中风
中医内科,头晕目眩，视物旋转不定，甚则不能站立，耳鸣，但无神志异常的表现。此为,B,痫证,眩晕,厥证,昏迷,中风
中医内科,突然昏仆，不省人事，但发作时间短暂，且发作时常伴有号叫抽搐口吐涎沫两目上视小便失禁等。常反复发作，每次症状均相类似，苏醒缓解后可如常人。此为,A,痫证,眩晕,厥证,昏迷,中风
中医内科,痫病频发，神思恍惚，心悸，健忘失眠，头晕目眩，两目干涩，面色晦暗，耳轮焦枯，腰膝酸软，大便干燥，舌质淡红，脉沉细而数,E,风痰闭阻证,痰火扰神证,瘀阻脑络证,心脾两虚证,心肾亏虚证
中医内科,发病前常有眩晕头昏胸闷乏力痰多，见突然跌倒，神志不清，抽搐吐涎，或伴尖叫与二便失禁，舌质红，苔白腻，脉多弦滑有力,A,风痰闭阻证,痰火扰神证,瘀阻脑络证,心脾两虚证,心肾亏虚证
中医内科,发作时昏仆抽搐，吐涎或有吼叫，心烦失眠，咯痰不爽，口苦咽干，便秘溲黄，彻夜难眠，目赤，舌红苔黄腻，脉弦滑而数,B,风痰闭阻证,痰火扰神证,瘀阻脑络证,心脾两虚证,心肾亏虚证
中医内科,突然仆倒，昏迷时间长，醒后常有半身不遂,B,痫病,中风,厥证,痉证,痿证
中医内科,突然仆倒，两目上视，四肢抽搐，口吐涎沫,A,痫病,中风,厥证,痉证,痿证
中医内科,突然仆倒，身体强直，角弓反张,D,痫病,中风,厥证,痉证,痿证
中医内科,痴呆痰浊蒙窍证，若风痰瘀阻，应选用的方剂是,D,二陈汤,黄连温胆汤,半夏厚朴汤,半夏白术天麻汤,天麻钩藤饮
中医内科,痴呆的辨证中，应首辨的要点是,D,外感内伤,病情轻重,标本虚实,先天与后天,病变脏腑
中医内科,下列选项中，不属于痴呆诊断依据的是,B,无理由地欣快，易于激动或暴怒,精神错乱，语无伦次，静而多喜,记忆力减退，理解力下降,性情孤僻，表情淡漠，语言重复,抽象思维能力下降
中医内科,脾肾两虚型痴呆的治法是,E,补肾益髓，填精养神,健脾化浊，豁痰开窍,活血化瘀，开窍醒脑,益气养血，清心宣窍,补肾健脾，益气生精
中医内科,痴呆与健忘的鉴别关键是痴呆有,C,善忘前事,善忘后事,表情呆滞,神志障碍,沉默寡言
中医内科,痴呆的基本病机为,E,心气虚衰，心血不足,以虚为本，虚实夹杂,气机不畅，血行瘀滞,肾精亏损，痰蒙清窍,髓减脑消，神机失用
中医内科,痴呆的病位在,A,脑,心,肝,脾,肾
中医内科,患者，女性，32岁，症见表情呆钝，智力衰退，头晕耳鸣，懈怠思卧，齿枯发焦，腰膝酸软，步履艰难，舌瘦色淡，苔薄白，脉沉细，方药宜用,C,洗心汤,还少丹,七福饮,通窍活血汤,涤痰汤
中医内科,患者表情呆钝，智力衰退，或终日无语，不思饮食，脘腹胀满，口多涎沫，头重如裹，舌质淡，苔白腻，脉滑。治宜选用,E,还少丹,洗心汤,七福饮,转呆丹,涤痰汤
中医内科,治疗痴呆髓海不足证，应首选,A,七福饮,还少丹,转呆丹,知柏地黄丸,河车大造丸
中医内科,治疗痴呆脾肾两虚证，应首选,B,七福饮,还少丹,转呆丹,知柏地黄丸,河车大造丸
中医内科,由于髓减脑消，神机失用所致的以呆傻愚笨为主要临床表现的疾病是,D,健忘,癫病,郁病,痴呆,狂病
中医内科,记忆力差，遇事善忘为,A,健忘,癫病,郁病,痴呆,狂病
中医内科,胃痛的治疗，主要是,C,调肝理气止痛,调肝和胃止痛,理气和胃止痛,调理脾胃止痛,调肝理脾止痛
中医内科,胃痛与腹痛的主要鉴别要点是,B,疼痛的病因,疼痛的部位,疼痛的病程,疼痛的时间,疼痛的性质
中医内科,与胃痛关系最为密切的脏腑是,B,肝、脾、胆,肝、脾、胃,肝、脾、肾,肺、脾、胃,肺、肝、胃
中医内科,下列症状对胃痛和腹痛的鉴别诊断最具有价值者为,A,疼痛的部位,疼痛的性质,疼痛的持续时间,疼痛的兼症,疼痛的诱因
中医内科,胃痛发病的关键病机是,D,气虚,气怯,气陷,气滞,气逆
中医内科,外邪犯胃胃痛的发病以何邪最为常见,C,风邪,暑邪,寒邪,湿邪,热邪
中医内科,阴虚胃痛的主要病机是,B,胃失温养,胃失濡养,气机不畅,胃腑积滞,瘀血内停
中医内科,胃痛的主要病变脏腑在胃，与哪些脏腑关系最密切,B,肝肾,肝脾,胆肾,脾肾,心肺
中医内科,患者，男性，31岁，胃痛暴作，恶寒喜暖，脘腹得温则痛减，口淡不渴，喜热饮，舌苔薄白，脉弦紧。治疗应首选,E,藿朴夏苓汤,桂枝汤,小建中汤,黄芪建中汤,良附丸
中医内科,患者，男，18岁。昨日饱餐后出现胃脘胀痛，嗳腐吞酸，大便不爽，舌苔厚腻，脉弦滑。治疗应首选,A,保和丸,失笑散,逍遥散,金铃子散合小柴胡汤,良附丸
中医内科,男性，29岁，近3天因生气后出现胃脘胀痛，攻窜不定，嗳气频作，大便不畅，舌苔薄白，脉弦。治宜选用,C,逍遥散,化肝煎,柴胡疏肝散,大柴胡汤,以上均不是
中医内科,患者张某，男，27岁，聚餐后出现胃脘疼痛，胀满拒按，嗳腐吞酸，或呕吐不消化食物，其味腐臭，吐后痛减，不思饮食，大便不爽，得矢气及便后稍舒，舌苔厚腻，脉滑。治宜选用,E,大承气汤,小承气汤,藿香正气丸,半夏泻心汤,保和丸
中医内科,周某某，男，18岁，前日因食过饱后即胃脘胀痛，嗳腐吞酸，大便不畅，苔厚腻，前医曾用保和丸不效，现胃脘痛而便闭，当用保和丸合下列何方治疗为最佳,A,小承气汤,大承气汤,枳实消痞丸,小陷胸汤,理中汤
中医内科,患者胃脘疼痛，如针刺、似刀割，痛有定处，按之痛甚，痛时持久，食后加剧，入夜尤甚，舌质紫黯或有瘀斑，脉涩。治方应首选,E,血府逐瘀汤,桃红四物汤,桃仁红花煎,芍药甘草汤,失笑散合丹参饮加减
中医内科,胃痛暴作，恶寒喜暖，得温痛减，遇寒加重，口淡不渴，或喜热饮，舌淡苔薄白，脉弦紧。证属,A,寒邪客胃证,饮食伤胃证,肝气犯胃证,湿热中阻证,瘀血停胃证
中医内科,胃脘疼痛，如针刺似刀割，痛有定处，按之痛甚，痛时持久，食后加剧，入夜尤甚，舌质紫黯或有瘀斑，脉涩。证属,E,寒邪客胃证,饮食伤胃证,肝气犯胃证,湿热中阻证,瘀血停胃证
中医内科,脾胃虚寒型胃痛治宜,E,柴胡疏肝散加减,清中汤加减,四君子汤,保和丸,黄芪建中汤
中医内科,肝气犯胃型胃痛治宜,A,柴胡疏肝散加减,清中汤加减,四君子汤,保和丸,黄芪建中汤
中医内科,湿热中阻型胃痛治宜,B,柴胡疏肝散加减,清中汤加减,四君子汤,保和丸,黄芪建中汤
中医内科,脾胃虚弱，痞满反复发作者，治法宜首选,D,疏肝解郁，和胃消痞,清热化湿，和胃消痞,理气宽胸，补泻并用,补气健脾，升清降浊,和胃降气，消痞开结
中医内科,痞满痰湿中阻证治的主方是,A,二陈平胃汤加减,保和丸加减,泻心汤和连朴饮加减,越鞠丸和枳术丸加减,枳实消痞丸加减
中医内科,下列情况对痞满和胸痹的鉴别诊断最具有价值者为,A,病位,病程,起病,诱因,转归
中医内科,痞满的基本病机是,E,食滞肠胃，痞塞不通,外邪内陷，阻塞气机,肝气郁滞，横逆犯脾,湿盛脾虚，气机阻滞,中焦气机不利，脾胃升降失职
中医内科,痞满的基本病位在,C,肝脾,脾胃,胃,脾,肝胆
中医内科,痞满以下列何项症状为主症,B,胃脘疼痛,胃脘满闷,胸脘痞闷,脘闷不舒,胸脘闷痛
中医内科,痞满与鼓胀的相同症状是,A,胀满之苦,外有胀大之形,触之无形,按之无痛,心下痞塞
中医内科,患者以胃脘痞塞，满闷不舒为主，按之柔软，压之不痛，望无胀形。发病缓慢，时轻时重，反复发作，病程漫长。多因饮食、情志、起居、寒温等因素诱发。其诊断是,C,胃痛,鼓胀,痞满,胸痹,结胸
中医内科,张某，女，45岁，因胃脘痞闷不适3月就诊，患者近3月来经常脘腹痞闷，重时满闷如塞，但不疼痛，饮食减少，恶心嗳气，大便不爽，喜长叹息，有时心烦易怒，胸胁胀满，每因生气恼怒而使症状加重，苔薄白，脉弦。治宜选用,E,保和丸加减,补中益气汤加减,泻心汤合连朴饮加减,二陈汤加减,柴胡疏肝散加减
中医内科,患者脘腹满闷，时轻时重，喜温喜按，纳呆便溏，神疲乏力，舌质淡，苔薄白，脉细弱。其辨证为,B,肝胃不和,脾胃虚弱,胃阴不足,饮食内停,湿热阻胃
中医内科,脘腹痞闷，嘈杂，饥不欲食，恶心嗳气，口燥咽干，大便秘结，舌红少苔，脉细数。证属,E,痞满饮食内停证,痞满痰湿中阻证,痞满湿热阻胃证,痞满肝胃不和证,痞满胃阴不足证
中医内科,脘腹痞闷，或嘈杂不舒，恶心呕吐，口干不欲饮，口苦，纳少，舌红苔黄腻，脉滑数。证属,C,痞满饮食内停证,痞满痰湿中阻证,痞满湿热阻胃证,痞满肝胃不和证,痞满胃阴不足证
中医内科,脘腹痞满不舒，胸膈满闷，头晕目眩，身重困倦，呕恶纳呆，口淡不渴，小便不利，舌苔白厚腻，脉沉滑。证属,B,痞满饮食内停证,痞满痰湿中阻证,痞满湿热阻胃证,痞满肝胃不和证,痞满胃阴不足证
中医内科,痞满痰湿中阻证的代表方是,E,枳实消痞丸加减,木香顺气丸加减,连朴饮加减,柴胡疏肝散加减,二陈平胃汤加减
中医内科,痞满湿热阻胃证的代表方是,C,枳实消痞丸加减,木香顺气丸加减,连朴饮加减,柴胡疏肝散加减,二陈平胃汤加减
中医内科,痞满肝胃不和证的代表方是,D,枳实消痞丸加减,木香顺气丸加减,连朴饮加减,柴胡疏肝散加减,二陈平胃汤加减
中医内科,呕吐的基本病机是,B,肝气犯胃，胃气上逆,胃失和降，胃气上逆,食滞伤胃，胃失和降,外邪犯胃，胃失和降,脾胃受损，胃失润降
中医内科,治疗脾胃气虚呕吐的最佳方剂为,D,小半夏加茯苓汤,理中汤,旋覆代赭汤,香砂六君子汤,以上均不是
中医内科,治疗胃阴不足呕吐的主方为,A,麦门冬汤,益胃汤,一贯煎,玉女煎,沙参麦冬汤
中医内科,哪项不是肝气犯胃型呕吐的主症,E,呕吐吞酸,嗳气频作,胸胁胀满,舌红苔薄,脉沉细
中医内科,下列哪项不是实证呕吐的特点,E,发病较急,病程较短,多由外邪及饮食所伤而发,有邪实之象,时发时止
中医内科,下列除哪项外，均为胃阴不足型呕吐的主症,C,呕吐反复发作或时作干呕,似饥而不欲食,嗳气吞酸,口干咽燥,舌红少津
中医内科,下列哪项不是引起呕吐的主要原因,B,外邪侵袭,湿邪困脾,饮食不节,情志失调,病后体虚
中医内科,患者，男性，40岁，午后突然出现呕吐，多为清水痰涎，脘闷不食，不思饮食，舌淡，苔白腻，脉滑。此时最佳的方剂是,D,理中汤，,香砂六君子汤,温脾汤,小半夏汤合苓桂术甘汤,小半夏汤合茯苓汤
中医内科,患者呕吐多为清水痰涎，脘闷不食，头晕心悸，舌苔白腻，脉滑。其证候为,B,饮食积滞,痰饮内阻,脾胃虚弱,脾阳虚衰,气滞痰阻
中医内科,患者突然呕吐，脘闷不舒，兼见恶寒发热，头身疼痛，舌苔白腻，脉濡缓。治宜选用,E,保和丸,小半夏汤,香苏散,平胃散,藿香正气散
中医内科,患者呕吐吞酸，嗳气频繁，胸胁胀满，舌边红，苔薄腻，脉弦。治法宜用,C,消食化滞，和胃降逆,温中化饮，和胃降逆,疏肝理气，和胃降逆,温养脾胃，降逆止呕,以上均不是
中医内科,患者呕吐吞酸，嗳气频作，胸胁满痛，脉弦。此属何型呕吐,D,胃阴不足,热邪犯胃,肝郁化火,肝气犯胃,以上均不是
中医内科,痰饮内阻型呕吐的治法是,B,疏邪解表，化浊和中,温中化饮，和胃降逆,疏肝理气，和胃降逆,健脾益气，和胃降逆,温中健脾，和胃降逆
中医内科,脾胃气虚型呕吐的治法是,D,疏邪解表，化浊和中,温中化饮，和胃降逆,疏肝理气，和胃降逆,健脾益气，和胃降逆,温中健脾，和胃降逆
中医内科,脾胃阳虚型呕吐的治法是,E,疏邪解表，化浊和中,温中化饮，和胃降逆,疏肝理气，和胃降逆,健脾益气，和胃降逆,温中健脾，和胃降逆
中医内科,外邪犯胃之呕吐，若伴见脘痞嗳腐，饮食停滞者，其治疗方宜,C,藿香正气散加荆芥、防风,藿香正气散加木香、枳壳,藿香正气散去白术，加鸡内金、神曲,新加香薷饮,黄连解毒汤
中医内科,外邪犯胃之呕吐，若风寒偏重，寒热无汗，其治疗方宜,A,藿香正气散加荆芥、防风,藿香正气散加木香、枳壳,藿香正气散去白术，加鸡内金、神曲,新加香薷饮,黄连解毒汤
中医内科,下列关于噎膈的预防调护叙述中，错误的是,B,避免食用发霉的食物,每餐进食后不宜立即喝水,多食新鲜蔬菜、水果,戒烟酒,及时治疗食管慢性炎症
中医内科,治疗津亏热结型噎膈的主方是,B,通幽汤,沙参麦冬汤,启膈散,玉枢丹,一贯煎
中医内科,噎膈的发病机制总属,E,气、痰、食交结,气、痰、毒交结,气、痰、水交结,气、痰、热交结,气、痰、瘀交结
中医内科,噎膈的后期治疗原则以何法为主,A,补气温阳,理气,化痰,降火,以上皆不是
中医内科,噎膈气虚阳微型的病机是,E,阳损及阴,阴寒内盛,气血虚弱,瘀血内结,阴损及阳
中医内科,噎膈的产生除与食道、胃相关外，还与哪些脏腑有关,B,心脾肾,肝脾肾,肺脾肾,肝脾肺,心肝肺
中医内科,噎膈之证的发病机理主要是,E,脾胃俱伤,肺胃两伤,气血郁结,本虚标实,气痰瘀交结，阻于食道、胃脘
中医内科,患者吞咽梗阻，胸膈痞闷，情志舒畅时可稍减轻，口干咽燥，舌偏红苔薄腻，脉弦滑。治疗应首选,E,通幽汤,涤痰汤,温胆汤,玉枢丹,启膈散
中医内科,患者长期吞咽受阻，饮食不下，面色（白光）白，精神疲惫，形寒气短，面浮足肿，泛吐清涎，腹胀便溏，舌淡苔白，脉细弱，应诊断为,E,脾胃虚弱型呕吐,中虚有寒型反胃,脾阳虚衰型水肿,胃阴不足型呕吐,气虚阳微型噎膈
中医内科,患者胸膈疼痛，食不得下而不复吐出，甚至水饮难下，大便坚如羊粪，或吐出物如赤豆汁，形体消瘦，肌肤枯燥，舌红少津，或舌质紫暗，脉细涩，其治法为,C,开郁化痰，润燥降气,滋养津液，泻热散结,破结行瘀，滋阴养血,温补脾肾，益气回阳,以上都不是
中医内科,痰气交阻型噎膈选用,B,通幽汤,启膈散,丁香透膈散,沙参麦冬汤,补气运脾汤
中医内科,气虚阳微型噎膈选用,E,通幽汤,启膈散,丁香透膈散,沙参麦冬汤,补气运脾汤
中医内科,以通幽汤治疗噎膈，取其功能为,D,滋阴养血，润燥生津,开郁化痰，润燥降气,滋养津液，泻热散结,滋阴养血，破血行瘀,健脾益气，滋养津液
中医内科,以启膈散治疗噎膈，取其功能为,B,滋阴养血，润燥生津,开郁化痰，润燥降气,滋养津液，泻热散结,滋阴养血，破血行瘀,健脾益气，滋养津液
中医内科,呃逆与干呕、嗳气在病机上的共同点是,A,胃气上逆,寒气上逆,肝胃气逆,肺胃气逆,食积化热上冲
中医内科,呃逆病变的关键脏腑是,D,肝,脾,肺,胃,胆
中医内科,脾胃阳虚型呃逆的特征是,D,呃声沉缓,呃声洪亮,呃声连续,呃声低长,呃声短促
中医内科,以呃逆的声音辨证，下列何者为胃火上逆型呃逆,B,呃声沉缓,呃声洪亮，冲逆而出,呃逆连声,呃声低长无力，气不得续,呃声短促而不得续
中医内科,下列除哪项外，均是气机郁滞呃逆的主症,D,呃逆连声，胸胁胀闷,常因情志不畅而诱发或加重,嗳气纳减，肠鸣矢气,得热则减，遇寒愈甚,舌苔薄，脉弦
中医内科,下列除哪项外，均是胃火上逆型呃逆的主症,A,呃逆连声，胸胁胀闷,呃声洪亮，冲逆而出,口臭烦渴，多喜冷饮,小便短赤，大便秘结,舌苔黄燥，脉滑数
中医内科,呃逆的病位与下列哪项无关,A,心,胃,肺,肝,肾
中医内科,呃逆的病理主要是,B,胃失和降，气逆于上,胃失和降，胃气上逆动膈,阳明腑实，气不顺行,肝气逆乘犯胃,耗伤中气，胃失和降
中医内科,患者男，40岁，平素嗜好烟酒，过服辛辣之品后，出现喉间呃声洪亮，冲逆而出，口臭烦渴，喜冷饮，大便秘结，小便短赤，舌苔黄，脉滑数。治法宜,D,温中祛寒止呃,泄肝和胃止呃,生津养胃止呃,清胃泄热，降逆止呃,以上都不是
中医内科,高某，男，36岁，平素嗜酒，今晨呃声洪亮，冲逆而出，烦躁口渴，渴喜冷饮，舌苔黄，脉滑数，治疗最佳方为,B,丁香柿蒂汤,竹叶石膏汤,五磨饮子,旋覆代赭汤,以上都不是
中医内科,患者呃声沉缓，膈间及胃脘不舒，遇寒加剧，得热则减，舌苔白润，脉沉缓，证属,A,胃寒呃逆,阴虚呃逆,阳虚呃逆,胃热呃逆,以上都不是
中医内科,呃逆连声，胸胁胀闷，常因情志不畅而加重，嗳气频频，纳食减少，昏眩恶心，舌苔薄腻，脉弦滑，此证属,C,胃火上冲,胃中寒冷,气机郁滞,脾胃阳虚,胃阴不足
中医内科,呃声短促而不连续，口干舌燥，烦躁不安，舌红而干且有裂纹，脉细数，此证属,E,胃火上冲,胃中寒冷,气机郁滞,脾胃阳虚,胃阴不足
中医内科,寒邪内阻证腹痛的治法是,C,疏肝解郁，理气止痛,消食导滞，理气止痛,散寒温里，理气止痛,泄热通腹，行气导滞,温中补虚，缓急止痛
中医内科,腹痛之肝郁气滞证应首选,C,小柴胡汤加减,四七汤加减,柴胡疏肝散加减,四逆散加减,逍遥散加减
中医内科,腹痛的基本病机是,D,肝脾不和，胃气郁滞,肝气郁结，胃失和降,肝脾湿热，络脉不和,脏腑阻滞，气血不畅,脾胃失和，瘀血阻滞
中医内科,寒邪内阻腹痛的治法是,A,散寒温里，理气止痛,消食导滞，理气止痛,疏肝解郁，理气止痛,温中补虚，缓急止痛,泄热通腑，行气导滞
中医内科,腹痛拒按，大便溏滞不爽，小便短赤，舌红苔黄腻，应辨为,B,寒邪内阻,湿热壅滞,中虚脏寒,气滞血瘀,饮食积滞
中医内科,寒邪内阻腹痛的主要特点是,D,腹部胀痛，攻窜不定,腹痛绵绵，时痛时止,饥则痛甚，得温稍减,腹痛急暴，得温痛减,腹部刺痛，痛处不移
中医内科,大腹痛者，多属,C,厥阴肝经病证,膀胱病证,脾胃病证,虫病,肠痈
中医内科,以腹痛的部位辨证，胁痛、少腹疼痛者，多属,A,肝胆病,虫证,肠痈,胃痛,膀胱病
中医内科,与腹痛有关的脏腑一般不包括,C,肝,大肠,胃,膀胱,小肠
中医内科,张某，男，20岁。腹痛拒按，烦渴引饮，大便秘结，潮热汗出，小便短黄，舌质红，苔黄燥或黄腻，脉滑数。治宜选用,D,通脉四逆汤,乌头桂枝汤,当归四逆汤,大承气汤,吴茱萸汤
中医内科,患者腹痛绵绵，时作时止，喜温喜按，形寒肢冷，大便溏薄，神疲气短，舌淡苔白，脉沉细。治疗主方为,D,补中益气汤,附子粳米汤,保和丸,小建中汤,四逆汤
中医内科,湿热壅滞型腹痛，治疗首选,C,小承气汤,枳实导滞丸,大承气汤,少腹逐瘀汤,大柴胡汤
中医内科,饮食积滞型腹痛，治疗首选,B,小承气汤,枳实导滞丸,大承气汤,少腹逐瘀汤,大柴胡汤
中医内科,瘀血型腹痛，治疗首选,D,小承气汤,枳实导滞丸,大承气汤,少腹逐瘀汤,大柴胡汤
中医内科,肝郁气滞型腹痛，治疗首选,A,柴胡疏肝散,逍遥散,良附丸合正气天香散,木香顺气散,小建中汤
中医内科,寒邪内阻型腹痛，治疗首选,C,柴胡疏肝散,逍遥散,良附丸合正气天香散,木香顺气散,小建中汤
中医内科,中虚脏寒型腹痛，治疗首选,E,柴胡疏肝散,逍遥散,良附丸合正气天香散,木香顺气散,小建中汤
中医内科,泄泻的治疗原则是,B,健脾燥湿,运脾化湿,补脾祛湿,理脾利湿,除湿和胃
中医内科,从下列泻下粪便中辨出何为湿热泄泻的特点,B,泄泻清稀甚至如水样,泄下粪色黄褐而臭,泄泻如水,泻下粪便臭如败卵，伴有不消化之物,时溏时泄，水谷不化
中医内科,痢疾与泄泻的鉴别点，下列何项无鉴别意义,D,泻下稀薄或赤白黏冻,便下完谷不化,里急后重之有无,泻下次数之多少,泻下有无脓血
中医内科,治疗久泻，不宜过用,A,分利,健脾,补肾,升提,固涩
中医内科,患者泄泻多在黎明之前，腹部作痛，肠鸣即泻，泻后则安，形寒肢冷，腰膝酸软，舌淡苔白，脉沉细。其治法是,A,温肾健脾，固涩止泻,温中健脾，固涩止泻,温补脾肾，涩汤止泻,健脾补肾，化湿固涩,补肾助阳，温中固涩
中医内科,患者泄泻清稀，甚者如水样，腹痛肠鸣，脘闷纳少，苔薄白或白腻，脉濡缓。应诊为何种证候,E,肝郁泄泻,脾虚泄泻,肾虚泄泻,暑湿泄泻,寒湿泄泻
中医内科,患者腹痛泄泻，每因抑郁、恼怒或情绪紧张时诱发或加重，多伴有胸胁胀闷，嗳气食少，舌淡红，脉弦。治当,C,调和脾胃,疏肝和胃,抑肝扶脾,解郁疏肝,泄肝除湿
中医内科,湿热泄泻的主方是,A,葛根芩连汤,藿香正气散,痛泻要方,芍药汤,柴胡疏肝散
中医内科,肝郁泄泻的主方是,C,葛根芩连汤,藿香正气散,痛泻要方,芍药汤,柴胡疏肝散
中医内科,热证泄泻的特点是,B,大便清稀，完谷不化，腹部喜温,大便色黄褐而臭，泻下急迫，肛门灼热,泻下腹痛，痛势急迫拒按，泻后痛减,大便时溏时泻，腹痛不甚，喜温喜按,每因抑郁恼怒或情绪紧张之时，即发生腹痛泄泻
中医内科,虚证泄泻的特点是,D,大便清稀，完谷不化，腹部喜温,大便色黄褐而臭，泻下急迫，肛门灼热,泻下腹痛，痛势急迫拒按，泻后痛减,大便时溏时泻，腹痛不甚，喜温喜按,每因抑郁恼怒或情绪紧张之时，即发生腹痛泄泻
中医内科,肝气乘脾泄泻的特点是,E,大便清稀，完谷不化，腹部喜温,大便色黄褐而臭，泻下急迫，肛门灼热,泻下腹痛，痛势急迫拒按，泻后痛减,大便时溏时泻，腹痛不甚，喜温喜按,每因抑郁恼怒或情绪紧张之时，即发生腹痛泄泻
中医内科,根据刘河间治疗痢疾的理论，里急后重症状显著者可加用,E,补气药,升提中气药,养血药,活血药,理气药
中医内科,关于痢疾基本病机的叙述中，错误的是,A,血络受伤,腐败化为脓血,邪滞于肠,气血壅滞,肠道传化失司
中医内科,治疗寒湿痢首选的方剂是,D,驻车丸,真人养脏汤,芍药汤,不换金正气散,白头翁汤
中医内科,若痢疾初起，兼见表证，恶寒发热、头痛身重者，首选的方剂是,A,《活人》败毒散,香连丸,葛根芩连汤,藿香正气丸,芍药汤
中医内科,下列关于痢疾治疗原则的叙述中，错误的是,E,寒热交错者清温并用,初痢实则通之，久痢虚则补之,忌过早补涩,热痢清之，寒痢温之,分利小便
中医内科,下列哪一项不是痢疾的必有症状,C,里急后重,下痢赤白黏冻,完谷不化,腹痛,大便次数增多
中医内科,疫毒痢的治法是,C,清热和中化湿,清热除湿调气,清热解毒，凉血除积,清热化湿和中,温中燥湿调气
中医内科,痢下白多赤少，一般多重用,C,温药,寒药,气药,血药,补药
中医内科,下列除哪项外，均属湿热痢的主症,E,腹痛，里急后重,下痢赤白相兼,肛门灼热,小便短赤,苔白腻，脉濡缓
中医内科,寒湿痢的表现是,C,痢下赤白脓血，不甚臭秽,痢下鲜紫脓血,痢下纯为白冻,痢下赤多白少,痢下脓血黏稠
中医内科,下列哪项不是痢疾与泄泻的鉴别要点,C,有无里急后重,有无因情志不舒诱发引,有无排便次数增多,有无脓血便,有无腹痛肠鸣
中医内科,患者腹痛，里急后重，下痢赤白相杂，肛门灼热，小便短赤，舌苔微黄，脉滑数。其治法是,A,清肠化湿，调气和血,清热化湿，理气止痛,清热凉血，和胃利湿,清肠和胃，利湿解毒,清胃利湿，和胃通降
中医内科,某患者，下痢2天，现下痢赤白黏冻，腹痛，里急后重，肛门灼热，小便短赤，舌红苔黄腻，脉滑数。治宜选用,D,葛根芩连汤,白头翁汤,连理汤,芍药汤,以上都不是
中医内科,患者症见痢下赤白黏冻，白多赤少，或纯为白冻，伴有腹痛，里急后重，饮食乏味，胃脘饱闷，头身困重，舌质淡，苔白腻，脉濡缓。证属,B,虚寒痢,寒湿痢,休息痢,噤口痢,疫毒痢
中医内科,治疗寒湿痢的主方是,A,不换金正气散,桃花汤,驻车丸,连理汤,芍药汤
中医内科,治疗阴虚痢的主方是,C,不换金正气散,桃花汤,驻车丸,连理汤,芍药汤
中医内科,治疗虚寒痢的主方是,B,不换金正气散,桃花汤,驻车丸,连理汤,芍药汤
中医内科,热秘型便秘，应选何方,C,半硫丸,青麟丸,麻子仁丸,六磨汤,以上均非
中医内科,气虚秘可用以下何方,D,麻子仁丸,更衣丸,六磨汤,黄芪汤,大补元煎
中医内科,麻子仁丸主治,A,热秘,冷秘,气秘,气虚秘,阴虚秘
中医内科,大便干，小便清长，面色（白光）白，四肢不温，腹中冷痛，舌淡苔白，脉沉迟。此属,E,气秘,冷秘,气虚秘,血虚秘,阳虚秘
中医内科,热秘的特征为,A,大便干结，小便短赤,大便秘结，欲便不得,虽有便意，努挣乏力,大便艰涩，排出困难,大便不干，小便清长
中医内科,便秘的基本病机是,E,肠胃不和,肝气郁结,湿热下注,肺失开合,大肠传导失常
中医内科,患者大便不干硬，虽有便意，临厕努挣无力，挣则汗出短气，便后疲乏，面色苍白，舌淡嫩苔薄，脉虚。其治法是,E,补脾和胃,温阳通便,益气补肺,温中健脾,益气润肠
中医内科,刘某，男，39岁，性情素喜抑郁。久患便秘，欲便不得，伴胸胁胀满，脘腹胀闷，食后尤甚，嗳气频作，舌苔略腻，脉弦。治宜选用,C,柴胡疏肝散,四逆散,六磨汤,大承气汤,木香顺气丸
中医内科,某患者，大便干结，排解困难数月，伴身热心烦，腹胀满痛，口干口臭，小便短赤，舌红，苔黄燥，脉滑数。最佳选方为,A,麻子仁丸,更衣丸,大承气汤,增液汤,大柴胡汤
中医内科,患者70岁，临厕大便，努挣乏力，挣则短气汗出，便后疲乏，大便不干结，舌淡苔薄，脉弱。治法宜,C,补肾助阳,温阳益气,益气润肠,养血润肠,滋阴通便
中医内科,气虚型便秘，治疗首选,A,黄芪汤,济川煎,化肝煎,木香顺气散,六磨汤
中医内科,气秘型便秘，治疗首选,E,黄芪汤,济川煎,化肝煎,木香顺气散,六磨汤
中医内科,阳虚型便秘，治疗首选,B,黄芪汤,济川煎,化肝煎,木香顺气散,六磨汤
中医内科,下列哪一项不是肝络失养胁痛的特点,A,胁肋灼热疼痛,悠悠不休,遇劳加重,舌红少苔,头晕目眩
中医内科,下列哪一项不是瘀血阻络胁痛的特点,B,胁肋刺痛,胸闷腹胀,痛有定处,入夜痛甚,舌质紫暗
中医内科,下列哪一项不是肝胆湿热胁痛的特点,D,胁肋灼热胀痛,口苦口黏,小便黄赤,舌红少苔,脉弦滑数
中医内科,下列哪一项不是肝郁气滞胁痛的特点,C,胁肋胀痛,走窜不定,入夜痛甚,胸闷嗳气,疼痛每因情志变化而增减
中医内科,胁痛的基本治则是,E,疏肝理气止痛,清热利湿止痛,祛瘀通络止痛,养阴柔肝止痛,疏肝和络止痛
中医内科,胁痛的基本病机为,D,气滞血瘀,肝郁气滞,湿热内蕴,肝络失和,以上都不是
中医内科,肝胆湿热证的胁痛，治疗主方为,D,小承气汤,大承气汤,甘露消毒丹,龙胆泻肝汤,三仁汤
中医内科,患者，男，60岁。久患胁痛，悠悠不休，遇劳加重，头晕目眩，口干咽燥，舌红少苔，脉弦细。治疗应首选,D,柴胡疏肝散,逍遥散,杞菊地黄丸,一贯煎,二阴煎
中医内科,患者梁某，男，52岁。近来胁肋隐痛，悠悠不休，遇劳加重，口干咽燥，心中烦热，头晕目眩，舌红少苔，脉细弦而数。治法宜选用,D,疏肝理气,祛瘀通络,清热利湿,养阴柔肝,以上都不是
中医内科,肝络失养证胁痛代表方是,E,柴胡疏肝散,龙胆泻肝汤,血府逐瘀汤,六味地黄丸,一贯煎
中医内科,瘀血阻络证胁痛代表方是,C,柴胡疏肝散,龙胆泻肝汤,血府逐瘀汤,六味地黄丸,一贯煎
中医内科,肝胆湿热证胁痛代表方是,B,柴胡疏肝散,龙胆泻肝汤,血府逐瘀汤,六味地黄丸,一贯煎
中医内科,黄疸最具特征的表现是,B,面黄,目黄,小便黄,恶心纳呆,腹胀呕吐
中医内科,黄疸形成的关键病理因素是,E,热邪,寒邪,疫毒,瘀血,湿邪
中医内科,黄疸的辨证要点是,A,以阴阳为纲,区别湿重与热重,区别热重与寒重,区分疫毒之盛衰,以虚实为纲
中医内科,下列哪一项不是黄疸热重于湿证的特点,B,身目黄色鲜明,头重身困,腹部胀闷,小便黄赤,大便秘结
中医内科,下列哪一项不是寒湿阻遏证黄疸的特点,D,身目黄色晦暗,疸色如烟熏,脘腹痞胀,舌红苔黄腻,脉沉迟
中医内科,下列哪一项不是脾虚湿滞证黄疸的特点,E,肌肤淡黄,疸色晦暗不泽,肢软乏力,大便溏薄,小便色清
中医内科,下列哪一项不是黄疸疫毒炽盛证的特点,B,发病急骤,疸色晦暗,皮肤瘙痒,神昏谵语,舌质红绛
中医内科,下列哪一项不是黄疸湿重于热证的特点,C,黄疸不甚鲜明,头重身困,舌苔黄腻,胸脘痞闷,脉濡
中医内科,茵陈术附汤是黄疸哪个证型的代表方剂,D,湿重于热证,胆腑郁热证,热重于湿证,寒湿阻遏证,脾虚湿滞证
中医内科,黄疸脾虚湿滞证的治法是,E,温中化湿，健脾和胃,调和肝脾，理气助运,利湿化浊运脾，佐以清热,疏肝泄热，利胆退黄,健脾养血，利湿退黄
中医内科,下列哪一项不是萎黄的主症,C,皮肤淡黄不泽,两目不黄,小便色淡黄,倦怠无力,大便溏薄
中医内科,患者黄疸日久，黄色晦暗如烟熏，纳少脘闷，大便溏，神疲畏寒，口淡不渴，舌淡苔腻，脉沉迟。治疗应首选,E,茵陈蒿汤,茵陈五苓散,甘露消毒丹,黄连温胆汤,茵陈术附汤
中医内科,田某，男，50岁。一月前因劳累过度，出现形体倦怠，头晕泛恶，纳食不佳，厌食油腻，过一周后两目黄染，随后皮肤亦黄，黄色尚鲜明，伴胁痛，脘胀，头重如裹，小便短黄，大便稀溏，舌苔黄腻，脉濡数。治宜选用,A,茵陈五苓散,栀子柏皮汤,大黄硝石汤,茵陈蒿汤,麻黄连翘赤小豆汤
中医内科,吴某，男，36岁。黄疸迁延日久，久治不效，症见身目俱黄，黄色晦暗，食少纳呆，脘闷腹胀，大便不实，神疲畏寒，口淡不渴，舌质淡，苔白腻，脉濡缓。治法宜用,C,清热利湿，佐以通便,利湿化浊，佐以清热,温中化湿，健脾和胃,调理脾胃，益气补血,以上都不是
中医内科,黄疸热重于湿证方选,C,硝石矾石散,茵陈术附汤,茵陈蒿汤,甘露消毒丹,黄芪建中汤
中医内科,黄疸脾虚湿滞证方选,E,硝石矾石散,茵陈术附汤,茵陈蒿汤,甘露消毒丹,黄芪建中汤
中医内科,茵陈术附汤适用于,E,黄疸热重于湿证,黄疸湿重于热证,黄疸胆腑郁热证,黄疸疫毒炽盛证,黄疸寒湿阻遏证
中医内科,大柴胡汤适用于,C,黄疸热重于湿证,黄疸湿重于热证,黄疸胆腑郁热证,黄疸疫毒炽盛证,黄疸寒湿阻遏证
中医内科,《千金》犀角散适用于,D,黄疸热重于湿证,黄疸湿重于热证,黄疸胆腑郁热证,黄疸疫毒炽盛证,黄疸寒湿阻遏证
中医内科,下列哪项不是聚证的特征,E,结块无形,包块聚散无常,痛无定处,病在气分,是为脏病
中医内科,下列哪项不是积证的特征,D,结块有形,结块固定不移,痛有定处,病在气分,是为脏病
中医内科,积聚的病位主要在,C,肺肾,肝肾,肝脾,肝胆,脾肾
中医内科,积聚的病机主要是,D,湿痰内聚，气血瘀滞,虫阻脉道，血络受阻,气滞血瘀，水停腹中,气机阻滞，瘀血内结,痰湿内阻，瘀血内结
中医内科,患者腹内积块明显，硬痛不移，面黯消瘦，纳食减少，时有寒热，舌紫黯苔薄，脉细涩。其证候是,D,肝气郁滞,食滞痰阻,气滞血阻,瘀血内结,正虚瘀结
中医内科,患者女，症见腹中气聚，攻窜胀痛，时聚时散，脘闷纳呆，舌苔白腻，脉象弦缓。治宜选用,D,柴胡疏肝散,金铃子散,失笑散,木香顺气散,以上均非
中医内科,夏某，男，38岁。症见腹中积块，胀满疼痛，按之软而不坚，固定不移，舌苔薄白，脉弦。治宜选用,E,六磨汤,逍遥散,膈下逐瘀汤,少腹逐瘀汤,柴胡疏肝散合失笑散
中医内科,腹部积块质软不坚，固定不移，胀痛不适，舌苔薄，脉弦。证属,B,正虚瘀结之积证,气滞血阻之积证,瘀血内结之积证,食滞痰阻之聚证,肝气郁结之聚证
中医内科,腹胀或痛，腹部时有条索状物聚起，按之胀痛更甚，便秘，纳呆，舌苔腻，脉弦滑。证属,D,正虚瘀结之积证,气滞血阻之积证,瘀血内结之积证,食滞痰阻之聚证,肝气郁结之聚证
中医内科,腹中结块柔软，时聚时散，攻窜胀痛，脘胁胀闷不适，苔薄，脉弦等。证属,E,正虚瘀结之积证,气滞血阻之积证,瘀血内结之积证,食滞痰阻之聚证,肝气郁结之聚证
中医内科,气滞血阻之积证的代表方首选,D,八珍汤合化积丸,逍遥散、木香顺气散,六君子汤合化积丸,柴胡疏肝散合失笑散,膈下逐瘀汤合六君子汤
中医内科,瘀血内结之积证的代表方首选,E,八珍汤合化积丸,逍遥散、木香顺气散,六君子汤合化积丸,柴胡疏肝散合失笑散,膈下逐瘀汤合六君子汤
中医内科,正虚瘀结之积证的代表方首选,A,八珍汤合化积丸,逍遥散、木香顺气散,六君子汤合化积丸,柴胡疏肝散合失笑散,膈下逐瘀汤合六君子汤
中医内科,下列哪项不是鼓胀的病因,C,酒食不节,情志刺激,外感六淫,病后续发,虫毒感染
中医内科,鼓胀的病机主要是,B,气机阻滞，瘀血内结,肝脾肾受损，气滞、血瘀、水停腹中,脾肺肾功能失调，水潴体内,心肝脾功能失常，水结腹内,肝脾肾受损，血瘀脾内
中医内科,下列哪项不是气鼓的特征,D,嗳气或矢气则舒,腹部按之空空然,腹部膨隆,腹皮青筋显露,叩之如鼓
中医内科,下列哪些不是血鼓的特征,E,脘腹坚满,青筋显露,痛如针刺,面颈部赤丝血缕,腹膨大如蛙腹
中医内科,下列哪项是血鼓的特征,A,腹部部胀满膨大,嗳气或矢气则舒,腹臌大如蛙腹,按之如囊裹水,常伴下肢浮肿
中医内科,下列哪项不是鼓胀的特征,D,四肢肿不甚明显,以腹部胀大为主,兼见面青晦,浮肿多从眼睑,腹皮青筋显露
中医内科,中满分消丸主要用于,B,鼓胀之气滞湿阻证,鼓胀之水热蕴结证,鼓胀之水湿困脾证,鼓胀之阳虚水盛证,鼓胀之阴虚水停证
中医内科,鼓胀的病变脏器主要在于,E,肝肾,脾肾,肝脾,肺脾肾,肝脾肾
中医内科,患者腹大胀满，按之如囊裹水，伴下肢浮肿，胸脘痞胀，精神困倦，怯寒懒动，尿少便溏，舌苔白腻，脉缓。其治法是,A,温中健脾，行气利水,温补脾肾，化气行水,健脾益气，化气行水,理气疏肝，化瘀利水,健脾渗湿，行气利水
中医内科,朱某，患鼓胀病多年，现腹大胀满，或见青筋暴露，面色晦滞，唇紫，口干而燥，心烦失眠，时或鼻衄，牙龈出血，小便短少，舌质红绛少津、苔少或光剥，脉弦细数。治法宜用,B,活血化瘀，行气利水,滋肾柔肝，养阴利水,温中健脾，行气利水,温补脾肾，化气行水,以上都不是
中医内科,左某，男，42岁。患慢性肝炎十余年。近一周来出现腹胀大，按之不坚，胁下胀满疼痛，纳食减少，食后作胀，嗳气不爽，小便短少，苔白腻，脉弦。治宜选用,A,柴胡疏肝散,五苓散,茵陈蒿汤,调营饮,中满分消丸
中医内科,腹部膨隆，嗳气或矢气则舒，腹部按之空空然，叩之如鼓，是为,A,气鼓,水肿,水鼓,积聚,血鼓
中医内科,腹部胀满膨大，或状如蛙腹，按之如囊裹水，常伴下肢浮肿，是为,C,气鼓,水肿,水鼓,积聚,血鼓
中医内科,脘腹坚满，青筋显露，腹内积块痛如针刺，面颈部赤丝血缕，是为,E,气鼓,水肿,水鼓,积聚,血鼓
中医内科,治疗疟疾时，服药一般在,C,疟疾发作时,疟发前1小时,疟发前2小时,疟发后1小时,疟发后2小时
中医内科,何人饮是治疗下列哪种疟疾的主方,E,正疟,温疟,寒疟,瘴疟,劳疟
中医内科,感受疟邪后，疟邪一般伏藏在,E,表,里,营,卫,半表半里
中医内科,疟疾的好发季节是,B,春夏,夏秋,秋冬,冬春,四季
中医内科,除感受“疟邪”外，疟疾的诱发因素，以下列哪项为最多,D,风寒,风热,寒湿,暑湿,暑热
中医内科,一患者男性，久居岭南，二个月每日发热，头痛，面红目赤，烦渴欲冷饮，神昏，大便秘结，小便热赤，舌质红绛，舌苔黄厚腻，脉弦数。治法宜,E,解毒除瘴，芳化湿浊,祛邪截疟，和解表里,清热解表，和解祛邪,和解表里，温阳达邪,解毒除瘴，清热保津
中医内科,患者女性，50岁，发热寒战，每日中午发作，发时热多寒少，口渴饮冷，便秘尿赤，头痛，汗出不畅，舌质红，苔黄，脉弦。此辨为何疟,C,正疟,劳疟,温疟,疟母,寒疟
中医内科,正疟的治疗方法是,C,清热解表，和解祛邪,和解表里，温阳达邪,祛邪截疟，和解表里,解毒除瘴，清热保津,解毒除瘴，芳化湿浊
中医内科,热瘴的治疗方法是,D,清热解表，和解祛邪,和解表里，温阳达邪,祛邪截疟，和解表里,解毒除瘴，清热保津,解毒除瘴，芳化湿浊
中医内科,寒疟的治疗方法是,B,清热解表，和解祛邪,和解表里，温阳达邪,祛邪截疟，和解表里,解毒除瘴，清热保津,解毒除瘴，芳化湿浊
中医内科,热瘴的特点是,D,寒多热少,但寒不热,热多寒少,但热不寒,寒热不清
中医内科,温疟的特点是,C,寒多热少,但寒不热,热多寒少,但热不寒,寒热不清
中医内科,下列各项，对于鉴别水肿与鼓胀无意义的是,B,有无胁下瘾积坚硬,有无浮肿,有无腹壁青筋暴露,目睛黄染,水肿与腹水出现的先后
中医内科,轻度水肿病人每日适宜的食盐摄入量是,D,7～8克,9～10克,1～2克,3～4克,5～6克
中医内科,治疗水肿肾阳衰微证，首选的方剂是,A,济生肾气丸合真武汤,麻黄连翘赤小豆汤,实脾饮,五皮饮合胃苓汤,疏凿饮子
中医内科,下列关于水肿阳水的各项叙述中，错误的是,E,兼有表证,治疗以发汗、利水或攻逐为主,发病急，病程短,水肿多从头面开始，由上而下，继及全身,肿处皮肤松弛，按之凹陷不易恢复
中医内科,与水肿关系最为密切的脏腑是,A,肺、脾、肾,肺、胃、肾,心、脾、肾,肝、脾、肾,心、肝、肾
中医内科,风水泛滥水肿，其病机与下列哪一脏腑的关系最为密切,C,心,肝,肺,脾,肾
中医内科,阳水水湿浸渍的治法是,C,化湿清热利水,化湿利水，补脾益气,运脾化湿，通阳利水,益气健脾，行气运湿,温运脾阳，以利水湿
中医内科,阳水辨证属湿热壅盛者，其治疗最佳选方是,D,己椒苈黄丸,木防己汤,舟车丸,疏凿饮子,八正散
中医内科,阳水辨证属风水相搏者，其最佳选方是,D,麻黄汤,五苓散,五皮饮,越婢加术汤,麻黄连翘赤小豆汤
中医内科,患者因皮肤疮痍破溃而引发水肿，肿势自颜面渐及全身，小便不利，恶风发热，咽红，舌红苔薄黄，脉滑数。治疗应首选,B,越婢加术汤合桑白皮汤,麻黄连翘赤小豆汤合五味消毒饮,麻黄连翘赤小豆汤合五皮散,麻黄连翘赤小豆汤合猪苓汤,实脾饮合五味消毒饮
中医内科,患者因皮肤疮疡破溃而引发水肿，肿势自颜面而渐及全身，发热咽红，舌红苔薄黄，脉滑数。其治法是,C,温运脾阳，以利水湿,健脾化湿，通阳利水,宣肺解毒，利湿消肿,散风清热，宣肺利水,温肾助阳，化气行水
中医内科,一患者，初起恶寒发热，咽痛，眼睑浮肿，小便不利，经治后，表虽解，但肿势未退，身重困倦，胸闷，纳呆，泛恶，苔白腻，脉沉缓，最佳选方是,C,越婢加术汤,猪苓汤,五皮饮合胃苓汤,苓桂术甘汤,防己黄芪汤
中医内科,治疗水肿水湿浸渍证的首选方是,A,五皮饮合胃苓汤,麻黄连翘赤小豆汤合五味消毒饮,越婢加术汤,疏凿饮子,实脾饮
中医内科,治疗水肿湿热壅盛证的首选方是,D,五皮饮合胃苓汤,麻黄连翘赤小豆汤合五味消毒饮,越婢加术汤,疏凿饮子,实脾饮
中医内科,下列各项，除哪项外均为各种淋证的共同表现,D,小便频急,腰部酸痛,淋沥涩痛,尿血而痛,小腹拘急
中医内科,淋证的病位是在,C,肾,膀胱,肾、膀胱,肾、三焦,脾、肾
中医内科,无比山药丸可用治疗下列何种病证,D,气淋,癃闭,血淋,劳淋,尿浊
中医内科,血淋与尿血的主要鉴别在于,E,小便血色是鲜红还是紫暗,小便量的多少,小便有无混浊,小便是否通畅,小便时有无疼痛
中医内科,小蓟饮子可用于治疗,B,气淋,血淋,劳淋,膏淋,以上都不是
中医内科,膏淋者，其最佳选方是,C,八正散,知柏地黄丸,程氏萆薢分清饮,导赤散,苍术难名丹
中医内科,气淋，其选方最宜用,B,二神散,沉香散,六磨汤,五磨饮子,柴胡疏肝散
中医内科,患者小便热涩疼痛，尿色深红，或夹有血块。应首先考虑的是,D,热淋,石淋,气淋,血淋,劳淋
中医内科,患者小便热涩刺痛，尿色深红，夹有血块，心烦，舌苔黄，脉滑数。其治法是,D,清热泻火，利湿通淋,滋阴清热，补虚止血,化瘀通淋，凉血止血,清热通淋，凉血止血,清热利湿，通淋排石
中医内科,患者男性，40岁，急性发病，发病半日，尿道窘迫疼痛，少腹拘急，腰部绞痛，大便秘结，曾发作二次排尿突然中断。舌质红，苔黄腻，脉弦紧数。应选用的主方为,A,石韦散,八正散,沉香散,四妙丸,大柴胡汤
中医内科,尿浊的临床特点是,D,发热，小便赤热，尿时灼痛,排出砂石，排尿中断，腰酸绞痛,小腹胀满，尿涩疼痛，余沥不尽,小便混浊，白如泔浆，尿道不痛,小便混浊，滑如脂膏，尿热涩痛
中医内科,膏淋的临床特点是,E,发热，小便赤热，尿时灼痛,排出砂石，排尿中断，腰酸绞痛,小腹胀满，尿涩疼痛，余沥不尽,小便混浊，白如泔浆，尿道不痛,小便混浊，滑如脂膏，尿热涩痛
中医内科,热淋的主方是,B,石韦散,八正散,二神散,沉香散,代抵当汤
中医内科,石淋的主方是,A,石韦散,八正散,二神散,沉香散,代抵当汤
中医内科,小便闭塞，点滴不通，病势较急者应诊断为,D,水肿,淋证,癃,闭,关格
中医内科,治疗癃闭浊瘀阻塞证，应首选,D,桃红四物汤,失笑散,丹参饮,代抵当丸,血府逐瘀汤
中医内科,下列哪项不属于癃闭的实证,D,肺热壅盛证,肝郁气滞证,膀胱湿热证,肾阳衰惫证,浊瘀阻塞证
中医内科,癃闭最基本的病机是,C,肺热壅盛，不能通调水道,肝气失于疏泄，膀胱气化不利,膀胱气化失调,脾肾气阳虚弱，膀胱气化无权,浊瘀阻塞，水道不通
中医内科,小便不畅，点滴而短少，病势较缓者应诊断为,C,水肿,淋证,癃,闭,关格
中医内科,患者男性，65岁，排尿不畅3年，加重1个月，小便点滴而出，小腹胀痛，腰膝酸痛，神疲乏力，畏寒肢冷，舌质淡，苔白，脉沉细无力，应诊为,E,淋证,关格,少尿,腰痛,癃闭
中医内科,患者情志抑郁，小便通而不畅，胁腹胀满，舌红苔薄黄，脉弦。治疗应首选,E,补中益气汤,代抵当丸,八正散,清肺饮,沉香散
中医内科,患者小便不畅，咽干咳嗽，烦渴欲饮，呼吸急促，舌红，苔薄黄，脉数。治疗方剂宜首选,D,八正散,代抵当汤,沉香散,清肺饮,补中益气汤
中医内科,治疗癃闭之脾气不升证之首选方是,A,补中益气汤合春泽汤,清肺饮,代抵当丸,沉香散,八正散
中医内科,治疗癃闭之浊瘀阻塞证之首选方是,C,补中益气汤合春泽汤,清肺饮,代抵当丸,沉香散,八正散
中医内科,癃闭肺热壅盛证兼有头痛鼻塞脉浮宜选用,E,清肺饮加大黄、杏仁,清肺饮加黄连、竹叶,清肺饮加黄精、石斛,清肺饮加紫苏、荆芥,清肺饮加薄荷、桔梗
中医内科,癃闭肺阴不足者，宜选用,C,清肺饮加大黄、杏仁,清肺饮加黄连、竹叶,清肺饮加黄精、石斛,清肺饮加紫苏、荆芥,清肺饮加薄荷、桔梗
中医内科,癃闭浊瘀阻塞者宜选用,B,沉香散,代抵当丸,知柏地黄丸,八正散,济生肾气丸
中医内科,癃闭肝郁气滞证者宜选用,A,沉香散,代抵当丸,知柏地黄丸,八正散,济生肾气丸
中医内科,癃闭湿热蕴结膀胱者宜选用,D,沉香散,代抵当丸,知柏地黄丸,八正散,济生肾气丸
中医内科,治疗关格肾阳衰微、邪陷心包证伴心阳欲脱，应首选的方剂是,C,真武汤,四逆汤,参附龙牡汤,己椒苈黄丸,参附汤合苏合香丸
中医内科,治疗关格肝肾阴虚、肝风内动证，应首选的方剂是,D,左归丸合小半夏汤,程氏萆薜分清饮,温脾汤合吴茱萸汤,杞菊地黄丸合羚角钩藤汤,参附汤合苏合香丸
中医内科,关格脾肾阳虚、湿浊内蕴证的主症中，错误的是,E,泛恶呕吐,腰以下浮肿为主,小便短少，甚则尿闭,形寒肢冷,神识昏蒙
中医内科,关格肝肾阴虚，肝风内动证的治法为,C,温补脾肾，化湿降浊,温阳固脱，降浊开窍,滋肝补肾，平肝息风,温补肾阳，化气行水,升清降浊，化气行水
中医内科,与关格关系最为密切的脏腑是,C,肺,脾,肾,膀胱,大肠
中医内科,下列各项，不属关格诱因的是,D,外感风寒,饮食不节,情志不畅,经常憋尿,劳欲过度
中医内科,不属关格主要病理因素的是,C,湿浊,水气,外风,瘀血,内风
中医内科,关格基本的病变脏器是,D,肺、肾,肝、肾,心、肾,脾、肾,肺、脾
中医内科,下列关于关格的各项叙述中，错误的是,E,临床特征是小便不通与呕吐并见,基本病机是脾肾衰惫，气化不利，湿浊毒邪内蕴三焦,病理性质为本虚标实,多见于水肿、淋证、癃闭等病证的晚期,关格较重者，给高热量、高蛋白饮食
中医内科,患者，女性，48岁，有消渴病10年。现症：小便短少，呕恶频作，头晕头痛，腰膝酸软，手足抽搐，舌红，苔黄腻，脉弦细。此病证的诊断是,B,关格肾阳衰微、邪陷心包证,关格肝肾阴虚、肝风内动证,关格脾肾阳虚、湿浊内蕴证,癃闭膀胱湿热证,消渴肾阴亏虚证
中医内科,半夏厚朴汤适用于郁证的哪一证型,C,肝气郁结证,气郁化火证,痰气郁结证,心脾两虚证,心肾阴虚证
中医内科,郁证气郁化火证的最佳选方是,C,知柏地黄丸,清金化痰汤,丹栀逍遥散,泻心汤,龙胆泻肝汤
中医内科,郁证肝气郁结证的最佳选方是,B,四逆散,柴胡疏肝散,越鞠丸,逍遥散,小柴胡汤
中医内科,各证型的郁证均可出现,C,血郁症状,湿郁症状,气郁症状,热郁症状,痰郁症状
中医内科,郁证的预后多为,C,差,极差,良好,迁延难愈,不一定
中医内科,郁证的发生虽与五脏均有关，但主要受累之脏为,B,心、肝、肾,肝、心、脾,肺、心、肝,肺、脾、肾,心、肺、肾
中医内科,郁证的形成常以何者为先,E,血郁,火郁,痰郁,食郁,气郁
中医内科,郁证主要的病因是,A,情志内伤,感受外邪,饮食所伤,胃失和降,肝气上逆
中医内科,患者精神恍惚，心神不宁，悲忧善哭，时时欠伸，舌淡苔薄白，脉弦细。其治法是,C,益气养血,补肾宁心,养心安神,解郁化痰,疏肝解郁
中医内科,精神抑郁，情绪不宁，身重，胸胁脘腹胀满，嗳气，口腻，便溏。多属,E,气郁,血郁,痰郁,火郁,湿郁
中医内科,精神抑郁，情绪不宁，胸胁胀满疼痛，脘腹胀满，咽中如物梗塞，苔腻。多属,C,气郁,血郁,痰郁,火郁,湿郁
中医内科,性情急躁易怒，胸胁胀满，口苦而干，舌红，苔黄。多属,D,气郁,血郁,痰郁,火郁,湿郁
中医内科,郁病心神失养证的治疗宜选用,D,柴胡疏肝散,丹栀逍遥散,半夏厚朴汤,甘麦大枣汤,龙胆泻肝汤
中医内科,郁病痰气郁结证的治疗宜选用,C,柴胡疏肝散,丹栀逍遥散,半夏厚朴汤,甘麦大枣汤,龙胆泻肝汤
中医内科,治疗气血亏虚型鼻衄，宜选用,C,补中益气汤,黄芪建中汤,归脾汤,理中汤,以上均非
中医内科,治疗脾胃虚寒所致的便血，宜选用,C,补中益气汤,黄芪建中汤,黄土汤,理中汤,十全大补汤
中医内科,治疗齿衄胃火炽盛证的最佳选方为,B,玉女煎,加味清胃散合泻心汤,加味清胃散合左金丸,加味清胃散,加味平胃散合泻心汤
中医内科,治疗气不摄血所致的便血，宜选用,C,补中益气汤,黄芪建中汤,归脾汤,理中汤,十全大补汤
中医内科,患者吐血色红，夹有食物残渣，脘腹胀闷，口臭，便秘，大便色黑，舌红，苔黄，脉滑数，治疗宜选用,B,泻心汤合清胃散,泻心汤合十灰散,玉女煎合左金丸,龙胆泻肝汤合清胃散,清胃散合茜根散
中医内科,患者咳嗽阵作，痰中带血鲜红，烦躁易怒，胸胁疼痛，小便黄赤，大便干结，舌苔黄，脉弦数，治疗宜用,D,桑杏汤,清燥救肺汤,百合固金汤,泻白散合黛蛤散,龙胆泻肝汤
中医内科,患者，男，37岁。有饮酒史。脘腹胀闷作痛，吐血紫黯，夹有食物残渣，口苦口臭，尿黄便秘，舌红苔黄腻，脉滑数。诊为吐血，其证候是,A,胃热壅盛,肝火犯胃,气虚血溢,络瘀血溢,以上均非
中医内科,患者，男，50岁，久嗜辛辣之品，大便下血，色鲜红，便下不爽，伴有腹痛，肛门灼热，口苦，舌红，苔黄厚腻，脉滑数，辨证为,A,肠道湿热,胃热壅盛,脾胃虚寒,脾胃湿热,胃肠积热
中医内科,治疗鼻衄热邪犯肺证的最佳选方是,D,银翘散,沙参麦冬汤,玉女煎,桑菊饮,白虎汤
中医内科,治疗鼻衄胃热炽盛证的最佳选方是,C,银翘散,沙参麦冬汤,玉女煎,桑菊饮,白虎汤
中医内科,下列哪项不是广义的痰饮范畴,D,悬饮,痰饮,支饮,水饮,溢饮
中医内科,治疗支饮脾肾阳虚证宜选用,E,柴枳半夏汤,香附旋覆花汤,小青龙汤,甘遂半夏汤,金匮肾气丸合苓桂术甘汤
中医内科,治疗支饮寒饮伏肺证宜选用,C,柴枳半夏汤,香附旋覆花汤,小青龙汤,甘遂半夏汤,肾气丸合苓桂术甘汤
中医内科,治疗溢饮表寒里饮证宜选用,C,柴枳半夏汤,香附旋覆花汤,小青龙汤,甘遂半夏汤,肾气丸合苓桂术甘汤
中医内科,治疗悬饮阴虚内热证宜选用,D,柴枳半夏汤,香附旋覆花汤,椒目瓜蒌汤合十枣汤,沙参麦冬汤合泻白散,苓桂术甘汤合小半夏加茯苓汤
中医内科,治疗悬饮络气不和证宜选用,B,柴枳半夏汤,香附旋覆花汤,椒目瓜蒌汤合十枣汤,沙参麦冬汤合泻白散,苓桂术甘汤合小半夏加茯苓汤
中医内科,治疗痰饮脾阳虚弱证宜选用,E,柴枳半夏汤,香附旋覆花汤,椒目瓜蒌汤合十枣汤,沙参麦冬汤合泻白散,苓桂术甘汤合小半夏加茯苓汤
中医内科,治疗痰饮的主要原则是,D,清热,化痰,利水,温化,逐饮
中医内科,溢饮是指饮邪留于,C,胃肠,胁下,肢体,胸肺,腹内
中医内科,狭义的痰饮是指饮邪留于,A,胃肠,胁下,肢体,胸肺,腹内
中医内科,患者咳唾时胸胁引痛，咳逆喘息不能平卧，右侧肋间饱满，舌苔白腻，脉沉弦。其诊断为,E,痰饮，脾阳虚弱,悬饮，邪犯胸肺,支饮，寒饮伏肺,溢饮，水饮泛溢,悬饮，饮停胸胁
中医内科,患者男，65岁，患痰饮病，症见喘促，动则尤甚，气短，咳而痰多，食少胸闷，怯寒肢冷，神疲，少腹拘急不仁，小便不利．，足跗浮肿，舌体胖大，质淡，苔白润，脉沉细而滑，辨证应属,D,支饮寒饮伏肺证,溢饮表寒里饮证,痰饮脾阳虚弱证,支饮脾肾阳虚证,悬饮饮停胸胁证
中医内科,治疗悬饮邪犯胸肺证宜选用,A,柴枳半夏汤,香附旋覆花汤,椒目瓜蒌汤合十枣汤,沙参麦冬汤合泻白散,苓桂术甘汤合小半夏加茯苓汤
中医内科,治疗悬饮饮停胸胁证宜选用,C,柴枳半夏汤,香附旋覆花汤,椒目瓜蒌汤合十枣汤,沙参麦冬汤合泻白散,苓桂术甘汤合小半夏加茯苓汤
中医内科,悬饮是指饮邪留于,B,饮留胃肠,饮留胁下,饮溢肢体,饮撑胸肺,饮留腹内
中医内科,支饮是指饮邪留于,D,饮留胃肠,饮留胁下,饮溢肢体,饮撑胸肺,饮留腹内
中医内科,下列各项，除哪项外，均是消渴发病的主要病机,E,燥热,气虚,阴虚,血瘀,水停
中医内科,“消渴”上消临床表现突出的症状是,D,消谷善饥,烦躁不安,身体消瘦,烦渴引饮,尿频量多
中医内科,消渴的病变脏腑主要是,B,肺、脾、肾,肺、胃、肾,心、肝、肾,肝、脾、肾,脾、胃、肾
中医内科,消渴病的病理变化主要是,D,肾阴亏损,胃热炽盛,肺热津伤,阴虚燥热,阴阳两虚
中医内科,患者尿频量多，混浊如脂膏，时或尿甜，口干舌燥，舌红，脉沉细数。治法宜用,C,清利湿热,清热化湿,滋阴固肾,健脾益肾,滋肾壮阳
中医内科,患者烦渴多饮半月余，口干舌燥，尿频量多，舌边尖红，苔黄，脉洪数有力。治则宜用,A,清热润肺，生津止渴,养阴润肺，生津止渴,清胃泻火，养阴保津,滋阴固肾，生津止渴,滋养胃阴，生津止渴
中医内科,消渴病，口渴多饮，口舌干燥，尿频量多，舌边尖红，苔薄黄，脉数。辨证应属,A,上消肺热津伤证,中消胃热炽盛证,中消气阴亏虚证,下消肾阴亏虚证,下消阴阳两虚证
中医内科,消渴病，多食易饥，口渴，尿多，形体消瘦，苔黄，脉滑实有力。辨证应属,B,上消肺热津伤证,中消胃热炽盛证,中消气阴亏虚证,下消肾阴亏虚证,下消阴阳两虚证
中医内科,消渴病，口渴引饮，能食与便溏并见，精神不振，四肢乏力，舌质淡，苔白而干，脉弱。辨证应属,C,上消肺热津伤证,中消胃热炽盛证,中消气阴亏虚证,下消肾阴亏虚证,下消阴阳两虚证
中医内科,消渴病，尿频量多，混浊如脂膏，尿有甜味，腰膝酸软，乏力，头晕耳鸣，口干唇燥，皮肤干燥，瘙痒，舌红苔少，脉细数。辨证应属,D,上消肺热津伤证,中消胃热炽盛证,中消气阴亏虚证,下消肾阴亏虚证,下消阴阳两虚证
中医内科,消渴病，口渴多饮，口舌干燥，尿频量多，舌边尖红，苔薄黄，脉数。宜选上述何方加减治疗,A,消渴方,玉女煎,七味白术散,六味地黄丸,金匮肾气丸
中医内科,消渴病，多食易饥，口渴，尿多，形体消瘦，苔黄，脉滑实有力。宜选上述何方加减治疗,B,消渴方,玉女煎,七味白术散,六味地黄丸,金匮肾气丸
中医内科,消渴病，口渴引饮，能食与便溏并见，精神不振，四肢乏力，舌质淡，苔白而干，脉弱。宜选上述何方加减治疗,C,消渴方,玉女煎,七味白术散,六味地黄丸,金匮肾气丸
中医内科,消渴病，尿频量多，混浊如脂膏，尿有甜味，腰膝酸软，乏力，头晕耳鸣，口干唇燥，皮肤干燥，瘙痒，舌红苔少，脉细数。宜选上述何方加减治疗,D,消渴方,玉女煎,七味白术散,六味地黄丸,金匮肾气丸
中医内科,消渴病，小便频数，混浊如膏，甚至饮一溲一，面容憔悴，耳轮干枯，腰膝酸软，四肢欠温，畏寒肢冷，阳痿，舌苔淡白而干，脉沉细无力。宜选上述何方加减治疗,E,消渴方,玉女煎,七味白术散,六味地黄丸,金匮肾气丸
中医内科,自汗、盗汗可加用固涩敛汗的药物是,D,黄芪、白术、防风,麦冬、五味子,秦艽、银柴胡、白薇,五味子、瘪桃干、牡蛎,甘麦、大枣
中医内科,下列关于自汗盗汗的病机描述中，错误的是,A,实证者多由外感风热及肝火所致,基本病机为阴阳失调，腠理不固，营卫失和,自汗多为气虚,盗汗多为阴虚,病理性质虚多实少
中医内科,自汗盗汗属虚证者的治疗原则是,B,化湿和营,调和营卫,温肾固摄,清化湿热,清肝泄热
中医内科,汗证，阴虚火旺证的最佳选方是,D,百合固金汤,知柏地黄丸,天王补心丹,当归六黄汤,滋水清肝饮
中医内科,汗证，邪热郁蒸证的最佳选方是,D,茵陈蒿汤,四妙丸,黄连温胆汤,龙胆泻肝汤,黄连解毒汤
中医内科,汗证，蒸蒸汗出，汗黏，汗液易使衣服黄染，面赤烘热，苔薄黄，脉弦数。辨证应属,D,肺卫不固证,心血不足证,阴虚火旺证,邪热郁蒸证,中焦湿热证
中医内科,患者夜寐盗汗，五心烦热，两颧色红，口渴，舌红少苔，脉细数。治疗应首选,C,黄连阿胶汤,黄连温胆汤,当归六黄汤,养阴清肺汤,甘麦大枣汤
中医内科,患者，女性，30岁，蒸蒸汗出，汗液易使衣服黄染，面赤烘热，苔薄，脉弦数，辨证应属,E,心血不足证,肺卫不固证,阴虚火旺证,中焦湿热证,邪热郁蒸证
中医内科,患者男性，55岁。有慢性咳喘病史十余年，平素易汗出，劳动后尤甚，易外感，体倦乏力，恶风，舌苔薄白，脉细弱。该患者治疗首选,C,麻杏石甘汤,桂枝汤,玉屏风散,当归六黄汤,桂枝甘草龙骨牡蛎汤
中医内科,汗证，汗出恶风，稍劳汗出尤甚，易于感冒，体倦乏力，面色少华，苔薄白，脉细弱。辨证应属,A,肺卫不固证,心血不足证,阴虚火旺证,邪热郁蒸证,脾胃虚弱证
中医内科,汗证，自汗或盗汗，神疲气短，面色不华，舌质淡，脉细。辨证应属,B,肺卫不固证,心血不足证,阴虚火旺证,邪热郁蒸证,脾胃虚弱证
中医内科,汗证，夜寐盗汗，或有自汗，五心烦热，或兼午后潮热，两颧色红，口渴，舌红少苔，脉细数。辨证应属,C,肺卫不固证,心血不足证,阴虚火旺证,邪热郁蒸证,脾胃虚弱证
中医内科,治疗内伤发热之阴虚发热证，最佳选方为,C,一贯煎,麦味地黄丸,清骨散,当归六黄汤,左归丸
中医内科,可谓是后世甘温除热治法先声的方剂是,B,大建中汤,小建中汤,黄芪建中汤,补中益气汤,人参养荣汤
中医内科,患者常在劳累之后低热，伴有头晕乏力，气短懒言，食少纳呆，大便溏薄，舌淡苔白，脉弱。其治法是,D,滋阴清热,活血化瘀,清肝泻热,甘温除热,益气养血
中医内科,患者发热，热势不高，常在劳累后加剧，身倦乏力，气短懒言，自汗，易于感冒，食少便溏，舌质淡，苔白薄，脉细弱。辨证应属,B,阴虚发热证,气虚发热证,血虚发热证,血瘀发热证,气郁发热证
中医内科,患者发热，热势较低，头晕眼花，身倦乏力，心悸不宁，面色少华，唇甲色淡，舌质淡，脉细弱。辨证应属,C,阴虚发热证,气虚发热证,血虚发热证,血瘀发热证,气郁发热证
中医内科,患者低热，午后热甚，胸闷脘痞，全身重着，不思饮食，渴不欲饮，呕恶，大便黏滞不爽，舌苔白腻，脉濡数。辨证应属,C,阴虚发热证,气虚发热证,痰湿郁热证,血瘀发热证,气郁发热证
中医内科,患者午后或夜间发热，自觉身体某些部位发热，口燥咽干，但不欲多饮，肢体疼痛，面色萎黄，舌有瘀点，脉弦。辨证应属,D,阴虚发热证,气虚发热证,血虚发热证,血瘀发热证,气郁发热证
中医内科,患者低热，热势随情绪而起伏，精神抑郁，胁肋胀满，烦躁易怒，口干而苦，舌质红，苔黄，脉弦数。辨证应属,E,阴虚发热证,气虚发热证,血虚发热证,血瘀发热证,气郁发热证
中医内科,患者午后或夜间发热，不欲近衣，手足心热，烦躁，少寐多梦，盗汗，口干咽燥，舌质红，苔少，脉细数。辨证应属,A,阴虚发热证,气虚发热证,血虚发热证,血瘀发热证,气郁发热证
中医内科,治疗内伤发热气郁发热证的代表方是,A,丹栀逍遥散,清骨散,补中益气汤,血府逐瘀汤,归脾汤
中医内科,治疗内伤发热血瘀发热证的代表方是,D,丹栀逍遥散,清骨散,补中益气汤,血府逐瘀汤,归脾汤
中医内科,治疗内伤发热阴虚发热证的代表方是,B,丹栀逍遥散,清骨散,补中益气汤,血府逐瘀汤,归脾汤
中医内科,治疗内伤发热气虚发热证的代表方是,C,丹栀逍遥散,清骨散,补中益气汤,血府逐瘀汤,归脾汤
中医内科,治疗内伤发热血虚发热证的代表方是,E,丹栀逍遥散,清骨散,补中益气汤,血府逐瘀汤,归脾汤
中医内科,虚劳与肺痨的鉴别中，最有意义的是,B,有无消瘦,有无传染性,有无咳血,有无午后低热,有无盗汗
中医内科,虚劳的预后，与哪些脏腑的关系最密切,D,肺、脾,脾、胃,肝、肾,脾、肾,心、肾
中医内科,虚劳证，心悸，气短，劳则尤甚，自汗，神疲乏力，苔薄白，脉弱。辨证应属,C,肺阴虚证,肺气虚证,心气虚证,脾气虚证,肾气虚证
中医内科,虚劳证，咳嗽无力，痰液清稀，短气自汗，声音低怯，时寒时热，平素易于感冒，苔薄白，脉弱。辨证应属,B,肺阴虚证,肺气虚证,心气虚证,脾气虚证,肾气虚证
中医内科,患者为女性，66岁，近半年来出现纳呆，食后胃脘不舒，乏力倦怠，面色萎黄，大便稀溏，舌淡苔薄白，脉弱少力，此时辨证为,C,心血虚,脾阳虚,脾气虚,脾胃阴虚,脾血虚
中医内科,虚劳患者，短气自汗，声音低怯，时寒时热，平素易于感冒，舌质淡，脉弱。其证候是,A,肺气虚,脾气虚,肺阴虚,脾阳虚,肾气虚
中医内科,患者刘某，男，69岁，平素体弱多病，现症见腰酸背痛，小便失禁，畏寒肢冷，下利清谷，舌质淡胖，苔白，脉沉迟。最佳方剂为,D,附子理中丸,拯阳理劳汤,左归丸,右归丸,归脾汤
中医内科,七福饮治疗虚劳的证型为,B,心阳虚证,心气虚证,肾气虚证,肾阳虚证,阴虚证
中医内科,大补元煎治疗虚劳的证型为,C,心阳虚证,心气虚证,肾气虚证,肾阳虚证,阴虚证
中医内科,大脑枕叶部肿瘤定位征为,B,听觉障碍,视野缺损,对侧偏瘫,运动性失语,感觉性失语
中医内科,关于癌病的病因，说法错误的是,D,饮食失调,宿有旧疾,久病伤正,误治失治,六淫邪毒
中医内科,晚期肾癌典型的三联症是,B,血尿、尿频、尿急,血尿、腰部疼痛、上腹或腰部肿块,血尿、腰腹绞痛、排尿中断,尿频、尿急、尿痛,血尿、排尿不畅、排尿射程短
中医内科,大肠癌瘀毒内阻证的治疗方剂,C,少腹逐瘀汤,复元活血汤,膈下逐瘀汤,血府逐瘀汤,桃核承气汤
中医内科,肝癌肝气郁结证的主治方剂,B,茵陈蒿汤,柴胡疏肝散,泻白散,一贯煎,四逆散
中医内科,肺癌瘀阻肺络证的主治方剂,A,血府逐瘀汤,少腹逐瘀汤,桃红四物汤,通窍活血汤,百合固金汤
中医内科,脑瘤的标实主要是,A,痰浊、瘀血、风毒,湿热、瘀血,湿热、瘀毒,痰湿、水饮,痰浊、瘀血、气阻
中医内科,肺癌的标实主要是,E,痰浊、瘀血、风毒,湿热、瘀血,湿热、瘀毒,痰湿、水饮,痰浊、瘀血、气阻
中医内科,大肠癌脾肾双亏证的治法是,C,行气散结,益气养阴,温阳益精,滋肾养肝,健脾益肾，软坚散结
中医内科,肾癌脾肾两虚证的治法是,E,行气散结,益气养阴,温阳益精,滋肾养肝,健脾益肾，软坚散结
中医内科,下列除哪项外，均是厥证的病因,E,情志内伤,体虚劳倦,亡血失津,饮食不节,感受暑热
中医内科,厥证的基本病机是,B,气虚下陷，清阳不升,气机逆乱，升降乖戾,痰随气升，上蒙清窍,失血过多，气随血脱,气血凝滞，脉络瘀阻
中医内科,厥证的主要治疗原则是,C,开窍化痰,回阳救逆,醒神回厥,开窍辟秽,益气回阳
中医内科,下列哪项不是气厥实证的特点,A,面赤唇紫,头晕头痛,脉沉而弦,呼吸气粗,突然昏仆
中医内科,下列哪项不是血厥实证的特点,E,舌质暗红,突然昏仆,脉弦有力,面赤唇紫,目陷口张
中医内科,下列哪项不是血厥之虚证的特点,C,口开手撒,汗出肢冷,痰涎壅盛,面色苍白,声低息微
中医内科,下列哪项不是厥之实证的特点,B,声高息促,眩晕昏厥,面红气粗,脉洪大有力,口噤握拳
中医内科,赵某，女，46岁。由于情志不遂，突然昏倒，不省人事，口噤拳握，呼吸气粗，或四肢厥冷，苔薄白，脉伏或沉。治法宜,B,补气回阳,开窍，顺气，解郁,活血顺气,补养气血,行气豁痰
中医内科,贺某，女，54岁。缘于暴怒，突然昏倒，不省人事，牙关紧闭，面赤唇紫，舌黯红，脉弦有力。辨证属于,C,气厥实证,气厥虚证,血厥实证,血厥虚证,痰厥
中医内科,刘某，女，62岁。平素多湿多痰，恼怒之后突然昏厥，喉有痰声，或呕吐涎沫，呼吸气粗，苔白腻，脉沉滑。治疗首选方剂为,D,五磨饮子,四味回阳饮,通瘀煎,导痰汤,神术散
中医内科,患者由情志异常、精神刺激而发作，突然昏倒，不知人事，或四肢厥冷，呼吸气粗，口噤握拳，舌苔薄白，脉伏或沉弦。证属,E,血厥实证,痰厥,气厥虚证,血厥虚证,气厥实证
中医内科,患者突然昏倒，不知人事，呼吸气粗，口噤握拳，舌苔薄白，脉伏。其证候是,A,气厥实证,气厥虚证,血厥实证,血厥虚证,痰厥
中医内科,患者突然眩晕昏仆，面色苍白，呼吸微弱，汗出肢冷，舌淡，脉沉细微。其证候是,B,气厥实证,气厥虚证,血厥实证,血厥虚证,痰厥
中医内科,治疗行痹，应首选,C,乌头汤,薏苡仁汤,防风汤,宣痹汤,白虎加桂枝汤
中医内科,痹证初起的主要症状不包括,E,疼痛,酸楚,重着,麻木,痿弱无力
中医内科,下列各项，属着痹特点的是,C,疼痛游走不定,"痛势较剧,痛有定处",关节酸痛、重着、漫肿,关节肿胀局限，见皮下结节,关节肿胀僵硬，疼痛不移
中医内科,痹证与痿证的鉴别要点首先在于,C,肢体活动情况,有无肌肉萎缩,痛与不痛,有无外感,关节肿与不肿
中医内科,对于痹证久病入络，抽掣疼痛，肢体拘挛者，应用下列何种止痛方法,D,活血化瘀止痛法,补虚止痛法,祛风散寒止痛法,搜风止痛法,清热消肿止痛法
中医内科,双合汤主要用于痹证之,C,行痹,风湿热痹,痰瘀痹阻证,肝肾两虚证,痛痹
中医内科,下列哪项不是风湿热痹的特点,D,局部灼热红肿,痛不可触,得冷则舒,肌肤麻木不仁,游走性关节疼痛
中医内科,患者肢体关节酸楚，重着，疼痛，关节活动不利，麻木不仁，舌苔白腻，脉濡缓。治疗应首选,C,独活寄生汤,蠲痹汤,薏苡仁汤,乌头汤,白虎加桂枝汤
中医内科,某男，48岁，四肢关节酸楚，两膝关节灼热红肿，疼痛而强硬，屈伸不利，汗出口渴，苔黄燥，脉滑数，证属,C,行痹,着痹,风湿热痹,痛痹,痰瘀痹阻
中医内科,某患者，肢体关节疼痛较剧，部位固定，遇寒痛甚，得热则痛缓，关节屈伸不利，舌质淡，苔薄白，脉弦紧，治疗方剂宜选,D,防风汤,双合汤,薏苡仁汤,乌头汤,宣痹汤
中医内科,行痹的主要症状是,C,关节疼痛，局部灼热红肿,肢体关节重着、酸痛，或肿胀,关节酸痛，游走不定，屈伸不利,关节肿痛，屈伸不利，周围结节，皮肤瘀斑,关节疼痛较剧，痛有定处，得热痛减，遇寒痛增
中医内科,着痹的主要症状是,B,关节疼痛，局部灼热红肿,肢体关节重着、酸痛，或肿胀,关节酸痛，游走不定，屈伸不利,关节肿痛，屈伸不利，周围结节，皮肤瘀斑,关节疼痛较剧，痛有定处，得热痛减，遇寒痛增
中医内科,痛痹的代表方宜选,B,防风汤,乌头汤,薏苡仁汤,蠲痹汤,双合汤
中医内科,行痹的代表方宜选,A,防风汤,乌头汤,薏苡仁汤,蠲痹汤,双合汤
中医内科,下列何项不是痿证形成的原因,D,感受温毒,跌仆瘀阻,饮食不节,风寒外袭,湿热浸淫
中医内科,痿证的病理因素主要是,A,湿、热,风、湿,燥、热,痰、瘀,寒、湿
中医内科,痿证的证候主症是,D,手足抽搐,肢体肿胀,手足不自主抖动,肢体软弱无力,肢体关节疼痛
中医内科,治疗肝肾亏损，髓枯筋痿之痿证，应首选,B,六味地黄丸,虎潜丸,大补阴丸,补肝汤,右归丸
中医内科,治痿慎用,C,清热药,滋阴药,风药,健脾药,活血药
中医内科,痿证多属五脏内伤，精血受损，阴虚火旺，临床少见,D,虚证,实证,虚实错杂,寒证,热证
中医内科,痿证见手足痿弱，形体瘦削，肌肤甲错者为瘀血久留，可用,B,补阳还五汤,圣愈汤送服大黄虫丸,身痛逐瘀汤,桃红四物汤,六味地黄丸
中医内科,下列何项不是痿证之脾胃虚弱证的主症,A,起病较急,肢体软弱无力,神疲肢倦,少气懒言,面色白或萎黄无华
中医内科,病起发热，热后突然出现肢体软弱无力，肌肉瘦削，皮肤干燥，心烦口渴，咳呛少痰，咽干不利，治疗该证的代表方为,E,桑杏汤,六味地黄丸,虎潜丸,加味二妙散,清燥救肺汤
中医内科,肢体困重，痿软无力，下肢痿弱为甚，手足麻木，扪及微热，喜凉恶热，胸脘痞闷，治疗该证的代表方为,C,三仁汤,茵陈蒿汤,加味二妙散,胃苓汤,藿香正气散
中医内科,其病缓慢，渐见肢体痿软无力，以下肢为甚，腰膝酸软，不能久立，甚则步履全废，腿胫大肉渐脱，或伴有眩晕耳鸣，舌咽干燥，遗精或遗尿，或妇女月经不调者，治宜,B,温肾壮阳，强健筋骨,补益肝肾，滋阴清热,补气活血，滋肾填精,补中益气，健脾升清,益气养营，活血行瘀
中医内科,患者肢体痿软，身体困重，足胫热气上腾，发热，胸痞脘闷，舌苔黄腻，脉滑数。其治法是,B,清热润燥，养肺生津,清热利湿，通利筋脉,泻南补北，滋阴清热,补益肝肾，清热滋阴,补益脾气，健运升清
中医内科,某患者，身热已退而见肢体软弱无力，肌肉瘦削，口干咽干较甚，小便黄赤，大便干燥。舌质红，苔黄，脉细数。宜选用,A,清燥救肺汤,玉女煎,胃苓汤,益胃汤,桑杏汤
中医内科,痿证之湿热浸淫证症见,B,病起发热，皮肤于燥，咳呛少痰,肢体困重，手足麻木，喜凉恶热,神疲肢倦，肌肉萎缩，少气懒言,腰膝酸软，眩晕耳鸣，舌咽干燥,手足麻木不仁，四肢青筋显露，舌痿不能伸缩
中医内科,痿证之脉络瘀阻证症见,E,病起发热，皮肤于燥，咳呛少痰,肢体困重，手足麻木，喜凉恶热,神疲肢倦，肌肉萎缩，少气懒言,腰膝酸软，眩晕耳鸣，舌咽干燥,手足麻木不仁，四肢青筋显露，舌痿不能伸缩
中医内科,痿证之脾胃虚弱证症见,C,病起发热，皮肤于燥，咳呛少痰,肢体困重，手足麻木，喜凉恶热,神疲肢倦，肌肉萎缩，少气懒言,腰膝酸软，眩晕耳鸣，舌咽干燥,手足麻木不仁，四肢青筋显露，舌痿不能伸缩
中医内科,痿证肺热津伤证代表方,C,益胃汤,三仁汤,清燥救肺汤,虎潜丸,加味二妙散
中医内科,痿证肝肾亏损证代表方,D,益胃汤,三仁汤,清燥救肺汤,虎潜丸,加味二妙散
中医内科,痿证湿热浸淫证代表方,E,益胃汤,三仁汤,清燥救肺汤,虎潜丸,加味二妙散
中医内科,颤证中实证的临床表现是,C,体瘦眩晕,缠绵难愈,震颤较剧,腰膝酸软,遇烦劳而加重
中医内科,下列各项，不符合颤证气血亏虚证主症特点的是,D,面色淡白,表情淡漠,头摇肢颤,心情紧张时颤动加重,神疲乏力
中医内科,颤证的病位是,C,脑,心,筋脉,关节,肌肉
中医内科,下列各项，不符合颤证临床特征的是,D,隐袭起病，逐渐加重,多发生于中老年人,头部及肢体颤抖不能自制,四肢痿软,动作笨拙，活动减少
中医内科,下列各项，不属颤证病因的是,A,跌仆损伤,劳逸失当,年老体虚,情志过极,饮食不节
中医内科,颤证气血亏虚证的主治方剂,C,补中益气汤,羚角钩藤汤,人参养荣汤,地黄饮子,镇肝息风汤
中医内科,颤证阳气虚衰证可选用,B,右归丸,地黄饮子,生脉散,当归四逆汤,归脾汤
中医内科,颤证的基本病机是,A,肝风内动，筋脉失养,气机逆乱，升降失司,邪气痹阻，经脉不通,气血不畅，四肢痿弱,以上皆不正确
中医内科,下列关于颤证病机的叙述中，错误的是,B,基本病机为肝风内动，筋脉失养,与肝、肾、心关系密切,病理因素为风、火、痰、瘀,病理性质属本虚标实,以阴津精血亏虚为主
中医内科,陈某，男性，79岁。近1月肢体不能自制地颤抖，颤动粗大，程度较重，心情紧张时颤动加重，伴有眩晕耳鸣，面赤烦躁，易激动，语言迟缓不清，流涎，大便干，舌质红，苔黄，脉弦。其诊断是,A,颤证风阳内动证,颤证痰热风动证,颤证髓海不足证,眩晕肝阳上亢证,中风风痰瘀阻证
中医内科,李某，女性，75岁。头摇不止，肢麻震颤，头晕目眩，胸脘痞闷，口苦口黏，舌体胖大，有齿痕，舌质红，舌苔黄腻，脉弦滑数。治疗此病证首选的方剂是（,D,地黄饮子,黄连温胆汤,龟鹿二仙膏合大定风珠,导痰汤合羚角钩藤汤,天麻钩藤饮合镇肝息风汤加减
中医内科,颤证患者肢体颤动不止，应加用,E,皂角、白芥子,地龙、丝瓜络,石菖蒲、远志,龙胆草、夏枯草,僵蚕、全蝎
中医内科,颤证患者神识呆滞，应加用,C,皂角、白芥子,地龙、丝瓜络,石菖蒲、远志,龙胆草、夏枯草,僵蚕、全蝎
中医内科,下列不是外感腰痛的致病病邪的是,E,风,寒,湿,热,燥
中医内科,下列不是内伤腰痛虚证特点的是,D,腰部隐痛,病程缠绵,起病隐袭,腰痛明显,酸软无力
中医内科,肾虚腰痛，无明显阴阳偏盛者，可服用,D,河车大造丸,补髓丹,六味地黄丸,青娥丸,金匮肾气丸
中医内科,下列不是湿热腰痛特点的是,D,腰部重着而热,暑湿阴雨天气症状加重,身体困重,腰部冷痛,活动后或可减轻
中医内科,瘀血腰痛，治宜选用加减。,A,身痛逐瘀汤,少腹逐瘀汤,血府逐瘀汤,膈下逐瘀汤,补阳还五汤
中医内科,下列不是寒湿腰痛特点的是,B,腰部冷痛重着,腰痛如刺,静卧痛不减,寒冷阴雨天气加重,转侧不利，逐渐加重
中医内科,腰痛的基本病机为,C,外邪痹阻经脉，气血运行不畅,肾精亏虚，腰府失养,筋脉痹阻，腰府失养,气滞血瘀，不通则痛,肾阳不足，不能温煦筋脉
中医内科,下列不是腰痛病因的是,E,居处潮湿,劳作汗出当风,冒雨着凉,年老体衰,饮食不节
中医内科,腰痛发病的关键是,C,寒湿,湿热,肾虚,气滞,血瘀
中医内科,患者腰部疼痛，重着而热，暑湿阴雨天气症状加重，身体困重，舌苔黄腻，脉濡数或弦数，治宜,B,清热化痰，舒筋通络,清热利湿，舒筋止痛,利水消肿，舒筋通络,活血化瘀，通络止痛,健脾渗湿，舒筋止痛
中医内科,腰痛患者，腰部冷痛重着，转侧不利，静卧痛不减，遇阴雨天疼痛加重，舌苔白腻，脉沉缓。其证候是,A,寒湿腰痛,风寒腰痛,瘀血腰痛,湿热腰痛,肾虚腰痛
中医内科,寒湿腰痛的特点是,C,腰部疼痛，重着而热,腰痛如刺，痛有定处,腰部冷痛重着,腰部隐痛,腰部酸软无力
中医内科,湿热腰痛的特点是,A,腰部疼痛，重着而热,腰痛如刺，痛有定处,腰部冷痛重着,腰部隐痛,腰部酸软无力
中医内科,瘀血腰痛的特点是,B,腰部疼痛，重着而热,腰痛如刺，痛有定处,腰部冷痛重着,腰部隐痛,腰部酸软无力
中医内科,肾阳虚腰痛，治宜,E,甘姜苓术汤,独活寄生汤加附子,四妙丸,身痛逐瘀汤,右归丸
中医内科,湿热腰痛，治宜,C,甘姜苓术汤,独活寄生汤加附子,四妙丸,身痛逐瘀汤,右归丸
中医基础理论,下列表述中属于证的是,A,肝阳上亢,水痘,感冒,头痛,恶寒
中医基础理论,下列属于证的的表述是,D,麻疹,水痘,头痛,风热感冒,恶寒
中医基础理论,下列表述中不属于症的是,E,胸闷,恶寒,口苦,发热,消渴
中医基础理论,中医学整体观念的内涵是,A,人体是一个整体，人与自然、社会相互统一,人体是一个有机整体,自然界是一个整体,时令晨昏对人体有影响,五脏与六腑是一个整体
中医基础理论,人体有机整体的中心是,E,心,脑,经络,脏腑,五脏
中医基础理论,整体观念的内容有,E,人体是一个有机整体,人与自然环境的统一性,人与社会环境的统一性,五脏一体观，形神一体观,以上均是
中医基础理论,有机整体的中心是,D,脑,肝,心,五脏,经络
中医基础理论,有机整体的主宰是,C,脑,肝,心,五脏,经络
中医基础理论,构成世界的本源是,B,天气,精气,阳气,水精,地气
中医基础理论,天地万物相互联系的中介是,C,天气,地气,精气,阴阳,阳气
中医基础理论,构成人体的基本物质是,E,天气,清气,阳气,水精,精气
中医基础理论,气的运动形式不包括,E,升,降,聚,散,化
中医基础理论,精气学说的基本内容包括,E,精气是构成宇宙的本原,精气的运动与变化,精气是天地万物的中介,天地精气化生为人,以上皆是
中医基础理论,两汉时期“元气一元论”认为，构成宇宙万物最基本、最原始的物质是,A,元气,精气,谷气,云气,精
中医基础理论,昼夜分阴阳，属于“阴中之阴”的时间是,D,上午,中午,下午,前半夜,后半夜
中医基础理论,属于阳的味是,C,酸、苦、咸,辛、苦、咸,辛、甘、淡,甘、淡、涩,甘、苦、淡
中医基础理论,“阴在内，阳之守也；阳在外，阴之使也”，主要说明阴阳之间存在何种关系,B,对立制约,互根互用,互为消长,平衡协调,互相转化
中医基础理论,下列阴和阳的概念中，最确切的是,D,阴和阳是中国古代的两点论,阴和阳即是矛盾,阴和阳代表对立的事物,阴和阳代表对立又相互关联的事物属性,阴和阳说明相互关联着的事件
中医基础理论,属于阴的是,C,脉象洪大,面色鲜明,迟脉,脉象滑数,声高
中医基础理论,“阴胜则阳病”说明了阴阳之间的何种关系,C,阴阳交感,阴阳互根,阴阳对立,阴阳消长,阴阳转化
中医基础理论,“阴阳离决，精气乃绝”阐述的阴阳关系是,E,阴阳消长,阴阳交感,阴阳转化,阴阳对立,阴阳互根
中医基础理论,所谓“独阴不生，独阳不长”说明阴阳之间的何种关系,B,阴阳对立制约,阴阳互根,阴阳交感互藏,阴阳消长,以上皆非
中医基础理论,补阳时适当配伍补阴药的方法称为,A,阴中求阳,阳中求阴,阴病治阳,阳病治阴,以上均非
中医基础理论,“阴病治阳”的病理基础是,B,阴虚,阳虚,阴盛,阳盛,阴阳两虚
中医基础理论,对阴阳偏衰采用的治疗原则是,B,损其有余,补其不足,寒者热之,热者寒之,调整阴阳
中医基础理论,对阴阳偏盛采用的治疗原则是,A,损其有余,补其不足,寒者热之,热者寒之,调整阴阳
中医基础理论,治疗疾病的基本原则是,E,损其有余,补其不足,寒者热之,热者寒之,调整阴阳
中医基础理论,“益火之源，以消阴翳”指的是,A,阴病治阳,阳病治阴,热者寒之,寒者热之,阳中求阴
中医基础理论,诊断疾病时以气息分阴阳，属阳者为,D,语声低微,语声无力,少言沉静,语声高亢,低声懒言
中医基础理论,人体形体组织按阴阳属性划分，属阴中之阳的是,D,皮,脉,肉,筋,骨
中医基础理论,“阴病治阳”的病理基础是,B,阴偏衰,阳偏衰,阴偏盛,阳偏盛,阴阳两虚
中医基础理论,“阳病治阴”的病理基础是,A,阴偏衰,阳偏衰,阴偏盛,阳偏盛,阴阳两虚
中医基础理论,“壮水之主，以制阳光”适用的病证是,D,阳偏衰,阳偏盛,阴偏盛,阴偏衰,阴阳两虚
中医基础理论,“益火之源，以消阴翳”适用的病证是,A,阳偏衰,阳偏盛,阴偏盛,阴偏衰,阴阳两虚
中医基础理论,属于“阴中之阳”的脏是,A,肝,心,脾,肺,肾
中医基础理论,属于“阳中之阴”的脏是,D,肝,心,脾,肺,肾
中医基础理论,五行学说认为病情较重的色脉关系是,E,主色胜客色,客色胜主色,色与脉的五行属性相同,色与脉的五行属性相生,色与脉的五行属性相克
中医基础理论,临床常见的心火引动肝火之心肝火旺证，属于,D,相乘传变,母病及子,相侮传变,子病犯母,反克传变
中医基础理论,五行学说指导诊断，面色发黑，脉象为沉，则病位在,E,肝,心,脾,肺,肾
中医基础理论,泻南补北法的原理是,B,五行相生,五行相克,五行制化,五行相乘,五行相侮
中医基础理论,培土生金法的原理是,E,五行相侮,五行相克,五行制化,五行相乘,五行相生
中医基础理论,根据五行相生规律确立的治法是,D,泻南补北,培土制水,抑木扶土,益火补土,佐金平木
中医基础理论,下列哪种治法体现了五行相克规律,C,金水相生,益火补土,抑木扶土,滋水涵木,培土生金
中医基础理论,下列情志相胜关系中，哪一项是错误的,E,怒胜思,思胜恐,恐胜喜,喜胜悲,惊胜怒
中医基础理论,属于“子病犯母”的脏病传变是,A,心病及肝,心病及脾,心病及肺,心病及肾,肝病及肺
中医基础理论,五行关系中“见肝之病，知肝传脾”是指,D,木生土,木克土,木侮土,木乘土,木疏土
中医基础理论,肺病及肝的五行传变是,B,母病及子,相乘,子病犯母,相侮,相克
中医基础理论,属于“相侮”的脏病传变是,C,肝病及脾,肝病及肾,肝病及肺,肝病及心,脾病及心
中医基础理论,五行中某一行过于强盛，使原来克制它的一行不仅无法克制它，反而受其反向克制，说明五行之间的关系是,E,五行制化,五行相生,五行相克,五行相乘,五行相侮
中医基础理论,五行中某一行过于虚弱，难以抵御其所不胜的正常限度的克制，说明五行之间的关系是,D,五行制化,五行相生,五行相克,五行相乘,五行相侮
中医基础理论,木火刑金属于,D,母病及子,相乘传变,子病犯母,相侮传变,制化传变
中医基础理论,木是土的,A,所不胜,相生,母,子,所胜
中医基础理论,四时季节中属于五行之“金”的是,D,春,夏,长夏,秋,冬
中医基础理论,何曰“润下”,E,木,火,土,金,水
中医基础理论,五行中具有“稼穑”特性的是,C,木,火,土,金,水
中医基础理论,五行中，“火”的“所不胜”之行是,B,木,水,土,金,以上均非
中医基础理论,五行中，“木”之“所胜”为,C,火,水,土,木,以上均非
中医基础理论,五行之中，木是水的,B,母,子,所胜,所不胜,以上均非
中医基础理论,五行中，“土”的“所胜”之行是,E,木,火,土,金,水
中医基础理论,五行中具有“曲直“特性的是,C,金,水,木,火,土
中医基础理论,水气凌心属于,B,母病及子,相乘传变,子病犯母,相侮传变,制化传变
中医基础理论,木火刑金属于,D,母病及子,相乘传变,子病犯母,相侮传变,制化传变
中医基础理论,属于“金”的音是,D,角音,徵音,宫音,商音,羽音
中医基础理论,属于“火”的音是,B,角音,徵音,宫音,商音,羽音
中医基础理论,属于“水”的味是,E,酸,苦,甘,辛,咸
中医基础理论,属于“木”的味是,A,酸,苦,甘,辛,咸
中医基础理论,属于“水”的色是,E,青,赤,黄,白,黑
中医基础理论,属于“金”的色是,D,青,赤,黄,白,黑
中医基础理论,属于“水”的气是,E,风,暑,湿,燥,寒
中医基础理论,属于“火”的气是,B,风,暑,湿,燥,寒
中医基础理论,属于“火”的志是,B,怒,喜,思,悲,恐
中医基础理论,属于“金”的志是,D,怒,喜,思,悲,恐
中医基础理论,属于“水”的官是,E,目,舌,口,鼻,耳
中医基础理论,属于“土”的官是,C,目,舌,口,鼻,耳
中医基础理论,属于“木”的体是,A,筋,脉,肉,皮,骨
中医基础理论,属于“金”的体是,D,筋,脉,肉,皮,骨
中医基础理论,藏象学说认为，人体的中心为,A,五脏,六腑,奇恒之腑,心,脑
中医基础理论,舌与其他脏腑经络的关系中，上达咽喉，与舌根相连的是,D,肝系,心系,肾系,肺系,脾系
中医基础理论,五脏六腑的病理特点及治疗原则是,A,脏病多虚，五脏宜补,脏病多实，五脏宜泻,腑病多虚，六腑宜泻,腑病多实，六腑宜补,脏病多实，五脏宜补
中医基础理论,对脏腑精气阴阳的理解，不正确的是,E,脏腑之精是一身之精在脏腑的分藏,脏腑之气是由脏腑之精化生的运行不息的极细微物质,脏腑之阴气能够抑制、宁静脏腑功能，减缓新陈代谢,脏腑之阳气能够兴奋、推动脏腑功能，加速新陈代谢,脏腑之精推动和调控脏腑功能的正常发挥，是脏腑生理功能得以发挥的动力
中医基础理论,藏象学说的形成基础，以下哪项不正确,E,古代解剖学知识的积累，认识了内脏的一些功能,长期对生活实践的观察总结，了解了脏腑的一些功能,古代哲学思想的渗透，是藏象理论系统化,临床经验大量积累，丰富并完善了藏象理论,“藏象”二字，首见于《难经》
中医基础理论,藏象学说的主要特点是,B,以五脏六腑为中心的整体观,以五脏为中心的整体观,五脏者，实而不能满,六腑者，满而不能实,以上都是
中医基础理论,对藏象学说“象”的认识，以下说法不正确的是,C,指以五脏为中心的生理病理系统的外在现象,指五脏生理系统与自然界相通应的事物和现象,指内在以五脏为中心的五个生理病理系统,指五脏病理系统与自然界相通应的事物和现象,指表现于外的生理病理征象
中医基础理论,六腑共同的生理特点是,D,运化和调节血量,疏泄和防止出血,化生和贮藏精气,受盛和传化水谷,藏神和血液运行
中医基础理论,五脏共同的生理特点是,A,化生和贮藏精气,受盛和传化水谷,藏神和血液运行,运化和调节血量,疏泄和防止出血
中医基础理论,水之上源为,B,肝,肺,肾,脾,胃
中医基础理论,主水之脏为,C,肝,肺,肾,脾,胃
中医基础理论,在肾主闭藏的功能活动中，最具有生理意义的是,D,纳气归肾，促进元气之生成,固摄二便，防止二便之失禁,固摄水液，防止水液无故流失,固摄精气，防止精气无故散失,摄纳阳气，防止阳气浮越于上
中医基础理论,心为五脏六腑之大主的理论依据是,E,心主血脉,心总统意志,心总统魂魄,心主情志,心主神志
中医基础理论,主管生长发育的脏是,E,肝,心,脾,肺,肾
中医基础理论,孤脏指的是,C,心,肝,脾,肺,肾
中医基础理论,主“身之骨髓”的脏是,E,肝,心,脾,肺,肾
中医基础理论,“在窍为目”的脏是,A,肝,心,脾,肺,肾
中医基础理论,“在窍为二阴”的脏是,E,肝,心,脾,肺,肾
中医基础理论,肺之“门户”是,C,鼻,口,喉,皮毛,玄府
中医基础理论,“其华在爪”的脏是,A,肝,心,脾,肺,肾
中医基础理论,心的“外华”是,E,发,爪,毛,唇,面
中医基础理论,“血之余”是指,A,发,爪,毛,唇,面
中医基础理论,“筋之余”是指,B,发,爪,毛,唇,面
中医基础理论,心在志为,B,怒,喜,思,悲,恐
中医基础理论,肾在志为,E,怒,喜,思,悲,恐
中医基础理论,与冬气相通应的脏是,E,肝,心,脾,肺,肾
中医基础理论,与春天相通应的脏是,A,肝,心,脾,肺,肾
中医基础理论,肺在体合,D,脉,筋,骨,皮,肉
中医基础理论,具有主津作用的脏腑是,A,大肠,胃,小肠,三焦,脾
中医基础理论,脾在体合,C,筋,脉,肉,皮,骨
中医基础理论,目的视物辨色功能主要取决于,D,肾阳的蒸化,肾阴的滋养,肾中精气的充盈,肝血的充足,脾气的健运
中医基础理论,五脏关系中主要体现在气血方面的两脏是,A,心与肺,心与肾,肺与脾,脾与肾,肺与肾
中医基础理论,与血液生成及运行关系密切的是,C,心与肺,心与肾,心与脾,脾与肝,肺与肝
中医基础理论,气血两虚的病变多见于哪两脏,C,心与肺,心与肾,心与脾,脾与肝,肺与肝
中医基础理论,在血液和精神情志方面关系密切的两脏是,D,心与肺,心与肾,心与脾,心与肝,肺与脾
中医基础理论,“水火既济”指的是,E,心肺关系,肺肝关系,肝脾关系,脾肾关系,心肾关系
中医基础理论,有精神互用关系的两脏是,B,心与肺,心与肾,肺与脾,脾与肝,肺与肝
中医基础理论,有君相安位关系的两脏是,B,心与肺,心与肾,肺与脾,脾与肝,肺与肝
中医基础理论,在气的生成和水液代谢方面关系密切的是,C,心与肺,心与肾,肺与脾,脾与肝,肺与肝
中医基础理论,“精血同源”指的是,D,心肺关系,肺肝关系,肝脾关系,肝肾关系,心肾关系
中医基础理论,与维持正常呼吸关系最密切的两脏是,E,心与脾,脾与肾,肾与肝,肝与肺,肺与肾
中医基础理论,有藏泄互用关系的两脏是,C,心与肺,肺与肾,肾与肝,肝与脾,脾与心
中医基础理论,同司疏泄，共主勇怯的是,D,心与小肠,肺与大肠,脾与胃,肝与胆,肾与膀胱
中医基础理论,推动和调节脏腑气化是,E,肝的功能,心的功能,脾的功能,肺的功能,肾的功能
中医基础理论,五脏阳气的根本是,E,肝阳,心阳,脾阳,肺阳,肾阳
中医基础理论,促进机体滋润、宁静、成形和制约阳热功能的物质是,C,肾精,肾气,肾阴,肾阳,肾血
中医基础理论,具有温煦、推动、兴奋和宣散作用的物质是,D,肾精,肾气,肾阴,肾阳,肾血
中医基础理论,具有主水功能的脏是,E,肝,心,脾,肺,肾
中医基础理论,肾主纳气的主要生理机能体现在,E,元气的生成,肺气的宣发,气道的清洁通畅,固摄精气,保持吸气的深度
中医基础理论,肺主一身之气的生成体现在,C,吸入清气,呼出浊气,生成宗气,主治节,辅心行血
中医基础理论,具有主行水功能的脏是,D,肝,心,脾,肺,肾
中医基础理论,具有“水之上源”之称的脏是,D,肝,心,脾,肺,肾
中医基础理论,称作“华盖”的脏是,D,肝,心,脾,肺,肾
中医基础理论,具有“主治节”功能的脏是,D,肝,心,脾,肺,肾
中医基础理论,具有“主肃降”生理特性的脏是,D,肝,心,脾,肺,肾
中医基础理论,脾为“气血生化之源”的理论基础是,B,脾主运化水液,脾主运化水谷,脾气主升,脾主统摄血液,脾喜燥恶湿
中医基础理论,脾统血的主要作用机制是,E,控制血液的流速,控制血液的流量,控制血液向外周运行,控制血液向内脏运行,控制血液在脉内的运行
中医基础理论,具有“升举内脏”功能，维持内脏位置相对恒定的脏是,C,肝,心,脾,肺,肾
中医基础理论,具有“喜燥恶湿”生理特性的脏是,C,肝,心,脾,肺,肾
中医基础理论,具有“主疏泄”功能的脏是,A,肝,心,脾,肺,肾
中医基础理论,与精神意识思维活动关系最密切的是,A,心主藏神,肝主疏泄,脾主运化,肺主治节,肾主藏精
中医基础理论,具有主通明生理特性的脏是,B,肝,心,脾,肺,肾
中医基础理论,火脏指的是,B,肝,心,脾,肺,肾
中医基础理论,在心主血脉中起关键作用的是,D,脉道通利,心血充盈,心气充沛,心搏如常,心神安宁
中医基础理论,肾在体为,E,筋,脉,肉,皮,骨
中医基础理论,心在体为,B,筋,脉,肉,皮,骨
中医基础理论,脾在窍为,C,目,舌,口,鼻,耳
中医基础理论,肺在窍为,D,目,舌,口,鼻,耳
中医基础理论,脾的华为,C,爪,面,唇,毛,发
中医基础理论,肾的华为,E,爪,面,唇,毛,发
中医基础理论,肝在志为,A,怒,喜,思,忧,恐
中医基础理论,脾在志为,C,怒,喜,思,忧,恐
中医基础理论,肾在液为,E,泪,汗,涎,涕,唾
中医基础理论,心在液为,B,泪,汗,涎,涕,唾
中医基础理论,“在液为涎”的脏是,C,肝,心,脾,肺,肾
中医基础理论,“在液为泪”的脏是,A,肝,心,脾,肺,肾
中医基础理论,“后天之本”指的脏是,C,肝,心,脾,肺,肾
中医基础理论,“先天之本”指的脏是,E,肝,心,脾,肺,肾
中医基础理论,与气机调节关系密切的是,E,脾胃,肝胆,心肾,肝肾,肝肺
中医基础理论,气机升降之枢指的是,A,脾胃,肝胆,心肾,肝肾,肝肺
中医基础理论,下列说法错误的是,C,胃称为“太仓”,胃有“水谷之海”之称,脾有“五脏六腑之海”之称,小肠者，受盛之官,大肠者，传导之官
中医基础理论,何脏在病理状态下会出现“清气在下，则生飧泄”,C,肝,心,脾,肺,肾
中医基础理论,“一运一纳，化生精气”指的是,A,脾与胃的关系,肺与大肠的关系,肝与胆的关系,肾与膀胱的关系,肺与肾的关系
中医基础理论,“浊气归心，淫精于脉”中的“浊气”主要靠哪一个脏腑的运化,C,心,肺,脾,肾,大肠
中医基础理论,“君主之官也，神明出焉”指的是,B,肝,心,脾,肺,肾
中医基础理论,具有“主通降”生理特性的是,B,胆,胃,小肠,大肠,膀胱
中医基础理论,具有“喜润恶燥”生理特性的是,B,胆,胃,小肠,大肠,膀胱
中医基础理论,具有“泌别清浊”生理功能的脏腑是,C,胆,胃,小肠,大肠,膀胱
中医基础理论,“主液”的腑是,C,胆,胃,小肠,大肠,膀胱
中医基础理论,大肠的功能是,D,排泄胆汁,主和降,化物,传导,受盛
中医基础理论,“主津”的腑是,D,胆,胃,小肠,大肠,膀胱
中医基础理论,“受盛之官”是,C,胆,胃,小肠,大肠,膀胱
中医基础理论,“决渎之官”指的是,D,胆,胃,小肠,三焦,膀胱
中医基础理论,“中焦如沤”是比喻,E,胃主受纳的功能状态,脾气散精的功能状态,小肠泌别清浊的功能状态,水谷精微的弥漫布散状态,消化过程中腐熟水谷的状态
中医基础理论,与肺相表里的是,C,胆,胃,大肠,三焦,膀胱
中医基础理论,与胆相表里的是,A,肝,心,脾,肺,肾
中医基础理论,小肠的生理功能，描述不正确的是,D,主受盛化物,主泌别清浊,主液,主津,吸收水谷精微和津液
中医基础理论,“中正之官，决断出焉”是指,C,肝,胃,胆,脾,三焦
中医基础理论,中精之腑指,A,胆,胃,大肠,小肠,三焦
中医基础理论,关于胆的叙述错误的是,B,贮藏胆汁,生成胆汁,排泄胆汁,主决断,胆者，中正之官
中医基础理论,六腑中具有“太仓”之称的是,E,小肠,三焦,脾,大肠,胃
中医基础理论,下列哪项是大肠的主要生理功能,B,主液,主津,主腐熟水谷,主泌别清浊,主运化
中医基础理论,具有受纳水谷功能的是,B,胆,胃,小肠,三焦,膀胱
中医基础理论,具有受盛化物功能的是,C,胆,胃,小肠,三焦,膀胱
中医基础理论,“水谷之海”指的是,B,胆,胃,小肠,三焦,膀胱
中医基础理论,“州都之官”指的是,E,胆,胃,小肠,三焦,膀胱
中医基础理论,脑主司感觉运动，有赖于,A,脑髓充养,营血充养,肾精充养,肝血充养,脾精充养
中医基础理论,“五神脏”配属正确的是,D,肝藏志,心藏魄,脾藏魂,肺藏魄,肾藏神
中医基础理论,与女子胞关系最紧密的是,A,冲脉,肝经,脾经,肾经,阴跷脉
中医基础理论,“髓海”指的是,D,骨,胆,髓,脑,女子胞
中医基础理论,化生“天癸”的物质基础是,B,肝血,肾精,脾气,肺阴,心血
中医基础理论,与血液运行相关的脏腑包括,E,肝,心,脾,肺,以上皆是
中医基础理论,与血生成无关的脏腑包括,C,心,肺,肝,脾胃,肾
中医基础理论,精的功能包括,E,濡养脏腑,化血,化气,化神,以上皆是
中医基础理论,易于感冒是气的哪一种功能减退的表现,C,推动与调控作用,温煦与凉润作用,防御作用,固摄作用,中介作用
中医基础理论,与生长发育有关的气是,A,元气,宗气,营气,卫气,脏腑之气
中医基础理论,观察“虚里”的变化，可以了解下述什么气的盛衰,B,元气,宗气,营气,卫气,脏腑之气
中医基础理论,由水谷精微之气中精华部分化生的气是,C,元气,宗气,营气,卫气,脏腑之气
中医基础理论,元气运行的道路是,B,脉外,三焦,心脉,胸腔,全身
中医基础理论,灌注于骨节、脏腑、脑髓的是,E,精,气,血,津,液
中医基础理论,布散于皮肤、肌肉和孔窍中的是,D,精,气,血,津,液
中医基础理论,生命活动的主宰及其总体的外在表现是,E,精,气,血,津液,神
中医基础理论,治疗大出血时用益气固脱法的理论基础是,C,气能生血,气能行血,气能摄血,血能载气,血能养气
中医基础理论,“夺血者无汗，夺汗者无血”的理论依据是,E,气能生血,气能化津,气能摄血,津能载气,津血同源
中医基础理论,生气之源指的是,C,肝,心,脾胃,肺,肾
中医基础理论,生气之主指的是,D,肝,心,脾胃,肺,肾
中医基础理论,血液在脉中正常运行，不宜逸出脉外体现了气的,D,推动与调控作用,温煦与凉润作用,防御作用,固摄作用,中介作用
中医基础理论,主管生长发育是气的,A,推动与调控作用,温煦与凉润作用,防御作用,固摄作用,中介作用
中医基础理论,推动人体生长发育，激发各脏腑经络等组织生理功能是气的,D,中介作用,固摄作用,防御作用,推动与调控作用,温煦与凉润作用
中医基础理论,元气生成的主要物质来源是,A,肾中精气,水谷精气,清气,脏腑之精气,以上均非
中医基础理论,人体最根本、最重要的气是,A,元气,宗气,营气,卫气,中气
中医基础理论,具有推动和调控各脏腑、经络、形体和官窍生理活动功能的气是,B,宗气,元气,营气,卫气,脏腑之气
中医基础理论,清气与水谷之气结合关系到,A,宗气的生成,元气的生成,营气的生成,卫气的生成,中气的生成
中医基础理论,影响宗气盛衰的因素是,D,心与肺的功能活动,肝与肾的功能活动,肺与肾的功能活动,肺与脾的功能活动,肝与脾的功能活动
中医基础理论,贯注于心肺之脉的气是,B,元气,宗气,营气,卫气,脏腑之气
中医基础理论,具有行气血作用的气是,B,元气,宗气,营气,卫气,脏腑之气
中医基础理论,具有司呼吸作用的气是,B,元气,宗气,营气,卫气,脏腑之气
中医基础理论,与语言、声音、呼吸强弱有关的气是,B,元气,宗气,营气,卫气,脏腑之气
中医基础理论,膻中又称作,A,气海,血海,髓海,水谷之海,经脉之海
中医基础理论,营气的分布特点是,C,上出息道，下走气街,熏于肓膜，散于胸腹,与血同行，环周不休,行于脉外，布散全身,通过三焦，流行全身
中医基础理论,与气的生成密切相关的脏是,C,心、肝、脾,肺、肝、肾,肺、脾、肾,肝、脾、肾,心、肺、肾
中医基础理论,生气之根指的是,E,肝,心,脾胃,肺,肾
中医基础理论,具有固摄、中介、温煦与凉润功能的是,B,精,气,血,津,液
中医基础理论,精的本始含义是指,E,脏腑之精,基本物质,血液津液,水谷之精,生殖之精
中医基础理论,《灵枢·海论》说，夫十二经脉者，内属于脏腑，外络于,D,全身,躯干,头面,肢节,分肉之间
中医基础理论,内踝上8寸以上，循行于下肢内侧前缘的经脉是,D,足少阳胆经,足少阴肾经,足太阳膀胱经,足太阴脾经,足阳明胃经
中医基础理论,按照十二经脉气血流注次序，心包经下交的经脉是,A,手少阳三焦经,手少阴心经,足厥阴肝经,足少阳胆经,足少阴肾经
中医基础理论,十二经脉的别络都是从,C,胸背部分出,头面部分出,四肢肘膝以下分出,四肢肘膝以上分出,四肢末端分出
中医基础理论,具有加强十二经脉中相为表里的两条经脉之间在体内联系作用的是,B,经筋,经别,别络,皮部,奇经
中医基础理论,经筋的生理功能是,D,主蓄积渗灌气血,主联络机体内外,主运行气血津液,主束骨而利机关,主经气的感应传导
中医基础理论,“一源而三歧”的奇经是指,C,冲、任、带脉,任、督、带脉,冲、任、督脉,督、冲、带脉,冲、任、跷脉
中医基础理论,督脉的主要生理功能是,B,总督一身之阴经,总督一身之阳经,分主一身左右之阴阳,约束诸经,调节十二经气血
中医基础理论,主胞胎的经脉是,E,冲脉,带脉,督脉,阴维脉,任脉
中医基础理论,分主一身左右之阴阳的经脉是,D,冲脉,任脉,督脉,阴阳维脉,阴阳跷脉
中医基础理论,奇经八脉中，与脑、髓、肾关系密切的经脉是,D,带脉,任脉,冲脉,督脉,维脉
中医基础理论,手足三阳经交于,C,手,足,头面,腹,胸
中医基础理论,手厥阴经分布在,D,上肢内侧前缘,上肢外侧前缘,上肢内侧后缘,上肢内侧中线,上肢外侧后缘
中医基础理论,足阳明胃经分布在,B,下肢内侧前缘,下肢外侧前缘,下肢内侧后缘,下肢外侧中线,下肢外侧后缘
中医基础理论,循行于上肢外侧中线的经脉是,D,手少阴心经,手厥阴心包经,手太阳小肠经,手少阳三焦经,手太阴肺经
中医基础理论,分布在头侧的经脉是,C,太阳经,阳明经,少阳经,厥阴经,太阴经
中医基础理论,手三阳经在躯干部的分布是,D,胸部,腹部,背部,肩胛部,体侧
中医基础理论,与手厥阴经相表里的经脉是,E,足厥阴,足少阳,足阳明,手太阳,手少阳
中医基础理论,手阳明经络于,D,肝,心,脾,肺,肾
中医基础理论,既至目外眦后，又至目内眦的经脉是,C,手少阳三焦经,足少阳胆经,手太阳小肠经,手阳明大肠经,足太阳膀胱经
中医基础理论,足三阳经的走向规律是,A,从头走足,从足走头,从胸走手,从手走头,从足走腹
中医基础理论,太阳经病可见,D,全头痛,巅顶痛,面额痛,头项痛,偏头痛
中医基础理论,厥阴经病可见,B,全头痛,巅顶痛,面额痛,头项痛,偏头痛
中医基础理论,经别的生理功能为,C,约束纵行诸经,加强了十二经脉中相为表里的两经在体表的联系,加强了十二经脉中相为表里的两经在体内的联系,调节十二经脉的气血,分主一身左右之阴阳
中医基础理论,别络的生理功能为,B,约束纵行诸经,加强了十二经脉中相为表里的两经在体表的联系,加强了十二经脉中相为表里的两经在体内的联系,调节十二经脉的气血,分主一身左右之阴阳
中医基础理论,冲脉的功能是,D,加强了足三阴、足三阳经脉与心脏的联系,加强了十二经脉中相为表里的两经在四肢的联系,加强了十二经脉中相为表里的两经在体内的联系,调节十二经脉的气血,交通一身阴阳之气
中医基础理论,跷脉的功能是,E,加强了足三阴、足三阳经脉与心脏的联系,加强了十二经脉中相为表里的两经在四肢的联系,加强了十二经脉中相为表里的两经在体内的联系,调节十二经脉的气血,交通一身阴阳之气
中医基础理论,具有约束纵行诸经功能的是,D,冲脉,任脉,督脉,带脉,阴阳维脉
中医基础理论,称为“十二经脉之海”的是,A,冲脉,任脉,督脉,带脉,阴阳维脉
中医基础理论,“阳脉之海”指的是,C,冲脉,任脉,督脉,带脉,阴阳维脉
中医基础理论,“阴脉之海”指的是,B,冲脉,任脉,督脉,带脉,阴阳维脉
中医基础理论,手三阴经与足三阴经交接的部位是,D,手指端,足趾端,头面部,胸中,腹部
中医基础理论,足三阳经与足三阴经交接的部位是,B,手指端,足趾端,头面部,胸中,腹部
中医基础理论,循行于上肢内侧后缘的经脉是,A,手少阴心经,手太阴肺经,手少阳三焦经,足厥阴肝经,足少阴肾经
中医基础理论,循行于上肢内侧前缘的经脉是,B,手少阴心经,手太阴肺经,手少阳三焦经,足厥阴肝经,足少阴肾经
中医基础理论,手阳明大肠经分布在,B,上肢内侧前缘,上肢外侧前缘,上肢内侧后缘,上肢外侧中线,上肢外侧后缘
中医基础理论,手少阳三焦经分布在,D,上肢内侧前缘,上肢外侧前缘,上肢内侧后缘,上肢外侧中线,上肢外侧后缘
中医基础理论,分布于下肢内侧后缘的是,A,足少阴肾经,足厥阴肝经,足阳明胃经,足太阳膀胱经,足太阴脾经
中医基础理论,分布于下肢外侧后缘的是,D,足少阴肾经,足厥阴肝经,足阳明胃经,足太阳膀胱经,足太阴脾经
中医基础理论,足太阴脾经分布在,A,下肢内侧前缘,下肢外侧前缘,下肢内侧后缘,下肢外侧中线,下肢外侧后缘
中医基础理论,足少阴肾经分布在,C,下肢内侧前缘,下肢外侧前缘,下肢内侧后缘,下肢外侧中线,下肢外侧后缘
中医基础理论,起于中焦的经脉是,D,足厥阴肝经,足阳明胃经,足太阳膀胱经,手太阴肺经,足少阳胆经
中医基础理论,起于目内眦的经脉是,C,足厥阴肝经,足阳明胃经,足太阳膀胱经,手太阴肺经,足少阳胆经
中医基础理论,“从化”是指,A,病情随体质而变化,体质随病情而变化,体质随环境而变化,环境随体质而变化,体质随社会而变化
中医基础理论,体质的构成正确的是,A,形态结构、生理机能、心理状态,社会因素、心理因素、机体状态,先天因素、后天因素、个人因素,形态结构、心理机能、后天因素,社会因素、自然因素、个人因素
中医基础理论,关于体质的特点，说法错误的是,C,先天遗传性,差异多样性,不稳定性,群类趋同性,后天可调性
中医基础理论,痰浊为病，随气上逆易致,C,流注经络，气机阻滞,停滞胃腑，失于和降,蒙蔽清窍，扰乱心神,阻滞肺气，失于宣降,留滞脏腑，升降失常
中医基础理论,痰饮痹阻心脉，可见,D,恶心呕吐,胸闷气喘,肢体麻木,胸闷心痛,胸胁胀满
中医基础理论,劳力过度，临床多见,E,健忘，早衰,心悸，失眠，多梦,腹胀，便溏，消瘦,腰膝酸软，眩晕耳鸣,少气懒言，体倦神乏
中医基础理论,偏食辛温燥热，则可导致,C,肝经湿热,心肝火旺,肠胃积热,肺胃热盛,肺胃津伤
中医基础理论,疠气与六淫邪气的主要区别是,D,多与季节气候有关,多与地理环境有关,体外入侵,具有强烈传染性,多从皮毛口鼻而入
中医基础理论,六淫致病，最容易引起疼痛的邪气是,B,风邪,寒邪,湿邪,燥邪,火邪
中医基础理论,最易伤肺的邪气是,E,风邪,寒邪,暑邪,湿邪,燥邪
中医基础理论,瘀血所致出血的特点是,C,出血量多,出血不畅,出血夹有血块,出血伴有疼痛,出血量少
中医基础理论,七情内伤致病，均可损伤的脏是,B,肝,心,脾,肺,肾
中医基础理论,过怒影响下列哪种功能,C,呼吸功能,藏血功能,疏泄功能,纳气功能,运化功能
中医基础理论,过度悲伤对气机的影响是,E,气乱,气结,气下,气上,气消
中医基础理论,思虑过度对气机的影响是,D,气乱,气陷,气上,气结,气收
中医基础理论,劳神过度，常见临床表现是,C,腰酸腿软，精神萎靡,气少力衰，神疲消瘦,心悸、失眠、纳呆、腹胀、便溏,动则心悸，气喘汗出,以上均非
中医基础理论,疠气的致病特点是,E,伏而后发,高热持续不退,易伤津耗气,扰动心神,传染性强
中医基础理论,具有升散耗气特性的邪气是,C,风邪,寒邪,暑邪,湿邪,燥邪
中医基础理论,火邪的性质和致病特点是,C,为阳邪，具有升发向上的特性,为阳邪，其性轻扬，可致腠理开泄,为阳邪，性炎上,为阳邪，多挟湿致病,为阳邪，性炎热
中医基础理论,侵犯人体，易于引起肿疡的邪气是,E,风邪,寒邪,暑邪,湿邪,火邪
中医基础理论,“行痹”主要是由何种邪气引起,A,风邪,寒邪,暑邪,湿邪,火邪
中医基础理论,多夹湿邪的邪气是,A,暑邪,寒邪,湿邪,燥邪,火邪
中医基础理论,易袭阴位的邪气是,D,风邪,寒邪,火邪,湿邪,燥邪
中医基础理论,下列各项中，不属于火邪的致病特点的是,E,火热为阳邪，其性燔灼趋上,火热易伤津耗气,火热易生风动血,火热易扰心神,火性干涩，易伤津液
中医基础理论,下列属于风邪性质和致病特点的是,B,为阳邪，其性炎热,为阳邪，其性开泄,为阳邪，伤津耗气,为阳邪，易生风动血,为阳邪，其性炎上
中医基础理论,寒邪的性质和致病特点是,A,凝滞,黏滞,数变,重着,升散
中医基础理论,风性善动不居，游走不定，体现风性,C,为百病之长,轻扬开泄,善行而数变,主动,以上皆非
中医基础理论,六淫的共同致病特点不包括,C,外感性,季节性,传染性,地域性,相兼性
中医基础理论,情志为病，过思则,D,气上,气乱,气缓,气结,气消
中医基础理论,情志为病，过惊则,B,气上,气乱,气缓,气结,气消
中医基础理论,暴喜可引起,A,精神不集中，甚则失神狂乱,精神萎靡不振，气短乏力,二便失禁，昏厥，遗精,纳呆，腹胀,心悸，惊恐不安
中医基础理论,过度悲伤可引起,B,精神不集中，甚则失神狂乱,精神萎靡不振，气短乏力,二便失禁，昏厥，遗精,纳呆，腹胀,心悸，惊恐不安
中医基础理论,具有干涩伤津致病特点的邪气是,D,风邪,寒邪,湿邪,燥邪,火邪
中医基础理论,具有生风动血致病特点的邪气是,E,风邪,寒邪,湿邪,燥邪,火邪
中医基础理论,具有耗气伤津致病特点的邪气是,E,风邪,寒邪,湿邪,燥邪,火邪
中医基础理论,具有凝滞收引致病特点的邪气是,B,风邪,寒邪,湿邪,燥邪,火邪
中医基础理论,具有易袭阳位致病特点的邪气是,A,风邪,寒邪,湿邪,燥邪,火邪
中医基础理论,具有易袭阴位致病特点的邪气是,C,风邪,寒邪,湿邪,燥邪,火邪
中医基础理论,湿邪致病可见,B,汗出恶风,四肢困倦，胸闷呕恶,皮肤干涩,狂躁妄动,头身疼痛，肢体活动不利
中医基础理论,火热之邪致病可见,D,汗出恶风,四肢困倦，胸闷呕恶,皮肤干涩,狂躁妄动,头身疼痛，肢体活动不利
中医基础理论,最易伤肺的邪气是,D,风邪,寒邪,湿邪,燥邪,火邪
中医基础理论,致病后常先困脾的邪气是,C,风邪,寒邪,湿邪,燥邪,火邪
中医基础理论,六淫邪气中，易损伤人体阳气是,B,火邪,湿邪,暑邪,燥邪,风邪
中医基础理论,具有明显季节性的邪气是,C,火邪,湿邪,暑邪,燥邪,风邪
中医基础理论,疠气致病多为,D,伏而后发,徐发,继发,感邪即发,复发
中医基础理论,感邪后缓慢发病是,A,徐发,合病,复发,感而即发,伏而后发
中医基础理论,“冬伤于寒，春必病温”的发病类型是,B,合病,伏而后发,感邪即发,徐发,继发
中医基础理论,小儿食积而致疳积，其发病类型是,C,伏而后发,徐发,继发,合病,复发
中医基础理论,疾病发生的内在因素是,B,正气,正气不足,邪气,邪气亢盛,邪气损正
中医基础理论,疾病发生的重要条件是,C,正气,正气不足,邪气,正邪交争,邪气损正
中医基础理论,血燥生风的病因是,E,产后恶露，日久不净,热病后期，阴津亏损,水不涵木，浮阳不潜,生血不足或外伤失血,久病耗血或年老精亏
中医基础理论,内伤病传变的形式包括,E,脏与脏传变,脏与腑传变,腑与腑传变,形脏内外传变,以上皆是
中医基础理论,六经由表入里传变的次序是,A,太阳→阳明→少阳→太阴→少阴→厥阴,太阴→少阴→厥阴→太阳→阳明→少阳,太阴→太阳→少阴→阳明→厥阴→少阳,太阳→太阴→阳明→少阴→少阳→厥阴,太阴→阳明→厥阴→太阳→少阴→少阳
中医基础理论,“大实有羸状”的证候性质是,A,真实假虚证,实中夹虚证,由实转虚证,真虚假实证,虚实错杂证
中医基础理论,阳偏盛的病理状态是,A,阳气亢盛，机能亢奋，热量过剩,阴液不足，阳气失制而偏盛,阳气亢盛，耗伤机体的阴液,阴寒之邪盛于内，逼迫阳气浮越于外,以上均非
中医基础理论,气逆最常见的脏腑是,D,肺、胃、肾,心、胃、肝,肝、胃、肾,肺、胃、肝,肝、肺、肾
中医基础理论,津伤化燥多发生的脏腑为,E,心、肺、胃,肝、脾、肾,肝、肾、大肠,脾、胃、大肠,肺、胃、大肠
中医基础理论,下列哪项不是阴虚风动的临床表现,E,筋脉拘挛,手足蠕动,低热起伏,低热起伏,神昏谵语
中医基础理论,导致湿浊内生的病因是,A,脾失健运,膀胱失司,肺失宣降,三焦气化失司,肾的气化功能减退
中医基础理论,不属于气机失调的病理变化是,E,气脱,气滞,气逆,气闭,气虚
中医基础理论,气大量丢失的病理变化称为,E,气虚,气滞,气逆,气闭,气脱
中医基础理论,气不摄血多与哪一脏的功能失调有关,C,肝,心,脾,肺,肾
中医基础理论,阳偏衰常见于,B,肝、心、肾,脾、心、肾,肺、心、肾,肝、脾、肾,脾、肺、肝
中医基础理论,阴损及阳是指,C,阴虚不能制约阳气,阴盛于内，格阳于外,阴虚阳无以化生，阳亦亏虚,阴盛伤阳，阳气受损,以上均非
中医基础理论,邪热内伏，反见四肢厥冷的病机特点是,E,阳盛则阴病,阴盛则寒,阳虚则寒,阴损及阳,阳盛格阴
中医基础理论,阴阳偏衰的治疗原则是,C,阴病治阳,阳病治阴,虚则补之,实则泻之,热者寒之
中医基础理论,阴盛格阳属于,E,阳偏衰,阴偏衰,阳损及阴,真热假寒,真寒假热
中医基础理论,决定病证虚实变化的主要病机是,D,脏腑功能活动的盛衰,阴精阳气的盛衰,气血的盛衰,正邪的盛衰,邪气的有无
中医基础理论,“实”的主要病机是,A,邪气亢盛,正气旺盛,气血瘀滞,水液蓄积,痰浊壅滞
中医基础理论,下列哪项为虚证的临床表现,B,二便不通,五心烦热,精神亢奋,烦躁不宁,疼痛剧烈
中医基础理论,使病势处于迁延状态的邪正盛衰变化是,A,邪正相持,正虚邪恋,邪盛正衰,邪去正虚,正盛邪退
中医基础理论,“寒从中生”的主要机理是,D,肺气不足，寒饮内停,胸阳不振，阴寒内盛,痰湿内阻，从阴化寒,脾肾阳虚，阴寒内盛,恣食生冷，寒伤中阳
中医基础理论,肝阳化风可见,A,眩晕欲仆,目睛上吊,手足蠕动,手足拘挛不伸,咳嗽咽痒
中医基础理论,阴虚风动可见,C,眩晕欲仆,目睛上吊,手足蠕动,手足拘挛不伸,咳嗽咽痒
中医基础理论,热极生风可见,B,眩晕欲仆,目睛上吊,手足蠕动,手足拘挛不伸,咳嗽咽痒
中医基础理论,血虚生风可见,D,眩晕欲仆,目睛上吊,手足蠕动,手足拘挛不伸,咳嗽咽痒
中医基础理论,下列疾病中应采用“急则治其标”的是,A,二便不通,脾虚泄泻,阳虚外寒,阴虚内热,气血两亏
中医基础理论,用寒远寒，用热远热属于,D,扶正祛邪,因地制宜,因人制宜,因时制宜,未病先防
中医基础理论,虚人感受外邪，应采用的是,C,治标,治本,标本兼治,先治本后治标,反治
中医基础理论,塞因塞用适用于,D,食滞腹泻,肠热便结,瘀血闭经,脾虚腹胀,热结旁流
中医基础理论,属于正治的是,C,热因热用,以通治通,热者寒之,用热远热,以补开塞
中医基础理论,属于反治的是,B,寒者热之,以寒治寒,以寒治热,以热治寒,热者寒之
中医基础理论,属于从治的是,E,治热以寒,寒者热之,阳病治阴,用热远热,以通治通
中医基础理论,热者寒之属于,A,正治、逆治,反治、从治,正治、从治,反治、逆治,标本同治
中医基础理论,塞因塞用属于,C,治本,逆治,反治,治标,正治
中医基础理论,用补益药物治疗具有闭塞不通症状的虚证，其治则是,A,塞因塞用,攻补兼施,实者泻之,虚者补之,通因通用
中医基础理论,属于既病防变的是,E,调摄精神,锻炼身体,起居有节,药物预防,早期诊治
中医基础理论,补阳时适当配伍补阴药的方法称为,A,阴中求阳,阳中求阴,阴病治阳,阳病治阴,以上均非
中医基础理论,用热性药治疗具有假热症状的病证，属于,A,热因热用,寒因寒用,塞因塞用,通因通用,热者寒之
中医基础理论,用补益药治疗闭塞不通症状的病证，属于,C,热因热用,寒因寒用,塞因塞用,通因通用,热者寒之
中医基础理论,对热结旁流应采用的治疗方法是,D,热因热用,寒因寒用,塞因塞用,通因通用,虚则补之
中医基础理论,对真寒假热应采用的治疗方法是,A,热因热用,寒因寒用,塞因塞用,通因通用,虚则补之
中医基础理论,适用于脾虚腹胀的治则治法是,A,塞因塞用,寒者热之,热因热用,寒因寒用,通因通用
中医基础理论,适用于真热假寒证的治则治法是,D,塞因塞用,寒者热之,热因热用,寒因寒用,通因通用
中医基础理论,用寒远寒，用热远热，属于,D,治未病,扶助正气,因人制宜,因时制宜,因地制宜
中医基础理论,治病时考虑年龄属于,C,治未病,扶助正气,因人制宜,因时制宜,因地制宜
中医基础理论,《素问·上古天真论》女子“阳明脉衰，面始焦”的年龄是,C,三七,四七,五七,六七,七七
中医基础理论,下列不属于养生原则的是,E,顺应自然,形神兼养,调养脾肾,因人而异,因地制宜
中医基础理论,下列不属于养生方法的是,D,适应自然，避其邪气,调摄精神，内养真气,饮食有节，谨和五味,动静结合，有益养生,和于术数，适当调补
中医外科,下列各项中不属劳伤虚损的是,B,过度劳力,食伤,过度劳神,妇女生育过多,房事过度
中医外科,外科疾病的发生，最常见的是,B,风、湿,热、火,寒、湿,暑、火,风、热
中医外科,风邪的致病特点,A,痛无定处，走注甚速,痛有定处，得暖则减,多夹湿，热甚则痛,易侵下位，重浊黏腻,发病迅速，来势凶猛
中医外科,下列各项中不属外来伤害致病的是,C,跌仆损伤,沸水烫伤,食物不节,火焰伤,金刃创伤
中医外科,下列各项中不属病因特殊之毒的是,C,虫毒,蛇毒,冻伤,疯犬毒,疫毒
中医外科,下列各项中不属外科疾病发病机理的是,D,邪正盛衰,气血凝滞,经络阻塞,痰饮瘀血,脏腑失和
中医外科,湿邪所致外科疾病好发部位是,B,上部,下部,中部,上肢,背部
中医外科,由特殊之毒而致病的特点是,A,一般发病迅速，有的可具有传染性,多侵犯人体上部,侵袭人体易致局部气血凝滞,好发于身体下部,易伤人体阴液
中医外科,情志内伤所致外科疾病的特点是,B,可直接伤害人体，引起局部气血凝滞,常有循行肝经部位夹郁夹痰的表现,一般发病迅速，有的可具有传染性,大多具有一定的季节性,以上都不正确
中医外科,饮食不节可导致,B,经络阻塞，气血凝滞,脾胃功能失调，胸腹饱胀,脏腑气血受损，阴阳失和,局部气血凝滞，郁久化热，热胜肉腐,阴液受损，咽喉干燥
中医外科,有关痰饮瘀血下列叙述正确的是,B,仅是病理产物,既是病理产物，在一定的条件下又为病因,任何情况下都是病因,常常痰饮单独为病,常常瘀血单独为病
中医外科,下列哪项不是外科局部辨证的主要内容,E,辨肿,辨痛,辨痒,辨脓,辨气血
中医外科,下列哪项不是外科辨病的方法,E,详询病史,全面体检,注重局部,选用新技术和必要的辅助检查,综合诊断，治疗得当
中医外科,疮疡化脓时，临床常见的疼痛性质是,E,阵发痛,持续痛,烧灼痛,胀裂痛,鸡啄痛
中医外科,阴证的疼痛表现是,D,疼痛剧烈、拒按,疼痛游走不定,痛势甚速,隐痛或不痛,时有时无
中医外科,阳证的皮肤颜色主要是,A,红赤,晦暗,青紫,苍白,皮色不变
中医外科,寒痛的特点是,D,游走性，痛无定处,阵发性，攻痛无常,木痛，得热缓解,酸痛，得热缓解,持续性固定性胀痛
中医外科,下列表现中属于阴证的是,C,皮肤红活焮赤,肿胀范围局限,皮色紫暗,肿势高突,根盘收束
中医外科,痒的常见病因是,A,风胜、湿胜、热胜、虫淫、血虚,风胜、热胜、湿胜、阴虚、血虚,风胜、湿胜、热胜、燥胜、阴虚,风胜、热胜、湿胜、虫淫、阴虚,风胜、湿胜、热胜、血虚、火胜
中医外科,下列关于辨脓的方法，错误的是,C,按触法,透光法,切开法,穿刺法,点压法
中医外科,痰肿的临床特点是,C,肿势高突，根盘收束,坚硬如石，皮色不变,肿势软如棉，或硬如馒,皮紧内软，喜怒有变,皮肤漫肿，其色青紫
中医外科,外科疾病发于多血少气之经者，治疗时应注重,A,破血、补托,行气、滋养,行气、活血,温阳、散寒,清热、除湿
中医外科,外科疾病发于多血多气之经者，治疗时应注重,C,破血、补托,行气、滋养,行气、活血,温阳、散寒,清热、除湿
中医外科,发病急骤，漫肿宣浮的是,C,热肿,寒肿,风肿,湿肿,痰肿
中医外科,皮肉重垂胀急，深按凹陷的是,D,热肿,寒肿,风肿,湿肿,痰肿
中医外科,初起隐痛，胀痛，皮色不变或暗紫的是,E,气痛,湿痛,痰痛,化脓痛,瘀血痛
中医外科,痛势急胀，无止时，如同鸡啄的是,D,气痛,湿痛,痰痛,化脓痛,瘀血痛
中医外科,脓液绿黑稀薄者为,E,气血充足,气火有余,血虚,血络受伤,蓄毒日久，损伤筋骨
中医外科,脓液黄白稠厚者为,A,气血充足,气火有余,血虚,血络受伤,蓄毒日久，损伤筋骨
中医外科,阳证肿疡的首选外用药物是,C,冲和膏,回阳玉龙膏,玉露膏,生肌玉红膏,疯油膏
中医外科,对升丹过敏者，提脓祛腐时宜选用的外用药是,D,红灵丹,八宝丹,平胬丹,黑虎丹,九一丹
中医外科,下列各项中属于提脓祛腐药的是,B,金黄散,八二丹,八宝丹,红灵丹,白降丹
中医外科,具有腐蚀性的膏药是,C,千捶膏,太乙膏,咬头膏,阳和解凝膏,红油膏
中医外科,下列各项中不属清热法适应证的是,C,热毒内传之走黄内陷,药物性皮炎皮损色红灼热,流痰初起，骨骼隐痛，漫肿不显者,流痰后期，阴虚火旺，虚热不退者,局部红、肿、热、痛
中医外科,适用于一切确已成脓者的是,B,砭镰法,切开法,挑治法,挂线法,结扎法
中医外科,手指关节处脓肿的切口选择应,D,越过关节切开,放射状切开,自然纹理切开,避免越过关节,以脓肿为中心，放射状切开
中医外科,附骨疽脓腔较深、脓液不易畅流者宜采用,D,药线引流,垫棉法,扩创引流,导管引流,以上皆非
中医外科,益气托毒法的常用方剂是,D,透脓散,仙方活命饮,黄连解毒汤,托里消毒散,清肝解郁汤
中医外科,温阳托毒法的代表方剂是,D,右归丸,托里消毒散,金匮肾气丸,神功内托散,四君子汤
中医外科,肿疡毒势方盛，正气已虚，不能托毒外出者，内治方药宜选用,D,透脓散,仙方活命饮,黄连解毒汤,托里消毒散,清肝解郁汤
中医外科,太乙膏的功效是,D,清热消肿，散瘀化痰,活血祛腐，解毒止痛,消肿止痛，提脓祛腐,消肿清火，解毒生肌,温经和阳，祛风散寒
中医外科,下列哪种药物为提脓祛腐药,A,九一丹,红灵丹,八宝丹,白降丹,以上都不是
中医外科,性偏寒凉，能消肿、解毒、提脓、祛腐、止痛的药物是,C,咬头膏,金黄膏,千捶膏,冲和膏,以上都不是
中医外科,疮疡的半阴半阳证，外用药物宜选用,A,冲和膏,太乙膏,阳和解凝膏,咬头膏,以上都不是
中医外科,阳证疮疡外用药物宜首选,C,红油膏,冲和膏,金黄膏,疯油膏,以上都不是
中医外科,阴证疮疡外敷药物宜首选,B,冲和膏,阳和解凝膏,太乙膏,疯油膏,以上都不是
中医外科,具有腐蚀作用的药物是,E,九黄丹,八宝丹,五五丹,红灵丹,以上都不是
中医外科,挂线法常用于治疗,D,内痔,脱肛,瘰疬,肛漏,以上都不是
中医外科,适用于急性阳证疮疡的是,A,砭镰法,切开法,挑治法,挂线法,结扎法
中医外科,适用于一切确已成脓者的是,B,砭镰法,切开法,挑治法,挂线法,结扎法
中医外科,具有提脓祛腐作用的药物是,B,八宝丹,升丹,红灵丹,小金丹,白降丹
中医外科,具有腐蚀作用的药物是,E,八宝丹,升丹,红灵丹,小金丹,白降丹
中医外科,溃疡腐肉脱而未尽，新肉不生，久不收口者可选用,A,月白珍珠散,青黛散,桂麝散,八宝丹,回阳玉龙散
中医外科,溃疡腐肉难脱，肉芽暗红，可选用,E,月白珍珠散,青黛散,桂麝散,八宝丹,回阳玉龙散
中医外科,金黄散是,A,箍围药,消散药,腐蚀药,平胬药,提脓祛腐药
中医外科,红灵丹是,B,箍围药,消散药,腐蚀药,平胬药,提脓祛腐药
中医外科,流注好发部位是,C,头面部,骨关节,四肢躯干的肌肉深部,项后部,手足部
中医外科,有头疽的病因病机哪项不正确,E,感受风温、湿热之毒,情志内伤，气郁化火,肾气亏损，火邪炽盛,膏粱厚味，湿热火毒,外感风温、风热夹痰
中医外科,有头疽初起的局部症状是,A,粟粒样脓头,肿硬如钉丁,漫肿而无头,腐烂如莲蓬,腐烂大于尺
中医外科,颈痈的病因病机是,A,风温、风热夹痰蕴结少阳、阳明之络,风温毒邪客于肺胃，积热上蕴，夹痰凝结,心脾湿热，火毒流于小肠，结于脐中，以致血凝毒滞而成,湿热火毒蕴结，营气不从，逆于肉里,湿热下注，壅遏不行，阻于脉络
中医外科,蛇眼疔的发病部位是,E,手指指腹,手指顶端,手指末端,手指螺纹,手指甲缘
中医外科,疖的治疗方法，以下列哪项为主,D,散风清热,泻火饵毒,凉血活血,清热解毒,和营解毒
中医外科,颜面部疖和疔的鉴别要点是,C,脓的形质,皮肤颜色,根脚深浅,趣病速度,发热程度
中医外科,下列不属于疖的是,E,有头疖,无头疖,蝼蛄疖,疖病,痤疮
中医外科,下列哪项不是疖的病因病机,E,内郁湿火，外感风邪，两相搏结，蕴阻肌肤,感受暑毒,天热汗出不畅，湿热蕴蒸肌肤,复经搔抓，破伤染毒,正气不足，毒邪流窜，经络阻隔，气血凝滞
中医外科,发生在肌肤浅表部位、范围较小的急性化脓性疾病是,C,痈,疔,疖,有头疽,无头疽
中医外科,三陷证中之虚陷型多发生于疽证第几候,D,2候,1～2候,2～3候,4候,3～4候
中医外科,三陷证中之干陷型多发生于疽证第几候,C,1～2候,3～4候,2～3候,4候,2候
中医外科,蝼蛄疖的临床特点是,A,多发于儿童头部,好发于夏季,坚硬根深,范围在3～6cm,以上都不是
中医外科,有头疽患者若伴有消渴病，最易出现的变证是,B,走黄,内陷,失荣,肺痈,颈痈
中医外科,颈痈风热痰毒证治疗选用,D,五味消毒饮,黄连解毒汤,仙方活命饮,牛蒡解肌汤,普济消毒饮
中医外科,局部红肿热痛，突起根浅，肿势局限，范围在3cm左右，易脓、易溃、易敛之病是,C,痈,疔,疖,有头疽,无头疽
中医外科,发于体表皮肉之间的急性化脓性疾患是,E,疖,有头疽,疔,附骨疽,痈
中医外科,结喉之处肿势散漫，坚硬灼痛，壮热口渴，吞咽困难的疾病是,E,颈痈,瘰疬,发颐,臖核,锁喉痈
中医外科,有头疽的好发部位是,D,臀部,面部,四肢部,项后背部,以上都不是
中医外科,三陷证中之火陷型多发生于疽证第几候,B,2候,1～2候,3～4候,2～3候,4候
中医外科,初起皮肤上有粟粒样脓头，红肿热痛，病情发展则脓头增多，溃后状如蜂窝，范围在9～12cm之间的是,D,痈,疔,疖,有头疽,无头疽
中医外科,生于下列哪一部位的有头疽易致内陷,A,项后,四肢,颜面,少腹部,膻中
中医外科,生于下列哪一部位的疔疮最易发生走黄,C,项后,四肢,颜面,少腹,膻中
中医外科,托盘疔发生于,E,指端,指甲下,指甲背,手指关节,手掌中心
中医外科,辨别蛇头疔成脓与否，用什么方法最为可行,E,痛剧而呈搏动性者,应指验脓法,穿刺验脓法,痛甚脉数者,透光验脓法
中医外科,颜面部疔疮治宜,D,散风清热,泻火解毒,凉血活血,清热解毒,和营解毒
中医外科,红丝疔挑刺疗法的操作要点为,E,沿红线两头针刺出血,梅花针沿红线打刺，微微出血,用三棱针从中挑断红线，微微出血,按“B”选项方法，并加神灯照法,用三棱针沿红线寸寸挑断，并令微微出血
中医外科,发生“走黄”的原因是,D,正虚,伤津,腑实,邪盛,表实
中医外科,患者左腋下肿痛4天，左上肢活动不利，1周前有左手指外伤史。治疗宜选用,A,柴胡清肝汤,五神汤,萆薢渗湿汤,仙方活命饮,牛蒡解肌汤
中医外科,8月上旬，一男性儿童前额部出现2个红肿结块，约2cm×2cm，中央有一个脓头未溃，疼痛拒按，伴口渴便秘，尿短赤。应选用,C,五味消毒饮,仙方活命饮,清暑汤,防风通圣散,黄连解毒汤
中医外科,患者鼻翼右侧有一枚粟粒样脓头，麻痒并作，红肿热痛，顶突根深坚硬，舌红，苔薄黄，脉数。治则应为,D,和营托毒,清热利湿，和营消肿,散风清热，化痰消肿,清热解毒,和营托毒，清热利湿
中医外科,患者5岁，生疖于头顶皮肉较薄之处，引流不畅，头皮串空，其诊断为,D,痈,有头疽,附骨疽,蝼蛄疖,多发性疖
中医外科,一中年男性，下腹部生疮，初起肿块上有粟粒样脓头，抓破之后肿痛加重，色红灼热，脓头相继增多，溃后如蜂窝状，范围约12cm×12cm左右，兼有发热头痛，食欲不振，便秘尿赤，舌红苔黄，脉弦数，应诊断为,C,疗,疖,有头疽,脐痈,胯腹痈
中医外科,某患者，颈后疮形高肿，色红，多个脓头，焮热剧痛，舌红苔黄，脉洪大。治则应为,D,清热利湿，和营消肿,散风清热，化痰消肿,清热解毒，和营消肿,清热泻火，和营托毒,清热解毒
中医外科,患者一侧臀部结块，肿胀疼痛，皮肤灼热，红肿以中心为著，边界不清，步行困难，身热头痛，病前有局部肌肉注射史。应诊断为,C,丹毒,流注,臀痈,环跳疽,附骨疽
中医外科,疖病的肿势范围是,A,3cm左右,3～6cm左右,6～9cm左右,大于9cm,以上都不是
中医外科,痈的肿势范围是,C,3cm左右,3～6cm左右,6～9cm左右,大于9cm,以上都不是
中医外科,治疗腋痈的主方是,E,五神汤,牛蒡解肌汤,瓜萎牛蒡汤,仙方活命饮,柴胡清肝汤
中医外科,治疗锁喉痈热盛肉腐证的主方是,D,五神汤,牛蒡解肌汤,瓜萎牛蒡汤,仙方活命饮,柴胡清肝汤
中医外科,患者躯干部皮肤突然发红成片，色如丹涂的急性感染性疾病称,A,内发丹毒,赤游风,流火,抱头火丹,类丹毒
中医外科,患者头面部皮肤突然发红成片色如涂丹的急性感染性疾病称,D,内发丹毒,赤游风,流火,抱头火丹,类丹毒
中医外科,可采用“十”字切开法治疗的疾病是,C,附骨疽,托盘疗,蝼蛄疖,红丝疔,以上都不是
中医外科,可采用砭镰法治疗的疾病是,D,附骨疽,托盘疗,蝼蛄疖,红丝疔,以上都不是
中医外科,关于乳癖肿块的特点，不正确的是,D,可单侧发生,质地中等,多伴有压痛,与皮肤粘连,活动度好
中医外科,乳核肿块的直径多在,C,0.5～3cm之间,0.5～4cm之间,0.5～5cm之间,0.5～6cm之间,0.5～7cm之间
中医外科,下列哪项不是乳岩肿块的特点,C,无痛无热,皮色不变,表面光滑,质地坚硬,推之不移
中医外科,乳岩的好发年龄是,D,30～50岁,30～60岁,40～50岁,40～60岁,50～60岁
中医外科,乳痈溃后乳汁自疮口流出，久不愈合，则形成,D,乳衄,乳痨,乳溢,乳漏,以上都不是
中医外科,粉刺性乳痈的西医病名是,C,急性乳腺炎,化脓性乳腺炎,浆细胞性乳腺炎,结核性乳腺炎,淋巴细胞性乳腺炎
中医外科,乳癖属乳腺何种类型疾病,D,乳腺炎症,乳腺肿瘤,乳腺恶性病变,乳腺增生病,以上都不是
中医外科,治疗乳癖肝郁痰凝证常选用,C,十全流气饮,四海疏郁丸,逍遥蒌贝散,海藻玉壶汤,以上都不是
中医外科,对单发的乳核宜采用何种治疗方法,A,手术切除,中药治疗,放射治疗,抗痨治疗,以上都不是
中医外科,乳岩首选的治疗方法是,D,中药治疗,放射治疗,化学治疗,手术治疗,以上都不是
中医外科,乳晕部漏管的主要病因是,C,乳痈失治，脓出不畅,切开不当，损伤乳络,乳头内陷，感染毒邪,乳痨溃后，身体虚弱,情志不畅，肝失疏泄
中医外科,以下关于乳痈的主要病因病机，错误的是,B,乳汁淤积，阻塞乳络,肝郁痰凝，积聚乳络,肝郁胃热，闭阻乳络,感受外邪，郁滞乳络,以上均不是
中医外科,治疗乳痈热毒炽盛证最常用的方剂是,C,瓜蒌牛蒡汤,牛蒡解肌汤,透脓散,橘叶散,开郁散
中医外科,乳癖的临床表现常随什么而变化,A,月经周期,饮食多少,运动强度,睡眠长短,季节变换
中医外科,乳癖肿块好发于乳房哪个部位,C,内上象限,内下象限,外上象限,外下象限,乳晕周围
中医外科,某患者，一侧乳房广泛紧韧肿硬，皮色紫红，皮肤呈橘皮样变，全身炎症反应不明显，应首先考虑为,A,乳岩,乳痨,乳痈,乳发,以上都不是
中医外科,患者女性，26岁，产后第三周出现恶寒发热，右乳肿胀疼痛，体温38.7℃，检查见右乳红肿，无波动感，舌红，苔薄黄，脉弦数。此时的治疗方法是,C,切开引流,疏肝理气，化痰散结,疏肝清胃，通乳消肿,清热解毒，托里透脓,泻火解毒利湿
中医外科,患者女性，24岁，左乳房内单个肿块，无疼痛，边界清楚，表面光滑，活动度好，应诊断为,B,乳癖,乳核,乳痈,乳岩,乳疬
中医外科,患者女性，42岁，乳房肿块，界限不清，经前乳房胀痛，应首先考虑,C,乳岩,乳核,乳癖,乳痈,乳疬
中医外科,因肝胃郁热而形成的乳房疾病是,A,乳痈,乳癖,乳漏,乳疬,乳衄
中医外科,因肝郁痰凝而成的乳房疾病是,B,乳痈,乳癖,乳漏,乳疬,乳衄
中医外科,乳痈溃后脓液波及其他乳络会形成,E,乳衄,乳漏,乳发,乳痨,传囊乳痈
中医外科,乳痈溃后乳汁自疮口溢出会形成,B,乳衄,乳漏,乳发,乳痨,传囊乳痈
中医外科,女子乳头与乳房分属于哪条经脉,C,肝、肾,肝、脾,肝、胃,脾、肾,脾、胃
中医外科,男子乳头与乳房分属于哪条经脉,A,肝、肾,肝、脾,肝、胃,脾、肾,脾、胃
中医外科,乳痈妇女产后饮食不节，脾胃运化失司易致,B,乳汁郁结,肝郁胃热,乳汁稠厚,肝郁乘脾,感受外邪
中医外科,乳痈妇女产后体虚多汗，露胸哺乳易致,E,乳汁郁结,肝郁胃热,乳汁稠厚,肝郁乘脾,感受外邪
中医外科,乳癖的好发年龄是,B,20～40岁,25～45岁,40～60岁,50～70岁,20～25岁
中医外科,乳岩的好发年龄是,C,20～40岁,25～45岁,40～60岁,50～70岁,20～25岁
中医外科,甲状腺炎中医称为,B,瘿,瘿痈,石瘿,瘿瘤,甲状腺疾病
中医外科,以下哪项是气瘿肝郁气滞证的临床表现,C,肿块坚硬,疼痛,随喜怒消长,肿块局限,以上都不是
中医外科,气瘿漫肿，随喜怒消长，伴急躁易怒，善太息，证属,B,气滞血瘀,肝郁气滞,冲任不调,肝肾不足,痰浊凝结
中医外科,以下哪项不是肉瘿的特点,D,如肉之团,发展缓慢,柔韧而圆,漫肿质软,喉结一侧或两侧结块
中医外科,肉瘿伴急躁易怒，汗出心悸，失眠多梦，消谷善饥，形体消瘦，手部震颤者证属,C,肝郁气滞,气滞痰凝,气阴两虚,肝肾不足,冲任失调
中医外科,石瘿相当于西医学的,B,甲状腺炎,甲状腺癌,甲状腺肿,甲状腺病,甲状腺瘤
中医外科,瘿痈局部疼痛明显，伴恶寒发热、头痛口干、脉浮数，其证属,B,肝郁气滞,风热痰凝,血瘀化热,痰瘀内结,气滞痰凝
中医外科,患者，女，50岁。结喉正中偏右有一半圆形包块，边界清楚，表面光滑，皮色如常，可随吞咽上下移动，应考虑为,B,气瘿,肉瘿,筋瘿,血瘿,石瘿
中医外科,患者，女，45岁，甲状腺肿大20年，呈漫肿，无痛，随喜怒而消长，属中医,D,石瘿,肉瘿,瘿痈,气瘿,失荣
中医外科,瘿痈患者，肿块坚实，轻度作胀，重按才感疼痛，其痛牵引耳后枕部，或有喉间梗塞感，痰多，一般无全身症状，苔黄腻，脉弦滑。其辨证为,B,肝郁气滞证,气滞痰凝证,血瘀化热证,痰瘀内结证,冲任失调证
中医外科,患者，肉瘿，急躁易怒，汗出心悸，失眠多梦，消谷善饥，形体消瘦，手部震颤。其辨证为,C,肝郁气滞证,气滞痰凝证,气阴两虚证,肝肾不足证,冲任失调证
中医外科,甲状腺肿物坚硬如石，高低不平，推之不移。中医称之为,C,失荣,肉瘤,石瘿,肾岩翻花,肉瘿
中医外科,甲状腺肿物表面光滑，可随吞咽上下移动，按之不痛，生长缓慢。中医称之为,E,失荣,肉瘤,石瘿,肾岩翻花,肉瘿
中医外科,气瘿漫肿，边缘不清，随喜怒消长，皮色如常。治宜,A,疏肝解郁,清热化痰,调和冲任,益气养阴,以上都不是
中医外科,肉瘿伴急躁易怒汗出心悸失眠多梦形体消瘦。治宜,D,疏肝解郁,清热化痰,调和冲任,益气养阴,以上都不是
中医外科,引起气瘿的内因主要是,C,饮食缺碘,体质虚弱,情志不畅,外感邪毒,肾气亏虚
中医外科,引起气瘿的外因主要是,A,饮食缺碘,体质虚弱,情志不畅,外感邪毒,肾气亏虚
中医外科,中医的血瘤，相当于西医的,A,血管瘤,皮脂腺囊肿,下肢静脉曲张,脂肪瘤,多发性神经纤维瘤
中医外科,肉瘤的西医病名是,C,脂肪肉瘤,骨骼肌肉瘤,脂肪瘤,钎维肉瘤,平滑肌肉瘤
中医外科,体表血络扩张，纵横丛集形成的肿瘤是,B,气瘤,血瘤,筋瘤,肉瘤,骨瘤
中医外科,瘤的特点没有下列哪一项,C,局限性肿块,生于体表,局部漫肿,发展缓慢,以上都不是
中医外科,中医所说的脂瘤相当于西医的,C,体表肿物,恶性肿瘤,皮脂腺囊肿,体内肿瘤,内脏肿瘤
中医外科,中医的失荣相当于西医所说的,C,体表肿物,脂肪瘤,颈部淋巴结转移癌,毛细血管瘤,海绵状血管瘤
中医外科,下列哪项不是失荣的特点,C,质地坚硬,表面凹凸不平,多发于青少年,肿块联结成串,预后不良
中医外科,下列哪一项不是血瘤的特点,E,边界不清,触之如海绵状,柔软而局限,色泽鲜红或暗紫,盘曲如蚯蚓状
中医外科,毛细血管瘤最显著的特点是,E,边界不清,瘤体巨大,质地坚硬,压缩性大,皮色鲜红
中医外科,海绵状血管瘤的显著特点是,B,皮色鲜红,压缩性大,青筋累累,边界不清,质地坚硬
中医外科,相当于西医的恶性肿瘤颈部淋巴结转移的疾病是,C,肉瘤,血瘤,失荣,颈痈,石瘿
中医外科,患者左前臂部有一肿块，呈扁平隆起，质地柔软，状如海绵，皮色略紫，按之肿块可缩小，据此可诊断为,D,气瘤,脂瘤,筋瘤,血瘤,肉瘤
中医外科,患者，女性，40岁。无意中发现背部肿块，无自觉症状，查：局部皮色不变，肿块触之柔软，呈分叶状，推之可移动，无压痛。该患者最可能的诊断是,E,痈,背疽,血瘤,脂瘤,肉瘤
中医外科,由体表血络扩张丛集形成的肿瘤是,B,气瘤,血瘤,筋瘤,肉瘤,骨瘤
中医外科,发于皮里膜外，由脂肪组织过度增生形成的肿瘤是,D,气瘤,血瘤,筋瘤,肉瘤,骨瘤
中医外科,自血脉肿起，赤缕红丝，颜色红紫，属于,B,气瘤,血瘤,筋瘤,肉瘤,骨瘤
中医外科,发于皮里膜外，柔软如棉，其形如馒，属于,D,气瘤,血瘤,筋瘤,肉瘤,骨瘤
中医外科,多在出生后1～2个月内出现，部分在5岁左右自行消失，多发生在颜面颈部，可单发，也可多发。多数表现为在皮肤上有红色丘疹或小的红斑，逐渐长大，界限清楚，大小不等，质软可压缩，色泽为鲜红色或紫红色，压之可褪色，抬手复原属于,B,曲张静脉团,毛细血管瘤,蔓状血管瘤,冠状动脉瘤,海绵状血管瘤
中医外科,表现为质地柔软似海绵，常呈局限性半球形扁平或高出皮面的隆起物，肿物有很大压缩性，可因体位下垂而充盈，或随患肢抬高而缩小，在瘤内有时可扪及颗粒状的静脉石硬结，外伤后可引起出血，继发感染，可形成慢性出血性溃疡属于,E,曲张静脉团,毛细血管瘤,蔓状血管瘤,冠状动脉瘤,海绵状血管瘤
中医外科,血瘤肿块大小不一，色泽鲜红，边界不清，不痛不痒，伴五心烦热，面赤口渴，口舌生疮，属于,A,心肾火毒证,肝经火旺证,脾统失司证,心火妄动证,肝郁化火证
中医外科,血瘤瘤体体积不大，边界不清，表面色红，质地柔软易出血，无疼痛，伴肢软乏力，面色萎黄者属于,C,心肾火毒证,肝经火旺证,脾统失司证,心火妄动证,肝郁化火证
中医外科,下列关于癣的治疗方法，错误的是,C,灰黄霉索,剪发、拔甲、拔发、洗头,肌肉注射抗生素,10％水杨酸软膏,5％硫黄软膏
中医外科,白秃疮的西医病名是,B,黄癣,白癣,手癣,脚癣,股癣
中医外科,热疮的主要治法是,D,凉血散瘀,清热和营,清热利湿,清热解毒养阴,清热凉血
中医外科,梅毒肝经湿热证的常用处方是,B,萆薢分清饮,龙胆泻肝汤,八正散,萆薜渗湿汤,导赤散
中医外科,接触性皮炎风热蕴肤证的代表方为,B,龙胆泻肝汤,消风散,化斑解毒汤,当归饮子,清营汤
中医外科,药毒是药物进入人体内所致的急性炎症反应，与其他疾病相比，其特点是,A,发病前有用药史，有一定的潜伏期，皮损多形性,发病前均有明湿的接触某种物质病史,皮损呈丘疹样风团，上有针尖大小的瘀点、丘疹或水疱，呈散在性分布,皮损主要表现为浅在性脓疱和脓痂，有接触传染和自体接种的特性,对称分布，多形损害，剧烈瘙痒，倾向湿润，反复发作，易转为慢性
中医外科,下列哪项不是瘾疹的病因病机,E,禀性不耐，卫外不固，风邪乘虚侵袭,风寒、风热客于肌表,肠胃湿热郁于肌表,气血不足，虚风内生,风湿热邪浸淫肌肤
中医外科,牛皮癣的皮损特点为,C,瘙痒性风团，发无定处，骤起骤退，消退后不留任何痕迹,对称分布，多形损害，剧烈瘙痒,皮损呈圆形或多角形的扁平丘疹融合成片，极易形成苔藓样变,皮损为暗红、淡紫色或皮肤色多角形扁平丘疹，有蜡样光泽、网状纹,皮损为基底淡红色，上覆银白色鳞屑，剥后有薄膜现象和点状出血
中医外科,以下哪项不是牛皮癣的症状特点,E,易形成苔藓样变,扁平丘疹,皮损肥厚,瘙痒剧烈,严重时可见汁水淋漓
中医外科,脱肛相当于西医学的,B,肛裂,直肠脱垂,刚漏,锁肛痔,以上都不是
中医外科,以下哪一项为淋病临床特点,D,龟头红肿，包皮内有多量脓性分泌物,外生殖器有多个痛性溃疡，表面有脓性分泌物，尿道口红肿,尿道分泌物少，为黏液状,尿道口刺痛，尿道口排出脓性分泌物,外生殖器多为单个无痛性溃疡
中医外科,中医认为梅毒的病因病机为,A,淫秽疫毒与湿热、风邪杂合所致,湿热秽浊之邪侵及肝经、下注阴部,湿热秽浊由下焦前阴入侵，阻于膀胱及肝经,秽浊之毒酿生湿热，下注皮肤黏膜,下焦湿热导致膀胱功能失调，三焦水道通调不利
中医外科,下列哪一项为尖锐湿疣的中医病因病机,D,湿热秽浊由下焦前阴入侵，阻于膀胱及肝经,湿热秽浊之邪侵及肝经、下注阴部,风热毒邪搏于肌肤而生,秽浊之毒酿生湿热，下注皮肤黏膜,淫秽疫毒与湿热、风邪杂合所致
中医外科,热疮湿热下注证方选,B,辛夷清肺饮,龙胆泻肝汤,增液汤,八珍汤,四妙勇安汤
中医外科,热疮阴虚内热证方选,C,辛夷清肺饮,龙胆泻肝汤,增液汤,八珍汤,四妙勇安汤
中医外科,热疮多因感受何邪所致,D,湿热,火毒,燥热,风热,暑热
中医外科,蛇串疮的皮损特点是,D,瘙痒性风团，发无定处，骤起骤退,皮肤黏膜交界处成群的水疱,皮肤上浅在性脓疱和脓痂,带状分布的红斑上成簇的水疱,对称分布，多形损害，剧烈瘙痒
中医外科,蛇串疮气滞血瘀证治疗以什么为主,C,本病一般不必内服药,清解余热,理气活血，通络止痛,扶正祛邪,以上均不是
中医外科,以下哪项不是白癣的特点,C,皮损为头皮有圆形或不规则的覆盖灰白色鳞屑的斑片,毛发干枯无光泽,可形成永久性脱发,易在距头皮0.3～0.8cm处折断,病发根部有白色菌鞘包绕
中医外科,以下哪项不是肥疮的特点,E,皮损多从头顶部开始，可累及全头部,皮损处有黄癣痂堆积,头发干燥，穿过皮损，易折断,皮损处叮闻及鼠尿臭,皮损处头发不会形成永久性脱发
中医外科,对于花斑癣，以下哪项说法不正确,C,常发于多汗体质青年,皮损好发于颈项、躯干,不会融合成片,好发于多汗部位,皮损为界清的圆形或不规则的无炎症性斑块
中医外科,以下哪一项属于肥疮脱发的特点,C,常在距头皮0.3～0.8cm处折断,脱发呈上粗下细的感叹号状,脱发后由于毛囊破坏，成为永久性脱发,脱发处油脂较多,以上均不是
中医外科,疥疮的皮损特点是,B,皮肤呈丘疹样风团，上有针头大的瘀点、丘疹或水疱,夜间剧痒，在皮损处有灰白色或普通皮色的隧道,皮肤上浅在性脓疱和脓痂，有传染性和自体接种的特性,躯干部位皮肤瘙痒及血痂,对称分布，多形损害，剧烈瘙痒
中医外科,患者女性，27岁。食芒果7小时后口周皮肤鲜红肿胀，其上有水疱或大疱，大疱破裂后则有糜烂渗液，灼热，瘙痒，伴发热，口渴，大便干结，小便黄，舌红，苔黄，脉弦数。治疗应首选的方剂是,E,凉膈散,黄连解毒汤,龙胆泻肝汤,化斑汤,化斑解毒汤合龙胆泻肝汤
中医外科,患者因劳累后唇缘、口角处见群集的小水疱，灼热痒痛，周身不适，心烦郁闷，大便干，小便黄，舌红，苔黄，脉弦数，治疗宜用下列何方,E,龙胆泻肝汤,五味消毒饮,黄连解毒汤,导赤散,辛夷清肺饮合竹叶石膏汤
中医外科,患者中年女性，平素纳差，时腹胀便溏，3天前因劳累后左胁肋部出现带片状红色斑丘疹，继而出现黄豆大小的水疱，红斑颜色较淡，疱壁松弛，伴有灼痛，口不渴，舌淡，苔白或白腻，脉缓，应选用以下何方治疗,B,龙胆泻肝汤,除湿胃苓汤加减,黄连解毒汤,桃红四物汤加减,参苓白术散加减
中医外科,患者男性，21岁，双手背起结节1年，如豆般大，坚硬粗糙，表面蓬松枯槁，色黄。皮损范围有扩大趋势，无任何不适，舌红，苔薄，脉弦数。诊断为,D,扁瘊,跖疣,鼠乳,疣目,丝状疣
中医外科,患者男性，57岁，反复发作的丘疹、丘疱疹、红斑10年。10年前患者不明诱因双前臂出现红斑、丘疱疹，伴瘙痒，经医治后好转，后皮损反复发作，且累及面积在不断扩大，每年发作2～3次，今夏皮损再次发作，皮损主要为丘疹、丘疱疹，伴有抓痕，痒甚，抓破后有渗液，可见鳞屑，伴有纳少、腹胀，舌淡，苔白，脉弦缓。宜选用何方治疗,D,萆薢渗湿汤加减,黄连解毒汤加减,龙胆泻肝汤加减,除湿胃苓汤加减,化斑解毒汤合龙胆泻肝汤加减
中医外科,患者男性，25岁，晨起跑步时偶遇风后全身泛发风团，色白，伴瘙痒，发无定处，成批发生，用温水清洗后皮损很快消退，口不渴，舌淡，苔白，脉浮紧。宜选用何方治疗,B,消风散,麻黄桂枝各半汤,麻黄附子细辛汤,当归饮子,四物消风散
中医外科,某男，皮疹为红斑、丘疹、风团、水疱，甚则糜烂渗液，表皮剥脱；伴灼热剧痒，口干，大便燥结，小便黄赤，发热；舌红，苔薄黄，脉滑数。其治则为,D,清热化瘀，解毒通络,清利湿热，解毒通络,活血化瘀，解毒通络,清热利湿，解毒止痒,清热泻火，凉血解毒
中医外科,患者男性，54岁，5年前腰部因疼痛，外贴膏药后皮肤出现局限性红肿，后起水疱，伴瘙痒，自行治疗后皮损结痂，有色素沉着，5年中病情反复发作，皮损肥厚干燥，有鳞屑，瘙痒剧烈，舌淡红，苔薄，脉弦细数。其治疗方药是,C,黄连解毒汤加减,凉膈散加减,消风散合当归饮子加减,龙胆泻肝汤加减,化斑解毒汤合龙胆泻肝汤加减
中医外科,患者出现全身泛发性丘疹、斑丘疹2天，9天前有因感冒服用阿莫西林史，2天前躯干起针尖至米粒大小的丘疹或斑丘疹，色鲜红，伴瘙痒，后皮损很快密集融合，伴有发热，口唇焦燥，口渴不欲饮，小便黄，舌绛，苔少，脉洪数。诊断为何病,B,荨麻疹型药疹,麻疹样型药疹,多形红斑型药疹,湿疹样型药疹,剥脱性皮炎型药疹
中医外科,患者女性，24岁，8个月前因食用鱼虾后全身起风团，后反复发作，迁延日久，每次发作时原因不明，瘙痒明显，舌淡红，苔白，脉沉细。宜选用何方治疗,C,桂枝汤,四物消风散,当归饮子加减,八珍汤,消风散
中医外科,患者皮损初起为针头大小的丘疹，逐渐扩大为绿豆、黄豆大小的淡红色或鲜红色丘疹或斑丘疹，可融合成形态不同的斑片，边界清楚，表面覆盖多层干燥银白色鳞屑，刮除鳞屑则露出发亮的半透明的薄膜，为薄膜现象。再刮除薄膜，出现多个筛状出血点，为点状出血现象，中医诊断为,C,白屑风,牛皮癣,白疕,白癜风,晒斑
中医外科,患者白疙初起，皮损遍身，多呈点滴状，颜色鲜红，层层银屑，瘙痒剧烈，抓之有点状出血，伴口干舌燥，便干溲黄，舌质红，苔薄黄，脉弦滑。证属,D,火毒炽盛证,湿毒蕴阻证,气血瘀滞证,血热内蕴证,以上均不是
中医外科,侧腰部皮肤有成簇状的丘疱疹，呈带状分布，疼痛剧烈。应诊断为,C,脓疱疮,疥疮,蛇串疮,湿疮,以上均不是
中医外科,皮损对称分布，多形损害，剧烈瘙痒，易转为慢性。诊断为,D,脓疱疮,疥疮,蛇串疮,湿疮,以上均不是
中医外科,牛皮癣的特点是,D,皮损对称分布，多形损害，剧烈瘙痒，反复发作易成慢性,好发于颈项、肘、尾骶部，皮损分布常不对称,发于接触部位，皮损表现单一，伴有痒或灼热感,皮损多局限于某一部位，皮损处肥厚粗糙，触之较硬，皮纹垃著或呈苔藓样变,损害多为暗红、淡紫或皮肤色多角扁平丘疹.有蜡样光泽、网状纹
中医外科,湿疮的皮损特点是,A,皮损对称分布，多形损害，剧烈瘙痒，反复发作易成慢性,好发于颈项、肘、尾骶部，皮损分布常不对称,发于接触部位，皮损表现单一，伴有痒或灼热感,皮损多局限于某一部位，皮损处肥厚粗糙，触之较硬，皮纹垃著或呈苔藓样变,损害多为暗红、淡紫或皮肤色多角扁平丘疹.有蜡样光泽、网状纹
中医外科,风团色白，遇寒加重，得暖则减；瘙痒难忍，舌淡红，苔薄白，脉浮紧。诊断为,A,瘾疹风寒束表证,瘾疹风热犯表证,瘾疹胃肠湿热证,瘾疹血虚风燥证,以上均不是
中医外科,风团片大色红，瘙痒剧烈；脘腹疼痛，冲疲纳呆，大便秘结或泄泻，舌质红，苔黄腻，脉弦滑数，诊断为,C,瘾疹风寒束表证,瘾疹风热犯表证,瘾疹胃肠湿热证,瘾疹血虚风燥证,以上均不是
中医外科,银屑病病程较久，皮损多呈斑片状，颜色淡红，鳞屑减少，干燥皲裂，自觉瘙痒。中医诊断为,B,白疙血热内蕴证,白疙血虚风燥证,白疙气血瘀滞证,白疙湿毒蕴阻证,白疙火毒炽盛证
中医外科,银屑病病程较久，皮损反复不愈，皮损多呈斑块状，鳞屑较厚，颜色暗红。中医诊断为,C,白疙血热内蕴证,白疙血虚风燥证,白疙气血瘀滞证,白疙湿毒蕴阻证,白疙火毒炽盛证
中医外科,肛管皮肤全层纵行裂开并形成感染性溃疡者称为,A,肛裂,皲裂,溃疡,痔,瘘
中医外科,排便或增加腹压时，直肠黏膜脱出肛门外，色淡红，长3～5cm，质软，不出血，便后自行缩回，肛门括约肌功能良好，其脱肛的临床分度是,A,I度,Ⅱ度,Ⅲ度,Ⅳ度,V度
中医外科,排便或增加腹压时，肛管直肠全层和部分乙状结肠脱出，长8cm，呈圆锥形，环状皱壁消失，色红，质软，常因括约肌松弛无力，以致肛门松弛。其脱肛的临床分度是,B,I度,Ⅱ度,Ⅲ度,Ⅳ度,V度
中医外科,内痔的好发部位是,A,截石位3、7、11点,截石位6、12点,截石位3、9点,截石位5、7点,截石位2、5点
中医外科,下列哪种疾病无脱垂症状,B,Ⅱ期内痔,肛裂,混合痔,息肉痔,脱肛
中医外科,下列疾病中，分为单发性和多发性两种，前者多见于儿童的疾病是,B,内痔,息肉痔,血栓性外痔,锁肛痔,肛隐窝炎
中医外科,关于一度直肠脱垂的临床表现，下列哪项不正确,B,为直肠黏膜脱出，呈淡红色,脱出物长约5～10cm，呈圆锥状,触之柔软，无弹性,便后可自行回纳,不易出血
中医外科,肛漏手术成败的关键在于,C,切除瘘管管壁,避免损伤内括约肌,正确找到内口并切开或切除,将外口及瘘管切除,以上都不是
中医外科,挂线疗法应用于高位肛漏的优点主要是,C,疗程短,无疼痛,不影响肛门功能,出血少,以上都不是
中医外科,肛管直肠癌诊断明确后，宜首选,A,手术根治,化疗,中药治疗,放疗,以上都不是
中医外科,内痔分期的主要依据是,B,便血多少与颜色,脱出情况,痔核大小,病程长短,疼痛程度
中医外科,肛裂疼痛的特点是,A,周期性疼痛,持续性刺痛,搏动性跳痛,持续性钝痛,持续性胀痛
中医外科,陈旧性肛裂伴肛管狭窄者手术时多选用,B,扩肛法,纵切横缝法,肛裂侧切术,切开疗法,挂线疗法
中医外科,肛痈浅部脓肿切开时应采取什么切口,A,放射状,十字形,弧形,平行纵切开,梭形
中医外科,患者肛门突然剧烈疼痛，并出现肿物，表面呈暗紫色，触痛明显，其诊断是,B,肛管癌,血栓性外痔,肛旁脓肿,肛裂,内痔嵌顿
中医外科,患儿男性，7岁，排便时肛门脱出一肿物，呈环形，色较鲜红，便后自行回纳，有时伴少许出血，多染于便纸上，最可能的诊断是,C,内痔脱出,息肉脱出,一度直肠脱垂,二度直肠脱垂,三度直肠脱垂
中医外科,患者肛旁肿痛1周，近3天加重，伴发热恶寒，坐卧不宁。检查肛门左侧饱满，高于右侧，压痛明显，有波动感，最可能的诊断是,D,直肠后间隙脓肿,骨盆直肠间隙脓肿,肛门旁皮下脓肿,坐骨直肠间隙脓肿,坐骨直肠间隙脓肿传向肛提肌以
中医外科,患者女性，30岁，自觉肛门部不适，排便时因粪便压迫肛隐窝，可感觉肛门疼痛，一般不甚剧烈，数分钟内消失。其最可能的诊断是,D,直肠息肉,肛裂,肛瘘,肛窦炎,内痔
中医外科,患者老年男性，近来大便次数增多，伴有排便不尽感，偶有便血，量少，色不鲜。该患者应首先进行的检查方法是,D,化验大便常规,钡灌肠检查,结肠镜检查,肛管直肠指诊,血常规检查
中医外科,患者男性，52岁。不明原因出现便血，肛门重坠。肛门指诊触及肠壁上有一硬结性肿块，推之不移，指套上有脓血黏液，应首先考虑,B,直肠息肉,直肠癌,直肠腺瘤,肛乳头肥大,直肠黏膜下脓肿
中医外科,适宜采用硬化注射疗法的是,A,内痔,外痔,肛乳头肥大,肛漏,锁肛痔
中医外科,适宜采用挂线疗法的是,D,内痔,外痔,肛乳头肥大,肛漏,锁肛痔
中医外科,一青年妇女，近月余便时疼痛剧烈，大便秘结，点滴下血，应考虑为,A,早期肛裂,息肉痔,肛隐窝炎,Ⅱ期内痔,混合痔
中医外科,一4岁儿童，大便每日一行，色黄质软，便时下血，应首先考虑为,B,早期肛裂,息肉痔,肛隐窝炎,Ⅱ期内痔,混合痔
中医外科,肛漏的局部症状为,B,疼痛、出血、便秘,流脓、疼痛、瘙痒,肛门坠胀、有异物感,肛周红、肿、热、痛,便下脓血、黏液，便意频数
中医外科,肛裂的局部症状多为,A,疼痛、出血、便秘,流脓、疼痛、瘙痒,肛门坠胀、有异物感,肛周红、肿、热、痛,便下脓血、黏液，便意频数
中医外科,治疗子痈气滞痰凝证的代表方剂是,E,小金丸,左归丸,二陈汤,抵当丸,橘核丸
中医外科,慢性前列腺炎气滞血瘀证的代表方剂是,A,前列腺汤,八正散,龙胆泻肝汤,抵当丸,知柏地黄汤
中医外科,与尿石症病机关系最密切的是,E,风热,血瘀,痰凝,气滞,湿热
中医外科,慢性前列腺炎指诊前列腺的特点是,E,前列腺增大，中央沟消失，无压痛,前列隙肿胀饱满，并有明显压痛,前列腺增大，质不均，无弹性及压痛,前列腺缩小，质坚韧、光滑，尤压痛,前列腺大小正常，或稍大或稍小硬度增加或有结节，可有压痛
中医外科,关于阴茎痰核的临床表现，以下哪一项是错误的,A,痰核生于阴茎腹侧,阴茎皮下有条索状或斑块样结节,一般不会溃破,勃起时阴茎弯曲疼痛,影响性生活
中医外科,关于上尿路结石的临床表现下列哪项是不对的,E,疼痛,肉跟血尿,有时为镜下血尿,疼痛常向下腹部放射,结石越大，症状越明显
中医外科,下列哪一组症状不是慢性前列腺炎的临床特征表现,C,小便淋沥不尽,尿频、尿急,尿道口溢脓液,会阴、腰骶部疼痛,以上都不是
中医外科,下列各项，不属于前列腺增生症常见的临床症状的是,D,夜尿次数增多,慢性尿潴留,排尿困难,尿频、尿急、尿痛,假性尿失禁
中医外科,睾丸和附睾的急性化脓性感染称为,C,子痰,囊痈,子痈,脱囊,卵子痈
中医外科,患者，男，38岁。患急性子痈2天，恶寒发热，左侧睾丸肿大疼痛，疼痛引及子系（精索），舌红苔黄腻，脉滑数。证属湿热下注，气血壅滞，经络阻隔为患。治宜清热解毒，利湿消肿，应首选,E,透脓散,滋阴除湿汤,萆薜化毒汤,柴胡疏肝散,枸橘汤加减
中医外科,患者，男，50岁。排尿淋漓，腰膝酸痛，阳痿早泄，形寒肢冷。舌淡胖，苔白，脉沉细。其证候是,D,湿热下注,中气下陷,肾阴虚损,肾阳虚损,下焦蓄血
中医外科,某患者，慢性前列腺炎以少腹、会阴、睾丸、腰骶隐痛为主，舌黯或有瘀点瘀斑，脉多沉涩，辨证为,D,湿热壅阻证,阴虚火动证,肾阳不足证,气滞血瘀证,心肾不交证
中医外科,尿石症之气血瘀滞证的主治方剂是,E,,,,,
中医外科,尿石症之肾气不足证的主治方剂是,D,,,,,
中医外科,前列腺增生症的临床特征是,B,尿道口常有白色分泌物溢出,排尿困难、尿潴留,射精时精液呈淡红色或棕色,阴茎背侧触及硬结或索状斑块,以上都不是
中医外科,阴茎痰核的临床特征是,D,尿道口常有白色分泌物溢出,排尿困难、尿潴留,射精时精液呈淡红色或棕色,阴茎背侧触及硬结或索状斑块,以上都不是
中医外科,慢性前列腺炎的临床特征是,A,尿道口常有白色分泌物溢出,排尿困难、尿潴留,射精时精液呈淡红色或棕色,阴茎背侧触及硬结或索状斑块,以上都不是
中医外科,下列何种毒蛇不属于血循毒类,A,金环蛇,烙铁头蛇,竹叶青蛇,尖吻蝮蛇,蝰蛇
中医外科,属神经毒类的毒蛇是,D,蝰蛇,竹叶青蛇,尖吻蝮蛇,海蛇,眼镜蛇
中医外科,主要含血循毒的毒蛇是,E,金环蛇,蝮蛇,眼镜蛇,眼镜王蛇,尖吻蝮蛇
中医外科,主要含神经毒的毒蛇是,A,银环蛇,眼镜王蛇,烙铁头蛇,尖吻蝮蛇,竹叶青蛇
中医外科,主要含混合毒的毒蛇是,C,竹叶青蛇,尖吻蝮蛇,眼镜王蛇,烙铁头蛇,银环蛇
中医外科,破伤风前驱期不应有的症状是,E,头痛、头晕,乏力、多汗,烦躁、打呵欠,咀嚼无力,张口困难
中医外科,毒蛇咬伤后，下列局部处理方法错误的是,C,早期结扎,扩创排毒,艾灸法,烧灼法,封闭疗法
中医外科,破伤风的潜伏期一般为,C,24小时,2～3天,4～14天,20～30天,2～6个月
中医外科,破伤风发作期最先出现的症状是,B,苦笑面容,张口困难,颈项强直,角弓反张,手足抽搐
中医外科,按照中国九分法计算烧伤面积，双上肢占,C,4.50%,9%,18%,36%,以上都不是
中医外科,浅Ⅱ度烧伤创面无感染时的愈合时间为,C,2～3天,3～5天,7～14天,21～28天,以上都不是
中医外科,治疗肠痈热毒证的代表方剂是,E,仙方活命饮加减,黄连解毒汤合五味消毒饮加减,大黄牡丹汤加减,复方大柴胡汤加减,大黄牡丹汤合透脓散加减
中医外科,治疗肠痈湿热证的代表方剂是,D,仙方活命饮加减,黄连解毒汤合五味消毒饮加减,大黄牡丹汤加减,复方大柴胡汤加减,大黄牡丹汤合透脓散加减
中医外科,脱疽局部缺血期，患者足背动脉、胫后动脉的脉象多表现为,D,弦数,洪大,结代,微弱,绝
中医外科,在脱疽的诊断中下列哪一条是错误的,B,20～40岁男性,足趾遇冷刺激后发冷苍白变紫,患侧下肢肢端疼痛，伴迁移性静脉炎或间歇性跛行,患侧足背动脉搏动减弱或消失,足趾持续发冷，皮肤苍白或青紫或有干性坏疽
中医外科,四妙勇安汤治疗脱疽适用于,E,寒湿阻络证,血脉瘀阻证,气血两虚型,热毒伤阴证,湿热毒盛证
中医外科,下列哪项不是脱疽局部缺血期的表现,E,患肢发凉,患肢麻木,患肢足背动脉搏动减弱,间歇性跛行,静止痛
中医外科,以下哪种疾病易引起肺梗塞,C,臁疮,脱疽,股肿,浅静脉炎,褥疮
中医外科,臁疮形成的主要原因是,A,长期站立负重,虫咬,局部皮肤破损,湿疹及过敏性皮炎,外伤
中医外科,臁疮的病因病机是,C,久病气血亏虚，不能营养肌肤,气血失和，经脉阻滞，气血凝结,湿热下注，瘀血凝滞经络,气血失和，风寒痰浊凝聚,寒湿凝聚经络，闭塞不通，气血运行不畅
中医外科,臁疮创面流水潮红，周围皮肤红肿痒痛，治疗宜用,B,萆薢化毒汤,二妙丸和五神汤,黄连解毒汤,五神汤,三妙散
中医外科,股肿气虚湿阻证的治法为,C,和营活血，清热利湿,清热利湿，活血通络,益气健脾，祛湿通络,凉血清热，活血通络,化痰软坚，利水消肿
中医外科,可作为股肿发病原因的是,D,吸烟,寒冷,长期站立,创伤或产后长期卧床,静脉注射药液
中医外科,脱疽湿热毒盛证的治法是,C,活血通络止痛,温阳通脉、散寒止痛,清热利湿，解毒活血,补气养血止痛,以上都不是
中医外科,某男，32岁。右下肢麻木、发凉、怕冷2年，每行走约1km需停下休息。体格检查：右下肢皮温较对侧低，色泽苍白，右足背动脉搏动减弱。诊断考虑为,A,血栓闭塞性脉管炎,大动脉炎,右下肢动脉硬化性闭塞症,右下肢深静脉血栓形成,右下肢血栓性浅静脉炎
中医外科,某男，左足怕冷、疼痛、间歇性跛行年余。月余来足痛转为持续性静止痛，夜间痛剧，不能入睡，足背动脉搏动消失。应诊断为,B,痹汪,脱疽,糖尿病坏疽,闭塞性动脉硬化症,雷诺病（肢端动脉痉挛症）
中医外科,某男，35岁。吸烟15年，出现右下肢麻木、发凉、间歇性跛行8年。患者初次就诊时，下列哪项措施最重要,E,使用抗生素,使用激素,使用免疫抑制剂,嘱患者保暖,嘱患者戒烟
中医外科,脱疽好发于,A,四肢末梢,小腿下部,骶尾部,髋部,脊背部
中医外科,臁疮好发于,B,四肢末梢,小腿下部,骶尾部,髋部,脊背部
中医外科,脱疽患者表现为患肢暗红紫红或青紫，足背汗毛脱落，皮肤肌肉萎缩，趾甲变厚，足背动脉搏动消失。患肢疼痛，以夜间为甚，证属,B,寒湿阻络证,血脉瘀阻证,湿热毒盛证,气阴两虚型,热毒伤阴证
中医外科,脱疽患者表现为面容憔悴萎黄，消瘦，五心烦热，渴不欲饮，患肢肌肉萎缩，皮肤干燥脱屑，趾甲干燥肥厚，创面生长缓慢，肉芽淡而不鲜。证属,D,寒湿阻络证,血脉瘀阻证,湿热毒盛证,气阴两虚型,热毒伤阴证
中医外科,脱疽发病的主要病因是,A,寒湿之邪,肾阴不足,气滞血瘀,痰凝阻络,血虚瘀阻
中医外科,股肿发病的主要病因是,C,寒湿之邪,肾阴不足,气滞血瘀,痰凝阻络,血虚瘀阻
中医外科,脱疽血脉瘀阻证的主要表现为,A,患趾（指）酸胀疼痛加重，趺阳脉搏动消失,患肢麻木、发凉，色苍白，足背动脉搏动减弱,患趾紫暗，浸淫蔓延，溃破腐烂，舌质红，苔黄腻,患趾紫暗，遇冷变色，变为苍白、紫暗、潮红等颜色,患趾溃烂、色苍白，创面久不愈合，舌淡胖，脉细无力
中医外科,脱疽湿热毒盛证的主要表现为,C,患趾（指）酸胀疼痛加重，趺阳脉搏动消失,患肢麻木、发凉，色苍白，足背动脉搏动减弱,患趾紫暗，浸淫蔓延，溃破腐烂，舌质红，苔黄腻,患趾紫暗，遇冷变色，变为苍白、紫暗、潮红等颜色,患趾溃烂、色苍白，创面久不愈合，舌淡胖，脉细无力
中医外科,筋瘤好发于,C,四肢末梢,小腿下部,下肢,四肢或胸壁,以上都不是
中医外科,血栓性浅静脉炎发于,D,四肢末梢,小腿下部,下肢,四肢或胸壁,以上都不是
中医诊断学,中医诊断的基本原则是,A,整体审察，四诊合参，病证结合,辨证求因，审因论治，脉症合参,证候真假，证候错杂，诊法合参,证候转化，病证结合，辨证求因,司外揣内，见微知著，以常衡变
中医诊断学,以下关于中医诊断的基本原理正确的是,A,见微知著,整体审察,四诊合参,病证结合,以上都不是
中医诊断学,医生利用四诊收集的病情资料，综合判断病情的方法属于,A,四诊合参,整体审察,见微知著,病证结合,司外揣内
中医诊断学,中医上将辨病与辩证相结合来进行疾病诊断的方法属于,D,四诊合参,整体审察,见微知著,病证结合,司外揣内
中医诊断学,脾阳已绝的患者其唇的形态可见,C,口唇糜烂,唇干而裂,人中满唇反,唇内溃烂，其色淡红,人中短缩，唇卷缩不能覆齿
中医诊断学,小儿口角流涎多属于,A,脾气虚弱,湿热内蕴,心脾积热,肝风内动,胃气虚弱
中医诊断学,戴阳证患者的表现为,E,面黄隐隐,面色红赤,面色淡白,面色淡青,面色苍白，颧颊部嫩红如妆
中医诊断学,在望病人面色时，应首先注意区分的是,B,主色与客色,善色与恶色,主色与恶色,常色与病色,主色与病色
中医诊断学,患者出现突然昏倒，口吐白沫，目睛上视，四肢抽搐，醒后如常者，属于,E,脏躁,狂病,癫病,痴呆,痫病
中医诊断学,下列不属于假神临床表现的是,A,突然昏倒，口吐白沫,目无光彩，突然目光转亮,懒言少语，突然言语不休,本无食欲，突然欲进饮食,面色无华，突然两颧泛红如妆
中医诊断学,下列各项中，不属于病色表现的是,E,面色淡青,面色淡黄,面色淡白,面色红赤,红黄隐隐
中医诊断学,病人但卧不能坐，坐则晕眩，属,E,哮病,肺胀,气胸,痰饮停肺,夺气失血
中医诊断学,病人卧时向外，躁动不安属,A,阳证,阴证,寒证,虚证,虚寒证
中医诊断学,下列哪项是形盛气衰的表现,B,体胖能食，肌肉坚实,体胖食少，神疲乏力,形瘦能食，舌红苔黄,形瘦颧红，皮肤干焦,卧床不起，骨瘦如柴
中医诊断学,以下哪项不是面色发青所属病证,D,痛证,寒证,惊风,水饮,血瘀
中医诊断学,以下哪项不是面色发黑所属病证,B,水饮,湿证,肾虚,寒证,瘀血
中医诊断学,以下哪项不属于恶色,B,赤如衃血,白如豕膏,黄如枳实,青如草兹,黑如炲
中医诊断学,阳气暴脱病人的面色是,C,面白无华,面色淡白,面色苍白,面色青紫,面色青黑
中医诊断学,以下不属于五色中白色主病的是,E,气虚,血虚,寒邪,阳虚,湿邪
中医诊断学,满面通红者多属于,C,阴虚火旺,虚阳上越,外感发热,真寒假热,阳气暴脱
中医诊断学,脾胃气虚的面色是,B,面黄虚浮,面色萎黄,面目俱黄,面色青黄,以上都不是
中医诊断学,热极的患者其唇的色泽可表现为,D,唇色深红,唇色青紫,口唇青黑,口唇赤肿而干,口唇呈樱桃红色者
中医诊断学,面色黧黑，肌肤甲错的病机是,D,肾虚,水饮,寒证,瘀血,痛证
中医诊断学,面色淡黄，枯槁无华称为,B,黄胖,萎黄,阴黄,阳黄,黄疸
中医诊断学,下列哪项不是邪盛失神的临床表现,D,神昏谵语,喉中痰鸣,两手握固,呼吸气微,牙关紧闭
中医诊断学,假神最主要的病理机制是,E,气血不足，精津亏损,机体阴阳失调,脏腑虚衰，功能低下,阴盛于内，格阳于外,精气衰竭，虚阳外越
中医诊断学,下列哪项不是正虚失神的表现,E,目无光彩,反应迟钝,呼吸微弱,精神萎靡,壮热神昏
中医诊断学,下列哪项不是得神的表现,C,目光精彩,神志清楚,颧赤如妆,面色荣润,呼吸调匀
中医诊断学,疮疡患部红肿高大，根盘紧束，伴有焮热疼痛者为,A,痈,疽,疔,疖,瘾疹
中医诊断学,痈疮的病因是,D,外感火热毒邪,感受疫毒火毒,阴寒之邪凝聚,湿热火毒蕴结,气血亏虚
中医诊断学,椭圆形粉红色疱疹，浆液稀薄，皮薄易破，大小不等，分批出现者是,B,风疹,水痘,湿疹,麻疹,瘾疹
中医诊断学,手足蠕动的病机是,C,热极生风,血虚生风,阴虚动风,肝阳化风,寒凝筋脉
中医诊断学,咽部溃烂成片或凹陷者多为,C,肺胃热轻,肺胃热盛,火毒壅盛,阴虚火旺,以上都不是
中医诊断学,两侧瞳孔完全散大，对光反射消失提示,D,吗啡中毒,有机磷中毒,毒蕈中毒,脏腑精气耗竭,氯丙嗪中毒
中医诊断学,唇边生疮，红肿疼痛是因,C,燥热津伤,阴虚火旺,心脾积热,胃火亢盛,以上都不是
中医诊断学,唇色深红属于,B,胃气充足,热盛,煤气中毒,血瘀,寒凝血脉
中医诊断学,瞳孔缩小可见于,D,青风内障,颅脑外伤,颅内肿瘤,川乌中毒,杏仁中毒
中医诊断学,口腔肌膜灰白色小溃疡，周围红晕，局部疼痛者为,A,口疮,口糜,鹅口疮,口撮,以上都不是
中医诊断学,新生儿脐风，上下口唇紧聚称为,B,口噤,口撮,口喎,口振,口动
中医诊断学,全目赤肿为,B,脾胃湿热,肝经风热,心脾积热,肺热壅盛,肾经虚火
中医诊断学,两目白睛是“五轮学说”之,D,血轮,风轮,肉轮,气轮,水轮
中医诊断学,小儿发结如穗，枯黄稀疏属于,B,先天不足,疳积,血热,肾精亏损,血虚
中医诊断学,头发成斑片状脱落的多见于,D,肾精亏损,气血两虚,久病体弱,血虚受风,血热
中医诊断学,下列哪项不属于中风病临床表现,E,卒然昏倒,不省人事,口眼歪斜,半身不遂,四肢抽搐
中医诊断学,病人肢体软弱无力，行动不便属于,C,瘫痪,痹病,痿病,痫病,中风后遗症
中医诊断学,小儿指纹达于气关是,B,邪气入络,邪气入经,邪人脏腑,病情凶险,外感初起
中医诊断学,小儿指纹色青者属,C,外感表证,里实热证,痛证惊风,血络闭郁,脾虚疳积
中医诊断学,小儿指纹浅淡不泽者属,C,表证,里证,虚证,实证,寒证
中医诊断学,小儿指纹紫红属,B,外感表证,里热证,痛证,血络闭郁,惊风
中医诊断学,小儿指纹浮露属,B,惊风,外感表证,实热证,虚热证,疳积
中医诊断学,小儿指纹紫黑主,E,实热证,实寒证,虚热证,小儿惊风,血络郁闭
中医诊断学,小儿指纹鲜红主,C,里热,表热,表证,痛甚,病危
中医诊断学,鼻流浊涕者，多属,A,外感风热,胆经湿热,阳气虚弱,外感风寒,阴虚肺燥
中医诊断学,咯痰白滑量多易出者属,D,寒痰,燥痰,热痰,湿痰,肺痈之痰
中医诊断学,斑与疹的主要区别是,C,是否色红成片,是否时现时隐,是否抚之碍手,是否压之褪色,是否伴有身热
中医诊断学,眼窝凹陷多属,B,肺胀,吐泻伤津,肝胆火炽,脾胃虚衰,肾阴不足
中医诊断学,疮疡初起如粟，根脚坚硬较深、麻木、顶白而痛者为,B,痈,疔,疽,疖,麻疹
中医诊断学,颈侧颌下肿块，累累如串珠者称为,B,瘿瘤,瘰疬,颈瘘,项痈,发颐
中医诊断学,脾肾亏虚多见,E,横目斜视,昏睡露睛,瞳孔散大,瞳孔缩小,双睑下垂
中医诊断学,肝风内动多见,A,横目斜视,昏睡露睛,瞳孔散大,瞳孔缩小,双睑下垂
中医诊断学,主瘀血证的面色为,B,青色、赤色,青色、黑色,黄色、黑色,赤色、黑色,赤色、白色
中医诊断学,主水湿内停证的面色为,C,青色、赤色,青色、黑色,黄色、黑色,赤色、黑色,赤色、白色
中医诊断学,口唇樱桃红色属于,E,冷极,热盛,热极,瘀血,煤气中毒
中医诊断学,口唇青黑属于,A,冷极,热盛,热极,瘀血,煤气中毒
中医诊断学,咽喉淡红不肿，微痛多为,B,肺胃热盛,虚火上炎,肺胃热毒,风热痰火,
中医诊断学,咽喉淡红漫肿多为,E,肺胃热盛,虚火上炎,肺胃热毒,风热痰火,
中医诊断学,寒痰的特征是,C,痰中带血,痰黄质稠,痰白清稀,痰少黏稠,痰白滑量多
中医诊断学,燥痰的特征是,D,痰中带血,痰黄质稠,痰白清稀,痰少黏稠,痰白滑量多
中医诊断学,痰浊结于颈前多见,E,项瘘,瘰疬,项痈,项强,瘿瘤
中医诊断学,痰浊结于颈部两侧多见,B,项瘘,瘰疬,项痈,项强,瘿瘤
中医诊断学,望舌诊的临床意义是,E,判断邪正盛衰,辨别病位深浅,推断病势进退,区别病邪性质,以上均是
中医诊断学,下列各项中，不属于引起舌象生理变异的是,D,年龄因素,气候因素,环境因素,地域因素,禀赋体质因素
中医诊断学,舌与脏腑经络关系中，足厥阴肝经,C,挟舌本,系舌本,络舌本,连舌本,散舌下
中医诊断学,属于连舌本，散舌下的是,B,手少阴心经,足太阴脾经,手太阴肺经,足少阴肾经,足厥阴肝经
中医诊断学,下述哪项不是血瘀证色脉改变,D,皮肤有紫色斑块,腹壁青筋暴露,出血紫暗夹块,舌淡胖苔腻或滑,脉细涩、弦涩
中医诊断学,舌苔薄白而干者多见于,D,湿浊中阻,食积内停,脾肾阳虚,风热表证,燥热伤津
中医诊断学,苔白如积粉，扪之不燥者多见于,E,湿浊中阻,脾肾阳虚,食积化热,风热表证,外感瘟疫
中医诊断学,舌苔脱落处舌面不光滑，仍有新生苔质颗粒者称,E,花剥苔,地图舌,镜面舌,光滑舌,类剥苔
中医诊断学,舌中部点刺者多为,D,肝胆火盛,心火亢盛,肺热壅盛,胃肠热盛,大肠湿热
中医诊断学,舌短缩色青紫而湿润者多属,B,痰湿内阻,寒凝筋脉,热盛津伤,脾虚不运,气血俱虚
中医诊断学,舌色淡红中泛现青紫多为,E,寒凝血瘀,酒毒内蕴,瘀血内阻,脾胃湿热,肺气壅滞
中医诊断学,外感秽浊与热毒之邪相合的舌象是,C,白腻苔,黄腻苔,积粉苔,灰黑苔,腐苔
中医诊断学,舌绛少苔或无苔是,A,阴虚火旺,热入营血,气分实热,阳明热盛,瘀血阻滞
中医诊断学,温病热入营血的舌色是,C,红舌,紫舌,绛舌,青舌,淡红舌
中医诊断学,观察舌苔以辨别病邪深浅，主要依据是,B,舌苔的有无,舌苔的厚薄,舌苔的颜色,舌苔的真假,舌苔的润燥
中医诊断学,舌苔苔质粗大疏松而厚，揩之易去为,D,滑苔,糙苔,腻苔,腐苔,无根苔
中医诊断学,舌痿软而淡白无华可见于,A,气血虚衰,风痰阻络,肝肾阴亏,热极伤阴,阴虚火旺
中医诊断学,舌质胖大淡嫩并有齿痕多见于,D,血虚,气虚,肾虚,寒湿壅盛,湿热痰浊
中医诊断学,镜面舌的形成机理是,C,热甚伤津,水湿上泛,胃无生发之气,胃肠热甚,热入营血
中医诊断学,气血两虚的舌象是,B,胖大舌,瘦薄舌,点刺舌,老舌,强硬舌
中医诊断学,水湿内停的舌象是,A,胖大舌,瘦薄舌,点刺舌,老舌,强硬舌
中医诊断学,舌紫而吐舌可见于,D,血虚动风,热极生风,阴虚动风,疫毒攻心,肝阳化风
中医诊断学,新病舌绛而颤动并伴高热惊厥可见于,B,血虚动风,热极生风,阴虚动风,疫毒攻心,肝阳化风
中医诊断学,歪斜舌多见于,E,肝风内动,热入心包,阴虚火旺,心脾热盛,中风先兆
中医诊断学,颤动舌多见于,A,肝风内动,热入心包,阴虚火旺,心脾热盛,中风先兆
中医诊断学,气血两虚多见,D,舌强硬红绛少津,舌强硬语言謇涩,舌强硬舌苔厚腻,舌痿软淡白无华,舌痿软红绛少苔
中医诊断学,邪热炽盛多见,A,舌强硬红绛少津,舌强硬语言謇涩,舌强硬舌苔厚腻,舌痿软淡白无华,舌痿软红绛少苔
中医诊断学,舌苔不规则脱落，边缘突起，界限清楚的是,E,燥苔,类剥苔,花剥苔,糙苔,地图舌
中医诊断学,舌苔干燥粗糙津液全无的是,D,燥苔,类剥苔,花剥苔,糙苔,地图舌
中医诊断学,肾在舌上分属部位是,C,舌尖,舌中,舌根,舌边,舌底
中医诊断学,肝在舌上分属部位是,D,舌尖,舌中,舌根,舌边,舌底
中医诊断学,属于言謇的是,D,神识清楚，语言错乱，语后自知的症状,神识不清，语无伦次，声高有力的症状,自言自语，喃喃不休，见人语止，首尾不续的症状,神志清楚、思维正常而吐字困难，或吐字不清,神识不清，语言重复，时断时续，语声低弱模糊的症状
中医诊断学,下列各项中，属于郑声的是,E,神识不清，语无伦次，声高有力的症状,神识清楚，语言错乱，语后自知的症状,自言自语，喃喃不休，见人语止，首尾不续的症状,精神错乱，语无伦次，狂叫骂詈，登高而歌的症状,神识不清，语言重复，时断时续，语声低弱模糊的症状
中医诊断学,下列关于谵语的叙述正确的是,A,神识不清，语无伦次，声高有力的症状,神识清楚，语言错乱，语后自知的症状,自言自语，喃喃不休，见人语止，首尾不续的症状,精神错乱，语无伦次，狂叫骂詈，登高而歌的症状,神识不清，语言重复，时断时续，语声低弱模糊的症状
中医诊断学,病室中有尸臭气多为,C,患者失血,瘟疫发作,脏腑衰败,肾衰,消渴病重
中医诊断学,当瘟疫类疾病发生时病室中气味为,B,腐臭气,臭气触人,尿臊气,蒜臭气,烂苹果气
中医诊断学,病室有蒜臭气味是因,E,瘟疫发生,溃腐疮疡,脏腑衰败,肾功衰竭,有机磷中毒
中医诊断学,病人口气腐臭或吐脓血多为,B,牙疳,内有脓疡,胃热,口腔不洁,龋齿
中医诊断学,导致出现咳声如犬吠，声音嘶哑，吸气困难的病因是,E,风邪与痰热搏结,久病肺气虚损,燥邪犯肺,寒痰湿浊停肺,阴虚疫毒攻喉
中医诊断学,金实不鸣是指,C,咳声嘶哑,咳声不扬,新病音哑失音,肺实作喘,咳声紧闷
中医诊断学,咳声不扬，痰黄难咯者属,B,痰湿阻肺,热邪犯肺,燥邪犯肺,肺肾阳虚,寒邪犯肺
中医诊断学,久病、重病呃逆不止，声低气怯者属,A,胃气衰败,脾胃气虚,脾胃阳虚,寒邪客胃,热邪客胃
中医诊断学,水逆呕吐的特点是,C,吐势徐缓，吐物清稀,呕吐黏稠苦水,口干欲饮，饮后则吐,喷射状呕吐,朝食暮吐，暮食朝吐
中医诊断学,热邪犯胃其呕吐的特点是,A,呕声壮厉，吐黏稠黄水,呕吐呈喷射状,呕吐酸腐食糜,朝食暮吐,暮食朝吐
中医诊断学,呕吐呈喷射状者多为,C,热伤胃肠,脾胃阳虚,热扰神明,食滞胃脘,饮邪犯胃
中医诊断学,金破不鸣是指,A,久病失音,少气,肺虚咳嗽,肾虚作喘,抑郁太息
中医诊断学,以下哪项不是实喘的特征,D,发作急骤,呼吸深长,息粗声高,呼多吸少,张口抬肩
中医诊断学,郑声的病机是,E,宗气大虚,心气虚弱,神气不足,痰扰神明,心神散乱
中医诊断学,症状表现为神识不清，语无伦次，声高有力属于,D,错语,狂言,郑声,谵语,独语
中医诊断学,神志不清，语言重复，声音低微，时断时续称为,E,独语,错语,狂言,谵语,郑声
中医诊断学,喘证的临床表现应除外哪一项,D,呼吸困难,鼻翼煽动,张口抬肩,喉中痰鸣,难以平卧
中医诊断学,寒痰停肺咳嗽的特点是,B,咳声轻清低微,咳声重浊紧闷,咳声不扬痰黄稠,阵发性痉挛性咳嗽,干咳无痰或少痰
中医诊断学,咳声短促，连续不断，咳后有鸡鸣样回声称为,A,顿咳,肺痨,肺痈,肺痿,白喉
中医诊断学,病人口气酸臭，脘腹胀满者属,C,肝胃蕴热,胃肠蕴热,食积胃肠,内有脓疡,口腔不洁
中医诊断学,尿液散发烂苹果味多见于,A,消渴病,失血,脏腑败坏,瘟疫,水肿病晚期
中医诊断学,口气臭秽者是,C,口腔不洁,食积胃肠,胃热,牙疳,内有溃腐脓疡
中医诊断学,口臭难闻，牙龈腐烂者是,D,口腔不洁,食积胃肠,胃热,牙疳,内有溃腐脓疡
中医诊断学,痰湿阻肺的特征是,D,咳声不扬，痰黄质稠,咳声重浊紧闷,干咳少痰或无痰,咳有痰声，痰多易咯,咳声如犬吠，声音嘶哑
中医诊断学,燥邪犯肺的特征是,C,咳声不扬，痰黄质稠,咳声重浊紧闷,干咳少痰或无痰,咳有痰声，痰多易咯,咳声如犬吠，声音嘶哑
中医诊断学,呼吸急迫困难，张口抬肩，难以平卧的是,D,短气,夺气,少气,喘,哮
中医诊断学,呼吸急促困难，喉中痰鸣的是,E,短气,夺气,少气,喘,哮
中医诊断学,导致自言自语，见人便止，首尾不续的病因是,C,热扰心神,痰热扰心,心气不足,脏气衰微,宗气大虚
中医诊断学,导致语言时有错乱，语后自知言错的病因是,C,热扰心神,痰热扰心,心气不足,脏气衰微,宗气大虚
中医诊断学,睡后易醒，醒后不易入睡多见于,D,心肾不交,食滞内停,胆郁痰扰,心脾两虚,以上均不是
中医诊断学,头脑空痛，腰膝酸软者属于,D,风寒头痛,气虚头痛,血虚头痛,肾虚头痛,风热头痛
中医诊断学,下列关于头痛不同性质的内容叙述错误的是,D,头痛连项，遇风加重者属风寒头痛,头痛怕热，面红目赤者属风热头痛,头痛如裹，肢体困重者属风湿头痛,头痛绵绵，过劳则盛者属肾虚头痛,头痛眩晕，面色苍白者属血虚头痛
中医诊断学,常见于头、脘腹、胁肋、腰背处的疼痛为,A,隐痛,酸痛,重痛,灼痛,冷痛
中医诊断学,常见于咽喉、口舌、胁肋、脘腹、关节处的疼痛为,D,隐痛,酸痛,重痛,灼痛,冷痛
中医诊断学,伤风表证的特征是,E,恶寒重发热轻,恶寒轻发热轻,发热重恶寒轻,发热重恶寒重,发热轻而恶风自汗
中医诊断学,风热表证的特征是,C,恶寒重发热轻,恶寒轻发热轻,发热重恶寒轻,发热重恶寒重,发热轻而恶风自汗
中医诊断学,风寒表证的特征是,A,恶寒重发热轻,恶寒轻发热轻,发热重恶寒轻,发热重恶寒重,发热轻而恶风自汗
中医诊断学,下列各项中，关于十问歌的内容正确的是,D,一问头身二问汗,三问寒热四问便,五问胸腹六饮食,七聋八渴俱当辨,以上均非
中医诊断学,下述哪项不是由肾气不足所致,C,小便失禁,小便频数,小便涩痛,遗尿,小便余沥不尽
中医诊断学,下列哪项是久病畏寒的主要因素,D,风邪袭表,寒邪内侵,湿邪外袭,阳气虚衰,阴液亏损
中医诊断学,以下哪项表现可不见绞痛的症状,E,心脉痹阻的真心痛,结石阻滞胆管的上腹痛,结石阻滞于肾的腰痛,寒邪犯胃的胃脘痛,痰浊阻肺的胸痛
中医诊断学,疼痛不剧，尚可忍耐，绵绵不休，此为,B,酸痛,隐痛,空痛,窜痛,胀痛
中医诊断学,酸痛的常见原因是,C,火邪窜至经络,寒邪阻滞经络,湿浸肌肉关节,淤血阻滞经络,阳气精血亏虚
中医诊断学,下列哪项不是出现头汗的常见原因,B,虚阳上越,阳气內郁,上焦热盛,中焦湿热,进食辛辣热汤
中医诊断学,下述何证可以出现自汗与盗汗并见,E,气虚证,气滞证,阴虚证,血瘀证,气阴两虚证
中医诊断学,手足心汗出量多见于,A,阳气內郁,气血失和,脾胃虚寒,虚阳上越,上焦热盛
中医诊断学,自汗的病机是,A,气虚,阴虚,血虚,痰盛,气滞
中医诊断学,恶寒战栗与高热交替发作，发有定时，此为,B,少阳病,疟疾,热入血室,阳明病,表寒证
中医诊断学,长期低热，以午后或夜间低热为主，其病机是,C,气虚,血虚,阴虚,阳虚,气阴两虚
中医诊断学,小儿夏季长期发热，秋凉自愈，其病机是,E,气虚,血虚,阴虚,气血两虚,气阴两虚
中医诊断学,久病小便频数，色清量多，夜间明显者多见于,D,膀胱湿热,热盛伤津,中气下陷,久病肾虚,以上都不是
中医诊断学,尿后余沥不尽的病机是,C,肾精亏虚,肾阴亏虚,肾气不固,膀胱湿热,肾不纳气
中医诊断学,脾肾两虚大便的特点是,B,泻下黄糜,完谷不化,泻下腐臭,溏结不调,便下脓血
中医诊断学,以下哪项不是便秘的常见原因,B,胃肠积热,食滞胃肠,阳虚寒凝,阴津亏损,腹内癥块
中医诊断学,大便先干而后稀多见于,B,命门火衰,脾虚,肾虚,湿邪困脾,肝郁脾虚
中医诊断学,大便溏结不调多因,D,脾虚,肾虚,脾肾阳虚,肝郁脾虚,食滞胃肠
中医诊断学,厌食油腻，脘闷呕恶，便溏不爽多见于,A,湿热蕴脾,食滞胃脘,肝胆湿热,妊娠反应,以上都不是
中医诊断学,渴喜热饮而量不多，或水入即吐多为,B,湿热内蕴,痰饮内停,营分热盛,阴虚津亏,瘀血内阻
中医诊断学,常见饭后嗜睡，其原因多为,A,脾气虚弱,湿邪困脾,心肾阳虚,邪闭心神,以上都不是
中医诊断学,口干，但欲漱水不欲咽兼面色黧黑多见于,E,营分热盛,湿热内蕴,阴虚津亏,痰饮内停,瘀血内停
中医诊断学,精神疲惫，神识朦胧，困倦嗜睡多见于,A,心肾阳衰,痰湿困脾,脾虚不运,邪闭心神,营血亏虚
中医诊断学,下列哪项不是失眠的病因,B,阴血亏虚,痰湿困脾,心胆气虚,食积胃脘,阴虚火旺
中医诊断学,突发耳鸣，声大如潮，按之不减者属,D,肾精亏损,阴虚火旺,肝肾阴虚,肝胆火盛,肝血不足
中医诊断学,下列哪项不是目眩的常见原因,A,风热上袭,痰蒙清窍,肝火上炎,肝阳上亢,肝阳化风
中医诊断学,以下哪项不是头晕的常见原因,D,瘀阻脑络,肝阳上亢,痰湿内阻,外感风寒,肾虚精亏
中医诊断学,胁痛与下列哪项无关,D,饮停胸胁,肝郁气滞,肝胆火盛,寒滞肝脉,肝胆湿热
中医诊断学,下列哪项不是肺痨病的临床表现,C,咳嗽胸痛,两颧潮红,咯痰腥臭,夜间盗汗,午后潮热
中医诊断学,巅顶部位头痛属于,D,太阳头痛,阳明头痛,少阳头痛,厥阴头痛,少阴头痛
中医诊断学,前额头痛连及眉棱骨属于,A,阳明头痛,少阳头痛,厥阴头痛,太阳头痛,太阴头痛
中医诊断学,下列哪项是血瘀致痛的特点,B,胀痛,刺痛,重痛,空痛,走窜痛
中医诊断学,带下色黄，质黏臭秽，多属,B,脾气虚弱,湿热下注,脾肾阳虚,寒湿下注,以上都不是
中医诊断学,妇女带下色白，清稀如涕，无臭味，多属,C,热毒侵袭,冲任亏虚,寒湿下注,肝经郁热,湿热下注
中医诊断学,下列哪项不是月经先期的常见病因,C,气虚,阴虚火旺,营血亏损,阳盛血热,肝郁血热
中医诊断学,肾气不固所导致的小便改变是,B,小便短赤,小便频数而清,小便浑浊,小便涩痛,小便频数而短少
中医诊断学,外感病恶寒战栗后汗出热退，脉静身凉者为,C,表邪入里,邪盛正衰,邪去正复,汗出亡阳,真热假寒
中医诊断学,视物昏暗不明，模糊不清者为,B,目痒,目昏,目眩,雀目,以上都不是
中医诊断学,头晕昏沉，痰多苔腻多为,B,肝阳上亢,痰湿内阻,气血亏虚,肾精不足,肝火上炎
中医诊断学,头晕目眩，倦怠乏力多为,C,肝阳上亢,痰湿内阻,气血亏虚,肾精不足,肝火上炎
中医诊断学,上焦热盛可见于,E,自汗,盗汗,大汗,战汗,头汗
中医诊断学,中焦湿热可见于,E,自汗,盗汗,大汗,战汗,头汗
中医诊断学,燥热津伤常见口味为,C,口淡,口苦,口涩,口甜,口咸
中医诊断学,心火上炎常见口味为,B,口淡,口苦,口涩,口甜,口咸
中医诊断学,睡眠时时惊醒，不易安卧多见于,B,心肾不交,胆郁痰扰,心脾两虚,心阳亏虚,心脉痹阻
中医诊断学,不易入睡，甚至彻夜不眠，兼心烦不寐多见于,A,心肾不交,胆郁痰扰,心脾两虚,心阳亏虚,心脉痹阻
中医诊断学,往来流利，应指圆滑，如盘走珠为,B,弦脉,滑脉,濡脉,涩脉,结脉
中医诊断学,轻取不应，重按始得，举之不足，按之有余为,B,浮脉,沉脉,迟脉,虚脉,弱脉
中医诊断学,脉象八要素不包括的是,C,脉位,脉率,脉伏,脉长,脉势
中医诊断学,以下哪项不是脉有胃气的表现,E,来去从容,节律一致,不疾不徐,不浮不沉,尺脉有力
中医诊断学,痛证与痰饮均可见的脉象是,E,滑脉,紧脉,动脉,牢脉,弦脉
中医诊断学,肝胆病的脉象常为,D,长脉,滑脉,洪脉,弦脉,数脉
中医诊断学,脉来数而时有一止，止无定数，其脉象为,A,促脉,疾脉,结脉,动脉,代脉
中医诊断学,以下何脉不主食积或宿食,D,紧脉,促脉,滑脉,结脉,涩脉
中医诊断学,气滞血瘀的痛证可见哪种脉象,E,革脉,紧脉,滑脉,实脉,涩脉
中医诊断学,气血两虚证所见脉象中不包括,D,弱脉,细脉,微脉,缓脉,虚脉
中医诊断学,濡脉与弱脉的区别点主要表现在,B,脉形粗细,脉位浮沉,脉力强弱,脉之紧张程度,脉之频率快慢
中医诊断学,脉诊的“寻“法是指,C,轻按,重按,左右推寻,从重到轻,一指按其寸口
中医诊断学,痰饮证的脉象多见,A,弦脉,细脉,芤脉,革脉,缓脉
中医诊断学,与湿邪为病相关的脉象是,C,濡脉、弱脉,缓脉、虚脉,缓脉、细脉,细脉、弱脉,虚脉、细脉
中医诊断学,代脉的特征是,C,缓而时止，止无定数,数而时止，止无定数,迟而时止，止有定数,数而时止，止有定数,脉来时止，止有定数
中医诊断学,以下哪项不属于促脉所主的病证,E,气血停滞,脏气衰败,痰食停滞,阳盛实热,寒凝肝脉
中医诊断学,特征为极细极软，按之欲绝，若有若无的脉象是,B,伏脉,微脉,芤脉,革脉,牢脉
中医诊断学,以下不属代脉所主病证的是,B,脏气衰微,痰湿,疼痛,惊恐,跌仆损伤
中医诊断学,以下不属结脉所主病证的是,D,阴盛气结,气血虚衰,寒痰,食积,瘀血
中医诊断学,下列与滑脉的主病无关的是,B,痰湿,阳虚,实热,食积,妊娠
中医诊断学,外感热病，气分热盛的脉象是,C,浮数,滑数,洪数,濡数,弦数
中医诊断学,以下哪项不是涩脉的主病,E,血少,精伤,血瘀,气滞,疼痛
中医诊断学,脉象具有沉细无力特征的是,E,濡脉,细脉,虚脉,微脉,弱脉
中医诊断学,三部脉举之无力，按之空豁，应指松软的脉象是,D,浮脉,微脉,弱脉,虚脉,芤脉
中医诊断学,哪种脉象不具有脉率快的特征,A,弦脉,数脉,动脉,促脉,疾脉
中医诊断学,脉体宽大，来盛去衰的脉象是,D,大脉,芤脉,实脉,洪脉,长脉
中医诊断学,数脉的特征是,B,一息四五至,一息五六至,一息五至以上,一息六至以上,一息七八至
中医诊断学,医生用较轻的指力诊脉的手法是,A,举法,按法,寻法,推法,单按
中医诊断学,诊脉手法中手指用力较重的是,B,举法,按法,寻法,推循,触指
中医诊断学,常脉中有神的表现是,D,不大不小,软滑从容,不浮不沉,柔和有力,尺脉沉取有力
中医诊断学,迟脉的主病是,C,虚热证,痰饮,寒证,血瘀,气滞
中医诊断学,以下脉象中都具有“脉细”特征的是,B,微、弱、散、细脉,微、弱、濡、细脉,濡、弱、细、虚脉,濡、弱、伏、细脉,伏、细、弱、牢脉
中医诊断学,素体痰湿而又感外邪的脉象特点是,B,浮数脉,浮滑脉,浮紧脉,濡缓脉,弦滑脉
中医诊断学,脉短如豆，滑数有力的脉象是,D,促脉,疾脉,微脉,动脉,短脉
中医诊断学,以下脉象中具有沉取实大弦长特点的脉象是,C,革脉,紧脉,牢脉,实脉,大脉
中医诊断学,芤脉与革脉的相同之处是,C,浮而不聚,浮而无力,浮而中空,浮而弦紧,浮而细长
中医诊断学,革脉的脉象是,D,如水漂木,如按葱管,如按琴弦,如按鼓皮,如循刀刃
中医诊断学,疾脉的主病是,B,阳虚里寒,阳极阴竭,脏气衰微,阴盛气结,阴虚阳亢
中医诊断学,以下哪种脉象不见于常人,E,长脉,大脉,滑脉,缓脉,短脉
中医诊断学,风热袭表所致表热证的脉象是,B,浮紧,浮数,浮缓,滑数,洪数
中医诊断学,具有浮取散漫，中候似无，沉取不应，伴节律不齐特征的脉象是,D,结脉,动脉,疾脉,散脉,代脉
中医诊断学,食积内热者多见,B,洪数脉,滑数脉,浮数脉,濡数脉,弦数脉
中医诊断学,肝郁化火者多见,E,洪数脉,滑数脉,浮数脉,濡数脉,弦数脉
中医诊断学,元气离散，脏腑精气衰败脉象多见,E,举之有余，按之不足,浮大中空，如按葱管,浮细无力而软,沉细无力而软,浮散无根，至数不齐
中医诊断学,突然大出血时脉象多见,B,举之有余，按之不足,浮大中空，如按葱管,浮细无力而软,沉细无力而软,浮散无根，至数不齐
中医诊断学,具有脉位表浅特点的脉象是,A,浮脉、革脉、濡脉,芤脉、弱脉、虚脉,伏脉、革脉、散脉,洪脉、濡脉、牢脉,弱脉、濡脉、虚脉
中医诊断学,具有脉搏无力特点的脉象是,E,浮脉、革脉、濡脉,芤脉、弱脉、虚脉,伏脉、革脉、散脉,洪脉、濡脉、牢脉,弱脉、濡脉、虚脉
中医诊断学,首尾端直，超过本位的脉象是,B,浮脉,长脉,革脉,短脉,散脉
中医诊断学,首尾俱短，常只显于关部的脉象是,D,浮脉,长脉,革脉,短脉,散脉
中医诊断学,伏脉的主病是,E,失血伤阴,亡血失精,惊恐疼痛,寒证痛证,邪闭痛极
中医诊断学,革脉的主病是,B,失血伤阴,亡血失精,惊恐疼痛,寒证痛证,邪闭痛极
中医诊断学,痰热内扰证的脉象多见,A,滑数,弦数,洪数,沉数,濡数
中医诊断学,食积内热证的脉象多见,A,滑数,弦数,洪数,沉数,濡数
中医诊断学,主阴寒内积，疝气瘕积的脉象是,E,沉脉,伏脉,革脉,紧脉,牢脉
中医诊断学,主实寒食积的脉象是,D,沉脉,伏脉,革脉,紧脉,牢脉
中医诊断学,下列不属于按诊主要手法的是,E,触,摸,按,叩,敲
中医诊断学,按诊中，按之凹陷，举手即起者为,A,气肿,风肿,水肿,血肿,湿肿
中医诊断学,久病肌肤枯涩者属,A,气血不足,津液不足,血虚不荣,瘀血内停,以上都不是
中医诊断学,腹部肿块，推之不移，痛有定处者是,D,虫积,气鼓,水鼓,积,聚
中医诊断学,按肌肤甲错者属,A,血虚失荣,气血两虚,津液不足,湿热蕴结,阴虚不润
中医诊断学,按肌肤尚温，汗出如油，脉躁疾无力者是,C,实热证,亡阳证,亡阴证,阴虚证,气虚证
中医诊断学,在按诊中，用指掌稍用力寻抚胸腹、腧穴等部位称为,B,触法,摸法,按法,直接叩击法,间接叩击法
中医诊断学,虚里按之其动微弱者属于,C,心阳不足,心肺气绝,宗气内虚,外感热邪,惊恐所致
中医诊断学,腹部肿块推之不移，痛有定处者病属,A,血分,水分,阴分,阳分,气分
中医诊断学,腹部肿块推之可移，痛无定处者病属,E,血分,水分,阴分,阳分,气分
中医诊断学,身热初按热甚，久按热反转轻者是,D,真热假寒证,真寒假热证,表热里寒证,表热证,里热证
中医诊断学,身灼热而肢厥者是,A,真热假寒证,真寒假热证,表热里寒证,表热证,里热证
中医诊断学,虚里搏动数急而时有一止者是,D,宗气内虚,饮停心包,心阳不足,宗气不守,心肺气绝
中医诊断学,虚里搏动迟弱者是,C,宗气内虚,饮停心包,心阳不足,宗气不守,心肺气绝
中医诊断学,下列各项中不属于寒证临床表现的是,E,小便清长,恶寒畏寒,脉紧迟,舌淡苔白,口渴欲饮
中医诊断学,热证临床表现不包括的是,D,恶热喜冷,口渴欲饮,小便短黄,脉紧迟,舌红苔黄
中医诊断学,不属于阳虚证临床表现的是,C,畏冷肢凉,口淡不渴,舌红少苔,小便清长,脉沉迟无力
中医诊断学,下列属于阴虚证临床表现的是,B,呼吸急促,五心烦热,口渴饮冷,唇舌干燥,汗热味咸而黏
中医诊断学,下列各项中，以冷汗、肢厥、面白、脉微为主要表现的是,D,阴虚证,阳虚证,亡阴证,亡阳证,以上均不是
中医诊断学,外感表证中，表虚证与表实证鉴别的主要依据是,D,恶寒与发热,身痛与不痛,浊涕与清涕,有汗与无汗,以上都不是
中医诊断学,以下哪一项不是热证的表现,D,面赤,小便短赤,大便秘结,口淡不渴,咯痰黄稠
中医诊断学,实寒证与虚寒证最主要的区别点是,E,病程的长短,病势的缓急,肢体痛与不痛,怕冷与否,脉之有力无力
中医诊断学,表证与里证最主要的鉴别点是,A,寒热是否并见,是否有汗,舌苔是黄是白,是否头身疼痛,是否咳嗽有痰
中医诊断学,下列哪项不是八纲辨证所应辨析的内容,B,病性的寒热,病变的吉凶,邪正的盛衰,病情的类别,病位的深浅
中医诊断学,下列哪项不是鉴别寒证与热证的要点,E,身热与身冷,面赤与面白,口渴与不渴,舌苔黄与白,头痛与不痛
中医诊断学,真热假寒证“假寒”最主要表现部位是,D,额部,胸部,腹部,四肢,舌象
中医诊断学,下列哪项不是里证的临床表现,A,恶寒发热,口渴饮冷,胃痛喜按,舌质红苔黄,脉洪大
中医诊断学,下列哪项应归属于阳证,B,里实热证,表实热证,里实寒证,表实寒证,里虚热证
中医诊断学,下列哪项不是表证必备的特点,E,感受外邪所致,起病急,病位浅,病程短,必发展为里证
中医诊断学,以下哪项不是虚证的临床表现,C,五心烦热,舌嫩少苔,腹胀满不减,声低息微,怕冷喜加衣
中医诊断学,下列症状哪项不是实证的临床表现,A,五心烦热,大便秘结,小便不通,痰涎壅盛,腹痛拒按
中医诊断学,真寒假热证产生的机理是,A,阴盛格阳,阳盛格阴,阴不敛阳,阳不敛阴,表热里寒
中医诊断学,亡阴之汗的特点是,A,汗热而黏如油,汗热味淡不黏,汗冷味淡不黏,汗冷味淡而黏,以上都不是
中医诊断学,寒证可见,A,面色（白光）白,烦躁多语,呼吸气短,少气懒言,脉细无力
中医诊断学,阳证可见,B,面色（白光）白,烦躁多语,呼吸气短,少气懒言,脉细无力
中医诊断学,卧时向外，身轻自能转侧，语声高亢，此属,B,阴证,阳证,寒证,热证,表证
中医诊断学,蜷卧少动，精神萎靡，倦怠无力，属于,A,阴证,阳证,寒证,热证,表证
中医诊断学,麻疹麻毒外透属于,E,证候相兼,虚实真假,寒热真假,证候错杂,证候转化
中医诊断学,寒包火证属于,D,证候相兼,虚实真假,寒热真假,证候错杂,证候转化
中医诊断学,真热假寒的面色是,C,满面通红,浮红如妆,面色紫暗,面呈青色,面呈黑色
中医诊断学,真寒假热的面色是,B,满面通红,浮红如妆,面色紫暗,面呈青色,面呈黑色
中医诊断学,以下哪项不是燥淫证候的表现,C,皮肤干燥,干咳少痰,渴不欲饮,大便干燥,小便短黄
中医诊断学,突发口眼歪斜，此属,E,风邪袭表证,肝阳化风证,热极生风证,阴虚动风证,风邪中络证
中医诊断学,新起畏寒，脘腹冷痛，肠鸣腹泻，苔白脉紧，证属,A,中寒证,虚寒证,表寒证,伤寒证,外寒证
中医诊断学,发热恶热，口渴喜饮，便秘，小便短黄，舌红苔黄而干，脉数，此属,C,风淫证,燥淫证,火热证,暑淫证,湿淫证
中医诊断学,以下哪项不是湿淫证候的表现,B,头重如裹,气短神疲,胸脘痞闷,纳呆恶心,口腻不渴
中医诊断学,新起恶寒，头身疼痛，无汗，鼻塞流涕，舌苔白，脉浮紧，证属,C,内寒证,里寒证,伤寒证,中寒证,虚寒证
中医诊断学,下列哪项不属于忧思证的临床表现,A,精神萎靡,情志抑郁,表情淡漠,胸闷胁胀,失眠多梦
中医诊断学,心神不安，精神涣散，举止失常属于,A,喜伤,怒伤,忧伤,悲伤,恐伤
中医诊断学,具有严格季节性的证候是,D,风淫证,寒淫证,湿淫证,暑淫证,燥淫证
中医诊断学,燥淫证的特点是,E,恶寒发热，无汗头痛,发热恶风，头痛汗出,发热汗出，口渴乏力,胸脘痞闷，口腻不渴,干咳少痰，口渴饮水
中医诊断学,湿淫证的特点是,D,恶寒发热，无汗头痛,发热恶风，头痛汗出,发热汗出，口渴乏力,胸脘痞闷，口腻不渴,干咳少痰，口渴饮水
中医诊断学,以神疲、乏力、气短、脉虚为主要表现的是,B,气陷证,气虚证,气脱证,气滞证,气不固证
中医诊断学,血瘀证的疼痛特点为,D,胀痛,酸痛,重痛,刺痛,冷痛
中医诊断学,阳水的水肿特点为,D,眼睑先肿,足胫先肿,足胫、下肢先肿,眼睑、颜面先肿,上肢、眼睑先肿
中医诊断学,与气逆证相关的脏腑是,C,肺脾胃,肺脾肝,肺胃肝,脾胃肝,肺脾肾
中医诊断学,血瘀证特有的面色是,E,面色萎黄,面色青黑,面色淡青,面色淡白,面色黧黑
中医诊断学,症见出血，身热烦躁，口渴，舌质绛，脉数此属,A,血热证,血瘀证,血寒证,气不摄血证,血脱证
中医诊断学,津液亏虚证最具特征的表现是,A,孔窍皮肤干燥,口渴水不多,大便时干时稀,小便淋漓涩痛,脉象细数
中医诊断学,身倦乏力，少气，自汗，腹痛拒按，舌有紫斑，证属,D,气滞血瘀,气滞,血瘀,气虚血瘀,血瘀兼血虚
中医诊断学,症见少气懒言，神疲乏力，气短自汗，舌淡脉虚，属于,A,气虚证,气陷证,气脱证,阳虚证,气滞证
中医诊断学,头晕眼花，气短疲乏，脘腹坠胀感，形体消瘦并见脱肛，此表现为,B,气虚证,气陷证,气脱证,气滞证,气逆证
中医诊断学,血瘀疼痛的特点是,D,胀痛,冷痛,灼痛,刺痛,掣痛
中医诊断学,以下哪项不是血瘀证出血的特征,C,出血反复不止,大便黑如柏油,血色深红,夹有血块,皮下紫斑
中医诊断学,气滞证的特点是,B,头晕眼花,胀闷疼痛,嗳气恶心,腹部坠胀,手足发麻
中医诊断学,下列哪项不是血虚证的临床表现,E,面色淡白,唇甲色淡,心悸多梦,手足发麻,倦怠乏力
中医诊断学,胸胁肋间饱满，咳唾引痛此属,B,饮留胃肠,饮停胸胁,饮溢四肢,饮停于肺,肝气郁结
中医诊断学,脘腹痞胀，水声辘辘，泛吐清水此属,C,胃阳虚证,胃气虚证,饮停胃肠,痰浊中阻,胃寒证
中医诊断学,以下哪项不是气脱证的表现,C,呼吸微弱,汗出不止,少气乏力,面色苍白,舌淡脉微
中医诊断学,以下哪项不是气闭证的临床特点,D,突发势急,内脏绞痛,二便闭塞,汗出不止,呼吸气粗
中医诊断学,小便失禁或余沥不尽属于,C,气虚证,气陷证,气不固证,气脱证,气闭证
中医诊断学,头晕眠花，脘腹坠胀属于,B,气虚证,气陷证,气不固证,气脱证,气闭证
中医诊断学,身热，吐血色鲜红质稠属于,C,血虚证,血脱证,血热证,血寒证,血瘀证
中医诊断学,手足冷痛，肤色紫暗属于,D,血虚证,血脱证,血热证,血寒证,血瘀证
中医诊断学,症见衄血面色淡白无华少气懒言舌淡白，脉弱属于,A,气不摄血证,气血血瘀证,气血两虚证,气随血脱证,气滞血瘀证
中医诊断学,症见突然面色苍白大汗淋漓脉微欲绝属于,D,气不摄血证,气血血瘀证,气血两虚证,气随血脱证,气滞血瘀证
中医诊断学,下列不属于湿热蕴脾证临床表现的是,C,脘腹胀闷,口中黏腻,舌苔白滑,渴不多饮,身热不扬
中医诊断学,下列不属于胃热炽盛证临床表现的是,C,胃脘灼痛,消谷善饥,口淡不渴,小便短黄,舌红苔黄
中医诊断学,下列不属于肝阳上亢证临床表现的是,E,眩晕耳鸣,面红目赤,急躁易怒,腰膝酸软,大便秘结
中医诊断学,下列属于热极生风证临床表现的是,C,形体消瘦,眩晕耳鸣,牙关紧闭,五心烦热,潮热颧红
中医诊断学,心肾不交临床表现不包括,B,心烦失眠,食欲不振,腰膝酸软,五心烦热,潮热盗汗
中医诊断学,头晕目眩，面白无华，视物模糊，舌淡脉细，证属,A,肝血虚证,心血虚证,心肝血虚证,心脾气血虚证,以上都不是
中医诊断学,肾阳虚证表现为生殖功能减退的症状应除外下列哪项,C,阳痿,早泄,经闭,不孕,精冷
中医诊断学,肾气不固证的小便异常改变应除外下列哪项,B,夜尿频多,小便短赤,小便失禁,余沥不尽,睡中遗尿
中医诊断学,症见少腹冷痛，前阴坠胀疼痛，舌淡脉沉紧，此属,B,肝胃不和证,寒滞肝脉证,肾阳虚证,寒滞胃肠证,胃肠气滞证
中医诊断学,以惊悸不宁，失眠多梦，烦躁不安，苔黄腻为临床表现的是,D,心火亢盛证,心阴虚证,痰火扰神证,胆郁痰扰证,痰蒙心神证
中医诊断学,症见胁肋胀痛，口苦，阴部瘙痒，带下色黄臭秽，脉弦数，此为,D,肝郁气滞证,肝火炽盛证,胆郁痰扰证,肝胆湿热证,湿热蕴脾证
中医诊断学,肝火炽盛与肝阳上亢证的共同点中应除外下列哪项,E,头晕胀痛,面红目赤,急躁易怒,失眠多梦,脉弦细数
中医诊断学,手足蠕动的症状常见于下列何证,C,肝阳上亢证,血虚生风证,阴虚动风证,热极生风证,肝阳化风证
中医诊断学,胃阳虚证呕吐的特征是,E,干呕呃逆,呕吐酸馊食物,呕吐黄绿苦水,呕吐清水痰涎,泛吐清水夹食物
中医诊断学,下列哪项是胃阴虚证临床特征,D,胃脘灼痛，消谷善饥,胃脘隐痛，食欲不振,食少脘痞，口淡不渴,胃脘嘈杂，饥不欲食,脘腹痞胀，胃有振水声
中医诊断学,肝火犯肺与肝火炽盛证的主要不同点在于,D,胸胁灼痛,头胀头晕,面红目赤,痰中带血,急躁易怒
中医诊断学,肝胃不和与肝郁脾虚证的共同表现是,A,太息易怒,吞酸嘈杂,呃逆嗳气,腹痛欲泻,便溏不爽
中医诊断学,症见咳嗽无力，喘息短气，呼多吸少，属于,B,肾气不固证,肺肾气虚证,肺肾阴虚证,肺气虚证,肺脾气虚证
中医诊断学,肾阳虚证的脉象是,A,脉沉细无力,脉沉缓无力,脉沉迟无力,脉虚无力,脉细涩无力
中医诊断学,以下哪项不是肝阳上亢证的表现,D,眩晕耳鸣,面红目赤,急躁易怒,口苦口干,失眠多梦
中医诊断学,眩晕欲仆，肢体震颤，步履不稳，舌红脉弦有力属于,E,血虚生风,热极生风,阴虚动风,肝阳上亢,肝阳化风
中医诊断学,以下哪一项不是膀胱湿热证的临床表现,C,尿血,尿中砂石,尿后余沥,尿频急,尿涩痛
中医诊断学,胃脘胁肋胀满疼痛，呃逆嗳气，吞酸嘈杂，苔薄黄属于,B,肝脾不调,肝胃不和,肝胆湿热,肝郁气滞,胃热炽盛
中医诊断学,口舌糜烂又见小便灼热涩痛者是,A,心火亢盛,膀胱湿热,胃热炽盛,肝火上炎,肠道湿热
中医诊断学,肾阳虚、肾阴虚、肾精不足、肾气不固证的共同表现是,A,腰膝酸软,眩晕耳鸣,梦遗失精,精神倦怠,浮肿少尿
中医诊断学,以下哪项不是肝郁气滞证的表现,B,胸胁胀痛,头痛眩晕,胸闷太息,月经不调,咽部异物感
中医诊断学,心气虚、心阳虚、心血虚、心阴虚四证的共同临床表现是,E,心痛,心烦,失眠,健忘,心悸
中医诊断学,痰蒙心神证的表现应除外哪项,B,神情痴呆,惊悸失眠,意识模糊,喃喃自语,举止失常
中医诊断学,身目发黄，胁肋胀痛，舌红，苔黄腻，脉弦滑数，证属,C,肝火炽盛,肝胃不和,肝胆湿热,肝脾不调,湿热蕴脾
中医诊断学,肝胆湿热证的脉象多见,D,沉细数,细数,数,弦数,滑数
中医诊断学,胸胁灼痛，急躁易怒，头晕口苦，咳嗽咯血，舌红脉弦数，证属,E,火炽盛,肝胆湿热,阳上亢,肺热壅盛,肝火犯肺
中医诊断学,干咳无痰，口干咽燥，声音嘶哑，形体消瘦，午后潮热，腰膝酸软，舌红脉细，证属,A,肺肾阴虚,肺肾气虚,肾阴虚,燥邪犯肺,肺阴虚
中医诊断学,下列各项中不属于肾阴虚临床表现的是,D,五心烦热,腰膝酸软,潮热盗汗,小便清长,遗精早泄
中医诊断学,脾虚气陷证的表现应除外哪项,C,肛门重坠,久泄不止,四肢不温,子宫下垂,便意频数
中医诊断学,脾气虚、脾虚气陷、脾不统血证的共同症状是,A,纳差乏力,久泄不止,畏寒肢冷,头晕目眩,月经过多
中医诊断学,湿热蕴脾证的表现应除外哪项,B,便溏不爽,白带量多,肢体困重,脘腹胀闷,身热不扬
中医诊断学,寒湿困脾证与湿热蕴脾证的共同症状是,B,身热不扬,脘腹痞闷,面黄不泽,手足震颤,白带量多
中医诊断学,脾不统血证的表现应除外哪项,E,便血尿血,月经过多,崩漏下血,鼻衄紫斑,舌质紫暗
中医诊断学,风热犯肺证与肺热炽盛证最具区别的症状是,E,发热口渴,气喘,痰黄稠,咽喉肿痛,脉浮数
中医诊断学,风寒犯肺证与寒痰阻肺证最具区别的症状是,E,咳嗽,痰白,质稀,气喘,脉浮紧
中医诊断学,以下哪项不是寒痰阻肺证的特征,E,痰多,色白,咳喘,质稀,难咯
中医诊断学,痰热壅肺证与肺热炽盛证的主要区别是,C,咳喘息粗,鼻翼煽动,喉中痰鸣,发热口渴,溲赤便秘
中医诊断学,痰热壅肺证的表现应除外哪项,B,咳痰黄稠,鼻塞流涕,气喘息粗,吐脓血痰,溲赤便秘
中医诊断学,风寒犯肺证和风热犯肺证的共同症状是,A,咳嗽气喘,鼻流清涕,身痛无汗,咯痰稀白,喉痒
中医诊断学,燥邪犯肺证与肺阴虚证的共同症状是,D,微恶风寒,无汗,潮热颧红,干咳少痰,舌红少苔
中医诊断学,头痛，痛处固定，痛如针刺者属于,E,心脉痹阻证,肝阳上亢证,肝火上炎证,痰蒙清窍证,瘀阻脑络证
中医诊断学,下列不属于心血虚证表现的是,D,心悸怔忡,失眠多梦,健忘,心中烦躁,面色萎黄
中医诊断学,心悸气短，神疲自汗，面色淡白，舌淡脉虚，此属,D,心血虚证,心阳虚证,心阴虚证,心气虚证,心脾气血虚证
中医诊断学,肝火炽盛证的表现应除外下列哪项,E,头晕胀痛,面红目赤,口干口苦,胁肋灼痛,耳鸣如蝉
中医诊断学,症见心悸失眠，头晕健忘，皮下出血，舌淡脉弱，此为,C,心血虚证,脾不统血证,心脾气血虚证,气不摄血证,心气虚证
中医诊断学,以腰膝酸软，身肿尿少为特征的是,A,肾虚水泛证,肾阳虚证,肾阴虚讦,肾精不足证,肾气不固证
中医诊断学,以腰膝酸软，胎动易滑为特征的是,E,肾虚水泛证,肾阳虚证,肾阴虚讦,肾精不足证,肾气不固证
中医诊断学,症见心悸咳喘无力，胸闷气短，舌淡脉弱者属,E,肺气虚证,脾肺气虚证,肺肾气虚证,肺肾阴虚证,心肺气虚证
中医诊断学,症见气短而喘，咯痰清稀，食少，腹胀，便溏者属,B,肺气虚证,脾肺气虚证,肺肾气虚证,肺肾阴虚证,心肺气虚证
中医诊断学,阴虚动风证的表现是,C,两目上视，手足抽搐,肢体麻木，震颤拘急,头晕目眩，手足蠕动,眩晕欲仆，头胀痛,突然昏仆，口眼斜
中医诊断学,血虚生风证的表现是,B,两目上视，手足抽搐,肢体麻木，震颤拘急,头晕目眩，手足蠕动,眩晕欲仆，头胀痛,突然昏仆，口眼斜
中医诊断学,以狂躁神昏哭笑无常为主的证候是,C,痰蒙心神证,胆郁痰扰证,痰火扰神证,瘀阻脑络证,心阴虚证
中医诊断学,以惊悸不宁烦躁失眠为主的证候是,B,痰蒙心神证,胆郁痰扰证,痰火扰神证,瘀阻脑络证,心阴虚证
中医诊断学,颈项强直，角弓反张多见于,D,阴虚动风,血虚生风,肝阳化风,热极生风,外感风邪
中医诊断学,眩晕欲仆，肢体麻木多见于,C,阴虚动风,血虚生风,肝阳化风,热极生风,外感风邪
中医诊断学,尿后余沥不尽见于,A,肾气不固,膀胱湿热,脾虚气陷,肾虚水泛,脾阳虚
中医诊断学,小便浑浊如米泔见于,C,肾气不固,膀胱湿热,脾虚气陷,肾虚水泛,脾阳虚
中医诊断学,寒痰阻肺可见,A,咳嗽痰稀色白,咳喘痰黄黏稠,咳嗽痰少黏稠,咳喘痰中带血,咳喘咯脓血腥臭痰
中医诊断学,燥邪犯肺可见,C,咳嗽痰稀色白,咳喘痰黄黏稠,咳嗽痰少黏稠,咳喘痰中带血,咳喘咯脓血腥臭痰
中医诊断学,心阳虚脱证的面色是,D,面色淡白,面色（白光）白,面色萎黄,面色苍白,面赤如妆
中医诊断学,心阳虚证的面色是,B,面色淡白,面色（白光）白,面色萎黄,面色苍白,面赤如妆
中医诊断学,胃阳虚证可见,C,脘腹胀满，嗳腐吞酸,脘腹胀痛，痛而欲吐,脘腹冷痛，泛吐清水,脘腹硬满，大便秘结,腹冷痛，痛势急剧
中医诊断学,胃肠气滞证可见,B,脘腹胀满，嗳腐吞酸,脘腹胀痛，痛而欲吐,脘腹冷痛，泛吐清水,脘腹硬满，大便秘结,腹冷痛，痛势急剧
中医诊断学,伤寒初起不从阳经传入，病邪直入三阴者称为,E,合病,并病,循经传,越经传,直中
中医诊断学,下列哪项不是少阴寒化证的临床表现,C,自利口渴,四肢厥冷,小便色黄,但欲寐,欲吐不吐
中医诊断学,症见心烦不得眠，口燥咽干，舌尖红，脉细数，辩证为,A,少阴热化证,少阳病证,阳明经证,心肾不交证,心血虚证
中医诊断学,下列哪项不是太阴病证的临床表现,D,腹胀满,腹痛,脉沉缓,便秘,四肢欠温
中医诊断学,下列选项中，不属阳明病热证主要表现的是,B,大热,便秘,大汗,大渴,脉洪大
中医诊断学,症见口苦，咽干，寒热往来，胸胁苦满，脉弦，此为,C,太阳经证,太阳腑证,少阳病证,阳明经证,阳明腑证
中医诊断学,症见恶寒发热，头项强痛，无汗，脉浮紧，辨证为,D,太阳中风证,太阳蓄水证,太阳蓄血证,太阳伤寒证,少阳证
中医诊断学,下列哪项不是太阳中风证的临床表现,B,发热,无汗,恶风,干呕,脉浮缓
中医诊断学,下列哪一项不是少阳证的表现,C,寒热往来,心烦欲呕,大便燥结,胸胁苦满,口苦目眩
中医诊断学,厥阴病寒证的治法是,A,温经散寒，养血通脉,温经散寒，除湿止痛,温经散寒，健脾和中,温经散寒，温通经脉,温经散寒，养血止痛
中医诊断学,病邪自外侵入，逐渐向里发展，由某一经病证转变为另一经病证，称为,A,传经,循经传,越经传,表里传,并病
中医诊断学,以恶寒无汗头身痛脉浮紧为主要表现的病证是,B,太阳中风证,太阳伤寒证,阳明病实证,少阴病寒化证,厥阴病寒证
中医诊断学,以恶风汗出脉浮缓为主要表现的病证是,A,太阳中风证,太阳伤寒证,阳明病实证,少阴病寒化证,厥阴病寒证
中医诊断学,伤寒病不经过传变，两经或三经同时出现的病证，称为,C,传经,直中,合病,并病,以上都不是
中医诊断学,伤寒病凡一经病证未罢，又见他经病证者，称为,D,传经,直中,合病,并病,以上都不是
中医诊断学,症见身热夜甚，躁扰不宁，便血，舌质深绛，脉红数，属于,A,血分证,营分证,厥阴病征,少阴病证,气分证
中医诊断学,下列各项中不属于血分证临床表现的是,B,身热夜甚,斑疹隐隐,吐血便血,角弓反张,舌质深绛
中医诊断学,以下不属于营分证临床表现的是,B,身热夜甚,四肢抽搐,神昏谵语,口不甚渴,斑疹隐隐
中医诊断学,气分证的临床表现不包括,D,发热,口渴,汗出,斑疹隐隐,舌红苔黄
中医诊断学,下列哪项不属于卫分证的临床表现,D,发热微恶寒,头痛,咽喉肿痛,舌质深绛,脉浮数
中医诊断学,燥邪犯卫证的治法是,B,,,,,
中医诊断学,邪热壅肺证的治法是,C,,,,,
中医诊断学,下列哪项不属于上焦病证,D,汗出,咳嗽,口渴,耳聋,头痛
中医诊断学,手足蠕动，瘛疭，舌绛少苔，脉虚，属,A,下焦病证,营分证,中焦病证,少阳病证,厥阴病证
中医诊断学,以身热、咳喘、苔黄为主要表现的是,B,邪袭肺卫证,邪热壅肺证,湿热阻肺证,邪陷心包证,湿蒙心包证
中医诊断学,治疗上焦病证中湿热阻肺证的代表方剂是,A,三仁汤,银翘散,桑菊饮,麻杏石甘汤,菖蒲郁金汤
中医诊断学,下列各项中不属于阳明热炽证表现的是,E,壮热,大汗,面赤,口渴引饮,脉沉实有力
中医诊断学,治疗中焦病证之湿热中阻证的代表方剂是,C,白虎汤,调胃承气汤,王氏连朴饮,枳实导滞汤,菖蒲郁金汤
中医诊断学,下列不属肾精耗损证表现的是,E,手足心热,消瘦无力,口燥咽干,舌绛不鲜,手指蠕动
中药学,下列除哪项外均为苦味药的作用,C,清热泻火,泄降逆气,收敛固涩,通泻大便,燥湿坚阴
中药学,下列哪项主要是概括药物的药性和作用,B,归经,四气五味,升降浮沉,毒性,配伍七情
中药学,性味苦寒的药物大多具有的功效是,C,祛风除湿,芳香化湿,清热燥湿,利水渗湿,活血通络
中药学,治疗瘰疬、瘿瘤等证的药物具有的药味是,C,苦,甘,咸,涩,淡
中药学,具有清热燥湿作用的药物应具有何种药味,B,酸,苦,甘,辛,咸
中药学,涩味药物与下列何种药物作用相似,C,苦味,咸味,酸味,辛味,甘味
中药学,具有敛肺止咳作用的药物大多具有何种药味,C,辛,甘,酸,苦,咸
中药学,下列哪项是淡味药的作用,D,软坚散结,活血祛瘀,疏肝理气,利水渗湿,泻下通便
中药学,下列哪项是甘味药的作用,B,温中止痛,缓急止痛,理气止痛,化瘀止痛,祛风止痛
中药学,辛味药物的作用是,A,发散，行气,补益，软坚,燥湿，通泄,收敛，固涩,软坚，缓急
中药学,五味指的是,B,全部味道,酸、苦、甘、辛、咸五种味道,口尝的味道,五类作用,不同的滋味
中药学,外感风热，应选择何种性味的药物,B,辛、温,辛、凉,甘、寒,苦、寒,甘、温
中药学,治疗筋脉挛急疼痛的药物，大多是何味药,C,酸,苦,甘,辛,咸
中药学,具有发散作用的药味是,D,咸,酸,苦,辛,甘
中药学,确定药物寒热、温凉的依据是,D,神农氏尝百草的体会,《素问》：“寒者热之，热者寒之”,《本经》：“疗寒以热药，疗热以寒药”,药物作用于人体的反应,口尝的滋味
中药学,平性药的含义是指,A,寒、热之性不甚明显的药物,作用比较缓和的药物,升浮、沉降作用趋向不明显的药物,性味甘淡的药物,寒热之性均具备的药物
中药学,下列哪项不是温热性能所表示的作用,B,温里,开窍,补火,温经,回阳
中药学,能够减轻或消除热证的药物，其药性一般属于,B,寒、热,寒、凉,温、凉,温、微寒,平
中药学,以下哪项不是沉降药物的作用,D,清热泻火,收敛固涩,平肝潜阳,开窍,镇惊安神
中药学,下列哪一组性味的药物，作用趋向一般属于升浮,C,甘、辛、凉,辛、苦、热,辛、甘、温,甘、淡、寒,酸、咸、热
中药学,升降浮沉是指,A,药物的作用趋向性,药物的作用部位的选择性,药物有无毒副作用,药物性能峻猛与否,药物有无补泻作用
中药学,确定归经学说的理论基础是,B,阴阳学说,脏腑经络理论,药性理论,药味理论,五行学说
中药学,归经含义是指,D,药物具有的升、降、浮、沉的作用趋向,药物具有的寒、热、温、凉四种性质,药物具有的辛、甘、酸、苦、咸五种滋味,药物对于机体某部分的选择性作用,药物对于机体有无毒副作用
中药学,涩味药多用于治疗,E,胃热消渴,水肿、小便不利,胸胁苦满,恶心呕吐,虚汗、遗精滑精
中药学,属于“疗寒以热药”治疗原则的是,E,麻黄和薄荷治疗表证,,,,
中药学,属于“疗热以寒药”治疗原则的是,B,麻黄和薄荷治疗表证,,,,
中药学,具有发散作用的药物的药味一般是,A,辛味,甘味,酸味,苦味,咸味
中药学,具有收敛固涩作用的药物的药味一般是,C,辛味,甘味,酸味,苦味,咸味
中药学,表示药物作用部位的中药性能是,D,四气,五味,升降浮沉,归经,毒性
中药学,反映药物作用安全程度的中药性能是,E,四气,五味,升降浮沉,归经,毒性
中药学,朱砂能治疗心悸失眠，具有重镇安神之功，其归经是,A,归心经,归肝经,归脾经,归肺经,归肾经
中药学,杏仁能治疗胸闷喘咳，具有止咳平喘之功，其归经是,D,归心经,归肝经,归脾经,归肺经,归肾经
中药学,下列功效中，属于对症治疗的是,A,止血,安神,开窍,助阳,泻下
中药学,关于副作用说法错误的是,A,是指药物用量过多时产生的不适反应,一般较轻微,停药后可消失,与治疗需求无关,对机体危害不大
中药学,关于药物的基本作用，说法错误的是,C,祛邪去因,扶正固本,祛风散寒,协调脏腑功能,纠正阴阳盛衰
中药学,七情配伍中，具有协同作用能提高药效的配伍方法是,A,相须、相使,相须、相畏,相须、相杀,相使、相畏,相使、相杀
中药学,半夏与陈皮合用可以增强燥湿化痰的作用，属于哪种配伍关系,C,相畏,相杀,相须,相使,相恶
中药学,人参配莱菔子，莱菔子能削弱人参的补气作用，这种配伍关系属于,D,相须,相使,相畏,相恶,相杀
中药学,生姜能减轻或清除生半夏的毒性，这种配伍关系称为,C,相须,相使,相杀,相恶,相反
中药学,药物“七情”的含义是指,C,喜、怒、忧、思、悲、恐、惊,辛、甘、酸、苦、咸、淡、涩,相须、相使、相畏、相杀、相恶、相反、单行,寒、热、温、凉、平、毒性,以上均不是
中药学,七情配伍中，可以降低药物功效的是,E,相须,相使,相杀,相畏,相恶
中药学,七情配伍中，可以降低药物毒副作用的是,D,相恶、相使,相杀、相反,相须、相恶,相杀、相畏,相须、相使
中药学,黄芪与茯苓配伍，茯苓能增强黄芪的补气利水作用，这种配伍关系是,B,相须,相使,相反,相恶,相畏
中药学,两药合用，一种药物能使另一种药物原有的功效降低或丧失，这种配伍关系是,D,相反,相畏,相杀,相恶,相使
中药学,功效有某种共性的药物配合应用，辅药能增强主药的疗效。这种配伍关系是,E,相反,相恶,相杀,相畏,相使
中药学,性能功效相类似的药物配合应用，可增强原有疗效的配伍关系是,A,相须,相使,相畏,相杀,相恶
中药学,属于相须的是,A,石膏与知母配伍,黄芪与茯苓配伍,半夏与生姜配伍,人参与莱菔子配伍,甘草与海藻配伍
中药学,属于相恶的是,D,石膏与知母配伍,黄芪与茯苓配伍,半夏与生姜配伍,人参与莱菔子配伍,甘草与海藻配伍
中药学,属于相反的是,E,石膏与知母配伍,黄芪与茯苓配伍,半夏与生姜配伍,人参与莱菔子配伍,甘草与海藻配伍
中药学,属于相使的是,B,石膏与知母配伍,黄芪与茯苓配伍,半夏与生姜配伍,人参与莱菔子配伍,甘草与海藻配伍
中药学,一种药物的毒性反应或副作用，能够被另一种药物减轻或消除，称为,B,相使配伍,相畏配伍,相杀配伍,相恶配伍,相反配伍
中药学,一种药物能够减轻或消除另一种药物的毒性反应或副作用，称为,C,相使配伍,相畏配伍,相杀配伍,相恶配伍,相反配伍
中药学,妊娠慎用的药物不包括的是,E,枳实,肉桂,附子,红花,莪术
中药学,妊娠禁用的药物不包括的是,B,巴豆,肉桂,莪术,三棱,麝香
中药学,下列除哪味药物外，均是妊娠禁用药物,B,牵牛,桃仁,巴豆,莪术,水蛭
中药学,在“十八反”中，下列除哪味药物外均与乌头相反,A,玄参,白及,贝母,瓜蒌,半夏
中药学,在“十八反”中，下列除哪味药物外均与甘草相反,C,大戟,海藻,贝母,芫花,甘遂
中药学,下列哪项不属于“十八反”的药物,C,甘草反甘遂,乌头反贝母,藜芦反半夏,甘草反大戟,乌头反瓜蒌
中药学,下列配伍中属于“十九畏”的药物是,D,大戟与甘草,贝母与乌头,乌头与瓜萎,官桂与赤石脂,芍药与藜芦
中药学,属于配伍禁忌的是,A,人参与藜芦,人参与海藻,人参与大戟,人参与莱菔子,人参与五倍子
中药学,不宜与牙硝同用的药物是,C,乌头,甘草,三棱,芒硝,藜芦
中药学,不宜与瓜蒌同用的药物是,A,乌头,甘草,三棱,芒硝,藜芦
中药学,属于十八反的是,C,陈皮配半夏,石膏配牛膝,乌头配半夏,生姜配黄芩,丁香配郁金
中药学,属于十九畏的是,E,陈皮配半夏,石膏配牛膝,乌头配半夏,生姜配黄芩,丁香配郁金
中药学,不宜与砒石同用的药物是,D,硼砂,雄黄,轻粉,水银,朴硝
中药学,不宜与硫黄同用的药物是,E,硼砂,雄黄,轻粉,水银,朴硝
中药学,下列各项中，用药方法错误的是,E,薄荷后下,青黛包煎,龙骨先煎,阿胶烊化,旋覆花另煎
中药学,补养药其煎煮方法宜选用的是,C,武火久煎,武火急煎,文火慢煎,武火慢煎,文火略煎
中药学,入汤剂需先煎的药物是,D,薄荷、豆蔻,蒲黄、海金沙,人参、阿胶,磁石、牡蛎,以上均不是
中药学,下列药物用法哪项是错误的,B,旋覆花布包入汤剂,琥珀入汤剂,钩藤入汤剂后下,雷丸研末冷开水凋服,麝香入丸散服
中药学,下列药物的用法错误的是,C,石斛入汤剂宜先煎,钩藤入汤剂不宜久煎,雷丸入汤剂宜先煎,砂仁入汤剂宜后下,附子入汤剂宜先煎
中药学,气味芳香、成分易挥发的药物宜,B,先煎,后下,布包煎,另煎,烊化兑服
中药学,车前子、旋覆花入汤剂宜,C,久煎,先煎,布包煎,另行溶化,另煎
中药学,某些对胃肠有刺激性的药物宜,D,饭前服,多次分服,空腹时服,饭后服,腹痛时服
中药学,钩藤入汤剂宜,B,先煎,后下,包煎,另煎,烊化
中药学,西洋参入汤剂宜,D,先煎,后下,包煎,另煎,烊化
中药学,驱虫药和泻下药宜何时服用,D,定时服,睡前服,饭后服,空腹服,以上都不是
中药学,补益药宜何时服用,D,定时服,睡前服,饭后服,空腹服,以上都不是
中药学,滋补药的煎法是,B,武火急煎,文火久煎,武火久煎,文火略煎,另煎兑入
中药学,矿石贝壳药的煎法是,B,武火急煎,文火久煎,武火久煎,文火略煎,另煎兑入
中药学,入汤剂宜后下的药物是,B,贝壳、甲壳、化石及多种矿物药,芳香性药物,某些粉末状药物及细小的植物种子药物,较贵重的药物,胶质的药物
中药学,入汤剂宜另行烊化的药物是,E,贝壳、甲壳、化石及多种矿物药,芳香性药物,某些粉末状药物及细小的植物种子药物,较贵重的药物,胶质的药物
中药学,下列药物中可用于治疗巅顶头痛的是,A,藁本,防风,细辛,辛夷,荆芥
中药学,既能解鱼蟹毒，又能理气安胎的药物是,C,生姜,香薷,紫苏,辛夷,白芷
中药学,用治邪热壅肺之咳喘、气急，宜选哪组药物,C,半夏、天南星,陈皮、半夏,麻黄、石膏,白芥子、莱菔子,杏仁、白果
中药学,麻黄的功效是,B,发汗解表，宣肺平喘，利水消疮,发汗解表，宣肺平喘，利水消肿,发汗解表，宣肺平喘，通阳散结,发汗解表，宣肺平喘，化湿通淋,发汗解表，利水平喘，散寒止痛
中药学,麻黄是治疗下列哪一种病证之要药,D,风热表证,风寒表证,风寒有汗表虚证,风寒无汗表实证,风寒挟湿表证
中药学,外感风寒挟湿之头痛、头重、身重应首选哪味药物治疗,D,香薷,桂枝,麻黄,羌活,生姜
中药学,既能祛风解表，又能胜湿，止痛，止痉的药物是,B,荆芥,防风,香薷,紫苏,桂枝
中药学,下列病症除哪项外，均可用防风治疗,D,外感风寒，头身疼痛,风寒湿痹，肢体疼痛,风疹瘙痒,湿热痹证，痉厥抽搐,破伤风症，角弓反张
中药学,既能祛风解表，又能透疹消疮的药物是,B,桂枝,荆芥,羌活,防风,白芷
中药学,外感风寒表证、外感风热表证均可使用的药物是,D,麻黄、桂枝,紫苏、生姜,细辛、白芷,荆芥、防风,羌活、独活
中药学,既能发汗解表，又能利水消肿的药物是,C,麻黄、荆芥,香薷、紫苏,麻黄、香薷,紫苏、生姜,荆芥、防风
中药学,解鱼蟹中毒最宜用的药物是,C,生姜、白芷,紫苏、半夏,紫苏、生姜,生姜、葛根,葛根、菊花
中药学,既能发汗解表，又能温中止呕，温肺止咳的药物是,D,麻黄,桂枝,紫苏,生姜,白芷
中药学,有“呕家圣药”之称的药物是,D,柴胡,辛夷,升麻,生姜,白芷
中药学,紫苏与生姜都具有的功效是,C,解表，行气宽中,解表，理气安胎,解表，止呕，解鱼蟹毒,解表，祛风止痛,解表，和中化湿
中药学,治疗外感风寒兼脾胃气滞胸脘满闷、恶心呕逆者，宜首选,D,防风,香薷,细辛,紫苏,白芷
中药学,既能行气宽中安胎，又能解表散寒、解鱼蟹毒的药物是,C,砂仁,黄芩,紫苏,白术,豆蔻
中药学,心阳不振、心悸、脉结代者，用药宜选用,E,桂枝配白芍,桂枝配附子,桂枝配茯苓,桂枝配大枣,桂枝配甘草
中药学,既能发汗解表，又能温通经脉的药物是,E,防风,羌活,细辛,紫苏,桂枝
中药学,善于治疗风热音哑，肝热目赤，小儿夜啼的药物是,E,薄荷,柴胡,葛根,桑叶,蝉蜕
中药学,性寒滑肠，气虚便溏者慎用的药物是,E,薄荷,蝉衣,柴胡,桑叶,牛蒡子
中药学,下列哪项不是牛蒡子的功效,E,疏散风热,透疹利咽,解毒消肿,宣肺祛痰,明目退翳
中药学,功能具有疏肝解郁行气的解表药物是,A,薄荷,牛蒡子,桑叶,菊花,蔓荆子
中药学,下列哪项不是薄荷的主治病证,E,风热感冒,风疹瘙痒,肝气郁滞,头痛目赤,肺热燥咳
中药学,薄荷入汤剂宜,C,先煎,冲服,后下,另煎,布包煎
中药学,下列哪组药物是辛凉解表药,B,薄荷、桑叶、荆芥,蝉衣、柴胡、菊花,柴胡、淡豆豉、防风,牛蒡子、苍耳子、升麻,蔓荆子、辛夷、葛根
中药学,善于治疗外感风寒，头痛鼻塞，鼻渊的药对是,D,荆芥、防风,麻黄、桂枝,羌活、独活,辛夷、苍耳子,紫苏、生姜
中药学,既能宣通鼻窍，又能发散风寒，祛风湿，止痛的药物是,D,独活,羌活,防风,苍耳子,辛夷
中药学,治疗外感风寒所致巅顶头痛的药物是,C,白芷,羌活,藁本,苍耳子,细辛
中药学,既能治疗风寒头痛，又能治疗鼻渊的药物是,A,细辛,麻黄,荆芥,藿香,薄荷
中药学,既能燥湿止带，又能消肿排脓的药物是,C,乌贼骨,白蔹,白芷,苍术,白果
中药学,善于治疗阳明经眉棱骨痛的药物是,C,连翘,细辛,白芷,蔓荆子,柴胡
中药学,尤其善于祛上半身风湿的药物是,A,羌活,白芷,藁本,独活,细辛
中药学,下列哪组药物都具有升阳，发表作用,E,麻黄、桂枝、香薷,荆芥、防风、紫苏,羌活、白芷、藁本,薄荷、蝉衣、牛蒡子,升麻、柴胡、葛根
中药学,麻疹初起，透发不畅，宜选下列何组药物,D,葛根、菊花、蔓荆子,桑叶、菊花、柴胡,香薷、紫苏、防风,升麻、葛根、蝉衣,薄荷、葱白、牛蒡子
中药学,柴胡、葛根、升麻都具有的功效是,C,透发麻疹,生津止渴,升举阳气,疏肝解郁,和解少阳
中药学,善于鼓舞脾胃清阳之气而治疗湿热泻痢、脾虚泄泻的药物是,C,芦根,天花粉,葛根,薄荷,桑叶
中药学,解表药中既有升阳，又可解毒的药物为,C,葛根,柴胡,升麻,薄荷,蔓荆子
中药学,柴胡、薄荷均具有的功效是,A,疏肝解郁,理气调中,化湿行气,消积行气,发散风寒
中药学,善于疏解半表半里之邪而有和解退热之功的药物是,B,菊花,柴胡,升麻,桑叶,蝉衣
中药学,具有疏散风热，清利头目之功效的药物是,D,葛根,浮萍,升麻,蔓荆子,淡豆豉
中药学,菊花具有的功效是,C,平降肝阳，息风止痉，清肝明目,疏风清热，息风止痉,疏散风热，清热解毒，清肝明目,清肺止咳，清热解毒,疏风清热，清利咽喉
中药学,治疗咳嗽痰稠，鼻咽干燥，属燥热伤肺者，宜选用,E,薄荷,升麻,葛根,蔓荆子,桑叶
中药学,治疗风热、肝热之目赤肿痛的最佳药对是,C,菊花、木贼,薄荷、柴胡,桑叶、菊花,桑叶、牛蒡子,蝉蜕、乌贼
中药学,以下哪项不是蝉蜕的功效,E,疏散风热,透疹止痒,息风止痉,明目退翳,宣通鼻窍
中药学,葛根最适宜应用于,C,外感风热，麻疹初起，肝经风热，目赤多泪，小儿惊啼,外感风热，麻疹初起，热毒疮肿,外感风热，麻疹初起，湿热泻痢，热病烦渴,少阳证，肝气郁结，气虚下陷,外感风热，肝经风热，肝阳上亢，头晕头痛
中药学,柴胡最适宜应用于,D,外感风热，麻疹初起，肝经风热，目赤多泪，小儿惊啼,外感风热，麻疹初起，热毒疮肿,外感风热，麻疹初起，湿热泻痢，热病烦渴,少阳证，肝气郁结，气虚下陷,外感风热，肝经风热，肝阳上亢，头晕头痛
中药学,伤寒邪在少阳，寒热往来者，宜选用的药物是,A,柴胡,菊花,升麻,桑叶,葛根
中药学,燥热伤肺，咳嗽者，宜选用的药物是,D,柴胡,菊花,升麻,桑叶,葛根
中药学,具有疏散风热透疹功效的药物是,B,柴胡、葛根、升麻,薄荷、蝉蜕、牛蒡子,羌活、防风、藁本,白芷、苍耳子、辛夷,桑叶、菊花、蔓荆子
中药学,具有发散风热升阳功效的药物是,A,柴胡、葛根、升麻,薄荷、蝉蜕、牛蒡子,羌活、防风、藁本,白芷、苍耳子、辛夷,桑叶、菊花、蔓荆子
中药学,治疗破伤风证，宜选用,C,桂枝,麻黄,防风,香薷,紫苏
中药学,治疗痰饮眩晕，宜选用,A,桂枝,麻黄,防风,香薷,紫苏
中药学,生姜具有的功效是,E,行气宽中,化湿和中,温经通阳,宣肺平喘,温中止呕
中药学,香薷具有的功效是,B,行气宽中,化湿和中,温经通阳,宣肺平喘,温中止呕
中药学,柴胡善于治疗的是,C,太阳头痛,阳明头痛,少阳头痛,厥阴头痛,少阴头痛
中药学,羌活善于治疗的是,A,太阳头痛,阳明头痛,少阳头痛,厥阴头痛,少阴头痛
中药学,具有祛风胜湿解痉功效的药物是,D,藁本,白芷,羌活,防风,荆芥
中药学,具有祛风解表止血功效的药物是,E,藁本,白芷,羌活,防风,荆芥
中药学,阴虚火旺、肺肾阴虚所致盗汗、骨蒸潮热、心烦等证，宜选用的药物是,C,天花粉、沙参,生石膏、黄柏,黄柏、知母,黄芩、地骨皮,牡丹皮、桑白皮
中药学,下列药物中可用于治疗血热胎动不安的是,B,黄连,黄芩,黄柏,知母,栀子
中药学,下列药物中能治疗骨蒸劳嗽同时还能治疗目赤咽痛的药物为,A,玄参,黄芩,黄连,黄柏,生地黄
中药学,下列能用于治疗无汗骨蒸的药物是,D,赤芍,玄参,金银花,牡丹皮,生地黄
中药学,能用于治疗有汗骨蒸的药物是,E,连翘,黄芩,生地黄,牡丹皮,地骨皮
中药学,青黛在使用时通常,E,先煎,后下,包煎,另煎,作散剂冲服
中药学,既能清热燥湿，又能退虚热除蒸，解毒疗疮的药物是,E,银柴胡,苦参,黄芩,黄连,黄柏
中药学,下列哪项不是黄连的主治病证,A,肺热咳嗽,血热吐血,胃热呕吐,湿热泻痢,痈疽疮毒
中药学,治疗怀胎蕴热、胎动不安者，当选用的药物是,B,桑寄生,黄芩,苏梗,续断,砂仁
中药学,治疗肺热咳嗽，当选用的药物是,C,栀子,大黄,黄芩,黄连,黄柏
中药学,既能清肝明目，又能润肠通便的药物是,A,决明子,菟丝子,鸦胆子,沙苑子,牛蒡子
中药学,治疗肝经风热，目赤肿痛宜选用,D,柴胡、桑叶,牛蒡子、葛根,蝉衣、升麻,桑叶、夏枯草,菊花、白芷
中药学,夏枯草的功效是,B,清心火，利小便,清热泻火，明目，散结消肿,清热泻火,清肺热，止咳喘,清胃热，降血压
中药学,既能够治疗热病心烦、郁闷、躁扰不宁，又能够治疗血热妄行之吐衄、尿血的药物是,D,石膏,知母,苦参,栀子,黄芩
中药学,栀子具有的功效是,B,清热除烦，泻火解毒，利尿,泻火除烦，清热利湿，凉血解毒,泻火解毒，利尿,清热燥湿，泻火解毒，止血,清热解毒，除烦止渴，消肿止痛
中药学,以下哪项是芦根和淡竹叶共有的功效,B,止呕,利尿,止咳,凉血,以上都不是
中药学,淡竹叶的功效是,C,清热，解毒，利尿,清热泻火,清热泻火，除烦，利尿,清热除烦，生津,清热除烦，利尿
中药学,既能清热泻火，生津止渴，又能消肿排脓的药物是,A,天花粉,白芷,麻黄,芦根,知母
中药学,功能清热生津，除烦止呕的药物是,C,石膏,知母,芦根,黄连,天花粉
中药学,既能清热泻火，又可滋阴润肺的药物是,D,栀子,芦根,竹叶,知母,石膏
中药学,下列药物中，宜煎服入药的是,B,牛黄,石膏,芒硝,青黛,甘遂
中药学,石膏的功效是,B,滋阴润燥,除烦止渴,生津利尿,消肿生肌,燥湿解毒
中药学,治疗胃火上炎的头痛、牙龈肿痛宜用下列哪组药物,C,玄参、黄芩,知母、贝母,石膏、升麻,龙胆草、黄柏,紫苏、生姜
中药学,大青叶、板蓝根、青黛的共同功效是,B,清热解毒，燥湿,清热解毒，凉血,清热解毒，利水消肿,清热解毒，利湿,清热解毒，活血止痛
中药学,用治温热病热毒发斑、神昏、壮热，血热毒盛之丹毒、咽肿等，当选用的药物是,C,金银花,连翘,大青叶,生地,穿心莲
中药学,穿心莲的功效是,C,清热解毒,清热解毒，养阴,清热解毒，燥湿，凉血，消肿,清热凉血，祛瘀止痛,清热凉血，养阴生津
中药学,均能够治疗温病初起的药物是,A,金银花、连翘,蒲公英、漏芦,败酱草、红藤,鱼腥草、芦根,紫花地丁、菊花
中药学,有疮家圣药之称的药物是,B,白芷,连翘,天花粉,红藤,蒲公英
中药学,既能清热解毒，又能疏散风热的药对是,D,桑叶、菊花,薄荷、牛蒡子,牛黄、水牛角,金银花、连翘,蒲公英、紫花地丁
中药学,既能够治疗热毒疮疡，又能够治疗风热外感的药物是,E,黄连,蒲公英,牛黄,桑叶,金银花
中药学,既能清热燥湿、收涩止痢，又能清肝明目、止带的药物是,D,桑叶,夏枯草,青皮,秦皮,龙胆草
中药学,用于肝胆实热所致之胁痛、头痛、口苦、目赤、耳聋、阴肿阴痒等症，当选用的药物是,B,黄柏,龙胆草,椿皮,苦参,虎杖
中药学,能够治疗阴虚发热、骨蒸盗汗及遗精等证，有退虚热、制相火作用的药物是,E,银柴胡,地骨皮,黄连,牡丹皮,黄柏
中药学,湿热下注之足膝红肿热痛，当选用哪组药物治疗,D,羌活、独活,白芷、苍耳子,苦参、茯苓,黄柏、苍术,细辛、防风
中药学,既能活血祛瘀，又能清热凉血的药物是,A,牡丹皮,银柴胡,胡黄连,青蒿,地骨皮
中药学,生地黄、玄参均具有的功效是,B,清热解毒，凉血消斑,清热凉血，养阴增液,清热凉血，活血散瘀,清热解毒，疏风散热,清热燥湿，泻火解毒
中药学,治温热病血热壅盛、发斑、吐衄等，当选用的药物是,E,石膏,知母,金银花,连翘,玄参
中药学,下列哪项不是生地黄的功效,E,凉血,养阴,生津,清热,解毒
中药学,既能够治疗痢疾，又可截疟的药物是,C,青蒿,白头翁,鸦胆子,马齿苋,黄连
中药学,为治疗痢疾要药的药物是,B,苦参,白头翁,秦皮,败酱草,鱼腥草
中药学,下列除哪味药外，均能利咽消肿,E,马勃,山豆根,板蓝根,射干,苦参
中药学,下列哪项不是山豆根的功效,C,清肺热,利咽喉,活血化瘀,消肿止痛,清热解毒
中药学,用治痰热壅盛之咽喉肿痛的药物是,B,山豆根,射干,马勃,鱼腥草,薄荷
中药学,关于败酱草的功效，下列不正确的是,C,清热解毒,消痈排脓,利尿消肿,排脓以治内痈,祛瘀止痛
中药学,均善于治疗肺痈的药物是,C,金银花、连翘,生地黄、玄参,鱼腥草、芦根,牡丹皮、赤芍,地骨皮、白薇
中药学,善于治疗梅毒或因梅毒服用汞剂而致肢体拘挛的药物是,B,鱼腥草,土茯苓,败酱草,蒲公英,地肤子
中药学,善于治疗乳痈，人称“乳痈良药，通淋妙品”的药物是,E,金银花,连翘,夏枯草,蚤休,蒲公英
中药学,下列哪味药不治虚热,E,白薇,青蒿,银柴胡,牡丹皮,柴胡
中药学,黄连、胡黄连均具有的功效是,B,清热解毒,清热燥湿,清热凉血,退虚热,清热泻火
中药学,既能退虚热，又能除疳热的药物是,B,柴胡、银柴胡,银柴胡、胡黄连,牡丹皮、赤芍,黄连、胡黄连,白薇、秦艽
中药学,既善凉血退蒸，又可清泄肺热的药物是,C,黄芩,桑叶,地骨皮,石膏,白薇
中药学,既能退虚热，又可解毒疗疮治阴虚外感证的药物是,E,胡黄连,地骨皮,青蒿,连翘,白薇
中药学,既能清热解暑，又可截疟的药物是,C,香薷,鸦胆子,青蒿,柴胡,滑石
中药学,能用于预防麻疹的药物是,C,升麻,葛根,紫草,白鲜皮,荆芥
中药学,既能凉血散瘀，又善清泻肝火的药物是,B,石膏,赤芍,牡丹皮,黄连,栀子
中药学,既能疏散风热，又能清热解毒，用于治疗热毒痢疾的药物是,C,菊花,桑叶,金银花,连翘,薄荷
中药学,既能疏散风热，又能清热解毒，被誉为“疮家圣药”的药物是,D,菊花,桑叶,金银花,连翘,薄荷
中药学,善清三焦之火的药物是,D,夏枯草,石膏,淡竹叶,栀子,黄芩
中药学,主清肝火的药物是,A,夏枯草,石膏,淡竹叶,栀子,黄芩
中药学,主清肺与胃之火的药物是,B,夏枯草,石膏,淡竹叶,栀子,黄芩
中药学,善清中上焦湿热的药物是,E,夏枯草,石膏,淡竹叶,栀子,黄芩
中药学,治疗热病烦渴和胃热呕逆的药物是,D,石膏,夏枯草,知母,芦根,淡竹叶
中药学,治疗温病气分证和疮溃不敛的药物是,A,石膏,夏枯草,知母,芦根,淡竹叶
中药学,功能滋肾阴，又能退虚热的药物是,B,芦根,知母,天花粉,淡竹叶,栀子
中药学,功能清热生津，又能消肿排脓的药物是,C,芦根,知母,天花粉,淡竹叶,栀子
中药学,功能泻火除烦，又能凉血止血的药物是,E,芦根,知母,天花粉,淡竹叶,栀子
中药学,功能具有清心火，又能下利小便的药物是,D,芦根,知母,天花粉,淡竹叶,栀子
中药学,功能清热燥湿，又善清肝胆火的药物是,A,,,,,
中药学,功能清热燥湿，又善祛风杀虫的药物是,E,,,,,
中药学,均能清热解毒，利尿通淋的药组是,D,黄芩、黄连,苦参、龙胆草,金银花、连翘,蒲公英、鱼腥草,黄柏、知母
中药学,均能清热泻火，退热除蒸的药组是,E,黄芩、黄连,苦参、龙胆草,金银花、连翘,蒲公英、鱼腥草,黄柏、知母
中药学,蒲公英善于治疗的病证是,A,乳痈,肠痈,肺痈,疔毒,大头瘟毒
中药学,鱼腥草善于治疗的病证是,C,乳痈,肠痈,肺痈,疔毒,大头瘟毒
中药学,蒲公英多用于治疗,D,热毒血痢,肠痈腹痛,肺痈胸痛，咳吐脓血,乳痈肿痛,热毒壅盛之斑疹不畅或色紫暗
中药学,白头翁多用于治疗,A,热毒血痢,肠痈腹痛,肺痈胸痛，咳吐脓血,乳痈肿痛,热毒壅盛之斑疹不畅或色紫暗
中药学,下列关于巴豆的用法及用量叙述正确的是,A,入丸散，每次0.1～0.3g,入丸散，每次0.2～0.5g,入汤剂，每次0.3～0.5g,入汤剂，每次0.1～0.5g,入汤剂，每次0.5～1.5g
中药学,能荡涤胃肠，推陈致新，为治疗积滞便秘之要药的是,A,大黄,芒硝,番泻叶,火麻仁,郁李仁
中药学,十九畏中，巴豆畏,D,甘草,朴硝,藜芦,牵牛子,郁金
中药学,治疗积滞便秘常与大黄配伍的药物是,C,番泻叶,甘遂,芒硝,火麻仁,生地黄
中药学,以下除哪项外，均是攻下药的适应证,B,饮食积滞,虚寒泻痢,血热妄行,冷积便秘,大肠燥热
中药学,治疗寒积便秘。宜选用的药物是,D,甘遂,大戟,芫花,巴豆,商陆
中药学,牵牛子不宜与何药配伍,D,芒硝,五灵脂,硫黄,巴豆,郁金
中药学,治疗水肿胀满，虫积腹痛，首选药物是,B,大黄,牵牛子,番泻叶,巴豆,芒硝
中药学,甘遂、京大戟、芫花配伍应用时，不宜与下列何药配伍,D,干姜,海藻,人参,甘草,藜芦
中药学,既能峻下逐饮，又能杀虫疗疮，祛痰止咳的药物是,D,大戟,大黄,巴豆,芫花,牵牛子
中药学,醋制甘遂的目的是,E,增强止痛功能,引经入药,便于储存,矫味,减低毒性
中药学,松子仁除润肠通便之功外，还具有的功效是,C,利水消肿,生津止渴,润肺止咳,养血安神,益气健脾
中药学,既有肠燥便秘，又有水肿腹满者应选用的药物是,D,火麻仁,杏仁,桃仁,郁李仁,商陆
中药学,芒硝入汤剂，其用法是,D,先煎,后下,包煎,冲服,另煎
中药学,芒硝与大黄均具有的功效是,C,泻下通便，活血祛瘀,泻下通便，利水消肿,泻下通便，清热泻火,泻下通便，清热凉血,泻下通便，祛痰利咽
中药学,大黄和虎杖均具有的功效是,E,活血，通便，解毒，止咳,活血，利湿，解毒，止痛,活血，通便，利湿，止血,活血，止痛，止痉，解毒,活血，解毒，通便，清热
中药学,既有泻下作用，又有凉血作用的药物是,A,大黄,芒硝,巴豆,郁李仁,番泻叶
中药学,大黄外用治疗水火烫伤常配伍的药物是,B,芒硝,地榆,紫草,紫花地丁,青黛
中药学,既能泻下冷积，逐水退肿，又能祛痰利咽治疗喉痹的药物是,D,大黄,芒硝,牛蒡子,巴豆,芫花
中药学,下列药物中多制成霜使用的是,C,火麻仁,郁李仁,巴豆,牵牛子,杏仁
中药学,具有泻下通便的药物是,C,大黄,芒硝,番泻叶,甘遂,火麻仁
中药学,具有润肠通便作用的药物是,E,大黄,芒硝,番泻叶,甘遂,火麻仁
中药学,芫花减轻其毒性宜如何炮制,D,蜜制,土炒,酒制,醋制,姜制
中药学,大黄活血宜如何炮制,C,蜜制,土炒,酒制,醋制,姜制
中药学,具有泻水逐饮，消肿散结作用的药物是,A,甘遂,芫花,巴豆,牵牛子,番泻叶
中药学,具有泻水逐饮，祛痰止咳作用的药物是,B,甘遂,芫花,巴豆,牵牛子,番泻叶
中药学,大戟的功效是,A,疏散风热，清肺利咽,开宣肺气，祛痰利咽,祛痰止咳，消肿利咽,,
中药学,郁李仁的功效是,C,疏散风热，清肺利咽,开宣肺气，祛痰利咽,祛痰止咳，消肿利咽,,
中药学,郁李仁的主治病证是,D,寒积便秘,热积便秘,阳虚便秘,肠燥便秘,虫积便秘
中药学,火麻仁的主治病证是,D,寒积便秘,热积便秘,阳虚便秘,肠燥便秘,虫积便秘
中药学,可用于养血安胎的药物是,E,狗脊,砂仁,乌梢蛇,五加皮,桑寄生
中药学,既能祛风湿，又能补肝肾，强筋骨，安胎的药物是,D,木瓜,杜仲,桑枝,桑寄生,防己
中药学,治疗风湿日久，累及肝肾的最佳药物组合是,B,羌活、独活,五加皮、桑寄生,秦艽、薏苡仁,白术、苍术,苍术、黄柏
中药学,治疗风湿痹痛，四肢拘挛，腰膝酸软，小儿行迟，宜选用的药物是,C,海风藤,牛膝,五加皮,威灵仙,络石藤
中药学,既能祛风湿，利关节，又能解毒的药物是,B,独活,豨莶草,络石藤,忍冬藤,桑寄生
中药学,防己的功效是,E,祛风湿，舒经络，解表,祛风湿，消骨鲠，解暑,祛风湿，止痛，化湿和胃,祛风湿，止痛，安胎,祛风湿，止痛，利水消肿
中药学,被称为“风药中之润剂”的药物是,E,威灵仙,防己,蕲蛇,川乌,秦艽
中药学,秦艽的功效是,D,祛风湿，止痹痛，治骨鲠,祛风湿，通经络，利水,祛风湿，止痹痛，解表,祛风湿，通络止痛，退虚热，清湿热,祛风湿，止痹痛，安胎
中药学,善于治疗下部痹证之腰腿疼痛，属于寒湿所致者，最宜选用的药物是,D,秦艽,络石藤,豨莶草,独活,防己
中药学,下列除哪项外都是主治风湿热痹的药物,C,黄柏、蚕砂,木通、防己,独活、威灵仙,白鲜皮、薏苡仁,忍冬藤、络石藤
中药学,治疗湿痹、筋脉拘挛、吐泻转筋病证，最宜选用的药物是,A,木瓜,防己,豨莶草,秦艽,伸筋草
中药学,蕲蛇的主治病证下列各项中叙述错误的是,D,风湿顽痹疼痛,中风半身不遂,破伤风,跌打损伤瘀痛,皮肤顽癣
中药学,具有祛风，通络，止痉作用的药物是,C,白附子,木瓜,蕲蛇,桑枝,丝瓜络
中药学,既可用于风湿痹痛，又可用于诸骨鲠咽的药物是,D,五加皮,桑寄生,木瓜,威灵仙,羌活
中药学,羌活、独活都能祛风解表、胜湿止痛，其区别在于,D,独活为“风药中之燥剂”，羌活则为“风药中之润剂”,羌活的解表力弱，独活的解表力强,羌活能够治疗阳明头痛，独活能够治疗少阳头痛,独活善于治疗半身以下的寒湿痹痛，羌活善于治疗半身以上的寒湿痹痛,以上都不是
中药学,寒湿痹痛，腰以下明显者，最佳选药是,C,防己,威灵仙,独活,羌活,木瓜
中药学,既能祛风湿，止痛，又可解表的药物是,E,威灵仙,秦艽,五加皮,桂枝,独活
中药学,治疗风湿痹痛，兼有肝肾不足的最佳选药是,C,羌活,独活,桑寄生,威灵仙,秦艽
中药学,具有祛风湿，温经止痛作用的药物是,A,川乌,桑寄生,木瓜,威灵仙,五加皮
中药学,具有祛风湿，通络止痛，消骨鲠作用的药物是,D,川乌,桑寄生,木瓜,威灵仙,五加皮
中药学,具有祛风湿，补肝肾，强筋骨，安胎作用的药物是,A,桑寄生,蕲蛇,五加皮,威灵仙,木瓜
中药学,具有祛风湿，补肝肾，强筋骨，利水作用的药物是,C,桑寄生,蕲蛇,五加皮,威灵仙,木瓜
中药学,具有舒筋活络，化湿和胃作用的药物是,A,木瓜,秦艽,独活,络石藤,防己
中药学,具有祛风通络，凉血消肿作用的药物是,D,木瓜,秦艽,独活,络石藤,防己
中药学,狗脊的功效是,E,既能祛风湿，又能清热解毒,既能祛风湿、通经络，又能利小便,既能祛风湿，又能清虚热,既能祛风湿，又能凉血消肿,既能祛风湿，又能补肝肾、强腰膝
中药学,青风藤的功效是,B,既能祛风湿，又能清热解毒,既能祛风湿、通经络，又能利小便,既能祛风湿，又能清虚热,既能祛风湿，又能凉血消肿,既能祛风湿，又能补肝肾、强腰膝
中药学,具有行气安胎的药物是,A,砂仁,厚朴,佩兰,苍术,白豆蔻
中药学,下列各项中属于消除脘腹胀满之要药的是,D,藿香,佩兰,苍术,厚朴,砂仁
中药学,既能化湿行气，又能止泻及安胎的药物是,C,藿香,佩兰,砂仁,豆蔻,草豆蔻
中药学,最宜治湿浊中阻之呕吐的药物是,E,苏叶,香薷,生姜,黄连,藿香
中药学,长于行气，燥湿，消积，兼能降气平喘的药物是,B,苏梗,厚朴,砂仁,豆蔻,香附
中药学,可用于治疗夜盲症的药物是,B,砂仁,苍术,豆蔻,草果,以上都不是
中药学,功能燥湿健脾，祛风散寒的药物是,C,茯苓,白术,苍术,萆薢,威灵仙
中药学,既能化湿，又能解暑的药物是,A,藿香、佩兰,苍术、厚朴,砂仁、豆蔻,橘皮、青皮,茯苓、玉竹
中药学,关于芳香化湿药的论述，以下哪项是错误的,C,多辛温，归脾胃经,入汤剂多宜后下,多具有利小便作用,多用治湿阻中焦,易耗气伤阴
中药学,芳香化湿药的主治证是,E,水湿内停,水湿泄泻,湿痹拘挛,湿疹湿疮,湿阻中焦
中药学,草果的功效是,A,温中燥湿，除痰截疟,芳香化湿，和中止呕,芳香化湿，健脾和胃,化湿行气，温脾止泻,燥湿健脾，温胃止呕
中药学,白豆蔻与肉豆蔻都具有的功效是,E,芳香化湿,涩肠止泻,理气安胎,疏肝理气,温中行气
中药学,入汤剂宜后下的药物是,C,藿香、佩兰,苍术、厚朴,砂仁、白豆蔻,革豆蔻、草果,香薷、葱白
中药学,性微温而善于芳香化湿的药物是,E,香薷,佩兰,砂仁,豆蔻,藿香
中药学,下列哪项不是厚朴的功效,B,行气,活血,燥湿,消积,平喘
中药学,功能化湿，止呕，解暑的药物是,A,藿香,佩兰,白豆蔻,厚朴,苍术
中药学,功能化湿行气，温中止呕的药物是,C,藿香,佩兰,白豆蔻,厚朴,苍术
中药学,能燥湿行气的药物是,B,苍术,厚朴,豆蔻,木瓜,蚕沙
中药学,能燥湿健脾的药物是,A,苍术,厚朴,豆蔻,木瓜,蚕沙
中药学,暑月外感风寒，内伤生冷之恶寒发热，呕恶泄泻者，用药宜首选,A,藿香,砂仁,苍术,厚朴,白术
中药学,既能治疗风湿痹证又能治疗夜盲症的首选药物是,C,藿香,砂仁,苍术,厚朴,白术
中药学,具有燥湿温中，除痰截疟作用的药物是,E,厚朴,砂仁,豆蔻,草豆蔻,草果
中药学,具有化湿行气，温中止泻，安胎作用的药物是,B,厚朴,砂仁,豆蔻,草豆蔻,草果
中药学,既能燥湿健脾，又能祛风散寒的药物是,A,苍术,厚朴,豆蔻,草豆蔻,草果
中药学,既能燥湿消痰，又能下气除满的药物是,B,苍术,厚朴,豆蔻,草豆蔻,草果
中药学,善于治疗血淋、尿血的药物是,C,车前子,泽泻,石韦,萆薢,木通
中药学,下列何药具有能利小便以实大便之作用,E,冬瓜皮,滑石,猪苓,茯苓,车前子
中药学,虎杖的功效是,B,活血调经，清热利湿，解毒消疮，化痰平喘,利湿退黄，清热解毒，散瘀止痛，化痰止咳,活血定痛，清热利湿，解毒通便，化痰止咳,活血通络，祛湿退黄，清热解毒，利尿通便,活血消瘕，利湿退肿，解毒疗疮，化痰通便
中药学,下列除哪项外均是金钱草的功效,D,利尿通淋,软坚排石,利湿退黄,疏肝利胆,解毒消肿
中药学,既可用于热淋、砂淋、石淋，又可用于恶疮肿毒、毒蛇咬伤的药物是,D,泽泻,茯苓,车前子,金钱草,猪苓
中药学,均有清热利湿，退黄疸功效的药物是,E,葫芦、冬瓜皮,茯苓、赤小豆,金钱草、石韦,茵陈、冬葵子,茵陈、金钱草
中药学,茵陈的功效是,D,利水渗湿，安神,清利湿热，解毒,利水渗湿，除痹,清利湿热，利胆退黄,利水通淋，祛风湿
中药学,具有清肺止咳功效的利水渗湿药物是,B,海金沙,石韦,冬葵子,灯心草,赤小豆
中药学,海金沙的功效是,E,除湿退黄,利水通淋，解暑,利水渗湿,清热利水，杀虫,利尿通淋，止痛
中药学,滑石入煎剂其用法是,B,冲服,包煎,另煎,先煎,久煎
中药学,下列除哪项外均是滑石的主治病证,E,湿热、淋痛,暑温、湿温,湿疹、湿疮,暑热、痱毒,寒湿带下
中药学,车前子入汤剂时，其用法是,E,先煎,后下,另煎,烊化,包煎
中药学,可用于暑湿泄泻，利小便以实大便的药物是,B,通草,车前子,海金沙,茵陈,瞿麦
中药学,下列不具有健脾祛湿作用的药物是,B,茯苓,猪苓,白术,薏苡仁,苍术
中药学,既能利水消肿，渗湿健脾，除痹，又能清热排脓的药物是,A,薏苡仁,车前子,木通,茯苓,滑石
中药学,脾虚湿盛之食少泄泻、水肿腹胀、脚气浮肿，宜用,E,猪苓,木通,车前子,石韦,薏苡仁
中药学,茯苓与薏苡仁的共同功效是,E,利水渗湿，安神,利水渗湿，除痹,利水渗湿，通乳,利水渗湿，解毒,利水渗湿，健脾
中药学,既能用于小便不利、水肿，又能用于脾虚证的药物是,D,泽泻,猪苓,车前子,茯苓,木通
中药学,治疗湿热黄疸宜选的药物是,A,茵陈,萹蓄,木通,薏苡仁,萆薢
中药学,具有杀虫止痒功效的药物是,B,茵陈,萹蓄,木通,薏苡仁,萆薢
中药学,瞿麦的功效是,E,利水渗湿，健脾止泻,利尿通淋，渗湿止泻，明目，祛痰,化湿行气，温中止泻,清热解毒，燥湿止泻,利尿通淋，破血通经
中药学,车前子的功效是,B,利水渗湿，健脾止泻,利尿通淋，渗湿止泻，明目，祛痰,化湿行气，温中止泻,清热解毒，燥湿止泻,利尿通淋，破血通经
中药学,茯苓的功效是,D,既能宁神益智，又能补脾益肺,既能宁心安神，又能止泻止汗,既能宁心安神，又能祛痰开窍,既能宁心安神，又能健脾利水,既能定惊安神，又能利尿通淋
中药学,远志的功效是,C,既能宁神益智，又能补脾益肺,既能宁心安神，又能止泻止汗,既能宁心安神，又能祛痰开窍,既能宁心安神，又能健脾利水,既能定惊安神，又能利尿通淋
中药学,既能利水又可泻热的药物是,E,茯苓,薏苡仁,猪苓,白术,泽泻
中药学,既能止泻又可除痹的药物是,B,茯苓,薏苡仁,猪苓,白术,泽泻
中药学,治疗膏淋小便混浊，色白如米泔，宜选用的药物是,D,茵陈,滑石,茯苓,萆薢,木通
中药学,治疗热淋，小便淋沥涩痛，兼见心烦尿赤，口舌生疮，宜选用的药物是,E,茵陈,滑石,茯苓,萆薢,木通
中药学,治疗湿热黄疸，宜选用的药物是,A,茵陈,滑石,茯苓,萆薜,薏苡仁
中药学,治疗湿热淋证，小便淋沥涩痛，宜选用的药物是,B,茵陈,滑石,茯苓,萆薜,薏苡仁
中药学,具有利水通淋，止咳作用的药物是,C,木通,金钱草,石韦,地肤子,海金沙
中药学,具有清热利水，止痒作用的药物是,D,木通,金钱草,石韦,地肤子,海金沙
中药学,具有利水渗湿，排脓作用的药物是,D,茯苓,猪苓,泽泻,薏苡仁,滑石
中药学,具有利水通淋，解暑作用的药物是,E,茯苓,猪苓,泽泻,薏苡仁,滑石
中药学,香加皮的功效是,E,利水渗湿，解毒,利水通淋，清热排脓,利水通淋，止咳，通乳,,
中药学,冬瓜皮的功效是,C,利水渗湿，解毒,利水通淋，清热排脓,利水通淋，止咳，通乳,,
中药学,海金沙的功效是,C,利水渗湿,利尿通淋，健脾,利尿通淋，止痛,利水渗湿，安神,利湿退黄
中药学,猪苓的功效是,A,利水渗湿,利尿通淋，健脾,利尿通淋，止痛,利水渗湿，安神,利湿退黄
中药学,石韦的功效是,C,利水通淋,利水渗湿,利尿通淋，清肺止咳，凉血止血,利湿退黄，止痒,
中药学,泽泻的功效是,D,利水通淋,利水渗湿,利尿通淋，清肺止咳，凉血止血,利湿退黄，止痒,
中药学,常用于治疗五更泄泻的药物是,D,丁香,附子,干姜,吴茱萸,小茴香
中药学,附子的归经为,B,心、肝、脾,心、脾、肾,心、肝、肾,心、脾、肺,心、肾、肺
中药学,既能温中止痛，又能杀虫，可用于蛔虫腹痛、呕吐或吐蛔的药物是,E,干姜,吴茱萸,砂仁,小茴香,花椒
中药学,肉桂入煎剂、研末冲服时的剂量分别是,C,0.1～0.3g、0.5～1g,1～2g、0.1～1g,1～4.5g、1～2g,5～15g、3～6g,以上都不是
中药学,补气养血药中加入适量肉桂，其主要目的是,B,引火归原,鼓舞气血生长,散寒止痛,补而不滞,以上都不是
中药学,入汤剂宜后下的药物是,B,附子,肉桂,干姜,吴茱萸,小茴香
中药学,具有温肾阳，温脾阳，温通血脉，引火归原功效的药物是,C,附子,干姜,肉桂,吴茱萸,桂枝
中药学,既能温中回阳，又能温肺化饮的药物是,B,生姜,干姜,高良姜,炮姜,煨姜
中药学,下列除哪项外，均是附子的主治证,B,亡阳欲脱，肢冷脉微,寒凝血瘀，经闭阴疽,命门火衰，阳痿早泄,中寒腹痛，阴寒水肿,阳虚外感，寒痹刺痛
中药学,被称为“回阳救逆第一品药”的药物是,D,人参,肉桂,鹿茸,附子,干姜
中药学,附子、干姜共同的功效是,B,补火助阳,回阳救逆,温肺化饮,温中止呕,温经止痛
中药学,元气大亏，阳气暴脱，亡阳与气脱并见，应选下列哪一对药物,B,附子、黄芪,附子、人参,白术、附子,附子、干姜,附子、肉桂
中药学,丁香的功效是,D,散寒止痛，降逆止呕，助阳止泻,温中止痛，补火助阳，降逆止呕,降逆止呕，补火助阳，纳气平喘,温中降逆，散寒止痛，温肾助阳,温胃降逆，温肾纳气，助阳止泻
中药学,治寒疝疼痛，睾丸偏坠疼痛，宜选用的药物是,C,肉桂,沉香,小茴香,丁香,木香
中药学,吴茱萸的功效是,A,散寒止痛，降逆止呕，助阳止泻,祛风止痛，温肺化饮，助阳止泻,回阳救逆，温肾助阳，降逆止呕,温中止痛，祛风杀虫，降逆止呕,温中降逆，理气和胃，助阳止泻
中药学,既善疏肝又能暖肝的药物是,D,肉桂,花椒,山茱萸,吴茱萸,芍药
中药学,小茴香尤善于治疗的病证是,A,寒疝腹痛,寒凝冷痛,风湿痹痛,脘腹冷痛,虫积腹痛
中药学,吴茱萸尤善于治疗的病证是,B,寒疝腹痛,寒凝冷痛,风湿痹痛,脘腹冷痛,虫积腹痛
中药学,肉桂善于主治,B,回阳救逆,补火助阳,温胃止呕,发汗平喘,温中散寒
中药学,干姜善于主治,E,回阳救逆,补火助阳,温胃止呕,发汗平喘,温中散寒
中药学,为治命门火衰之要药，首选的是,A,肉桂,吴茱萸,细辛,丁香,白术
中药学,治疗脾肾虚寒，久泻，五更泄泻者，宜选用的药物是,B,肉桂,吴茱萸,细辛,丁香,白术
中药学,具有温中降逆，温肾助阳作用的药物是,C,细辛,花椒,丁香,小茴香,高良姜
中药学,具有散寒止痛，理气和胃作用的药物是,D,细辛,花椒,丁香,小茴香,高良姜
中药学,治疗寒饮咳喘，痰多清稀，宜选用的药物是,A,干姜,附子,肉桂,丁香,吴茱萸
中药学,治疗寒凝瘀滞经闭，痛经，宜选用的药物是,C,干姜,附子,肉桂,丁香,吴茱萸
中药学,均具有补火助阳作用的药物是,B,附子、干姜,附子、肉桂,细辛、吴茱萸,细辛、干姜,高良姜、干姜
中药学,均具有温肺化饮作用的药物是,D,附子、干姜,附子、肉桂,细辛、吴茱萸,细辛、干姜,高良姜、干姜
中药学,具有散寒解表作用的药物是,A,生姜,干姜,炮姜,生姜皮,高良姜
中药学,具有温中回阳作用的药物是,B,生姜,干姜,炮姜,生姜皮,高良姜
中药学,下列关于陈皮的性味及归经叙述正确的是,A,辛、苦、温，归肺、脾,甘、苦、温，归肺、肾,辛、酸、温，归肺、胃,辛、酸、温，归脾，胃,辛、苦、温，归脾、大肠
中药学,沉香治疗痰饮喘咳，上盛下虚之证，其作用在于,C,温肺化饮,燥湿化痰,温肾纳气,益气健脾,补益肺肾
中药学,以下除哪项外均是木香的主治病证,B,三焦气滞,肺气阻滞,肝胆气郁,脾胃气滞,大肠气滞
中药学,用治食积气滞，湿热互阻，下痢里急后重者，宜选下列何组药物最佳,C,黄连、黄柏,柴胡、枳壳,木香、槟榔,香附、薤白,苦参、青皮
中药学,枳实的理气作用是,A,破气,降气,纳气,疏肝,行气
中药学,既能用于食积停滞，腹痛便秘，泻痢不畅，里急后重，又能用于痰浊阻塞气机，胸脘痞满的药物是,A,枳实,陈皮,佛手,香附,木香
中药学,青皮与陈皮的功效区别是,E,陈皮理脾胃之气，消积化滞；青皮理肝气，散寒止痛,陈皮理脾胃之气，燥湿化痰；青皮理肝气，活血止痛,陈皮理脾胃之气，降气化痰；青皮理肝气，消积化滞,陈皮理脾胃之气，降气化痰；青皮理肝气，活血调经,陈皮理脾胃之气，燥湿化痰；青皮理肝气，消积化滞
中药学,以下除哪项外均是陈皮的功效,D,理气,健脾,燥湿,疏肝,化痰
中药学,主治脾胃气滞的药物是,C,香附,沉香,陈皮,乌药,檀香
中药学,香附、乌药、木香共同的功效是,C,降逆止呃,疏肝解郁,行气止痛,行气导滞,消肿散结
中药学,善于治疗肝气郁滞之痛经，人称“气病之总司，妇科之主帅”的药物是,A,香附,木香,佛手,青皮,香橼
中药学,下列哪项不是乌药的主治病证,D,寒凝腹胀,寒疝腹痛,经寒痛经,痰湿咳嗽,尿频遗尿
中药学,既能行气止痛，又能温肾散寒的药物是,E,青木香,沉香,川楝子,檀香,乌药
中药学,既能行气止痛，又能杀虫疗癣的药物是,A,川楝子,青木香,佛手,沉香,香附
中药学,黄连配伍哪味药最宜治湿热泻痢，里急后重,B,香附,木香,陈皮,乌药,枳实
中药学,薤白配伍哪味药最宜治寒痰阻闭，胸阳不振之胸痹疼痛,E,香附,木香,陈皮,乌药,枳实
中药学,具有行气止痛，杀虫疗癣作用的药物是,C,乌药,沉香,川楝子,香附,薤白
中药学,为疏肝解郁行气止痛要药的是,D,乌药,沉香,川楝子,香附,薤白
中药学,具有破气消积，化痰除痞作用的药物是,C,陈皮,青皮,枳实,香附,乌药
中药学,具有疏肝理气，调经止痛作用的药物是,D,陈皮,青皮,枳实,香附,乌药
中药学,具有理气调中，燥湿化痰作用的药物是,A,陈皮,青皮,枳实,香附,乌药
中药学,具有疏肝破气，散结消滞作用的药物是,B,陈皮,青皮,枳实,香附,乌药
中药学,薤白的功效是,A,通阳散结，行气导滞,散寒通阳，解毒散结，调经止痛,通阳散结，疏肝解郁，宽中化痰,通阳散结，燥湿化痰,疏肝解郁，调经止痛，理气调中
中药学,香附的功效是,E,通阳散结，行气导滞,散寒通阳，解毒散结，调经止痛,通阳散结，疏肝解郁，宽中化痰,通阳散结，燥湿化痰,疏肝解郁，调经止痛，理气调中
中药学,乌药的功效是,E,行气止痛，温肾纳气,行气止痛，杀虫，解毒消肿,行气止痛，杀虫,行气止痛，温肾纳气，降逆调中,行气止痛，温肾散寒
中药学,川楝子的功效是,C,行气止痛，温肾纳气,行气止痛，杀虫，解毒消肿,行气止痛，杀虫,行气止痛，温肾纳气，降逆调中,行气止痛，温肾散寒
中药学,下列药物中能用于治疗泻痢腹痛及疝气痛的是,B,神曲,山楂,麦芽,莱菔子,鸡内金
中药学,鸡内金入药最宜,B,先煎,研末冲服,后下,包煎,另煎
中药学,既能消食健胃，又能涩精止遗，还可治疗小儿脾虚疳积的药物是,E,银柴胡,麦芽,乌梅,莱菔子,鸡内金
中药学,既能消食健胃，又能回乳消胀的药物是,E,神曲,山楂,鸡内金,谷芽,麦芽
中药学,麦芽与山楂的共同主治证是,E,乳房胀痛,脘腹冷痛,肝胃不和胁痛,肾虚遗精,食滞
中药学,可与金石、贝壳类等药物同用，以助其消化的药物是,C,谷芽,麦芽,神曲,鸡内金,山楂
中药学,既治食积腹痛，又治疝气痛的药物是,D,麦芽,谷芽,神曲,山楂,鸡内金
中药学,既能消食化积，又能行气散瘀的药物是,B,神曲,山楂,木香,鸡内金,枳实
中药学,善消肉食积滞的药物是,C,莱菔子,鸡内金,山楂,麦芽,神曲
中药学,善消食积气滞的药物是,A,莱菔子,鸡内金,山楂,麦芽,神曲
中药学,莱菔子的功效是,D,消食健胃，和中止泻,消食化积，化痰除痞,消食健胃，回乳消胀,消食除胀，降气化痰,消食健胃，清热解毒
中药学,麦芽的功效是,C,消食健胃，和中止泻,消食化积，化痰除痞,消食健胃，回乳消胀,消食除胀，降气化痰,消食健胃，清热解毒
中药学,哺乳期不宜使用的药物是,C,鸡内金,莱菔子,麦芽,谷芽,神曲
中药学,研末服用，每次1.5～3g，效果比煎剂好的药物是,A,鸡内金,莱菔子,麦芽,谷芽,神曲
中药学,消食药配伍行气药，可用于治疗,A,宿食积滞，郁而化热,食积不化，湿浊中阻,脾胃虚弱，运化无力,食滞不化，寒凝中焦,
中药学,消食药配伍健脾益气药，可用于治疗,D,宿食积滞，郁而化热,食积不化，湿浊中阻,脾胃虚弱，运化无力,食滞不化，寒凝中焦,
中药学,消食药配伍化湿药，可用于治疗,C,食滞中焦，脾胃气滞,宿食积滞，郁而化热,脾胃虚弱，运化无力,食滞不化，寒凝中焦,
中药学,消食药配伍温里药，可用于治疗,E,食滞中焦，脾胃气滞,宿食积滞，郁而化热,脾胃虚弱，运化无力,食滞不化，寒凝中焦,
中药学,神曲的功效是,E,消食化积，行气散瘀,消食化积，杀虫止痒,消食化积，发散风寒,消食化积，固精止遗,消食和胃
中药学,山楂的功效是,A,消食化积，行气散瘀,消食化积，杀虫止痒,消食化积，发散风寒,消食化积，固精止遗,消食和胃
中药学,炒麦芽的功效偏于,D,降气化痰,,,,
中药学,生麦芽的功效偏于,C,降气化痰,,,,
中药学,下列各项中，不属于槟榔主治病证的是,C,疟疾,水肿,胆结石,食积气滞,肠道寄生虫病
中药学,雷丸治疗绦虫病，其内服用法是,C,久煎,后下,入丸、散剂,另煎兑服,熬膏
中药学,川楝子、槟榔皆具有的功效是,A,杀虫行气,杀虫利水,行气利水,行气疏肝,行气健脾
中药学,槟榔的功效是,D,杀虫消积，行气活血,杀虫消积，行气止泻,杀虫消积，行气止咳,杀虫消积，行气利水，截疟,杀虫消积，行气止痢
中药学,既能够治疗蛔虫、蛲虫证，又善于治疗小儿疳积的药物是,A,使君子,苦楝皮,鹤草芽,南瓜子,槟榔
中药学,下列哪味药不能驱绦虫,C,槟榔,南瓜子,使君子,鹤草芽,雷丸
中药学,槟榔配木瓜治疗,D,泻痢后重,水肿胀满,消食健脾,脚气肿痛,疟疾寒热
中药学,槟榔配木香治疗,A,泻痢后重,水肿胀满,消食健脾,脚气肿痛,疟疾寒热
中药学,青蒿能够治疗的病证是,E,泻痢,血热出血证,食积气滞，腹胀便秘,蛔虫病,疟疾
中药学,使君子能够治疗的病证是,D,泻痢,血热出血证,食积气滞，腹胀便秘,蛔虫病,疟疾
中药学,用槟榔驱杀绦虫，成人的每次用量是,D,3～6g,6～12g,5～7g,30～60g,60～120g
中药学,用雷丸粉驱杀绦虫，成人的每次用量是,C,3～6g,6～12g,5～7g,30～60g,60～120g
中药学,使君子应用的病证是,C,绦虫病、蛔虫病、便秘、水肿,蛔虫病、疥疮、头癣,蛔虫病、小儿疳积,绦虫病、钩虫病、温热斑疹,绦虫病、蛲虫病、蛔虫病
中药学,苦楝皮应用的病证是,B,绦虫病、蛔虫病、便秘、水肿,蛔虫病、疥疮、头癣,蛔虫病、小儿疳积,绦虫病、钩虫病、温热斑疹,绦虫病、蛲虫病、蛔虫病
中药学,使君子的用法是,A,炒香嚼服，小儿总量不超过20粒,驱杀绦虫，宜入丸散，用冷开水调，饭后服,驱杀绦虫，宜研末，用温开水送服,驱杀姜片虫，宜文火久煎,煎服不超过9g，外用适量
中药学,苦楝皮的用法是,E,炒香嚼服，小儿总量不超过20粒,驱杀绦虫，宜入丸散，用冷开水调，饭后服,驱杀绦虫，宜研末，用温开水送服,驱杀姜片虫，宜文火久煎,煎服不超过9g，外用适量
中药学,除香附外，下列何药亦为妇科调经之要药,A,茜草,蒲黄,白及,三七,地榆
中药学,下列关于地榆的叙述正确的是,D,治伤科之要药,治妇科调经要药,治温经之要药,治烫伤之要药,治活血行气之要药
中药学,既能温经止血，散寒调经，又能安胎的药物是,D,桑叶,洋金花,蒲黄,艾叶,款冬花
中药学,下列药物中，哪一味是收敛止血药,A,仙鹤草,三七,小蓟,地榆,白茅根
中药学,既能收敛止血，止痢，又能截疟，补虚的药物是,D,苦楝皮,沙苑子,侧柏叶,仙鹤草,三七
中药学,“十八反”中，白及与下列何种药物相反,B,甘草,乌头,藜芦,甘遂,芫花
中药学,既能收敛止血，又能消肿生肌的药物是,C,三七,茜草,白及,蒲黄,白茅根
中药学,对于血热所致的各种出血证兼有瘀滞者，多选用的药物是,B,三七、白及,蒲黄、茜草,白及、仙鹤草,血余炭、槐花,地榆、藕节
中药学,蒲黄入汤剂，其用法是,D,先煎,后下,冲服,布包煎,久煎
中药学,蒲黄的功效是,A,止血，化瘀，利尿,止血，温胃，行气,止血，敛肺，下气,止血，敛肺，止咳,止泻，活血，定痛
中药学,为妇科调经要药的药物是,D,槐花,白茅根,苎麻根,茜草,凌霄花
中药学,具有止血不留瘀，化瘀不伤正特点的药物是,D,茜草,大蓟,蒲黄,三七,白及
中药学,既能凉血止血，又能清热利尿，清肺胃热的药物是,C,大蓟,小蓟,白茅根,地榆,槐花
中药学,既能凉血止血，又能化痰止咳，生发乌发的药物是,C,大蓟,藕节,侧柏叶,地榆,三七
中药学,具有凉血止血作用的花类药物是,B,金银花,槐花,月季花,洋金花,旋覆花
中药学,以下哪组药均可用于治疗水火烫伤,B,地榆、槐角、小蓟,地榆、大黄、虎杖,大黄、芒硝、丹参,黄芩、黄连、黄柏,紫草、地榆、郁金
中药学,内服善于治疗下焦血热出血证，外用又能疗烫伤、湿疹的药物是,D,栀子,地肤子,紫花地丁,地榆,白及
中药学,既能凉血止血，又能散瘀解毒消痈的药物是,C,白茅根,板蓝根,大蓟,仙鹤草,漏芦
中药学,有凉血止血散瘀之功，尤宜用于尿血的药物是,B,白茅根,小蓟,血余炭,地榆,茜草
中药学,既能凉血止血，又能散瘀解毒消痈的药物是,D,生地黄、牡丹皮,赤芍、紫草,金银花、连翘,大蓟、小蓟,侧柏叶、茜草
中药学,治疗下焦虚寒，腹中冷痛，月经下血不止，当选用的药物是,C,地榆,茜草,艾叶,干姜,侧柏叶
中药学,下列哪项不是艾叶的主治病证,E,经寒痛经,月经不调,宫冷不孕,胎漏下血,妊娠恶阻
中药学,既善于治疗吐衄便血，又善于治疗肝火上炎之头痛目赤的药物是,D,侧柏叶,地榆,大蓟,槐花,小蓟
中药学,既善于治疗吐衄便血，又善于治疗肺热咳嗽有痰的药物是,A,侧柏叶,地榆,大蓟,槐花,小蓟
中药学,既能治疗血热出血证又能治疗胃热呕吐，首选的药物是,A,白茅根,苎麻根,侧柏叶,紫珠,仙鹤草
中药学,治疗脱发宜选用的药物是,C,白茅根,苎麻根,侧柏叶,紫珠,仙鹤草
中药学,宜治尿血血淋涩痛的药物是,A,蒲黄,地榆,大蓟,三七,白茅根
中药学,宜治下焦血热出血证的药物是,B,蒲黄,地榆,大蓟,三七,白茅根
中药学,仙鹤草除止血外，还具有的功效是,B,清热解毒,止痢截疟,化瘀利尿,固精缩尿,涩肠止泻
中药学,血余炭除收敛止血外，还具有的功效是,C,清热解毒,止痢截疟,化瘀利尿,固精缩尿,涩肠止泻
中药学,蒲黄的功效是,A,炒炭用收敛止血，生用止血化瘀,炒炭用收敛止血，生用祛风解表,炒炭用凉血止血，生用清热杀虫,炒炭用凉血止血，生用养阴生津,炒炭用凉血止血，生用化瘀止血
中药学,荆芥的功效是,B,炒炭用收敛止血，生用止血化瘀,炒炭用收敛止血，生用祛风解表,炒炭用凉血止血，生用清热杀虫,炒炭用凉血止血，生用养阴生津,炒炭用凉血止血，生用化瘀止血
中药学,栀子的功效是,D,既能凉血止血，又能散瘀解毒消痈,既能凉血止血，又能清热安胎,既能凉血止血，又能祛痰止咳,既能凉血止血，又能泻火除烦,既能凉血止血，又能泻下通便
中药学,大蓟的功效是,A,既能凉血止血，又能散瘀解毒消痈,既能凉血止血，又能清热安胎,既能凉血止血，又能祛痰止咳,既能凉血止血，又能泻火除烦,既能凉血止血，又能泻下通便
中药学,地榆的功效长于,A,凉血止血,收敛止血,化瘀止血,温经止血,补虚止血
中药学,艾叶的功效长于,D,凉血止血,收敛止血,化瘀止血,温经止血,补虚止血
中药学,棕榈炭的功效是,A,收敛止血，止泻止带,凉血止血，清热安胎,凉血止血，清肝泻火,凉血止血，利尿解毒,凉血止血，解毒敛疮
中药学,地榆的功效是,E,收敛止血，止泻止带,凉血止血，清热安胎,凉血止血，清肝泻火,凉血止血，利尿解毒,凉血止血，解毒敛疮
中药学,下列各项中，功效善于活血祛瘀，能祛瘀生新而不伤正的药物是,D,红花,川芎,牛膝,丹参,桃仁
中药学,治疗血瘀痛经，常与五灵脂配伍的药物是,D,郁金,白芍,赤芍,蒲黄,香附
中药学,下列活血药中，哪一味不兼有行气作用,E,川芎,郁金,玄胡,三棱,五灵脂
中药学,活血止痛，消肿生肌的最佳配伍是,D,川芎、白芷,苏木、自然铜,五灵脂、蒲黄,乳香、没药,延胡索、降香
中药学,功效活血行气，善于治疗风湿肩臂疼痛的药物是,B,羌活,姜黄,延胡索,秦艽,桂枝
中药学,同为姜科，均能活血行气止痛的药组是,D,桃仁、红花,乳香、没药,延胡索、降香,郁金、姜黄,三棱、姜黄
中药学,郁金能活血行气止痛，治疗胸胁疼痛常配伍的药物是,E,川芎,姜黄,桃仁,乳香,丹参
中药学,治湿温病湿浊蒙蔽清窍所致窍闭神昏，宜选用的最佳配伍是,D,藿香、佩兰,砂仁、草豆蔻,郁金、明矾,郁金、石菖蒲,牛黄、地龙
中药学,具有活血止痛，行气解郁，凉血清心，利胆退黄功效的药物是,C,丹参,川芎,郁金,益母草,玄参
中药学,延胡索主治的病证是,E,风寒头痛,风湿痹痛,气滞腹痛,疮痈肿痛,气滞血瘀诸痛
中药学,治头痛，无论风寒、风热、风湿、血虚、血瘀皆可选用的药为,E,羌活,延胡索,白芷,郁金,川芎
中药学,具有活血凉血作用的药组是,C,郁金、姜黄,川芎、赤芍,郁金、丹参,益母草、泽兰,生地黄、玄参
中药学,川芎不宜治疗的头痛是,E,风寒头痛,瘀血头痛,风湿头痛,血虚头痛,肝阳头痛
中药学,既能活血行气，又能祛风止痛的药物是,C,郁金,姜黄,川芎,延胡索,乳香
中药学,临床使用活血化瘀药治疗癥瘕痞块，最宜配伍哪种药物,E,温里祛寒药,清热凉血药,燥湿化瘀药,益气补血药,行气软坚药
中药学,为增强活血祛瘀药的功效常配伍哪类药物同用,B,解表药,理气药,温里药,泻下药,补虚药
中药学,内服能活血散瘀止痛，外用可止血生肌敛疮的药物是,E,水蛭,虻虫,三棱,红花,血竭
中药学,治疗筋骨折伤首选药组是,D,当归、乳香、丹参,桃仁、红花、郁金,大黄、牡丹皮、赤芍,土鳖虫、骨碎补、自然铜,血竭、儿茶、麝香
中药学,下列不属于鸡血藤主治病证的是,D,月经不调,风湿痹痛,肢体瘫痪,小便不利,血虚萎黄
中药学,鸡血藤的功效是,C,行气活血，补血调经,活血止痛，舒筋活络,行血补血，调经，舒筋活络,活血调经，祛风通络,行气活血，祛风止痛
中药学,牛膝具善下行之性，但此特点不能用于,C,齿痛,口舌生疮,气喘咳嗽,难产、胞衣不下,阴虚阳亢眩晕
中药学,生用活血通经，利水通淋，引血下行，制用补肝肾，强筋骨的药物是,E,骨碎补,丹参,五灵脂,鸡血藤,牛膝
中药学,功效活血调经，利水消肿，清热解毒的药物是,D,艾叶,五灵脂,郁金,益母草,没药
中药学,既能活血祛瘀，又能润肠通便的药物是,A,桃仁,杏仁,柏子仁,苏子,红花
中药学,桃仁的功效是,B,活血行气，润肠通便,活血祛瘀，润肠通便，止咳平喘,活血止痛，解毒消痈,活血祛瘀，止咳平喘,行气活血，祛风止痛
中药学,具有活血通经，祛瘀止痛之功的药物是,A,红花,丹参,泽兰,鸡血藤,月季花
中药学,用治血滞斑疹色暗宜选用的药物是,A,红花,丹参,郁金,益母草,三七
中药学,既能活血调经，祛瘀止痛，又能凉血消痈，除烦安神的药物是,A,丹参,郁金,五灵脂,红花,桃仁
中药学,入汤剂宜包煎的药物是,E,自然铜,苏木,血竭,虎杖,五灵脂
中药学,三棱与莪术的共同作用是,C,破血行气，利水消肿,活血消痈，通络止痛,破血行气，消积止痛,活血调经，凉血安神,活血祛瘀，生肌敛疮
中药学,既能活血止痛，又能消肿生肌的药组是,E,川芎、延胡索,桃仁、红花,益母草、牛膝,莪术、三棱,乳香、没药
中药学,具有破血行气消积止痛的药组是,D,川芎、延胡索,桃仁、红花,益母草、牛膝,莪术、三棱,乳香、没药
中药学,皆能活血行气的药组是,A,川芎、延胡索,桃仁、红花,益母草、牛膝,水蛭、虻虫,乳香、没药
中药学,皆能活血通经，利水的药组是,C,川芎、延胡索,桃仁、红花,益母草、牛膝,水蛭、虻虫,乳香、没药
中药学,川芎可用于治疗的病证是,A,风湿痹痛,湿热黄疸,血虚失眠,肾虚腰痛,肠燥便秘
中药学,郁金可用于治疗的病证是,B,风湿痹痛,湿热黄疸,血虚失眠,肾虚腰痛,肠燥便秘
中药学,桃仁兼能治疗的病证是,A,肠燥便秘,食积胀痛,血虚经闭,产后浮肿,热病神昏
中药学,郁金兼能治疗的病证是,E,肠燥便秘,食积胀痛,血虚经闭,产后浮肿,热病神昏
中药学,三棱兼能治疗的病证是,B,肠燥便秘,食积胀痛,血虚经闭,痛经下乳,热病神昏
中药学,穿山甲兼能治疗的病证是,D,肠燥便秘,食积胀痛,血虚经闭,痛经下乳,热病神昏
中药学,寒凝血滞宜配伍,A,温里散寒药,清热凉血药,软坚散结药,活血药,清热药
中药学,癥瘕积聚宜配伍,C,温里散寒药,清热凉血药,软坚散结药,活血药,清热药
中药学,牛膝的功效是,B,既能活血行气，又能利胆退黄,既能活血调经，又能引血下行,既能活血调经，又能下乳消痈排脓,既能行血补血，又能舒筋活络,既能散瘀止痛，又能接骨疗伤
中药学,自然铜的功效是,E,既能活血行气，又能利胆退黄,既能活血调经，又能引血下行,既能活血调经，又能下乳消痈排脓,既能行血补血，又能舒筋活络,既能散瘀止痛，又能接骨疗伤
中药学,下列药物中能用于治疗失音的是,C,半夏,竹茹,桔梗,前胡,白芥子
中药学,以下药物中既能用于蛇虫咬伤又能用于破伤风的是,E,半夏,白前,旋覆花,白芥子,天南星
中药学,治疗风热咳嗽、痰热咳嗽均适宜的药组是,A,前胡、浙贝母,瓜蒌、天竹黄,竹茹、桔梗,白前、荆芥,旋覆花、半夏
中药学,治痰浊痹阻、胸阳不振之胸痹，常与全瓜蒌配伍的药物是,C,丹参,桔梗,薤白,前胡,贝母
中药学,既能清热化痰，又能除烦止呕的药物是,C,生姜,陈皮,竹茹,贝母,旋覆花
中药学,用治肺虚久咳、痰少咽燥之证，宜选的药物是,B,浙贝母,川贝母,陈皮,黄芩,半夏
中药学,与乌头相反的药物是,A,贝母,海藻,天南星,礞石,昆布
中药学,白前与前胡都具有的功效是,C,宣散风热,发散风热,降气化痰,祛痰利咽,祛痰宽胸
中药学,旋覆花的用法入煎剂应,D,先煎,后下,冲服,包煎,另煎
中药学,药性微温，善降肺胃之气而消痰止咳的药物是,B,半夏,旋覆花,陈皮,砂仁,枳实
中药学,外敷有发泡作用，皮肤过敏者忌用的药物是,D,半夏,天南星,白附子,白芥子,皂荚
中药学,既能降气化痰，又能降逆止呕的药物是,C,白前,桔梗,旋覆花,皂荚,礞石
中药学,功效燥湿化痰，祛风解痉，散结消肿的药物是,A,天南星,蝉衣,胆南星,防风,蕲蛇
中药学,天南星具有祛风止痉的功效，故善于治疗的病证是,D,肝阳上亢，肝风内动病证,热极动风病证,虚风内动病证,风痰眩晕病证,小儿急、慢惊风
中药学,可燥湿化痰，降逆止呕的药物是,B,枳实,半夏,莱菔子,芦根,全瓜萎
中药学,半夏与天南星均可治疗的病证是,E,热痰,风痰,瘿瘤,痰核,湿痰
中药学,下列药物中，具有毒性的是,C,桑白皮,葶苈子,白果,紫菀,前胡
中药学,白果具有的功效是,A,敛肺化痰定喘，止带缩尿,泻肺平喘，利水通淋,止咳平喘，止血止带,纳气平喘，收涩止带,降逆平喘，利水消肿
中药学,下列具有利尿作用的药物是,E,苏子,莱菔子,决明子,白芥子,葶苈子
中药学,桑白皮与葶苈子既能泻肺平喘，又能,C,利水渗湿,利水通淋,利水消肿,利水止泻,利水退黄
中药学,功善清肺止咳，降逆止呕的药物是,C,桑叶,苏叶,枇杷叶,竹叶,侧柏叶
中药学,紫菀与款冬花都具有的功效是,D,燥湿化痰,清肺化痰,泻肺平喘,润肺止咳,止咳平喘
中药学,功效润肺止咳，杀虫灭虱的药物是,A,百部,桔梗,紫菀,款冬花,杏仁
中药学,下列何药治肺痨咳嗽最宜,B,白前,百部,紫菀,麻黄,苏子
中药学,紫苏子既能用于肠燥便秘，又能用于治疗何种病证,E,肺燥咳嗽,肺虚久咳,肺热咳嗽,百日咳,痰壅咳喘
中药学,既能够治疗咳嗽气喘，又能够治疗肠燥便秘的一组药物是,A,苦杏仁、紫苏子,苦杏仁、胖大海,苦杏仁、火麻仁,苦杏仁、柏子仁,苦杏仁、郁李仁
中药学,具有清肺化痰，软坚散结功效的止咳药是,B,海藻,海蛤壳,海螵蛸,胖大海,昆布
中药学,被誉为“诸药之舟楫”，能载药上行的药物是,A,桔梗,柴胡,升麻,白前,葛根
中药学,桔梗的功效是,C,润肺，止咳，下气，化痰,宣肺，利咽，清肺，化痰,宣肺，利咽，祛痰，排脓,降气，止咳，祛痰，排脓,降气，止呕，祛痰，排脓
中药学,桔梗与贝母都能够治疗的病证是,D,肠痈,乳痈,疮痈,肺痈,瘰疬
中药学,下列除哪项外均为桔梗的主治证,E,肺痈,咳嗽,咽痛,失音,眩晕
中药学,白果的功效是,A,既能敛肺平喘，又能止带缩尿,既能泻肺平喘，又能利水消肿,既能止咳平喘，又能止痛镇痉,既能止咳平喘，又能润肠通便,既能止咳平喘，又能清肺化痰
中药学,桑白皮的功效是,B,既能敛肺平喘，又能止带缩尿,既能泻肺平喘，又能利水消肿,既能止咳平喘，又能止痛镇痉,既能止咳平喘，又能润肠通便,既能止咳平喘，又能清肺化痰
中药学,治疗虚劳咳嗽肺热燥咳，宜选用的药物是,D,半夏,海藻,白芥子,川贝母,桔梗
中药学,治疗肺痈吐脓，宜选用的排脓药物是,E,半夏,海藻,白芥子,川贝母,桔梗
中药学,竹茹可以治疗的病证是,A,胃热呕吐,气逆呕吐,胃虚呕吐,胃寒呕吐,食滞内停呕吐
中药学,旋覆花可以治疗的病证是,B,胃热呕吐,气逆呕吐,胃虚呕吐,胃寒呕吐,食滞内停呕吐
中药学,瓜蒌治疗的病证是,A,既能够治疗肠燥便秘，又能够治疗胸痹、结胸,既能够治疗肠燥便秘，又能够治疗咳嗽气喘,既能够治疗肠燥便秘，又能够治疗声音嘶哑,既能够治疗肠燥便秘，又能够治疗水肿,既能够治疗肠燥便秘，又能够治疗目赤肿痛
中药学,苦杏仁治疗的病证是,B,既能够治疗肠燥便秘，又能够治疗胸痹、结胸,既能够治疗肠燥便秘，又能够治疗咳嗽气喘,既能够治疗肠燥便秘，又能够治疗声音嘶哑,既能够治疗肠燥便秘，又能够治疗水肿,既能够治疗肠燥便秘，又能够治疗目赤肿痛
中药学,下列药物中，可用于治疗心悸失眠、自汗及盗汗的是,E,远志,龙骨,柏子仁,合欢皮,酸枣仁
中药学,既能镇惊安神，平肝潜阳，又能聪耳明目，纳气平喘的药物是,A,磁石,龙骨,降香,朱砂,琥珀
中药学,朱砂的成人每次用量是,C,1～5g,0.3～1g,0.1～0.5g,2～10g,0.01～0.1g
中药学,下列忌火煅的药物是,C,青礞石,牡蛎,朱砂,石决明,代赭石
中药学,朱砂具有的功效是,B,养心安神,清心镇惊,养血安神,潜阳安神,敛补安神
中药学,下列除哪组外都是镇心安神药组,C,龙骨、牡蛎,朱砂、磁石,龟板、鳖甲,珍珠、琥珀,珍珠母、紫贝齿
中药学,治疗失眠多梦、健忘、癫痫惊狂，应选用的药物是,D,磁石,朱砂,龙骨,远志,琥珀
中药学,既可安神，又可祛痰的药物是,C,柏子仁,酸枣仁,远志,连翘,琥珀
中药学,既能养心安神，又能润肠通便的药物是,B,杏仁,柏子仁,酸枣仁,桃仁,川贝母
中药学,用治血不养心引起的虚烦不眠、惊悸怔忡之证，宜选用的药物是,A,酸枣仁、柏子仁,石菖蒲、远志,合欢皮、龙骨,朱砂、磁石,珍珠母、琥珀
中药学,具有养心益肝，安神，敛汗功效的药物是,A,酸枣仁,莲子,远志,合欢皮,夜交藤
中药学,具有定惊安神，活血散瘀，利尿通淋作用的药物是,E,朱砂,磁石,龙骨,牡蛎,琥珀
中药学,具有镇静安神，平肝潜阳，收敛固涩功效的药物是,C,菊花,夏枯草,龙骨,朱砂,石决明
中药学,磁石入汤剂的用法是,E,后下,包煎,烊化,冲服,先煎
中药学,有镇心安神，聪耳明目作用的药物是,B,珍珠,磁石,牡蛎,石决明,蝉衣
中药学,龙骨与酸枣仁的相同功效是,B,清热解毒,收敛止汗,聪耳明目,平肝潜阳,活血散瘀
中药学,龙骨与磁石的相同功效是,D,清热解毒,收敛止汗,聪耳明目,平肝潜阳,活血散瘀
中药学,具有镇惊安神，平肝潜阳功效的药物是,C,石菖蒲,远志,龙骨,酸枣仁,合欢皮
中药学,具有养阴益血，宁心安神功效的药物是,D,石菖蒲,远志,龙骨,酸枣仁,合欢皮
中药学,具有养心益肝，安神功效的药物是,D,石菖蒲,远志,龙骨,酸枣仁,合欢皮
中药学,具有祛痰开窍安神功效的药物是,B,石菖蒲,远志,龙骨,酸枣仁,合欢皮
中药学,具有养血安神，祛风通络功效的药物是,A,远志,龙骨,酸枣仁,合欢皮,
中药学,具有解郁安神，活血消肿功效的药物是,E,远志,龙骨,酸枣仁,合欢皮,
中药学,下列药物中可用于治疗头晕目眩、视物昏花的是,E,牡蛎,钩藤,天麻,代赭石,石决明
中药学,既能息风止痉，平抑肝阳，又能祛风通络的药物是,C,夏枯草,白僵蚕,天麻,决明子,代赭石
中药学,钩藤入汤剂的用法是,B,先煎,后下,包煎,另煎,与诸药共煎
中药学,既能清肝热，又能平肝阳的药物是,E,天麻,白蒺藜,夏枯草,全蝎,钩藤
中药学,既能安神定惊，明目消翳，又能解毒生肌的药物是,D,代赭石,朱砂,石决明,珍珠,牛黄
中药学,下列哪组药物均具有清热解毒，息风止痉的功效,C,桑叶、薄荷,柴胡、葛根,牛黄、羚羊角,荆芥、防风,紫草地丁、野菊花
中药学,不入汤剂，只入丸散剂的药物是,D,马勃,蝉衣,石膏,牛黄,天花粉
中药学,下列哪项不是牛黄的功效,C,清热解毒,凉肝息风,清热燥湿,化痰开窍,开窍醒神
中药学,治疗热病高热，热极动风，惊痫抽搐的首选药物是,C,知母,黄连,羚羊角,龙骨,牡蛎
中药学,下列除哪味药外都是既能祛风，又能止痉的药物,E,防风,蝉衣,白僵蚕,蜈蚣,刺蒺藜
中药学,平肝降逆宜生用，止血宜煅用的药物是,E,石决明,朱砂,磁石,牡蛎,代赭石
中药学,代赭石除具有平肝潜阳作用外，还能,D,收敛固涩,镇惊安神,清肝明目,降逆止呕,坠痰平喘
中药学,龙骨与牡蛎的共同作用是,B,平肝息风,平肝潜阳,软坚散结,清肝明目,补肾健骨
中药学,既能平肝潜阳，又能清肝明目的药物是,C,刺蒺藜,决明子,石决明,夏枯草,羚羊角
中药学,石决明、决明子的共同作用是,B,润肠通便,清肝明目,息风止痉,止咳平喘,降气化痰
中药学,治疗多种原因所致的痉挛抽搐，多与全蝎配伍相须使用的药物是,A,蜈蚣,白僵蚕,钩藤,天麻,地龙
中药学,用治顽固性头痛，宜选的药物是,C,荆芥、薄荷,天麻、钩藤,全蝎、蜈蚣,麝香、冰片,石决明、决明子
中药学,既能清热息风，又能平喘，通络利尿的药物是,A,地龙,全蝎,蜈蚣,钩藤,僵蚕
中药学,治疗眩晕、头痛之要药的是,B,羚羊角,天麻,钩藤,地龙,蜈蚣
中药学,既能用于寒性慢惊，也能用于热性急惊抽搐的药物是,C,羚羊角,牛黄,天麻,地龙,防风
中药学,善于治疗肝阳上亢兼小便不利的药物是,D,天麻,羚羊角,代赭石,罗布麻,牡蛎
中药学,善于治疗肝阳上亢兼胃痛吐酸的药物是,C,天麻,羚羊角,代赭石,罗布麻,牡蛎
中药学,治疗热极生风宜选用的药物是,A,羚羊角,天麻,全蝎,石决明,僵蚕
中药学,可用于治疗各种病因引起的肝风内动的药物是,B,羚羊角,天麻,全蝎,石决明,僵蚕
中药学,代赭石的功效是,B,既能平肝潜阳，又能息风止痉,既能平肝潜阳，又能重镇降逆,既能平肝潜阳，又能清肝明目,既能平肝潜阳，又能软坚散结,既能平肝潜阳，又能清热解毒
中药学,珍珠母的功效是,C,既能平肝潜阳，又能息风止痉,既能平肝潜阳，又能重镇降逆,既能平肝潜阳，又能清肝明目,既能平肝潜阳，又能软坚散结,既能平肝潜阳，又能清热解毒
中药学,功效为平肝潜阳，软坚散结，收敛固涩的药物是,D,龟板,龙骨,鳖甲,牡蛎,代赭石
中药学,功效为滋阴潜阳，软坚散结，善于治疗阴虚风动的药物是,C,龟板,龙骨,鳖甲,牡蛎,代赭石
中药学,石菖蒲可用于治疗的病证不包括的是,D,噤口痢,声音嘶哑,耳鸣耳聋,水火烫伤,健忘失眠
中药学,治疗噤口痢，虚实皆可选用的药物是,D,白头翁,鸦胆子,秦皮,石菖蒲,赤石脂
中药学,石菖蒲、远志的共同作用是,A,开窍宁神,化湿和胃,养心安神,祛痰止咳,消痈散肿
中药学,石菖蒲的功效是,D,开窍醒神，解郁行气,开窍醒神，清热止痛,开窍醒神，活血散瘀,开窍醒神，化湿和胃，宁神益志,开窍醒神，止痛，催产
中药学,治疗热闭神昏，常与麝香配伍相须使用的药物是,D,苏合香,石膏,大黄,冰片,石菖蒲
中药学,麝香的功效是,A,开窍醒神,清热止痛,辟秽祛浊,化湿和胃,清心化痰
中药学,闭证有寒闭与热闭之分，下列哪味药物寒闭、热闭皆可选用,D,远志,冰片,细辛,麝香,石菖蒲
中药学,具有开窍醒神，活血通经，消肿止痛作用的药物是,B,苏合香,麝香,牛黄,远志,皂荚
中药学,除开窍外，又能辟秽止痛的药物是,A,苏合香,麝香,远志,蟾酥,牛黄
中药学,除开窍外，又能宁心安神的药物是,C,苏合香,麝香,远志,蟾酥,牛黄
中药学,治疗神昏热闭证，常用的药物是,A,麝香配伍牛黄,麝香配伍苏合香,人参配伍附子,远志配伍朱砂,郁金配伍石菖蒲
中药学,治疗神昏寒闭证，常用的药物是,B,麝香配伍牛黄,麝香配伍苏合香,人参配伍附子,远志配伍朱砂,郁金配伍石菖蒲
中药学,苏合香的功效是,E,开窍醒神，活血通经，消肿止痛,开窍醒神，清热止痛,开窍醒神，清心化痰,开窍醒神，化湿和胃，宁神益志,开窍醒神，辟秽止痛
中药学,冰片的功效是,B,开窍醒神，活血通经，消肿止痛,开窍醒神，清热止痛,开窍醒神，清心化痰,开窍醒神，化湿和胃，宁神益志,开窍醒神，辟秽止痛
中药学,下列药物不具有安胎作用的是,C,紫苏,白术,山药,桑寄生,菟丝子
中药学,下列哪味药物具有安胎作用,B,山药,白术,黄芪,人参,党参
中药学,白术与杜仲均具有的功效是,D,燥湿,利尿,止汗,安胎,补肝肾
中药学,下列药物中可治疗血虚肠燥便秘的是,B,人参,当归,黄芪,白芍,熟地黄
中药学,治疗脘腹或四肢挛急作痛，芍药宜配伍的药物是,A,甘草,大枣,党参,山药,白术
中药学,下列哪味药与大黄、芒硝同用，可使其泻而不速,E,枳实,厚朴,大枣,山药,甘草
中药学,下列哪一项为扁豆的功效,C,补脾益气,益气养阴,补脾和中，化湿,健脾利水,补气升阳
中药学,功效益气养阴，补脾肺肾，固精止带的药物是,D,太子参,西洋参,黄精,山药,五味子
中药学,白术用于增强补气健脾止泻作用的用法是,A,炒用,炒焦用,炒炭用,生用,蜜炙用
中药学,下列哪一项为白术的功效,B,益气健脾，燥湿利尿，益卫固表,益气健脾，燥湿利尿，止汗安胎,益气健脾，燥湿利尿，润肺止咳,益气健脾，燥湿利尿，养血安神,益气健脾，燥湿利尿，缓急止痛
中药学,治疗气血不足，疮疡脓成不溃或溃久不敛，常选用的药物是,D,山药,西洋参,白术,黄芪,太子参
中药学,具有健脾补中，升阳举陷，益卫固表，托毒生肌，利水消肿功效的药物是,E,人参,西洋参,党参,太子参,黄芪
中药学,中气下陷，食少便溏，短气乏力，面目浮肿，小便不利者，宜首选的药物是,B,白术,黄芪,升麻,党参,山药
中药学,下列药物中哪一味药具有补气生津的功效,D,黄芪,白术,扁豆,太子参,饴糖
中药学,既能补脾肺气，又能补血、生津的药物是,C,当归,枸杞子,党参,鸡血藤,苍术
中药学,具有补气养阴，清热生津作用的药物是,E,玄参,苦参,丹参,太子参,西洋参
中药学,治疗气虚欲脱，脉微欲绝证的首选药物是,A,人参,党参,西洋参,怀山药,太子参
中药学,人参入汤剂的用法是,D,先煎,后下,包煎,另煎,泡服
中药学,菟丝子与沙苑子的共同功效是,E,止咳,止泻,止血,止痛,明目
中药学,既能补肾固精，又能养肝明目的药物是,C,决明子、石决明,青葙子、谷精草,菟丝子、沙苑子,车前子、牛蒡子,女贞子、夏枯草
中药学,功效补肾益精，养肝明目，止泻，安胎的药物是,D,枸杞子,覆盆子,沙苑子,菟丝子,五味子
中药学,具有温脾开胃摄唾，暖肾固精缩尿作用的药物是,E,山药,补骨脂,胡芦巴,杜仲,益智仁
中药学,宜从小量开始，缓缓增加，不可骤用大量，以免阳升风动，头晕目赤，或伤阴动血的药物是,B,人参,鹿茸,附子,大黄,肉桂
中药学,杜仲与续断的共同功效是,A,补肝肾,安心神,补肾阴,行血脉,祛风湿
中药学,补肝肾，行血脉，续筋骨，有补而不滞优点的药物是,D,杜仲,桑寄生,五加皮,续断,狗脊
中药学,巴戟天、淫羊藿的共同功效是,A,补肾助阳，祛风除湿,益气养血，祛风除湿,温通经络，祛风除湿,强筋壮骨，祛风除湿,活血祛瘀，祛风除湿
中药学,用于治疗肾阳不足，肠燥津枯便秘的药物是,B,巴戟天,肉苁蓉,仙茅,淫羊藿,胡芦巴
中药学,下列哪味药有补肾益精，益气，养血的功效,D,胡桃肉,蛤蚧,冬虫夏草,紫河车,黄芪
中药学,补肾阳，益精血，强筋骨，调冲任，托疮毒的药物是,C,狗脊,补骨脂,鹿茸,蛤蚧,人参
中药学,鹿茸内服的用量是,B,3～10g,1～2g,3～5g,10～15g,15～20g
中药学,具有补中益气，养血安神的补气药是,B,甘草,大枣,白术,饴糖,蜂蜜
中药学,功效具有养阴润肺，益胃生津的药物是,D,天冬,石斛,生地黄,麦冬,黄精
中药学,既能治疗燥咳痰黏，劳嗽咯血，又能治疗胃阴不足，舌干口渴，心烦失眠的药物是,B,丹参,麦冬,天冬,石斛,郁金
中药学,百合除能够治疗肺热咳嗽、劳嗽咳血外，还可治疗的病证是,D,肝肾阴虚，头晕目眩,胃阴不足，舌干口渴,脾胃虚弱，倦怠无力,虚烦惊悸，失眠多梦,老年津亏，肠燥便秘
中药学,具有养阴清肺，益胃生津功效的药物是,A,北沙参,天冬,石斛,玉竹,黄精
中药学,龙眼肉的功效是,A,补益心脾，养血安神,补血止血，滋阴润燥,养血调经，平肝止痛,补益精血，润肠通便,补血调经，活血止痛
中药学,制用补益精血，生用截疟、解毒、润肠通便的药物是,C,当归,熟地黄,何首乌,白芍,阿胶
中药学,有止血作用的补血滋阴润燥药是,D,制首乌,桑椹,旱莲草,阿胶,熟地黄
中药学,阿胶入汤剂应,E,先煎,后下,包煎,另煎,烊化冲服
中药学,善于养血敛阴，柔肝止痛，平抑肝阳的药物是,D,当归,熟地黄,阿胶,白芍,何首乌
中药学,具有补血养阴，填精益髓之功效，为补血要药的药物是,B,当归,熟地黄,何首乌,白芍,阿胶
中药学,既能够治疗血虚诸证，又能用于女子月经不调、经闭、痛经的药物是,C,桃仁,红花,当归,白芍,何首乌
中药学,蛤蚧的功效是,A,补肺益肾，纳气平喘，助阳益精,补肺气，助肾阳，养心脾,补肺气，定喘嗽，和脾胃,助肾阳，定喘嗽，补脾气,补肺气，助肾阳，滋肝阴
中药学,治疗温病伤阴，夜热早凉，青蒿最宜配伍的药物是,B,地骨皮,鳖甲,银柴胡,龟甲,羚羊角
中药学,既能滋阴潜阳，又能退热除蒸，软坚散结的药物是,E,龟甲,天冬,墨旱莲,女贞子,鳖甲
中药学,龟甲和鳖甲均具有的功效为,B,心肝热盛，惊风抽搐,滋阴清热，潜阳息风,风热上扰，目赤肿痛,痰火上蒙，神昏谵语,痰湿闭阻，惊痫癫狂
中药学,治疗阴虚血热，冲任不固的崩漏，月经过多，宜选用的药物是,C,玉竹,天冬,龟甲,枸杞子,黄精
中药学,龟甲的功效是,A,滋阴潜阳，益肾健骨，养血补心,滋阴潜阳，软坚散结，养血补心,滋阴潜阳，益肾健骨，润肠通便,滋阴潜阳，益肾健骨，清热明目,滋阴潜阳，益肾健骨，清心安神
中药学,下列除哪项外，均具有明目功效,B,菟丝子,金樱子,沙苑子,覆盆子,女贞子
中药学,具有滋补肝肾，乌须明目功效的药物是,A,女贞子,枸杞子,菟丝子,沙苑子,决明子
中药学,能够滋补肝肾，凉血止血的药物是,B,桑椹,墨旱莲,女贞子,枸杞子,沙苑子
中药学,下列哪一味药被称为滋补肝肾，明目的良药,C,黄精,玉竹,枸杞子,菟丝子,沙苑子
中药学,下列哪项不是黄精的功效,E,健脾,润肺,益肾,补气,明目
中药学,白术的主治病证是,E,治疗妊娠恶阻，胎动不安证,治疗妊娠胎漏下血，胎动欲坠,治疗妊娠胎热，胎动不安证,治疗妊娠肝肾亏虚，胎动不安证,治疗妊娠脾虚气弱，胎动不安证
中药学,桑寄生的主治病证是,D,治疗妊娠恶阻，胎动不安证,治疗妊娠胎漏下血，胎动欲坠,治疗妊娠胎热，胎动不安证,治疗妊娠肝肾亏虚，胎动不安证,治疗妊娠脾虚气弱，胎动不安证
中药学,山药的功效是,D,补气升阳，益卫固表,大补元气，补脾益肺,补气健脾，燥湿利水,益气养阴，补脾肺肾,补气养阴，清火生津
中药学,黄芪的功效是,A,补气升阳，益卫固表,大补元气，补脾益肺,补气健脾，燥湿利水,益气养阴，补脾肺肾,补气养阴，清火生津
中药学,治疗脾虚水肿宜选用的药物是,B,太子参,白术,山药,人参,甘草
中药学,治疗心气虚脉结代，宜选用的药物是,E,太子参,白术,山药,人参,甘草
中药学,鹿茸除能补肾阳益精血外，还具有的功效是,B,行血脉,托疮毒,润肠燥,敛汗,
中药学,菟丝子除能补肾益精外，还具有的功效是,D,行血脉,托疮毒,润肠燥,敛汗,
中药学,人参的功效是,A,大补元气,接续筋骨,补脾养心,补脾益肾,
中药学,冬虫夏草的功效是,C,大补元气,接续筋骨,补脾养心,补脾益肾,
中药学,北沙参的功效是,E,滋补肝肾，养胃生津,补脾益气，养胃生津,滋阴除烦，养胃生津,养阴润燥，清肺生津,清肺养阴，益胃生津
中药学,天冬的功效是,D,滋补肝肾，养胃生津,补脾益气，养胃生津,滋阴除烦，养胃生津,养阴润燥，清肺生津,清肺养阴，益胃生津
中药学,玉竹的功效是,D,补血益阴，滋阴润肺,补脾益气，滋阴润肺,养阴润燥，生津止渴,,
中药学,麦冬的功效是,E,补血益阴，滋阴润肺,补脾益气，滋阴润肺,养阴润燥，生津止渴,,
中药学,石斛的功效是,A,既能养胃生津，又能滋阴清热,既能补血益阴，又能滋阴润肺,既能补气养阴，又能健脾润肺,既能生津养胃，又能滋阴润肺,既能柔肝止痛，又能滋阴润肺
中药学,黄精的功效是,C,既能养胃生津，又能滋阴清热,既能补血益阴，又能滋阴润肺,既能补气养阴，又能健脾润肺,既能生津养胃，又能滋阴润肺,既能柔肝止痛，又能滋阴润肺
中药学,阿胶的主治病证是,A,既能治疗血虚证，又能治疗出血证,既能治疗血虚证，又能治疗遗精盗汗证,既能治疗血虚证，又能治疗胁肋脘腹疼痛,既能治疗血虚证，又能治疗痈疽疮疡证,既能治疗血虚证，又能治疗虚劳喘咳证
中药学,白芍的主治病证是,C,既能治疗血虚证，又能治疗出血证,既能治疗血虚证，又能治疗遗精盗汗证,既能治疗血虚证，又能治疗胁肋脘腹疼痛,既能治疗血虚证，又能治疗痈疽疮疡证,既能治疗血虚证，又能治疗虚劳喘咳证
中药学,熟地黄的主治病证是,B,既能治疗血虚证，又能治疗出血证,既能治疗血虚证，又能治疗遗精盗汗证,既能治疗血虚证，又能治疗胁肋脘腹疼痛,既能治疗血虚证，又能治疗痈疽疮疡证,既能治疗血虚证，又能治疗虚劳喘咳证
中药学,当归的主治病证是,D,既能治疗血虚证，又能治疗出血证,既能治疗血虚证，又能治疗遗精盗汗证,既能治疗血虚证，又能治疗胁肋脘腹疼痛,既能治疗血虚证，又能治疗痈疽疮疡证,既能治疗血虚证，又能治疗虚劳喘咳证
中药学,鹿茸的功效是,A,既能补肾阳，又能益精血，强筋骨,既能补肾阳，又能强筋骨，安胎,既能补肾阳，又能祛风除湿,既能补肾阳，又能润肠通便,既能补肾阳，又能温脾止泻
中药学,巴戟天的功效是,C,既能补肾阳，又能益精血，强筋骨,既能补肾阳，又能强筋骨，安胎,既能补肾阳，又能祛风除湿,既能补肾阳，又能润肠通便,既能补肾阳，又能温脾止泻
中药学,党参的功效是,B,补气，生津，宁心,补脾肺气，补血，生津,补气养阴，清热生津,补气，生津，止汗,补气，生津，安胎
中药学,西洋参的功效是,C,补气，生津，宁心,补脾肺气，补血，生津,补气养阴，清热生津,补气，生津，止汗,补气，生津，安胎
中药学,何首乌的功效是,C,既能化痰止咳，又能润肠通便,既能补血活血，又能润肠通便,既能补益精血，又能润肠通便,既能补肾助阳，又能润肠通便,既能利水消肿，又能润肠通便
中药学,肉苁蓉的功效是,D,既能化痰止咳，又能润肠通便,既能补血活血，又能润肠通便,既能补益精血，又能润肠通便,既能补肾助阳，又能润肠通便,既能利水消肿，又能润肠通便
中药学,下列关于山茱萸的叙述错误的是,A,归肝、肾、肺、脾经,性微温、味酸、涩,为固精止遗之要药,为平补阴阳之要药,为防止元气虚脱之要药
中药学,下列不属于诃子主治病证的是,E,久痢,久咳,久泻,失音,失眠
中药学,五倍子的全部功效是,B,固表止汗，敛肺止咳，涩肠止泻,敛肺降火，止咳止汗，涩肠止泻，固精止遗，收敛止血，收湿敛疮,敛汗固表，缩尿止遗，固崩止带,涩肠止泻，收敛止血，涩精止遗,敛肺平喘，涩精固肠，敛汗止血
中药学,具有敛肺止咳，利咽开音的药物是,E,五味子,五倍子,五加皮,椿皮,诃子
中药学,乌梅的功效是,C,敛肺，涩肠，止遗，安蛔,敛肺，止带，止遗，安蛔,敛肺，涩肠，生津，安蛔,剑肺，涩肠，止带，安蛔,敛肺，止带，止血，安蛔
中药学,能够收敛固涩，益气生津，补肾宁心的药物是,E,乌梅,浮小麦,麻黄根,山茱萸,五味子
中药学,能够敛汗安神用于心悸、失眠、多梦的药物是,E,朱砂,人参,远志,麦冬,五味子
中药学,既能涩肠止泻，收敛止带，止血，又能清热燥湿的药物是,D,石榴皮,莲子,赤石脂,椿皮,黄连
中药学,既能健脾止泻，除湿止带，又能益肾固精的药物是,D,白术,五倍子,秦皮,芡实,乌梅
中药学,莲子与芡实的共同功效是,E,固崩止带,养心安神,固表止汗,敛肺止咳,益肾固精
中药学,下列哪项不是金樱子的功效,C,缩尿,止带,敛肺滋肾,固精,涩肠止泻
中药学,桑螵蛸与海螵蛸共同的功效是,B,固表止汗,固精止遗,益脾止泻,敛肺止咳,止血止带
中药学,能够补益肝肾，收敛固涩的药物是,D,赤石脂,禹余粮,罂粟壳,山茱萸,桑螵蛸
中药学,可温中行气，涩肠止泻的药物是,A,肉豆蔻,豆蔻,草豆蔻,砂仁,佩兰
中药学,都具有涩肠止泻作用的药物是,D,五味子、桑螵蛸,肉豆蔻、麻黄根,莲子、覆盆子,乌梅、肉豆蔻,罂粟壳、乌贼骨
中药学,五倍子和五味子的共同功效是,D,清肺降火,益气生津,宁心安神,敛肺止汗,理气止痛
中药学,善于治疗大汗不止体虚欲脱的药物是,E,覆盆子,海螵蛸,金樱子,芡实,山茱萸
中药学,善于治疗胃痛吐酸湿疮湿疹的药物是,B,覆盆子,海螵蛸,金樱子,芡实,山茱萸
中药学,既能固精止带，又能收敛止血的药物是,E,金樱子,覆盆子,桑螵蛸,鸡内金,海螵蛸
中药学,既能固精缩尿，又能涩肠止泻的药物是,A,金樱子,覆盆子,桑螵蛸,鸡内金,海螵蛸
中药学,可以治疗自汗盗汗，骨蒸劳热的药物是,D,芡实,赤石脂,莲子,浮小麦,肉豆蔻
中药学,可以治疗虚寒气滞，久泻不止的药物是,E,芡实,赤石脂,莲子,浮小麦,肉豆蔻
中药学,芡实的功效是,B,温中行气，涩肠止泻,益肾固精，健脾止泻，除湿止带,涩肠止泻，生肌敛疮,清热燥湿，收敛止带，止泻，止血,涩肠止泻，固精缩尿止带
中药学,椿皮的功效是,D,温中行气，涩肠止泻,益肾固精，健脾止泻，除湿止带,涩肠止泻，生肌敛疮,清热燥湿，收敛止带，止泻，止血,涩肠止泻，固精缩尿止带
中药学,五味子的功效是,A,既能收敛固涩，又能补肾宁心,既能敛肺止咳，又能生津安蛔,既能敛肺止咳，又能固精缩尿,既能敛肺止咳，又能收敛止血,既能敛肺止咳，又能利咽开音
中药学,诃子的功效是,E,既能收敛固涩，又能补肾宁心,既能敛肺止咳，又能生津安蛔,既能敛肺止咳，又能固精缩尿,既能敛肺止咳，又能收敛止血,既能敛肺止咳，又能利咽开音
中药学,下列不属于硫磺主治病证的是,C,阳痿,湿疹,遗精滑精,虚喘冷哮,虚寒便秘
中药学,下列属于硫磺功效的是,A,助阳通便,补脾止泻,养心安神,安蛔止痛,退热除蒸
中药学,具有攻毒杀虫，祛风止痛功效的药物是,E,樟脑,蟾蜍,白矾,雄黄,蜂房
中药学,蟾蜍的功效是,D,解毒消肿，祛腐生肌,拔毒祛腐，止痛开窍,攻毒蚀疮，消肿生肌,解毒止痛，开窍醒神,消肿生肌，止痛开窍
中药学,内服均能止血、止泻的药物是,A,白矾,雄黄,降香,蜂房,硫黄
中药学,下列除哪项外都是白矾的功效,C,解毒杀虫,燥湿止痒,息风止痉,止泻止血,清热消痰
中药学,主治肾虚阳痿及虚寒便秘的药物是,B,巴戟天,硫黄,雄黄,蛇床子,马钱子
中药学,硫黄的功效是,C,收湿止痒,祛风止痒,杀虫止痒,凉血止痒,燥湿止痒
中药学,下列哪味药忌用火煅,D,升药,炉甘石,硼砂,雄黄,明矾
中药学,火煅后会分解为砒霜的药物是,B,硫黄,雄黄,铅丹,白矾,朱砂
中药学,下列哪项不是雄黄的功效,C,解毒,燥湿化痰,壮阳通便,截疟,杀虫
中药学,外用杀虫止痒，内服壮阳通便的药物是,B,雄黄,硫黄,杜仲,巴戟天,蛇床子
中药学,雄黄入丸散，成人每次用量是,B,0.5～1g,0.05～0.1g,1.5～3g,2～10g,
中药学,蟾蜍内服每次用量是,C,0.5～1g,0.05～0.1g,1.5～3g,2～10g,
中药学,既能治疗阴疽疮疡，又能治疗虚寒便秘的药物是,B,雄黄,硫黄,白矾,皂矾,胆矾
中药学,既能治疗蛇虫咬伤，又能治疗疟疾的药物是,A,雄黄,硫黄,白矾,皂矾,胆矾
中药学,具有明目去翳，收湿止痒敛疮功效的药物是,C,硼砂,明矾,炉甘石,芒硝,铅丹
中药学,升药的功效是,C,清热解毒,杀虫止痒,拔毒去腐,敛疮生肌,消肿散结
中药学,升药的主治病证不包括的是,E,湿疮,黄水疮,顽廯,梅毒,疟疾
中药学,砒石内服可用于治疗,A,祛痰平喘,攻毒杀虫,蚀疮去腐,收湿止痒,清热解毒
中药学,外用能攻毒杀虫，蚀疮去腐的药物是,C,升药,炉甘石,砒石,硼砂,蜂房
中药学,外用具有清热解毒之功的药物是,D,升药,炉甘石,砒石,硼砂,白矾
中药学,内服具有清肺化痰的药物是,C,炉甘石,升药,硼砂,砒石,蜂房
中药学,既能治疗咽喉肿痛，又能治疗肺热咳嗽的药物是,D,砒石,炉甘石,铅丹,硼砂,轻粉
中药学,既能治疗瘰疬癣疮，又能治疗寒痰哮喘的药物是,A,砒石,炉甘石,铅丹,硼砂,轻粉
中药学,硼砂的功效是,B,拔毒化腐,清热解毒,润肠通便,截疟镇惊,
中药学,朱砂的功效是,C,拔毒化腐,清热解毒,润肠通便,截疟镇惊,
中药学,火煅后具有剧毒的药物是,A,雄黄,炉甘石,明矾,蛇床子,
中药学,外疡腐肉已去或脓水已尽者，不宜用的药物是,D,雄黄,炉甘石,明矾,蛇床子,
方剂学,下列各项中不符合方剂组成原则要求的是,C,辨证审因，随证立法，依法制方,方中诸药，主次有序，分工合作,君药的药量在全方总药量中所占比例最大,君药的数量不宜过多，药量相应较大,不一定君臣佐使俱全，但君药不可缺少
方剂学,下列各项中符合方剂组成原则要求的是,E,每方必须君、臣、佐、使俱全,方中诸药均须有相应的针对症状,方中必有一药专作引经之用,君药的用量必须在全方总药量中所占比例最大,方中诸药既须主次有序，各司其职，又须密切配合，相与宣摄
方剂学,下述各类药物中不属于佐药范畴的是,B,配合君臣药加强治疗作用的药物,引导诸药至病所的药物,用以消除或减低君臣药毒性的药物,用以制约君臣药峻烈之性的药物,针对次要兼证、兼病或某一症状发挥治疗作用的药物
方剂学,“君药分量最多”的正确理解是,D,君药药量在全方药物总量中所占比例最大,方中君药用量最大、作用最强,君药必是方中用量最大的药物之一,方中君药比臣佐使药的用量相应较大,各君药用量之和在全方总药量中所占比例最大
方剂学,下列各项中不属于和法范畴的是,B,透达膜原,消食和胃,分消上下,调和营卫,舒肝和胃
方剂学,决定方剂功用、主治的主要因素是,A,药物,配伍,剂量,剂型,用法
方剂学,下列各项中，属于使药功用范畴的是,E,缓和君、臣药之峻烈,消除或减低君、臣药之毒性,协助君臣药治疗兼证,针对某一症状发挥治疗作用,引药至病所或特定部位
方剂学,下列各项中属于“反佐”范畴的是,A,寒药热服,热因热用,以泻代清,火郁发之,壮水制火
方剂学,下列哪一项不是丸剂的特点,A,不易变质,服用方便,吸收缓慢,药力持久,适用于慢性虚弱性病证
方剂学,下列方剂中不属于汗法范畴的是,D,再造散,杏苏散,败毒散,普济消毒饮,升麻葛根汤
方剂学,下列病证中不宜使用下法治疗的是,E,宿食,结痰,积水,蓄血,痞块
方剂学,下列各项中不属于消法范畴的是,C,消导食积,消痞化积,通导大便,消痰利水,消疮散痈
方剂学,下列各项中，不属于“八法”内容的是,E,汗法、吐法,下法、清法,和法、温法,清法、补法,宣法、通法
方剂学,最早归纳并系统论述“八法”的是,E,汉·张仲景《伤寒杂病论》,明·张介宾《景岳全书》,清·汪昂《医方集解》,唐·王焘《外台秘要》,清·程钟龄《医学心悟》
方剂学,由四逆汤化裁为通脉四逆汤属于,B,药味加减的变化,药量增减的变化,剂型更换的变化,药味加减与药量增减变化的联合运用,药味加减与剂型更换变化的联合运用
方剂学,由逍遥散化裁为黑逍遥散属于,D,药味加减的变化,药量增减的变化,剂型更换的变化,药味加减与药量增减变化的联合运用,药味加减与剂型更换变化的联合运用
方剂学,由大承气汤化裁为小承气汤属于,D,药味加减的变化,药量增减的变化,剂型更换的变化,药味加减与药量增减变化的联合运用,药味加减与剂型更换变化的联合运用
方剂学,由半夏泻心汤化裁为生姜泻心汤属于,D,药味加减的变化,药量增减的变化,剂型更换的变化,药味加减与药量增减变化的联合运用,药味加减与剂型更换变化的联合运用
方剂学,止嗽散的组成药物中含有,C,苏梗,白芷,荆芥,紫苏,百合
方剂学,参苏饮主治病证的病因病机是,D,外感风寒，内有气滞,外感风寒，内停饮水,外感风寒，内有蕴热,外感风寒，内有痰湿,外感风寒，内伤湿滞
方剂学,参苏饮的主要临床表现是,C,恶寒渐轻，身热增盛，无汗头痛，目疼鼻干，心烦不眠，咽干耳聋，眼眶痛，舌苔薄黄，脉浮微洪,恶寒发热，无汗，头痛项强，肢体酸楚疼痛，口苦微渴，舌苔白或微黄，脉浮,恶寒发热，无汗，头痛，鼻塞，咳嗽痰白，胸脘满闷，倦怠无力，气短懒言，苔白，脉弱,身热不解，咳逆气急，甚则鼻煽，口渴，有汗或无汗，舌苔薄白或黄，脉浮而数,憎寒壮热，头项强痛，肢体酸痛，无汗，鼻塞声重，咳嗽有痰，胸膈痞满，舌淡苔白，脉浮而按之无力
方剂学,参苏饮与败毒散二方组成中均含有的药物是,E,半夏,羌活,柴胡,木香,前胡
方剂学,柴葛解肌汤的功用是,B,解肌发表,解肌清热,解肌透疹,解肌疏风,透疹解毒
方剂学,柴葛解肌汤的组成药物除柴胡、干葛外，还包括,E,荆芥,白芷,防风,桂枝,羌活
方剂学,下列各项中，除哪项外都是九味羌活汤的组成药物,B,防风,当归,苍术,白芷,黄芩
方剂学,桂枝汤的组成药物除桂枝、生姜、大枣外，其余的药物是,E,麻黄,葱白,饴糖,荆芥,芍药
方剂学,麻黄汤的组成药物除麻黄外，其余是,A,桂枝,苏叶,苏叶,桂枝,桂枝
方剂学,小青龙汤中配伍干姜、细辛的主要用意是,D,温肺散寒,温脾散寒,散寒解表,温肺化饮,散寒止痛
方剂学,桂枝汤中具有调和营卫作用的配伍是,B,桂枝与生姜,桂枝与芍药,大枣与甘草,生姜与甘草,芍药与大枣
方剂学,小青龙汤的功用是,A,解表散寒，温肺化饮,解表化饮，降气平喘,宣肺降气，祛痰平喘,温肺化痰，降气定喘,温肺化痰，止咳平喘
方剂学,九味羌活汤的功用是,C,散寒解表，祛风除湿,发汗解表，疏风止痛,发汗祛湿，兼清里热,宣肺散寒，除湿止痛,散寒除湿，通痹止痛
方剂学,麻黄汤的功用是,E,散寒解表，止咳平喘,解表蠲饮，止咳平喘,宣肺降气，祛痰平喘,祛痰止咳，降气定喘,发汗解表，宣肺平喘
方剂学,桂枝汤的功用是,E,发汗解表，透营达卫,发汗解表，调和营卫,发表散寒，调畅营卫,散寒解表，调和营卫,解肌发表，调和营卫
方剂学,小青龙汤的组成药物中含有,A,芍药,茯苓,生姜,杏仁,半夏
方剂学,九味羌活汤证的病因病机是,B,风邪在表，卫强营弱，营卫不和,风寒湿邪，困束肌表，内有蕴热,风寒外束，水饮内停，肺气失宣,风寒外束，卫郁营涩，肺气不宣,阳虚外感，风寒束表，湿郁肌腠
方剂学,下列各项是对小青龙汤方药配伍意义的分析，其中不恰当的是,B,干姜温肺化饮,细辛散寒止痛,五味子敛肺气,半夏燥湿化痰,芍药和营养血
方剂学,桑菊饮证的主要临床表现是,C,咳嗽咽痒，微有恶寒发热，苔薄白，脉浮缓,头痛，发热，汗出恶风，苔薄白，脉浮缓,咳嗽，身热不甚，口微渴，脉浮数,身热，咳逆，气急鼻塞，苔薄黄，脉滑数,头痛身热，微恶风寒，有汗不多，口渴咽干，舌尖红，脉浮数
方剂学,银翘散的组成药物除银花、连翘、荆芥穗、淡豆豉、牛蒡子外，其余的是,E,竹叶,苏叶,薄荷,薄荷,薄荷
方剂学,桑菊饮的组成药物除桑叶、菊花外，其余的是,C,杏仁,银花,杏仁,银花,杏仁
方剂学,麻杏甘石汤中麻黄与生石膏共为君药，其配伍属于,E,相须为用,相使为用,相杀为用,相畏为用,相制为用
方剂学,桑菊饮的功用是,D,辛凉宣泄，清肺解毒,疏散风热，清肺化痰,宣肺利咽，止咳化痰,疏风清热，宣肺止咳,辛凉透表，清泻肺热
方剂学,止嗽散的功用是,E,宣肺解表，止咳平喘,宣降肺气，化痰止嗽,宣肺化痰，止嗽定喘,疏风清热，止咳化痰,宣利肺气，疏风止咳
方剂学,麻杏甘石汤的功用是,D,辛凉透表，宣泄肺热,辛凉透表，兼清里热,辛凉宣泄，清肺解毒,辛凉宣泄，清肺平喘,清肺泄热，止咳平喘
方剂学,银翘散中配伍荆芥穗、淡豆豉的目的是,E,疏散风热，宣肺止咳,疏散风邪，和营止痒,宣郁发表，疏风泄热,解郁除烦，疏散风热,辛散透邪，以助解表
方剂学,银翘散的辨证要点是,A,发热，微恶寒，咽痛，口渴，脉浮数,咳嗽，身热不甚，口微渴，脉浮数,咳嗽痰白，胸脘满闷，倦怠无力，气短懒言，苔白脉弱,咳嗽咽痒，咯痰不爽，或微有恶风发热，舌苔薄白，脉浮缓,咳逆气急，甚则鼻煽，口渴，有汗或无汗，舌苔薄白或黄，脉浮而数
方剂学,下列各项中，不属于败毒散组成药物的是,C,柴胡,羌活,荆芥,桔梗,人参
方剂学,败毒散中配伍人参的主要用意是,C,大补肺脾，以复正气,补脾益肺，培土生金,扶助正气，鼓邪外出,益气生津，以资汗源,益气和中，温阳止痹
方剂学,解表剂应用时需注意,E,宜热服，以助汗出,宜久煎，以助充分发挥药力,证属风热者，宜辛温解表剂,表里并重者，先解表，后治里,外邪入里者，不宜继续使用解表剂
方剂学,桂枝汤证发热的临床表现是,A,恶风发热,恶寒发热,但热不寒,往来寒热,骨蒸潮热
方剂学,麻黄汤证发热的临床表现是,B,恶风发热,恶寒发热,但热不寒,往来寒热,骨蒸潮热
方剂学,小青龙汤中主要起发汗散寒解表作用的配伍药物是,A,麻黄,桂枝,细辛,细辛,干姜
方剂学,小青龙汤中主要起温肺散寒化饮作用的配伍药物是,C,麻黄,桂枝,细辛,细辛,干姜
方剂学,麻黄汤中配伍炙甘草的主要用意是,C,益气补虚,扶正祛邪,缓峻护正,化痰止咳,实卫合营
方剂学,桂枝汤中配伍炙甘草的主要用意是,E,益气补虚,扶正祛邪,缓峻护正,化痰止咳,实卫合营
方剂学,银翘散的功用是,B,散寒祛湿，益气解表,辛凉透表，清热解毒,助阳散寒，祛风除湿,益气解表，祛风散寒,滋阴益气，发汗解表
方剂学,败毒散的功用是,A,散寒祛湿，益气解表,辛凉透表，清热解毒,助阳散寒，祛风除湿,益气解表，祛风散寒,滋阴益气，发汗解表
方剂学,功用为攻下通便、补气养血的方剂是,D,麻子仁丸,温脾汤,济川煎,黄龙汤,十枣汤
方剂学,黄龙汤煎时“加桔梗一撮”的主要用意是,E,宣肺祛痰利咽,宣肺化痰止咳,升提以防正脱,宣肺利气排脓,宣肺以助通肠
方剂学,黄龙汤的组成药物除大黄、芒硝、枳实、厚朴、桔梗外，还包括,E,生地,生地,人参,当归,人参
方剂学,十枣汤的功用是,E,补气健脾,益气补血,养血润燥,养血安神,攻逐水饮
方剂学,功用为泻热逐水的方剂是,D,十枣汤,济川煎,大承气汤,大陷胸汤,大黄牡丹汤
方剂学,济川煎的组成药物中不含,A,麦冬,枳壳,升麻,牛膝,泽泻
方剂学,大黄牡丹汤的组成药物除大黄、牡丹皮外，其余的是,D,桃仁,连翘,赤芍,桃仁,连翘
方剂学,大黄牡丹汤中大黄的配伍意义是,D,清热泻火，导热下行,清泻瘀热，分利二便,荡涤肠胃，泄热泻结,泻热除湿，通肠逐瘀,通肠泄热，以泻代清
方剂学,下列何药不是温脾汤的组成药物,A,厚朴,人参,大黄,甘草,附子
方剂学,温脾汤的功用是,B,温中健脾，行气除满,攻下冷积，温补脾阳,温阳健脾，行气利水,温脾散寒，消食止泻,温脾暖胃，化湿和中
方剂学,麻子仁丸的组成药物中不含,C,大黄,枳实,当归,杏仁,芍药
方剂学,麻子仁丸适用于,E,气虚便秘,阴虚便秘,阳虚便秘,血虚便秘,燥热伤津便秘
方剂学,麻子仁丸和济川煎都具有的功用是,C,泻热,行气,润肠,滋阴,养血
方剂学,泻下剂应用时需注意,B,凡有虚证者，必不可使用泻下剂,邪实而正虚者，治宜攻补兼施,产后可予适量泻下剂，以助袪恶露,泻下剂可用于表证未解，里证已成之时,得效后需酌情再服，务必尽其药力，以防留邪
方剂学,温脾汤中大黄配附子意在,A,温阳袪寒，攻下冷积,攻润相合，下不伤正,益气养血，下不伤正,泻结泄热，温中散寒,泻热逐瘀，下不伤正
方剂学,济川煎的功用是,A,温肾益精，润肠通便,滋阴增液，通便泻热,润肠泄热，行气通便,养阴清热，润肠通便,滋阴养血，润肠通便
方剂学,麻子仁丸的功用是,C,温肾益精，润肠通便,滋阴增液，通便泻热,润肠泄热，行气通便,养阴清热，润肠通便,滋阴养血，润肠通便
方剂学,小承气汤的功用是,D,缓下热结,峻下热结,泻热逐水,轻下热结,润肠通便
方剂学,大陷胸汤的功用是,C,缓下热结,峻下热结,泻热逐水,轻下热结,润肠通便
方剂学,麻子仁丸的组成药物中含有,D,当归,芒硝,芒硝,芍药,大黄
方剂学,大承气汤的组成药物中含有,C,当归,芒硝,芒硝,芍药,大黄
方剂学,功用为补脾柔肝，祛湿止泻的方剂是,E,四逆散,逍遥散,温脾汤,大柴胡汤,痛泻要方
方剂学,痛泻要方中配伍防风的主要用意是,E,升发清阳,祛风解痉,疏风散寒,疏风宽肠,散肝舒脾
方剂学,下列各项中，除哪项外均属于小柴胡汤主治病证的临床表现,D,往来寒热,心烦喜呕,胸胁苦满,泄利下重,口苦咽干目眩
方剂学,和解少阳的代表方剂是,D,四逆散,逍遥散,大柴胡汤,小柴胡汤,半夏泻心汤
方剂学,蒿芩清胆汤的功用是,E,疏肝解郁，益血健脾,补脾柔肝，祛湿止泻,清热泻火，利水通淋,清热利湿，逐瘀退黄,清胆利湿，和胃化痰
方剂学,小柴胡汤的组成是,A,柴胡,柴胡,柴胡,柴胡,柴胡
方剂学,逍遥散中配伍薄荷的用意是,E,疏肝解郁,疏郁透邪,散肝舒脾,清利头目,疏肝散热
方剂学,四逆散所主证候的病因病机是,B,实邪闭阻，抑遏阳气,气机不畅，阳气内郁,血虚受寒，寒客经脉,少阴阳虚，阴寒上逆,肾阳衰微，阴寒内盛
方剂学,逍遥散所主证候的病机要点是,D,阴虚肝郁，横犯脾胃,肝血不足，疏泄失常,肝气郁滞，耗伤阴血,肝郁血虚，脾失健运,营血虚滞，肝失疏泄
方剂学,功用为透邪解郁，疏肝理脾的方剂是,A,四逆散,逍遥散,达原饮,痛泻要方,大柴胡汤
方剂学,四逆散的组成药物中不包括,B,柴胡,陈皮,枳实,芍药,炙甘草
方剂学,《伤寒论》原著中，半夏泻心汤证的成因是,D,桂枝汤证过汗,桂枝汤证误下,小柴胡汤证误汗,小柴胡汤证误下,大承气汤证应下失下
方剂学,半夏泻心汤适用于,C,胃虚有热，和降失常，症见心胸烦闷，气逆欲呕，口干喜饮者,脾胃虚弱，水热互结，症见心下硬满，干噫食臭，肠鸣下利者,脾胃虚弱，寒热错杂，症见心下痞满，但满不痛，呕吐下利者,脾胃虚弱，寒热错杂，症见脘腹痞胀，恶食懒倦，大便不畅者,脾胃虚弱，痰浊内阻，症见心下痞硬，噫气不除，苔腻脉滑者
方剂学,半夏泻心汤与小柴胡汤两方组成中均含有的药物是,E,人参,半夏,人参,柴胡,半夏
方剂学,和解剂应用时需注意,B,和解剂仅用于肝脾不和病证,和解剂性质平和，无明显寒热补泻之偏,和解剂既可用于纯虚证，也可用于纯实证,外邪在表，未入少阳者，可先以和解剂缓少阳之急,和解剂偏于扶正补中之功
方剂学,下列各项中，不属于竹叶石膏汤组成药物的是,A,知母,人参,竹叶,石膏,甘草
方剂学,芍药汤的功用是,C,宣畅气机，清利湿热,清热化湿，理气和中,清热燥湿，调和气血,清热解毒，凉血止痢,燥湿运脾，行气和胃
方剂学,下列各项中，不属于普济消毒饮组成药物的是,B,黄芩,防风,甘草,升麻,玄参
方剂学,由元参、麦冬、犀角、银花、黄连、生地、连翘、竹叶心、丹参组成的方剂是,A,清营汤,凉膈散,仙方活命饮,犀角地黄汤,普济消毒饮
方剂学,黄连解毒汤的功用是,D,清热生津,清热燥湿,清上泄下,泻火解毒,泻火通便
方剂学,下列各项中，不属于仙方活命饮组成药物的是,A,连翘,贝母,防风,当归,甘草
方剂学,苇茎汤的功用是,E,降气平喘，祛痰止咳,宣利肺气，疏风止咳,解表散寒，温肺化饮,辛凉宣肺，清肺平喘,清肺化痰，逐瘀排脓
方剂学,由生甘草梢、木通、生地黄、竹叶组成的方剂是,C,玉女煎,凉膈散,导赤散,清胃散,犀角地黄汤
方剂学,方中包含泽泻、木通、当归、龙胆草、柴胡、甘草、栀子的方剂是,E,清骨散,凉膈散,导赤散,仙方活命饮,龙胆泻肝汤
方剂学,清暑益气汤中臣药为,B,荷梗,荷梗,洋参,麦冬,荷梗
方剂学,香薷散中香薷的功用是,D,行气化湿，健脾和中,清热解暑，养阴生津,解表化湿，祛暑生津,解表散寒，祛暑化湿,解表化湿，清热除烦
方剂学,白虎汤中石膏与知母相伍之意为,C,清营凉血，滋阴养血,益胃生津，凉血宽胸,清热生津，除烦止渴,清热凉血，养阴润燥,泻火除湿，滋阴凉血
方剂学,香薷散主治,A,阴暑,暑湿证,暑热气津两伤证,暑热证,阳暑
方剂学,青蒿鳖甲汤的功用是,D,凉血止痢,滋阴泻火,滋阴养血,养阴透热,泄热除烦
方剂学,清热剂应用时需注意,E,热邪在气可先治血,真寒假热证，可用清热剂清解在表之热,清热剂中忌配用醒脾和胃之品，以免伤阳碍胃,清热剂中少佐微热之品，为反佐法,屡用清热之剂而热势不退者，可改用甘寒滋阴壮水之法
方剂学,青蒿鳖甲汤中青蒿与鳖甲的配伍意义是,E,除烦坚阴，润燥降火,养血育阴，益气固表,滋阴退热，泻火除烦,益气养血，育阴清热,滋阴清热，内清外透
方剂学,两胁作痛，头痛目眩，月经不调，乳房作胀，神疲食少，脉弦而虚者。治宜选用,A,逍遥散,四逆散,一贯煎,痛泻要方,柴胡疏肝散
方剂学,胁肋胀闷，脘腹疼痛，手足不温，脉弦者。治宜选用,B,逍遥散,四逆散,一贯煎,痛泻要方,柴胡疏肝散
方剂学,逍遥散的功用是,D,疏肝解郁，行气止痛,透邪解郁，疏肝理脾,补脾柔肝，祛湿止泻,疏肝解郁，养血健脾,和解少阳，内泻结热
方剂学,四逆散的功用是,B,疏肝解郁，行气止痛,透邪解郁，疏肝理脾,补脾柔肝，祛湿止泻,疏肝解郁，养血健脾,和解少阳，内泻结热
方剂学,半夏泻心汤的功用是,B,益气健脾，渗湿止泻,寒热平调，消痞散结,疏风解表，清热通便,清胆利湿，和胃化痰,补脾柔肝，祛湿止泻
方剂学,痛泻要方的功用是,E,益气健脾，渗湿止泻,寒热平调，消痞散结,疏风解表，清热通便,清胆利湿，和胃化痰,补脾柔肝，祛湿止泻
方剂学,导赤散的组成药物是,C,芍药,地骨皮,生地,生地,石膏
方剂学,玉女煎的组成药物是,E,芍药,地骨皮,生地,生地,石膏
方剂学,以清热解毒，凉血止痢为主要功用的方剂是,C,败毒散,芍药汤,白头翁汤,黄连解毒汤,犀角地黄汤
方剂学,以清热燥湿，调气和血为主要功用的方剂是,B,败毒散,芍药汤,白头翁汤,黄连解毒汤,犀角地黄汤
方剂学,身热夜甚，神烦少寐，时有谵语，脉数，舌绛而干者。治宜选用,A,清营汤,白虎汤,当归六黄汤,犀角地黄汤,白虎加人参汤
方剂学,发热盗汗，面赤心烦，口干唇燥，大便干结，小便黄赤，舌红脉数者。治宜选用,C,清营汤,白虎汤,当归六黄汤,犀角地黄汤,白虎加人参汤
方剂学,犀角地黄汤的功用是,A,清热解毒，凉血散瘀,清热开窍，豁痰解毒,清热开窍，息风止痉,清营解毒，透热养阴,清肺宁肝，凉血止血
方剂学,清营汤的功用是,D,清热解毒，凉血散瘀,清热开窍，豁痰解毒,清热开窍，息风止痉,清营解毒，透热养阴,清肺宁肝，凉血止血
方剂学,清营汤的组成药物中含有,C,丹皮,石膏,元参,黄芩,石膏
方剂学,犀角地黄汤的组成药物中含有,A,丹皮,石膏,元参,黄芩,石膏
方剂学,齿松牙衄，烦热干渴，舌红苔黄而干者，治宜选用,B,龙胆泻肝汤,玉女煎,清胃散,芍药汤,凉膈散
方剂学,牙痛龈肿，口气热臭，舌红苔黄，脉滑数者。治宜选用,C,龙胆泻肝汤,玉女煎,清胃散,芍药汤,凉膈散
方剂学,组成药物中含有栀子泽泻黄芩生地当归的方剂是,E,泻白散,凉膈散,芍药汤,清胃散,龙胆泻肝汤
方剂学,组成药物中含有生地当归丹皮黄连升麻的方剂是,D,泻白散,凉膈散,芍药汤,清胃散,龙胆泻肝汤
方剂学,下列各项中，不属于竹叶石膏汤组成药物的是,A,知母,人参,竹叶,石膏,甘草
方剂学,芍药汤的功用是,C,宣畅气机，清利湿热,清热化湿，理气和中,清热燥湿，调和气血,清热解毒，凉血止痢,燥湿运脾，行气和胃
方剂学,下列各项中，不属于普济消毒饮组成药物的是,B,黄芩,防风,甘草,升麻,玄参
方剂学,由元参、麦冬、犀角、银花、黄连、生地、连翘、竹叶心、丹参组成的方剂是,A,清营汤,凉膈散,仙方活命饮,犀角地黄汤,普济消毒饮
方剂学,黄连解毒汤的功用是,D,清热生津,清热燥湿,清上泄下,泻火解毒,泻火通便
方剂学,下列各项中，不属于仙方活命饮组成药物的是,A,连翘,贝母,防风,当归,甘草
方剂学,苇茎汤的功用是,E,降气平喘，祛痰止咳,宣利肺气，疏风止咳,解表散寒，温肺化饮,辛凉宣肺，清肺平喘,清肺化痰，逐瘀排脓
方剂学,由生甘草梢、木通、生地黄、竹叶组成的方剂是,C,玉女煎,凉膈散,导赤散,清胃散,犀角地黄汤
方剂学,方中包含泽泻、木通、当归、龙胆草、柴胡、甘草、栀子的方剂是,E,清骨散,凉膈散,导赤散,仙方活命饮,龙胆泻肝汤
方剂学,白虎汤中石膏与知母相伍之意为,C,清营凉血，滋阴养血,益胃生津，凉血宽胸,清热生津，除烦止渴,清热凉血，养阴润燥,泻火除湿，滋阴凉血
方剂学,青蒿鳖甲汤的功用是,D,凉血止痢,滋阴泻火,滋阴养血,养阴透热,泄热除烦
方剂学,清热剂应用时需注意,E,热邪在气可先治血,真寒假热证，可用清热剂清解在表之热,清热剂中忌配用醒脾和胃之品，以免伤阳碍胃,清热剂中少佐微热之品，为反佐法,屡用清热之剂而热势不退者，可改用甘寒滋阴壮水之法
方剂学,青蒿鳖甲汤中青蒿与鳖甲的配伍意义是,E,除烦坚阴，润燥降火,养血育阴，益气固表,滋阴退热，泻火除烦,益气养血，育阴清热,滋阴清热，内清外透
方剂学,导赤散的组成药物是,C,芍药,地骨皮,生地,生地,石膏
方剂学,玉女煎的组成药物是,E,芍药,地骨皮,生地,生地,石膏
方剂学,以清热解毒，凉血止痢为主要功用的方剂是,C,败毒散,芍药汤,白头翁汤,黄连解毒汤,犀角地黄汤
方剂学,以清热燥湿，调气和血为主要功用的方剂是,B,败毒散,芍药汤,白头翁汤,黄连解毒汤,犀角地黄汤
方剂学,身热夜甚，神烦少寐，时有谵语，脉数，舌绛而干者。治宜选用,A,清营汤,白虎汤,当归六黄汤,犀角地黄汤,白虎加人参汤
方剂学,发热盗汗，面赤心烦，口干唇燥，大便干结，小便黄赤，舌红脉数者。治宜选用,C,清营汤,白虎汤,当归六黄汤,犀角地黄汤,白虎加人参汤
方剂学,犀角地黄汤的功用是,A,清热解毒，凉血散瘀,清热开窍，豁痰解毒,清热开窍，息风止痉,清营解毒，透热养阴,清肺宁肝，凉血止血
方剂学,清营汤的功用是,D,清热解毒，凉血散瘀,清热开窍，豁痰解毒,清热开窍，息风止痉,清营解毒，透热养阴,清肺宁肝，凉血止血
方剂学,清营汤的组成药物中含有,C,丹皮,石膏,元参,黄芩,石膏
方剂学,犀角地黄汤的组成药物中含有,A,丹皮,石膏,元参,黄芩,石膏
方剂学,齿松牙衄，烦热干渴，舌红苔黄而干者，治宜选用,B,龙胆泻肝汤,玉女煎,清胃散,芍药汤,凉膈散
方剂学,牙痛龈肿，口气热臭，舌红苔黄，脉滑数者。治宜选用,C,龙胆泻肝汤,玉女煎,清胃散,芍药汤,凉膈散
方剂学,组成药物中含有栀子泽泻黄芩生地当归的方剂是,E,泻白散,凉膈散,芍药汤,清胃散,龙胆泻肝汤
方剂学,组成药物中含有生地当归丹皮黄连升麻的方剂是,D,泻白散,凉膈散,芍药汤,清胃散,龙胆泻肝汤
方剂学,六一散的功用是,A,清暑利湿,清暑生津,清暑除烦,清暑化湿,祛暑清热
方剂学,香薷散的功用是,D,祛湿化浊，理气宽中,散寒解表，化湿和中,解表散寒，理气和中,祛暑解表，化湿和中,祛暑解表，清热化湿
方剂学,清暑益气汤的功用是,D,益气养阴，清透暑热,清暑除烦，益气和胃,清暑利湿，益气和胃,清暑益气，养阴生津,清暑益气，和胃止呕
方剂学,清暑益气汤中臣药为,B,荷梗,荷梗,洋参,麦冬,荷梗
方剂学,香薷散中香薷的功用是,D,行气化湿，健脾和中,清热解暑，养阴生津,解表化湿，祛暑生津,解表散寒，祛暑化湿,解表化湿，清热除烦
方剂学,香薷散主治,A,阴暑,暑湿证,暑热气津两伤证,暑热证,阳暑
方剂学,吴茱萸汤和理中丸二方组成中均含有的药物是,D,大枣,干姜,白术,人参,吴茱萸
方剂学,大建中汤和小建中汤二方组成中均含有的药物是,B,附子,饴糖,干姜,人参,蜀椒
方剂学,吴茱萸汤的功用是,E,温中补虚，和里缓急,温肾暖脾，涩肠止泻,温中补虚，散寒止痛,温中祛寒，益气健脾,温中补虚，降逆止呕
方剂学,不适宜用吴茱萸汤治疗的病证是,E,肝胃虚寒，浊阴上逆证,胃中虚冷，症见食谷欲呕者,肝寒犯胃，症见脘腹冷痛、呕吐酸水者,肝寒上逆，症见头痛、干呕、吐涎沫者,脾胃阳虚，阴寒上乘，症见胸满而痛，甚至胸痛彻背者
方剂学,从组成药物来看，小建中汤即桂枝汤,E,倍甘草加饴糖,去芍药加饴糖,倍甘草与芍药,去芍药倍甘草,倍芍药加饴糖
方剂学,理中丸的君药是,B,白术,干姜,人参,炮附子,炙甘草
方剂学,理中丸的功用是,D,健脾益气，渗湿止泻,健脾益气，养胃和中,温中健脾，和里缓急,温中祛寒，补气健脾,温中祛寒，和胃止呕
方剂学,理中丸的组成药物中不含有,E,人参,干姜,甘草,白术,附子
方剂学,四逆汤的组成药物是,A,附子,附子,柴胡,桂枝,肉桂
方剂学,四逆汤与四逆散二方组成中均含有的药物是,C,柴胡,芍药,甘草,枳实,干姜
方剂学,阳和汤的组成药物除麻黄、白芥子外，其余是,C,熟地,生地,熟地,熟地,熟地
方剂学,四逆汤与当归四逆汤二方组成中均含有的药物是,E,当归,附子,桂枝,干姜,甘草
方剂学,温里剂应用时需注意,E,素体阴虚者宜服用温里剂,温里剂性质温和，可不拘时令、地域服用,失血之证应予温里剂温中固阳,阴寒过盛服药即吐者，宜温服,温里剂中宜多补气药物，助已伤阳气得复
方剂学,温里剂的适用证是,B,表寒证,里寒证,阴虚证,失血证,亡阳证
方剂学,吴茱萸汤主证病机涉及的主要脏腑是,D,肝,脾,脾,肝,肝
方剂学,理中丸主证病机涉及的主要脏腑是,B,肝,脾,脾,肝,肝
方剂学,小建中汤的功用是,E,温中祛寒，补气健脾,温中散寒，缓急止痛,温中补虚，降逆止痛,温中补虚，降逆止呕,温中补虚，和里缓急
方剂学,大建中汤的功用是,C,温中祛寒，补气健脾,温中散寒，缓急止痛,温中补虚，降逆止痛,温中补虚，降逆止呕,温中补虚，和里缓急
方剂学,方中芍药与桂枝配伍以调和营卫的方剂是,C,阳和汤,逍遥散,桂枝汤,小建中汤,痛泻要方
方剂学,方中芍药与甘草配伍以和里缓急的方剂是,D,阳和汤,逍遥散,桂枝汤,小建中汤,痛泻要方
方剂学,组成中含有麻黄的方剂是,E,回阳救急汤,大建中汤,温脾汤,四逆汤,阳和汤
方剂学,组成中含有蜀椒的方剂是,B,回阳救急汤,大建中汤,温脾汤,四逆汤,阳和汤
方剂学,方中附子与干姜配伍以逐寒回阳的方剂是,A,四逆汤,四逆散,阳和汤,理中丸,当归四逆汤
方剂学,方中当归与桂枝配伍以养血温经的方剂是,E,四逆汤,四逆散,阳和汤,理中丸,当归四逆汤
方剂学,理中丸和温脾汤中均含有的药物是,E,人参,大黄,甘草,白术,干姜
方剂学,四逆汤和理中丸中均含有的药物是,E,人参,大黄,甘草,白术,干姜
方剂学,原方生姜用量较大的是,C,桂枝汤,十枣汤,吴茱萸汤,小建中汤,当归四逆汤
方剂学,原方大枣用量最大的是,E,桂枝汤,十枣汤,吴茱萸汤,小建中汤,当归四逆汤
方剂学,吴茱萸汤和理中丸二方组成中均含有的药物是,D,大枣,干姜,白术,人参,吴茱萸
方剂学,大建中汤和小建中汤二方组成中均含有的药物是,B,附子,饴糖,干姜,人参,蜀椒
方剂学,吴茱萸汤的功用是,E,温中补虚，和里缓急,温肾暖脾，涩肠止泻,温中补虚，散寒止痛,温中祛寒，益气健脾,温中补虚，降逆止呕
方剂学,不适宜用吴茱萸汤治疗的病证是,E,肝胃虚寒，浊阴上逆证,胃中虚冷，症见食谷欲呕者,肝寒犯胃，症见脘腹冷痛、呕吐酸水者,肝寒上逆，症见头痛、干呕、吐涎沫者,脾胃阳虚，阴寒上乘，症见胸满而痛，甚至胸痛彻背者
方剂学,从组成药物来看，小建中汤即桂枝汤,E,倍甘草加饴糖,去芍药加饴糖,倍甘草与芍药,去芍药倍甘草,倍芍药加饴糖
方剂学,理中丸的君药是,B,白术,干姜,人参,炮附子,炙甘草
方剂学,理中丸的功用是,D,健脾益气，渗湿止泻,健脾益气，养胃和中,温中健脾，和里缓急,温中祛寒，补气健脾,温中祛寒，和胃止呕
方剂学,理中丸的组成药物中不含有,E,人参,干姜,甘草,白术,附子
方剂学,四逆汤的组成药物是,A,附子,附子,柴胡,桂枝,肉桂
方剂学,四逆汤与四逆散二方组成中均含有的药物是,C,柴胡,芍药,甘草,枳实,干姜
方剂学,阳和汤的组成药物除麻黄、白芥子外，其余是,C,熟地,生地,熟地,熟地,熟地
方剂学,四逆汤与当归四逆汤二方组成中均含有的药物是,E,当归,附子,桂枝,干姜,甘草
方剂学,温里剂应用时需注意,E,素体阴虚者宜服用温里剂,温里剂性质温和，可不拘时令、地域服用,失血之证应予温里剂温中固阳,阴寒过盛服药即吐者，宜温服,温里剂中宜多补气药物，助已伤阳气得复
方剂学,温里剂的适用证是,B,表寒证,里寒证,阴虚证,失血证,亡阳证
方剂学,吴茱萸汤主证病机涉及的主要脏腑是,D,肝,脾,脾,肝,肝
方剂学,理中丸主证病机涉及的主要脏腑是,B,肝,脾,脾,肝,肝
方剂学,小建中汤的功用是,E,温中祛寒，补气健脾,温中散寒，缓急止痛,温中补虚，降逆止痛,温中补虚，降逆止呕,温中补虚，和里缓急
方剂学,大建中汤的功用是,C,温中祛寒，补气健脾,温中散寒，缓急止痛,温中补虚，降逆止痛,温中补虚，降逆止呕,温中补虚，和里缓急
方剂学,方中芍药与桂枝配伍以调和营卫的方剂是,C,阳和汤,逍遥散,桂枝汤,小建中汤,痛泻要方
方剂学,方中芍药与甘草配伍以和里缓急的方剂是,D,阳和汤,逍遥散,桂枝汤,小建中汤,痛泻要方
方剂学,组成中含有麻黄的方剂是,E,回阳救急汤,大建中汤,温脾汤,四逆汤,阳和汤
方剂学,组成中含有蜀椒的方剂是,B,回阳救急汤,大建中汤,温脾汤,四逆汤,阳和汤
方剂学,方中附子与干姜配伍以逐寒回阳的方剂是,A,四逆汤,四逆散,阳和汤,理中丸,当归四逆汤
方剂学,方中当归与桂枝配伍以养血温经的方剂是,E,四逆汤,四逆散,阳和汤,理中丸,当归四逆汤
方剂学,理中丸和温脾汤中均含有的药物是,E,人参,大黄,甘草,白术,干姜
方剂学,四逆汤和理中丸中均含有的药物是,E,人参,大黄,甘草,白术,干姜
方剂学,原方生姜用量较大的是,C,桂枝汤,十枣汤,吴茱萸汤,小建中汤,当归四逆汤
方剂学,原方大枣用量最大的是,E,桂枝汤,十枣汤,吴茱萸汤,小建中汤,当归四逆汤
方剂学,左归丸的功用是,C,滋阴补肾，涩精止遗,温补肾阳，填精补血,滋阴补肾，填精益髓,补益肝肾，强壮筋骨,填精补髓，滋阴降火
方剂学,当归补血汤原方当归与黄芪的配伍用量比例是,C,1:01,1:02,1:05,2:01,5:01
方剂学,右归丸的功用是,B,滋阴补肾，填精益髓,温补肾阳，填精益髓,温补肾阳，涩精缩尿,温肾化气，利水消肿,温肾壮阳，涩精止遗
方剂学,左归丸组成中含有而右归丸组成中不含有的药物是,B,枸杞子,龟板胶,鹿角胶,山茱萸,菟丝子
方剂学,当归补血汤重用黄芪为君，意在,A,补气生血,补气固表,补气托毒,补气行血,补气行水
方剂学,主治劳倦伤脾所致的发热，后世称为“甘温除热法”的方剂是,E,归脾汤,炙甘草汤,竹叶石膏汤,白虎加人参汤,补中益气汤
方剂学,补中益气汤功用是,D,益气补血，健脾温阳,健脾益气，养胃和中,健脾养胃，渗湿和中,补中健脾，升阳举陷,补中健脾，渗湿止泻
方剂学,参苓白术散的功用是,D,健脾益气，升阳举陷,健脾养胃，理气化痰,健脾益气，和中养胃,健脾益气，渗湿止泻,健脾助运，养胃渗湿
方剂学,归脾汤中配伍茯苓意在,C,利水消肿,健脾渗湿,宁心安神,渗湿止泻,涤痰除饮
方剂学,归脾汤和补中益气汤两方均具有的功用是,B,升阳举陷,益气养血,补脾养心,益气退热,养心安神
方剂学,归脾汤的功用是,E,健脾养心，益气摄血,健脾益气，宁心安神,滋阴清热，补心安神,健脾升阳，渗湿止泻,益气补血，健脾养心
方剂学,炙甘草汤的功用是,C,益气健脾，养阴润肺,健脾益气，补肺宁嗽,益气滋阴，通阳复脉,益气健脾，养血柔肝,补脾益肺，宁嗽止血
方剂学,炙甘草汤的组成药物中含有,E,麦冬,生地,阿胶,生姜,生地
方剂学,六味地黄丸中的君药是,C,茯苓,黄芪,熟地,山药,山茱萸
方剂学,六味地黄丸和大补阴丸两方组成中均不含有的药物是,C,泽泻,知母,生地黄,牡丹皮,炙龟板
方剂学,肾气丸原方用量最大的药物是,D,桂枝,山药,炮附子,干地黄,山萸肉
方剂学,地黄饮子的组成药物中不含,E,温肾补阳药,滋补肾阴药,养阴润肺药,化痰开窍药,平肝息风药
方剂学,补益剂应用时需注意,B,真虚假实证、真实假虚证均可使用补益剂,补益剂中须配伍理气醒脾之药，注意补而不滞,补益剂多味厚滋腻，宜大火久煎,宜饭后立即服用补益剂，助药物吸收,补益剂性质温和，适用范围广，虚证实证俱可
方剂学,六味地黄丸和参苓白术散两方组成中均含有,E,当归,熟地,人参,熟地,山药
方剂学,归脾汤和当归补血汤两方组成药物中均含有,A,当归,熟地,人参,熟地,山药
方剂学,生脉散适用于,A,气阴两伤，久咳自汗者,疮疡溃后，久不收口者,阴虚火旺，骨蒸盗汗者,虚火灼金，咳嗽咯血者,虚劳肺萎，干咳无痰者
方剂学,当归补血汤适用于,B,气阴两伤，久咳自汗者,疮疡溃后，久不收口者,阴虚火旺，骨蒸盗汗者,虚火灼金，咳嗽咯血者,虚劳肺萎，干咳无痰者
方剂学,生脉散的君药是,A,人参,黄芪,当归,麦冬,枸杞
方剂学,玉屏风散的君药是,B,人参,黄芪,当归,麦冬,枸杞
方剂学,左归丸和肾气丸两方的组成药物中均含有,B,鹿角,山药,山药,阿胶,龟胶
方剂学,右归丸和六味地黄丸的组成药物中均含有,B,鹿角,山药,山药,阿胶,龟胶
方剂学,补中益气汤的组成药物中不含,E,白术,黄芪,当归,柴胡,茯苓
方剂学,逍遥散的组成药物中不含,B,白术,黄芪,当归,柴胡,茯苓
方剂学,理中丸和四君子汤组成中均含有的药物是,B,白术,人参,甘草,茯苓,干姜
方剂学,理中丸和四逆汤组成中均含有的药物是,E,白术,人参,甘草,茯苓,干姜
方剂学,参苓白术散和炙甘草汤两方均具有的治疗作用是,D,滋肾养肝,温补肾阳,滋肾养心,健脾益气,补脾养心
方剂学,六味地黄丸和左归丸两方均具有的治疗作用是,A,滋肾养肝,温补肾阳,滋肾养心,健脾益气,补脾养心
方剂学,六味地黄丸和左归丸两方组成药物中均含有,A,熟地,黄芪,白术,远志,人参
方剂学,炙甘草汤和生脉散两方的组成药物中均含有,E,熟地,黄芪,白术,远志,人参
方剂学,左归丸和右归丸两方的组成药物中均含有,D,山茱萸,炮附子,炮附子,枸杞子,鹿角胶
方剂学,肾气丸和地黄饮子两方组成药物中均含有,C,山茱萸,炮附子,炮附子,枸杞子,鹿角胶
方剂学,易黄汤的功用是,A,补肾止带，清热祛湿,清热祛湿，收涩止带,补气健脾，化湿止带,健脾益肾，收涩止带,疏肝健脾，化湿止带
方剂学,九仙散的组成药物中含有,E,乌药,知母,山药,诃子,人参
方剂学,四神丸的功用是,C,补气健脾，涩肠止泻,温中涩肠，益气固脱,温补脾肾，固肠止泻,健脾益气，渗湿止泻,涩肠固脱，温补脾肾
方剂学,治疗五更泄泻的首选方剂是,A,四神丸,理中丸,吴茱萸汤,真人养脏汤,金匮肾气丸
方剂学,固涩剂常见临床表现,E,自汗、盗汗,久咳、久泻、久痢,遗精滑泄,崩漏、带下,以上皆是
方剂学,固涩剂使用时应注意,C,固涩剂治疗耗散滑脱之证，不可使用补益剂，以免留邪,不论有无外邪，均可使用固涩剂,元气大虚，亡阳欲脱所致的崩中不止者，宜兼顾重用回阳固脱之品,热病多汗、痰饮咳嗽等证，可用固涩剂,实热崩带、伤食泄泻等证，首选固涩剂
方剂学,桑螵蛸散中配伍龙骨、龟甲的意义是,E,补肾助阳，固精缩尿,滋养肾阴，补心安神,收敛固涩，镇心安神,滋阴潜阳，固精缩尿,固涩止遗，补肾益精
方剂学,功能敛肺止咳的方剂是,C,一贯煎,四神丸,九仙散,右归丸,止嗽散
方剂学,功能固肠止泻的方剂是,B,一贯煎,四神丸,九仙散,右归丸,止嗽散
方剂学,功能敛肺止咳的方剂是,C,一贯煎,四神丸,九仙散,右归丸,止嗽散
方剂学,功能固肠止泻的方剂是,B,一贯煎,四神丸,九仙散,右归丸,止嗽散
方剂学,以镇心安神，清热养血为主要功用的方剂是,E,归脾汤,酸枣仁汤,天王补心丹,当归六黄汤,朱砂安神丸
方剂学,天王补心丹中配伍茯苓意在,A,宁心,健脾,消痰,渗湿,利水
方剂学,天王补心丹主治证候的病因病机是,A,心肾两亏，阴虚血少,心脾两虚，气血不足,心阴不足，肝气失和,心阳偏亢，心肾不交,肝血不足，虚热内扰
方剂学,酸枣仁汤主治证候的病因病机是,D,心脾两虚，气血不足,心阳偏亢，心肾不交,心肾两亏，阴虚血少,肝血不足，虚热内扰,心阴不足，肝气失和
方剂学,桑螵蛸散与天王补心丹两方组成中均含有的药物是,D,龙骨,人参,菖蒲,远志,当归
方剂学,酸枣仁汤的组成药物中含有,B,远志,知母,茯神,柏子仁,龙眼肉
方剂学,心火亢盛，阴血不足而失眠多梦惊悸怔忡心神烦乱者。治宜选用,D,磁朱丸,酸枣仁汤,天王补心丹,朱砂安神丸,甘麦大枣汤
方剂学,阴亏血少，心火偏旺而失眠多梦心悸怔忡神疲健忘者。治宜选用,C,磁朱丸,酸枣仁汤,天王补心丹,朱砂安神丸,甘麦大枣汤
方剂学,心脾两虚，气血不足而心悸怔忡者，治宜选用,A,归脾汤,酸枣仁汤,朱砂安神丸,甘麦大枣汤,天王补心丹
方剂学,心肾两虚，阴亏血少而心悸怔忡者，治宜选用,E,归脾汤,酸枣仁汤,朱砂安神丸,甘麦大枣汤,天王补心丹
方剂学,天王补心丹的功用是,A,滋阴养血，补心安神,补肾宁心，益智安神,镇心安神，泻火养阴,养心安神，和中缓急,养血安神，清热除烦
方剂学,酸枣仁汤的功用是,E,滋阴养血，补心安神,补肾宁心，益智安神,镇心安神，泻火养阴,养心安神，和中缓急,养血安神，清热除烦
方剂学,若见突然昏倒，牙关紧闭，不省人事，苔白，脉迟，宜选用的方子是,A,吃力伽丸,至宝丹,紫雪,牛黄丸,柴胡汤
方剂学,苏合香丸主治,E,温热病,痰热内闭心包证,邪热内陷心包证,热闭证,寒闭证
方剂学,开窍剂的使用时需注意,E,热闭者宜温开,寒闭者宜凉开,若见汗出肢冷、呼吸气微、口开目合、脉微欲绝者，急用开窍剂,阳明腑实证见神昏谵语者，可选用寒下剂合开窍剂,开窍剂多用于急救，中病即止
方剂学,紫雪的功用是,A,清热开窍，息风止痉,辟秽解毒，化痰开窍,清热开窍，化浊解毒,辟秽解毒，清热开窍,芳香开窍，行气止痛
方剂学,苏合香丸的功用是,E,清热开窍，息风止痉,辟秽解毒，化痰开窍,清热开窍，化浊解毒,辟秽解毒，清热开窍,芳香开窍，行气止痛
方剂学,安宫牛黄丸的功用是,D,安神定惊，化痰开窍,化浊开窍，清热解毒,辟秽解毒，化痰开窍,清热解毒，开窍醒神,清热解毒，开窍安神
方剂学,至宝丹的功用是,B,安神定惊，化痰开窍,化浊开窍，清热解毒,辟秽解毒，化痰开窍,清热解毒，开窍醒神,清热解毒，开窍安神
方剂学,暖肝煎中配伍当归的用意是,D,养血润燥,化瘀生新,补血和营,养血补肝,下气止逆
方剂学,天台乌药散与暖肝煎两方组成中均含有的药物是,C,沉香,槟榔,乌药,肉桂,当归
方剂学,下列何药不是天台乌药散的组成药物,E,青皮,槟榔,木香,巴豆,香附
方剂学,下列何药不是厚朴温中汤的组成药物,B,白茯苓,半夏,炙甘草,干姜,草蔻仁
方剂学,厚朴温中汤适用于,A,寒湿气滞证,湿滞脾胃证,痰阻气逆证,寒凝气滞证,脾虚气滞证
方剂学,下列各项中，除哪项外均属半夏厚朴汤主治证的临床表现,D,胸膈满闷,恶心呕吐,舌苔白润,脉弦细微数,咽中如有物阻
方剂学,越鞠丸的功用是,C,行气散结,行气和血,行气解郁,行气止痛,行气消痞
方剂学,半夏厚朴汤的组成药物中不包括,B,厚朴,白术,生姜,半夏,茯苓
方剂学,越鞠丸的君药是,E,栀子,苍术,川芎,神曲,香附
方剂学,以降逆化痰，益气和胃为主要功用的方剂是,A,旋覆代赭汤,半夏厚朴汤,半夏泻心汤,橘皮竹茹汤,丁香柿蒂汤
方剂学,苏子降气汤中配伍肉桂的主要用意是,B,温阳散寒,温肾纳气,温通经脉,鼓舞气血,散寒止痛
方剂学,下列各项中，不属于苏子降气汤组成药物的是,C,前胡,生姜,杏仁,半夏,当归
方剂学,定喘汤的组成药物中不包括,C,杏仁,苏子,桑叶,黄芩,甘草
方剂学,越鞠丸的组成药物中含有,D,当归,木香,厚朴,栀子,木通
方剂学,暖肝煎的组成药物中含有,A,当归,木香,厚朴,栀子,木通
方剂学,具有行气疏肝，散寒止痛功用的方剂是,C,枳实消痞丸,厚朴温中汤,天台乌药散,半夏厚朴汤,柴胡疏肝散
方剂学,具有行气散结，降逆化痰功用的方剂是,D,枳实消痞丸,厚朴温中汤,天台乌药散,半夏厚朴汤,柴胡疏肝散
方剂学,苏子降气汤证的病机是,B,风邪伤肺，肺失清肃,痰涎壅盛，上实下虚,凉燥外袭，肺失清肃,外感风寒，痰热内蕴,外感风寒，内有水饮
方剂学,定喘汤证的病机是,D,风邪伤肺，肺失清肃,痰涎壅盛，上实下虚,凉燥外袭，肺失清肃,外感风寒，痰热内蕴,外感风寒，内有水饮
方剂学,苏子降气汤的功用是,D,降逆止呃，益气清热,温中益气，降逆止呃,降气化痰，益气和胃,降气平喘，祛痰止咳,行气散结，降逆化痰
方剂学,旋覆代赭汤的功用是,C,降逆止呃，益气清热,温中益气，降逆止呃,降气化痰，益气和胃,降气平喘，祛痰止咳,行气散结，降逆化痰
方剂学,旋覆代赭汤的组成药物中含有,C,干姜,当归,半夏,柴胡,干姜
方剂学,苏子降气汤的组成药物中含有,C,干姜,当归,半夏,柴胡,干姜
方剂学,以活血化瘀，行气止痛为主要功用的方剂是,D,失笑散,温经汤,金铃子散,血府逐瘀汤,桂枝茯苓丸
方剂学,复元活血汤证的病位在,C,头面,胸中,胁下,少腹,胞宫
方剂学,槐花散的功用是,D,清肠止血，养阴清热,养血止血，清肠祛风,益气健脾，养血止血,清肠止血，疏风行气,养阴清热，凉血止血
方剂学,桂枝茯苓丸适用于,B,中阳不足，饮停心下，胸胁支满，心悸目眩者,妊娠下血，血色紫黯，腹痛拒按，胎动不安者,脾失健运，痰停中脘，流溢四肢，臂疼肢肿者,脾阳不足，聚湿成饮，咳痰稀白，胸膈不快者,下焦虚寒，小便白浊，频数无度，凝如膏糊者
方剂学,桂枝茯苓丸的组成药物，除桂枝、茯苓外，其余是,B,知母、熟地、蒲黄,丹皮、芍药、桃仁,赤芍、川芎、当归,生姜、大黄、红花,炮姜、大黄、红花
方剂学,大黄牡丹汤与桃核承气汤两方组成中均含有的药物是,A,大黄,大黄,大黄,大黄,大黄
方剂学,下列何药不是生化汤的组成药物,C,桃仁,川芎,桂枝,全当归,炙甘草
方剂学,温经汤的组成药物中不包括,A,干姜,丹皮,半夏,当归,人参
方剂学,血府逐瘀汤的组成药物除“桃红四物”和甘草外，其余的是,A,柴胡,官桂,香附,麝香,乌药
方剂学,温经汤中配伍半夏的主要用意是,B,和胃降逆而止呕,通降胃气而散结,燥湿化痰而和胃,化痰开胃而行津,降逆散结而消痞
方剂学,补阳还五汤黄芪的配伍意义是,A,补气行血,补气生血,补气利水,补气固表,补气升阳
方剂学,生化汤重用全当归为君，意在,C,和血止痛,养血滋燥,化瘀生新,养血润肠,养血补肝
方剂学,黄土汤的功用是,D,温脾散寒，涩肠止泻,温中散寒，益气健脾,温阳健脾，益气摄血,温阳健脾，养血止血,温肾暖脾，渗湿止泻
方剂学,温经汤的功用是,B,温经散寒，活血祛瘀,温经散寒，养血祛瘀,温经散寒，养血通脉,活血化瘀，温经止痛,活血祛瘀，散结止痛
方剂学,小蓟饮子的组成药物中不包括,E,藕节,当归,生地,栀子,大黄
方剂学,黄土汤的组成药物中含有,D,熟地黄,生地黄,熟附子,干地黄,熟地黄
方剂学,十灰散组成药物中含有,C,白术,青黛,山栀,枳壳,蒲黄
方剂学,咳血方组成药物中含有,B,白术,青黛,山栀,枳壳,蒲黄
方剂学,具有活血祛瘀，散结止痛功用的方剂是,D,丹参饮,温经汤,生化汤,失笑散,桂枝茯苓丸
方剂学,具有养血祛瘀，温经止痛功用的方剂是,C,丹参饮,温经汤,生化汤,失笑散,桂枝茯苓丸
方剂学,血府逐瘀汤适用于,B,膈下瘀血证,胸中血瘀证,下焦蓄血证,瘀阻胞宫证,脉络瘀阻证
方剂学,桂枝茯苓丸适用于,D,膈下瘀血证,胸中血瘀证,下焦蓄血证,瘀阻胞宫证,脉络瘀阻证
方剂学,治疗寒凝气滞之心腹猝痛，宜选用,C,越鞠丸,失笑散,苏合香丸,金铃子散,血府逐瘀汤
方剂学,治疗瘀血内停之心腹刺痛，宜选用,B,越鞠丸,失笑散,苏合香丸,金铃子散,血府逐瘀汤
方剂学,主治胸中血瘀证的方剂是,D,复元活血汤,桂枝茯苓丸,血府逐瘀汤,桃核承气汤,
方剂学,主治下焦蓄血证的方剂是,E,复元活血汤,桂枝茯苓丸,血府逐瘀汤,桃核承气汤,
方剂学,大黄牡丹汤的组成中含有药物是,B,大黄,桃仁,大黄,赤芍,大黄
方剂学,桃核承气汤的组成中含有药物是,C,大黄,桃仁,大黄,赤芍,大黄
方剂学,脾阳不足，统摄无权所致之便血，宜选用,C,归脾汤,健脾丸,黄土汤,槐花散,十灰散
方剂学,风热客于肠中，损伤脉络所致之便血，宜选用,D,归脾汤,健脾丸,黄土汤,槐花散,十灰散
方剂学,治疗肝火犯肺所致之咳痰带血，宜选用,C,十灰散,止嗽散,咳血方,四生丸,小蓟饮子
方剂学,治疗下焦瘀热所致之血淋尿血，宜选用,E,十灰散,止嗽散,咳血方,四生丸,小蓟饮子
方剂学,生化汤的君药是,C,生地,桃仁,当归,青黛,木通
方剂学,咳血方的君药是,D,生地,桃仁,当归,青黛,木通
方剂学,下列各项中，除哪项外，均是大定风珠的组成中药物,B,白芍,牛膝,龟板,甘草,牡蛎
方剂学,牵正散的功用是,E,祛风除湿，化痰通络,祛风化痰，定搐止痉,化痰通络，活血止痛,祛风除湿，通络止痛,祛风化痰，通络止痉
方剂学,大定风珠所主证候的病因病机是,A,真阴大亏，虚风内动,痰浊上逆，引动肝风,阴血不足，风自内生,阳阳偏亢，化风上旋,邪热亢盛，热极动风
方剂学,大秦艽汤的功用是,D,疏风养血，清热除湿,祛风胜湿，益气养血,祛风化痰，通络止痉,疏风清热，养血活血,祛风除湿，活血止痛
方剂学,消风散的功用是,C,祛风胜湿，益气养血,祛风化痰，通络止痉,疏风除湿，清热养血,祛风清热，养血活血,祛风除湿，活血止痛
方剂学,川芎茶调散的组成药物中含有,B,牛蒡,羌活,苍术,当归,蝉蜕
方剂学,消风散的组成药物中含有,A,胡麻,秦艽,薄荷,桑叶,细辛
方剂学,消风散的君药是,A,荆芥,当归,石膏,苦参,荆芥
方剂学,消风散中配伍蝉蜕的用意是,A,疏散风邪,明目退翳,宣散透疹,息风止痉,疏风清热
方剂学,羚角钩藤汤的组成药物中不包括,D,霜桑叶,淡竹茹,茯神木,石决明,滁菊花
方剂学,下列各项中，除哪项外，均是镇肝熄风汤的组成药物,C,白芍,龟板,鳖甲,白芍,龟板
方剂学,天麻钩藤饮的组成药物中含有,C,生龙骨,生牡蛎,川牛膝,生龟板,生鳖甲
方剂学,羚角钩藤汤中配伍霜桑叶和滁菊花的用意是,C,清肝明目,缓急柔筋,清热平肝,祛风解痉,息风止痉
方剂学,羚角钩藤汤与天麻钩藤饮二方均具有的功用是,A,清热平肝息风,滋阴增液舒筋,清热活血止痛,滋阴潜阳息风,滋阴清热安神
方剂学,大定风珠的组成中含有的药物是,E,龙骨,龙骨,牡蛎,龙骨,鳖甲
方剂学,镇肝熄风汤组成中含有的药物是,D,龙骨,龙骨,牡蛎,龙骨,鳖甲
方剂学,小活络丹的功用是,E,镇肝息风，滋阴潜阳,滋阴柔筋，潜阳息风,凉肝息风，增液舒筋,镇肝息风，滋阴安神,祛风除湿，化痰通络，活血止痛
方剂学,大定风珠的功用是,B,镇肝息风，滋阴潜阳,滋阴柔筋，潜阳息风,凉肝息风，增液舒筋,镇肝息风，滋阴安神,祛风除湿，化痰通络，活血止痛
方剂学,小活络丹所主证候病因病机是,B,风中经络，气血痹阻,湿痰瘀血，痹阻经络,风痰阻络，筋肉失养,肝阳偏亢，化风上扰,热灼真阴，筋脉失濡
方剂学,大秦艽汤所主证候病因病机是,A,风中经络，气血痹阻,湿痰瘀血，痹阻经络,风痰阻络，筋肉失养,肝阳偏亢，化风上扰,热灼真阴，筋脉失濡
方剂学,川芎茶调散主治,A,风邪外袭之头痛,痰浊上逆之头痛,血不上奉之头痛,肝阳上亢之头痛,瘀血阻络之头痛
方剂学,天麻钩藤饮主治,D,风邪外袭之头痛,痰浊上逆之头痛,血不上奉之头痛,肝阳上亢之头痛,瘀血阻络之头痛
方剂学,治疗风疹的代表方剂是,A,消风散,牵正散,玉真散,小活络丹,地黄饮子
方剂学,治疗喑痱证的代表方剂是,E,消风散,牵正散,玉真散,小活络丹,地黄饮子
方剂学,羚角钩藤汤主治,B,阴虚风动证,热极动风证,血虚生风证,风痰眩晕证,痰厥头痛证
方剂学,大定风珠主治,A,阴虚风动证,热极动风证,血虚生风证,风痰眩晕证,痰厥头痛证
方剂学,功能凉肝息风，增液舒筋的方剂是,C,大定风珠,镇肝熄风汤,羚角钩藤汤,天麻钩藤饮,阿胶鸡子黄汤
方剂学,功能镇肝息风，滋阴潜阳的方剂是,B,大定风珠,镇肝熄风汤,羚角钩藤汤,天麻钩藤饮,阿胶鸡子黄汤
方剂学,组成药物为细生地、玄参、麦冬的方剂是,C,生化汤,益胃汤,增液汤,麦门冬汤,地黄饮子
方剂学,阳明温病，津亏便秘者，治当首选,B,济川煎,增液汤,麦门冬汤,麻子仁丸,地黄饮子
方剂学,以清宣温燥，润肺止咳为主要功用的方剂是,C,杏苏散,增液汤,桑杏汤,养阴清肺汤,清燥救肺汤
方剂学,清燥救肺汤原方配伍用量最大的药物是,E,石膏,麦冬,人参,阿胶,桑叶
方剂学,下列各项中，除哪项外均属杏苏散的组成药物,D,橘皮,半夏,枳壳,荆芥,茯苓
方剂学,清燥救肺汤证的病因病机是,C,凉燥外袭，营卫受邪,温燥外袭，肺津被灼,温燥伤肺，气阴两伤,肺肾阴虚，虚火上炎,肝肾阴虚，虚火上炎
方剂学,杏苏散证的病因病机是,A,凉燥外袭，营卫受邪,温燥外袭，肺津被灼,温燥伤肺，气阴两伤,肺肾阴虚，虚火上炎,肝肾阴虚，虚火上炎
方剂学,治疗肺胃阴虚之肺痿，宜用,C,玉液汤,炙甘草汤,麦门冬汤,养阴清肺汤,清燥救肺汤
方剂学,治疗气阴两亏之肺痿，宜用,B,玉液汤,炙甘草汤,麦门冬汤,养阴清肺汤,清燥救肺汤
方剂学,麦门冬汤原方中麦冬与半夏的配伍比例是,E,2:01,3:01,5:01,6:01,7:01
方剂学,竹叶石膏汤原方中麦冬与半夏的配伍比例是,A,2:01,3:01,5:01,6:01,7:01
方剂学,当归拈痛汤的功用是,D,清热养阴，和血止痛,健脾利水，祛风止痛,散寒除湿，和血止痛,利湿清热，疏风止痛,温阳健脾，和血止痛
方剂学,平胃散的功用是,B,燥湿运脾，和中益气,燥湿运脾，行气和胃,行气化湿，和胃止呕,化湿和胃，理气健脾,疏肝和胃，益气健脾
方剂学,下列各项中，除哪项外均属八正散的组成药物,D,大黄,瞿麦,木通,茯苓,滑石
方剂学,由滑石、黄芩、茵陈、石菖蒲、川贝母、木通、藿香、连翘、白蔻仁、薄荷、射干组成的方剂是,E,平胃散,三仁汤,茵陈蒿汤,藿香正气散,甘露消毒丹
方剂学,茵陈蒿汤的组成药物是,E,栀子,茵陈,茵陈,茵陈,栀子
方剂学,猪苓汤的功用是,B,利湿消肿，理气健脾,利水渗湿，清热养阴,温阳健脾，利水渗湿,益气祛风，健脾利水,利水渗湿，温阳化气
方剂学,猪苓汤与五苓散二方的组成药物中均含有,B,白术,泽泻,滑石,茯苓,滑石
方剂学,防己黄芪汤的组成药物中含有,E,桂枝,芍药,干姜,桔梗,白术
方剂学,防己黄芪汤中黄芪的主要作用是,A,益气利水,固表止汗,祛风行水,实卫御风,健脾升阳
方剂学,猪苓汤中配伍阿胶的用意是,E,滋阴补血,补血止血,润肺止咳,养血益气,滋阴润燥
方剂学,猪苓汤主治证候的病机要点是,D,中阳不足，饮停心下,气化不利，水蓄下焦,表虚受风，水道失畅,水热互结，阴伤水停,脾虚湿盛，泛溢肌肤
方剂学,真武汤中配伍芍药的用意，与下列哪项无关,C,利小便去水气,缓肝急止腹痛,滋阴养血平肝,缓解筋肉动,防止温燥伤阴
方剂学,实脾散的功用是,E,利水渗湿，清热养阴,益气祛风，健脾利水,利水渗湿，温阳化气,利湿消肿，理气健脾,温阳健脾，行气利水
方剂学,下列各项中，不属于独活寄生汤组成药物的是,B,杜仲,白术,细辛,川芎,人参
方剂学,羌活胜湿汤的组成药物中不包括,C,川芎,防风,白芷,藁本,蔓荆子
方剂学,完带汤证兼有寒湿，小腹疼痛者，宜加,D,干姜,干姜,炮姜,炮姜,干姜
方剂学,完带汤的臣药为,A,苍术,白术,苍术,白术,苍术
方剂学,连朴饮的组成药物中含有,D,炒苍术,石菖蒲,白通草,石菖蒲,石菖蒲
方剂学,三仁汤的组成药物中含有,C,炒苍术,石菖蒲,白通草,石菖蒲,石菖蒲
方剂学,甘露消毒丹的组成药物中含有,A,茵陈,青蒿,茵陈,青蒿,茵陈
方剂学,镇肝息风汤的组成药物中含有,E,茵陈,青蒿,茵陈,青蒿,茵陈
方剂学,甘露消毒丹与三仁汤的组成药物中均含有,B,木通,滑石,通草,通草,滑石
方剂学,甘露消毒丹与八正散的组成药物中均含有,A,木通,滑石,通草,通草,滑石
方剂学,藿香正气散的功用是,A,解表化湿，理气和中,宣畅气机，清利湿热,清热泻火，利水通淋,利湿消肿，理气健脾,清热化湿，理气和中
方剂学,连朴饮的功用是,E,解表化湿，理气和中,宣畅气机，清利湿热,清热泻火，利水通淋,利湿消肿，理气健脾,清热化湿，理气和中
方剂学,平胃散中配伍苍术的用意是,A,燥湿健脾,发汗祛湿,健脾助运,渗湿健脾,补气健脾
方剂学,九味羌活汤中配伍苍术的用意是,B,燥湿健脾,发汗祛湿,健脾助运,渗湿健脾,补气健脾
方剂学,二妙散的组成药物中含有,A,苍术,苍术,苍术,苍术,苍术
方剂学,平胃散的组成药物中含有,B,苍术,苍术,苍术,苍术,苍术
方剂学,湿热下注，症见尿频尿急，热涩刺痛，苔黄腻，脉滑数者，宜首选,C,五淋散,六一散,八正散,导赤散,小蓟饮子
方剂学,下焦瘀热，症见尿中带血，赤涩热痛，舌红，脉数者，宜首选,E,五淋散,六一散,八正散,导赤散,小蓟饮子
方剂学,八正散的功用,C,宣畅气机，清利湿热,清热化湿，理气和中,清热泻火，利水通淋,利湿化浊，清热解毒,利水渗湿，温阳化气
方剂学,三仁汤的功用,A,宣畅气机，清利湿热,清热化湿，理气和中,清热泻火，利水通淋,利湿化浊，清热解毒,利水渗湿，温阳化气
方剂学,防己黄芪汤与当归拈痛汤的组成药物中均含有,A,甘草,白术,防风,当归,桂枝
方剂学,独活寄生汤与当归拈痛汤的组成药物中含均有,C,甘草,白术,防风,当归,桂枝
方剂学,组成药物中不含附子的方剂是,E,四逆汤,回阳救急汤,温脾汤,真武汤,阳和汤
方剂学,组成药物中不含甘草的方剂是,D,四逆汤,回阳救急汤,温脾汤,真武汤,阳和汤
方剂学,真武汤的组成药物中含有,B,芍药,白术,生姜,肉桂,桂枝
方剂学,实脾散的组成药物中含有,B,芍药,白术,生姜,肉桂,桂枝
方剂学,防己黄芪汤的组成药物中含有,C,当归,桂枝,甘草,白术,防风
方剂学,独活寄生汤的组成药物中含有,E,当归,桂枝,甘草,白术,防风
方剂学,由黄连、半夏、瓜蒌组成的方剂是,D,半夏泻心汤,大陷胸汤,滚痰丸,小陷胸汤,清气化痰丸
方剂学,祛痰剂的应用注意是,E,先辨病性，热痰宜清，寒痰宜温，风痰宜息,治痰必治脾,治痰当兼顾阴津,病痰饮者，当以温药和之,以上都是
方剂学,二陈汤的功用是,A,燥湿化痰，理气和中,理气化痰，清胆和胃,清热化痰，理气止咳,清热化痰，宽胸散结,燥湿行气，软坚化痰
方剂学,二陈汤组成中加乌梅一个，其用意是,C,收敛肺气，以助排痰之力,生津润燥，以防辛燥伤阴,收敛肺气，以防燥散伤正,润肺止咳，以增止咳之效,敛肺涩肠，以防肺气下泄
方剂学,清气化痰丸的组成药物中不包括,C,陈皮、杏仁,黄芩、枳实,白果、瓜蒌皮,茯苓、半夏,瓜蒌仁、胆南星
方剂学,贝母瓜蒌散的组成药物中不包括,B,天花粉,胆南星,茯苓,橘红,桔梗
方剂学,应用贝母瓜蒌散的辨证要点是,B,胸脘痞闷，按之则痛，舌红苔黄腻，脉滑数,咳嗽呛急，咯痰难出，咽喉干燥，苔白而干,咯痰黄稠，胸膈痞闷，舌红苔黄腻，脉滑数,咳嗽痰多，胸膈痞闷，恶心呕吐，舌苔白腻，脉滑,癫狂惊悸，大便干燥，苔黄厚腻，脉滑数
方剂学,贝母瓜蒌散的功用是,E,清热平肝，涤痰息风,清肺化痰，散结排脓,止咳化痰，疏风宣肺,燥湿化痰，平肝息风,润肺清热，理气化痰
方剂学,苓甘五味姜辛汤的功用是,B,化痰息风,温肺化饮,利水消痰,燥湿化痰,润肺化痰
方剂学,应用半夏白术天麻汤的辨证要点是,C,眩晕耳鸣，舌苔白滑，脉弦滑,咳嗽痰多，食少胸痞，舌苔白腻，脉滑,眩晕头痛，舌苔白腻，脉弦滑,心烦不寐，眩悸呕恶，苔白腻，脉弦滑,癫狂惊悸，大便干燥，苔黄厚腻，脉滑数
方剂学,半夏白术天麻汤的功用是,B,涤痰通络，舒筋止痛,化痰息风，健脾祛湿,健脾燥湿，和胃化痰,燥湿化痰，平肝定搐,清热化痰，平肝息风
方剂学,患者咳痰清稀色白，喜唾涎沫，胸满不舒，苔白滑，脉弦滑，治疗宜选用,B,半夏白术天麻汤,苓甘五味姜辛汤,贝母瓜蒌散,清气化痰丸,三子养亲汤
方剂学,小陷胸汤的功用是,D,燥湿化痰，理气和中,理气化痰，清胆和胃,清热化痰，理气止咳,清热化痰，宽胸散结,燥湿行气，软坚化痰
方剂学,清气化痰丸的功用是,C,燥湿化痰，理气和中,理气化痰，清胆和胃,清热化痰，理气止咳,清热化痰，宽胸散结,燥湿行气，软坚化痰
方剂学,热痰咳嗽。症见胸膈痞闷，气急呕恶，咯痰不爽，苔黄而腻者，治宜选用,C,止嗽散,泻白散,清气化痰丸,苏子降气汤,贝母瓜蒌散
方剂学,燥痰咳嗽。症见呛咳气急，咯痰不爽，咽喉干燥，苔白而干者，治宜选用,E,止嗽散,泻白散,清气化痰丸,苏子降气汤,贝母瓜蒌散
方剂学,枳实导滞丸的功用是,B,健脾和胃，消食止泻,消导化积，清热利湿,消痞除满，健脾和胃,行气导滞，攻积泄热,分消酒食，理气健脾
方剂学,对消食剂的认识不正确的是,B,消食剂治疗各类饮食积滞,消食剂可长期服用，助运消化,消食剂以渐消缓散饮食积滞为主,消食剂对实证以消食为主，虚证以消补为主,消食剂的适应证多发病较缓，病情较轻
方剂学,保和丸中配伍莱菔子的主要用意是,C,消食止泻,消食导滞,下气消食,化滞解酒,消积和胃
方剂学,健脾丸的功用是,A,健脾和胃，消食止泻,消导化积，清热利湿,健脾和胃，消痞除满,消食和胃,分消酒食，理气健脾
方剂学,保和丸与健脾丸的组成药物中均含有,A,山楂、神曲,木香、砂仁,半夏、茯苓,人参、白术,陈皮、连翘
方剂学,下列各项中，除哪项外均是健脾丸的组成药物,D,白术、木香,黄连、甘草,神曲、陈皮,半夏、黄芪,人参、茯苓
方剂学,饮食不节，脘腹痞胀，嗳腐吞酸，恶食呕吐，大便泄泻，舌苔厚腻，脉滑者，治宜选用,A,保和丸,健脾丸,枳实消痞丸,枳实导滞丸,木香槟榔丸
方剂学,食积内停，脘腹胀痛，下痢泄泻，小便短赤，舌苔黄腻，脉沉而有力者，治宜选用,D,保和丸,健脾丸,枳实消痞丸,枳实导滞丸,木香槟榔丸
方剂学,临证运用保和丸的辨证要点是,A,脘腹胀满，嗳腐厌食，苔厚腻，脉滑,心下痞满，食少倦怠，苔腻微黄,脘腹胀满，大便失常，苔黄腻，脉沉有力,脘腹痞闷，食少难消，大便溏薄，苔腻，脉虚弱,眩晕呕吐，胸膈痞闷，食少体倦，小便不利
方剂学,临证运用健脾丸的辨证要点是,D,脘腹胀满，嗳腐厌食，苔厚腻，脉滑,心下痞满，食少倦怠，苔腻微黄,脘腹胀满，大便失常，苔黄腻，脉沉有力,脘腹痞闷，食少难消，大便溏薄，苔腻，脉虚弱,眩晕呕吐，胸膈痞闷，食少体倦，小便不利
方剂学,治疗伤食积滞的代表方剂是,A,保和丸,健脾丸,枳实消痞丸,枳实导滞丸,木香槟榔丸
方剂学,治疗脾虚食积的代表方剂是,B,保和丸,健脾丸,枳实消痞丸,枳实导滞丸,木香槟榔丸
方剂学,乌梅丸适用于,C,胃虚痰阻，气机阻滞，症见心下痞硬、噫气不除者,寒热错杂，气机阻滞，症见心下痞满、呕吐下利者,寒热错杂，虚实夹杂，肠道失固，症见久泻久痢者,寒热错杂，痰热互结，症见心下疼痛、按之石硬者,寒热错杂，痰湿交阻，症见心下痞满、恶食懒倦者
方剂学,乌梅丸具有的功用是,C,生津止渴,收涩止带,温脏安蛔,杀虫消疳,涩肠固脱
方剂学,乌梅丸的组成药物中含有,D,黄芪、黄连,黄芩、黄连,黄芪、黄柏,黄连、黄柏,黄芩、黄柏
方剂学,乌梅丸和大建中汤的组成中均含有的药组是,E,桂枝、附子,当归、芍药,人参、半夏,细辛、生姜,干姜、蜀椒
方剂学,乌梅丸中含有，大建中汤中不含有的药组是,A,桂枝、附子,当归、芍药,人参、半夏,细辛、生姜,干姜、蜀椒
针灸学,下列各项中，被称为“一源三歧”的是,B,带脉、督脉、带脉,任脉、督脉、冲脉,任脉、冲脉、带脉,任脉、督脉、阴脉,任脉、督脉、阴维脉
针灸学,手少阳三焦经与足少阳胆经的循行交接部位是,B,鼻旁,目外眦,目内眦,无名指端,足小趾端
针灸学,相互衔接的阴经与阴经的循行交接部位是,C,头面部,肘膝部,胸中,心中,手足末端
针灸学,同名的阳经与阳经的循行交接部位是,D,胸中,腹中,心中,头面部,肘膝部
针灸学,相表里的阴经与阳经的循行交接部位是,E,心中,胸中,腹中,头面部,手足末端
针灸学,以下哪组经脉不属于表里关系,C,手太阴肺经、手阳明大肠经,足少阴肾经、足太阳膀胱经,手少阴心经、手少阳三焦经,足太阴脾经、足阳明胃经,足厥阴肝经、足少阳胆经
针灸学,足三阴经在内踝上8寸以上肢体部的分布规律是,D,厥阴在前、少阴在中、太阴在后,少阴在前、厥阴在中、太阴在后,厥阴在前、太阴在中、少阴在后,太阴在前、厥阴在中、少阴在后,太阴在前、少阴在中、厥阴在后
针灸学,足三阴经在内踝上8寸以下的分布规律是,A,厥阴在前、太阴在中、少阴在后,少阴在前、厥阴在中、太阴在后,厥阴在前、少阴在中、太阴在后,太阴在前、厥阴在中、少阴在后,太阴在前、少阴在中、厥阴在后
针灸学,手足三阴经在四肢肘膝关节以上的分布规律是,A,太阴在前，厥阴在中，少阴在后,太阴在前，少阴在中，厥阴在后,厥阴在前，太阴在中，少阴在后,少阴在前，厥阴在中，太阴在后,厥阴在前，少阴在中，太阴在后
针灸学,足三阳经在下肢的分布规律是,E,太阳在前，阳明在中，少阳在后,太阳在前，少阳在中，阳明在后,少阳在前，太阳在中，阳明在后,阳明在前，太阳在中，少阳在后,阳明在前，少阳在中，太阳在后
针灸学,分别属于六脏，分布于上肢内侧和胸腹。具有此分布规律特点的是,B,奇经八脉,手三阴经,手三阳经,足三阴经,足三阳经
针灸学,下列各项中，论述错误的是,C,任脉别络散布于腹部,督脉别络散布于头部,脾之大络散布于全身,大肠经之络脉走向肺经,心经络脉走向小肠经
针灸学,十五络脉指十二经脉之别络，以及,C,带脉之络、冲脉之络、脾之大络,带脉之络、冲脉之络、胃之大络,任脉络、督脉络、脾之大络,任脉络、督脉络、胃之大络,任脉络、督脉络、冲脉之络
针灸学,十二经脉的别络从本经分出的部位是,B,腕踝关节以下,肘膝关节以下,肘膝关节以上,肩关节、髀枢周围,四肢末端的指、趾部
针灸学,被称为“阳脉之海”的是,B,带脉,督脉,冲脉,阳维脉,阳脉
针灸学,被称为“阴脉之海”的是,A,任脉,冲脉,带脉,阴脉,阴维脉
针灸学,被称为“十二经之海”的是,B,任脉,冲脉,督脉,带脉,阴维脉
针灸学,对奇经八脉的叙述，下列哪项是错误的,A,阳维脉总督六阳,阳跷脉调节肢体运动,冲脉涵蓄十二经气血,任脉总任六阴经,跷脉司眼睑开合
针灸学,足三阳经的循行规律是,C,从胸走手,从足走头,从头走足,从足走胸,从胸走足
针灸学,下列各项中，对经筋的描述不正确的是,D,其循行均起始于四肢末端,行于体表，不入内脏,有刚筋、柔筋之分,手三阴经筋起于贲,足三阴经筋起于足趾
针灸学,正经别行深入体腔的支脉是,B,十二经脉,十二经别,十二经筋,十二络脉,奇经八脉
针灸学,下列各项中，对十二皮部描述不正确的是,E,是十二经脉功能活动反映于体表的部位,是络脉之气散布之所在,其分部是以十二经脉在体表的分布范围而划分,有保卫机体、抗御外邪和反映病证的作用,加强了十二经脉的内外联系
针灸学,经络系统中，具有约束骨骼、屈伸关节、维持人体正常运动功能的是,D,阴阳跷脉,阴阳维脉,十二经别,十二经筋,奇经八脉
针灸学,关于十二经别的作用，描述不正确的是,B,加强了十二经脉的内外联系,对十二经气血有蓄积和渗灌调节作用,加强了经脉所属络的脏腑在体腔深部的联系,补充了十二经脉在体内外循行的不足,扩大了经穴的主治范围
针灸学,十二经别的循行分布特点，按先后顺序排列是,D,出、入、离、合,入、离、出、合,离、合、出、入,离、入、出、合,出、离、入、合
针灸学,下列哪组经脉没有按照气血循行流注顺序排列,B,胆经、肝经、肺经,心经、小肠经、肾经,大肠经、胃经、脾经,肾经、心包经、三焦经,三焦经、胆经、肝经
针灸学,足太阴脾经与手少阴心经的循行交接部位是,A,心中,肺中,胸中,手小指端,足大趾内端
针灸学,足太阴脾经与足阳明胃经的循行交接部位是,A,足大趾内端,足大趾外端,足二趾内端,足二趾外端,足三趾内端
针灸学,任脉别络的分布是,B,从鸠尾分出散布于背部,从鸠尾分出散布于腹部,从鸠尾分出散布于胸部,从长强分出散布于头部,从长强分出散布于腹部
针灸学,督脉别络的分布是,D,从鸠尾分出散布于背部,从鸠尾分出散布于腹部,从鸠尾分出散布于胸部,从长强分出散布于头部,从长强分出散布于腹部
针灸学,属于奇经的是,E,手少阳三焦经,十二经筋,十二皮部,十五络脉,阴维脉
针灸学,属于正经的是,A,手少阳三焦经,十二经筋,十二皮部,十五络脉,阴维脉
针灸学,带脉的功能是,E,调节全身阴经经气,涵蓄十二经气血,调节六阴经经气,调节肢体运动,约束纵行躯干的诸条经脉
针灸学,冲脉的功能是,B,调节全身阴经经气,涵蓄十二经气血,调节六阴经经气,调节肢体运动,约束纵行躯干的诸条经脉
针灸学,具有维系六阴经作用的是,E,任脉,冲脉,带脉,阴脉,阴维脉
针灸学,具有调节全身阴经经气作用的是,A,任脉,冲脉,带脉,阴脉,阴维脉
针灸学,足少阳胆经与足厥阴肝经的交接部位是,E,手小指端,无名指端,足小趾端,足大趾内端,足大趾外端
针灸学,足阳明胃经与足太阴脾经的交接部位是,D,手小指端,无名指端,足小趾端,足大趾内端,足大趾外端
针灸学,足三阳经的循行走向规律是,D,从胸走手,从手走胸,从手走头,从头走足,从胸腹走足
针灸学,手三阴的循行走向规律是,A,从胸走手,从手走胸,从手走头,从头走足,从胸腹走足
针灸学,足三阴经在内踝上8寸以下的分布规律是,A,厥阴在前、太阴在中、少阴在后,少阴在前、厥阴在中、太阴在后,厥阴在前、少阴在中、太阴在后,太阴在前、厥阴在中、少阴在后,太阴在前、少阴在中、厥阴在后
针灸学,足三阴经在内踝上8寸以上肢体部的分布规律是,D,厥阴在前、太阴在中、少阴在后,少阴在前、厥阴在中、太阴在后,厥阴在前、少阴在中、太阴在后,太阴在前、厥阴在中、少阴在后,太阴在前、少阴在中、厥阴在后
针灸学,同名的阳经与阳经的交接部位是,A,头面部,胸中,心中,腹中,手足末端
针灸学,相互衔接的阴经与阴经的交接部位是,B,头面部,胸中,心中,腹中,手足末端
针灸学,手三阴经筋结于,C,角（头）,烦（面）,贲（胸）,阴器（腹）,背、臀
针灸学,手三阳经筋结于,A,角（头）,烦（面）,贲（胸）,阴器（腹）,背、臀
针灸学,以下哪项不属于《四总穴歌》的内容,C,腰背委中求,肚腹三里留,胸胁内关谋,面口合谷收,头项寻列缺
针灸学,不属于经络作用的是,E,联系脏腑,沟通内外,营养全身,抗御病邪,蓄积渗灌气血
针灸学,有关阿是穴，叙述不正确的是,E,又称为天应穴,无固定名称,无固定位置,可治疗局部病痛,只有一个穴位
针灸学,有关阿是穴，叙述不正确的是,E,无固定位置,无固定名称,又称为压痛点,又称为天应穴,多数对某些病证有特殊疗效
针灸学,有关奇穴，叙述正确的是,E,无固定位置,无固定名称,又称为压痛点,又称为天应穴,多数对某些病证有特殊疗效
针灸学,除近治作用、远治作用外，腧穴的主治特点还包括,B,调和作用,特殊作用,平衡作用,疏通作用,扶正作用
针灸学,足三阴经主治相同的是,E,肝病、脾胃病,肾病、脾胃病,肝、脾、肾病,妇科病、脾胃病,腹部病、妇科病
针灸学,手少阳三焦经的主治特点是,C,前头、鼻、口、齿病,前头、口齿、胃肠病,侧头、胁肋病,后头、肩胛病、神志病,后头、背腰病
针灸学,手阳明大肠经的主治特点是,D,后头、神志病,侧头、胁肋病,侧头、耳病、胁肋病侧,前头、鼻、口、齿病,前头、咽喉病、胃肠病
针灸学,属于腧穴特殊作用的是,C,睛明治疗眼病,下脘治疗胃痛,大椎退热,合谷治疗五官病,听宫治疗耳鸣
针灸学,属于腧穴远治作用的是,D,睛明治疗眼病,下脘治疗胃痛,大椎退热,合谷治疗五官病,听宫治疗耳鸣
针灸学,任脉的主治特点是,B,肝、脾、肾病,回阳、固脱、强壮作用,后头、肩胛病，神志病,中风、昏迷、热病、头面病,前头、口齿、咽喉病，胃肠病
针灸学,手太阳经的主治特点是,C,肝、脾、肾病,回阳、固脱、强壮作用,后头、肩胛病，神志病,中风、昏迷、热病、头面病,前头、口齿、咽喉病，胃肠病
针灸学,督脉的主治特点是,D,肝、脾、肾病,回阳、固脱、强壮作用,后头、肩胛病，神志病,中风、昏迷、热病、头面病,前头、口齿、咽喉病，胃肠病
针灸学,脏腑之气汇聚于胸腹部的腧穴称为,C,原穴,络穴,募穴,五输穴,八会穴
针灸学,督脉之络穴位于,E,头项部,上腹部,下腹部,胸胁部,尾骶部
针灸学,阴经之原穴与五输穴中的哪个穴为同一个穴位,C,井穴,荥穴,输穴,经穴,合穴
针灸学,合穴多位于,B,指、趾末端,肘膝关节附近,掌指、跖趾关节附近,掌指、跖趾关节之前,掌指、跖趾关节之后
针灸学,下列各项中，叙述不正确的是,A,所根为井,所溜为荥,所注为输,所行为经,所入为合
针灸学,下列特定穴中，除哪项外均位于肘膝关节以下,E,原穴,络穴,下合穴,五输穴,八会穴
针灸学,手太阴肺经的荥穴是,C,少商,太渊,鱼际,列缺,孔最
针灸学,手太阴肺经的输土穴是,C,少商,鱼际,太渊,列缺,孔最
针灸学,以下腧穴中，哪穴是肝的募穴,B,章门,期门,京门,液门,郄门
针灸学,足厥阴肝经的合穴是,B,水泉,曲泉,曲泽,阴谷,膝关
针灸学,足厥阴肝经的荥穴是,C,侠溪,太冲,行间,内庭,蠡沟
针灸学,以下腧穴中，哪穴是胆的募穴,E,胆俞,阳陵泉,章门,期门,日月
针灸学,足少阳胆经的井穴是,A,足窍阴,大敦,厉兑,侠溪,足临泣
针灸学,手少阳三焦经的合穴是,C,天池,曲池,天井,肩井,阳池
针灸学,手少阳三焦经的输穴是,A,中渚,天井,支沟,液门,三间
针灸学,手厥阴心包经的郄穴是,B,阴郄,郄门,孔最,温溜,间使
针灸学,手厥阴心包经的经穴是,E,神门,郄门,大陵,内关,间使
针灸学,手厥阴心包经的原穴是,D,巨阙,神门,劳宫,大陵,曲泽
针灸学,阴谷穴是足少阴肾经的,E,原穴,络穴,经穴,郄穴,合穴
针灸学,足少阴肾经的络穴是,E,涌泉,然谷,太溪,复溜,大钟
针灸学,以下哪穴不是足太阳膀胱经的五输穴,B,昆仑,飞扬,束骨,委中,足通谷
针灸学,足太阳膀胱经的输穴是,E,昆仑,委阳,申脉,飞扬,束骨
针灸学,足太阳膀胱经的络穴是,D,委中,委阳,承山,飞扬,束骨
针灸学,手太阳小肠经的郄穴是,C,后溪,支正,养老,小海,阴郄
针灸学,下列腧穴中，小肠的募穴是,B,中极,关元,气海,神阙,中脘
针灸学,后溪穴是手太阳小肠经的,B,荥穴,输穴,经穴,络穴,郄穴
针灸学,心的募穴是,C,极泉,膻中,巨阙,鸠尾,天池
针灸学,手少阴心经的荥穴是,A,少府,少海,通里,少冲,神门
针灸学,手少阴心经的合穴是,E,曲池,曲泽,尺泽,小海,少海
针灸学,既是脾经络穴又属于八脉交会穴的是,A,公孙,丰隆,后溪,列缺,阴陵泉
针灸学,以下哪穴不是足太阴脾经的五输穴,B,大都,地机,商丘,太白,隐白
针灸学,足太阴脾经的络穴是,C,隐白,太白,公孙,地机,三阴交
针灸学,以下哪穴不是足阳明胃经的五输穴,E,厉兑,解溪,内庭,陷谷,丰隆
针灸学,解溪穴是足阳明胃经的,C,原穴,输穴,经穴,郄穴,络穴
针灸学,下列腧穴中，治疗急性胃病应首选,B,梁门,梁丘,内庭,上巨虚,下巨虚
针灸学,大肠的募穴是,E,下脘,中脘,梁门,水道,天枢
针灸学,大肠的下合穴是,D,合谷,曲池,天枢,上巨虚,下巨虚
针灸学,下列郄穴所属经脉错误的是,A,阳交—阳跷脉,交信—阴跷脉,阴郄—心经,郄门—心包经,中都—肝经
针灸学,以下哪穴不是八会穴,B,阳陵泉,阴陵泉,绝骨,大杼,章门
针灸学,八脉交会穴中通于阳跷脉的是,B,昆仑,申脉,后溪,外关,足临泣
针灸学,八脉交会穴中通于阴维脉的腧穴是,B,列缺,内关,照海,公孙,大陵
针灸学,中极穴是以下哪个脏腑之募穴,C,大肠,小肠,膀胱,肾,肝
针灸学,以下哪穴不是募穴,C,中极,关元,神阙,中脘,膻中
针灸学,以下哪穴不是荥水穴,D,二间,前谷,侠溪,鱼际,内庭
针灸学,治疗腑病多选用,D,背俞穴,五输穴,原穴,募穴,郄穴
针灸学,下列腧穴中，不属于下合穴的是,D,委中,委阳,阳陵泉,阴陵泉,上巨虚
针灸学,下列五输穴中，属于手太阴肺经之母经母穴的是,C,太渊,太冲,太白,太溪,阳溪
针灸学,下列五输穴中，属于本经子穴的是,C,大都,中渚,行间,解溪,少府
针灸学,八会穴是指,E,脏腑之气输注于背腰部的腧穴,脏腑之气汇聚于胸腹部的腧穴,六腑之气下合于足三阳经的腧穴,十二经脉与奇经八脉相通的8个输穴,脏、腑、气、血、筋、脉、骨、髓等精气聚会的8个腧穴
针灸学,八脉交会穴是指,D,脏腑之气输注于背腰部的腧穴,脏腑之气汇聚于胸腹部的腧穴,六腑之气下合于足三阳经的腧穴,十二经脉与奇经八脉相通的8个输穴,脏、腑、气、血、筋、脉、骨、髓等精气聚会的8个腧穴
针灸学,八会穴之气会是,C,气海,中脘,膻中,关元,太渊
针灸学,心包募穴是,C,气海,中脘,膻中,关元,太渊
针灸学,八会穴中的髓会是,B,丘墟,绝骨,血海,膈俞,阳陵泉
针灸学,八会穴中的血会是,D,丘墟,绝骨,血海,膈俞,阳陵泉
针灸学,既是原穴又是八会穴的穴是,B,悬钟,太渊,太白,公孙,足临泣
针灸学,既是络穴又是八脉交会穴的是,D,悬钟,太渊,太白,公孙,足临泣
针灸学,五行属水，又为合穴的是,E,太溪,侠溪,少府,中府,阴陵泉
针灸学,五行属火，又为荥穴的是,C,太溪,侠溪,少府,中府,阴陵泉
针灸学,三焦的募穴是,B,膈俞,石门,章门,期门,血海
针灸学,八会穴之血会是,A,膈俞,石门,章门,期门,血海
针灸学,足厥阴肝经的荥穴是,B,大敦,行间,曲泉,太冲,中都
针灸学,足厥阴肝经的输穴是,D,大敦,行间,曲泉,太冲,中都
针灸学,下合穴共有,B,5个,6个,12个,15个,16个
针灸学,郄穴共有,E,5个,6个,12个,15个,16个
针灸学,表里两经同病者，治疗宜选,B,原穴,络穴,郄穴,下合穴,八脉交会穴
针灸学,病在腑者，治疗宜选,D,原穴,络穴,郄穴,下合穴,八脉交会穴
针灸学,横指同身寸法中，以患者何指何处横纹为标准，将四指的宽度作为3寸,A,中指中节,食指中节,无名指中节,小指中节,小指末节
针灸学,腋窝顶点至第11肋游离端（章门）的骨度分寸是,C,9寸,11寸,12寸,13寸,16寸
针灸学,肘横纹（平肘尖）至腕掌（背）侧横纹的骨度分寸是,D,6寸,8寸,9寸,12寸,13寸
针灸学,股骨大转子至腘横纹的骨度分寸是,E,13寸,14寸,16寸,18寸,19寸
针灸学,胫骨内侧髁下方至内踝尖的骨度分寸是,A,13寸,14寸,16寸,18寸,19寸
针灸学,耻骨联合上缘至股骨内上髁上缘的骨度分寸是,D,13寸,14寸,16寸,18寸,19寸
针灸学,肩胛骨内缘（近脊柱侧点）至后正中线的骨度分寸是,B,1.5寸,3寸,4寸,6寸,8寸
针灸学,耳后两乳突之间的骨度分寸是,D,4寸,6寸,8寸,9寸,12寸
针灸学,胸剑联合中点至脐中的骨度分寸是,C,4寸,6寸,8寸,9寸,12寸
针灸学,前额发角（头维）之间的骨度分寸是,C,6寸,8寸,9寸,12寸,13寸
针灸学,前发际正中至后发际正中的骨度分寸是,D,6寸,8寸,9寸,12寸,13寸
针灸学,股骨大转子至腘横纹的骨度分寸是,E,13寸,14寸,16寸,18寸,19寸
针灸学,腘横纹至外踝尖的骨度分寸是,C,13寸,14寸,16寸,18寸,19寸
针灸学,胫骨内侧髁下方至内踝尖的骨度分寸是,E,6寸,8寸,9寸,12寸,13寸
针灸学,肘横纹（平肘尖）至腕掌（背）侧横纹的骨度分寸是,D,6寸,8寸,9寸,12寸,13寸
针灸学,以腓骨小头为标志，在其前下方凹陷中定阳陵泉，此种取穴方法属,B,简便取穴法,固定标志定位法,活动标志定位法,骨度同身寸定位法,中指同身寸定位法
针灸学,以立正姿势，手臂自然下垂，其中指端在下肢所触及处为风市，此种取穴方法属,A,简便取穴法,固定标志定位法,活动标志定位法,骨度同身寸定位法,中指同身寸定位法
针灸学,既可治疗咳嗽，又可治疗中风昏迷的是,C,太渊,孔最,少商,鱼际,尺泽
针灸学,下列腧穴中，治疗头项强痛应首选,E,太渊,鱼际,中府,尺泽,列缺
针灸学,应注意避开血管针刺的是,A,太渊,鱼际,列缺,合谷,血海
针灸学,肺的募穴所属的经脉是,C,脾经,肾经,肺经,任脉,胃经
针灸学,以下哪项不是尺泽穴的主治病证,E,咯血、咽痛,咳嗽、气喘,急性吐泻,中暑、小儿惊风,齿痛、口眼歪斜
针灸学,孔最穴位于尺泽穴与太渊穴连线上，腕横纹上,D,4寸处,5寸处,6寸处,7寸处,8寸处
针灸学,手太阴肺经的起止穴是,B,少商、中府,中府、少商,商阳、中府,中府、商阳,商阳、迎香
针灸学,善于治疗无脉症的腧穴是,D,孔最,尺泽,列缺,太渊,少商
针灸学,在肘横纹中，肱二头肌腱桡侧凹陷处的腧穴是,D,小海,少海,曲泽,尺泽,曲池
针灸学,在腕掌侧横纹桡侧，桡动脉的桡侧凹陷中的穴位是,B,大陵,太渊,阳溪,神门,阳池
针灸学,在腕横纹尺侧端，尺侧腕屈肌腱的桡侧凹陷处的穴位是,D,大陵,太渊,阳溪,神门,阳池
针灸学,位于第1掌骨中点桡侧，赤白肉际处的腧穴是,C,太渊,孔最,鱼际,列缺,偏历
针灸学,位于尺泽穴与太渊穴连线上，腕横纹上7寸处的腧穴是,B,太渊,孔最,鱼际,列缺,偏历
针灸学,手太阴肺经与手阳明大肠经的循行交接部位是,D,无名指,小指,拇指,食指,中指
针灸学,下列各项中，不正确的是,A,阳池属于手太阳小肠经,后溪属于手太阳小肠经,肩髎属于手少阳三焦经,养老属于手太阳小肠经,肩髃属于手阳明大肠经
针灸学,经脉循行中，不与目内眦或目外眦发生联系的是,C,手少阳三焦经,手太阳小肠经,手阳明大肠经,足太阳膀胱经,足少阳胆经
针灸学,下列腧穴中，可以治疗胆道蛔虫症的是,E,商阳,合谷,阳溪,手三里,迎香
针灸学,下列腧穴中，治疗高血压首选,C,曲泽,尺泽,曲池,中渚,小海
针灸学,臂外展或平举时，肩部出现两个凹陷，当肩峰前下方凹陷处的穴位是,C,肩髎,肩贞,肩髃,肩中俞,肩外俞
针灸学,循行“入下齿中”的经脉是,B,小肠经,大肠经,胃经,脾经,肝经
针灸学,大肠的募穴所属的经脉是,C,大肠经,小肠经,胃经,任脉,脾经
针灸学,手三里位于阳溪与曲池连线上，肘横纹下,B,1寸,2寸,3寸,4寸,5寸
针灸学,位于腕背横纹桡侧，当拇短伸肌腱与拇长伸肌腱之间的凹陷中的穴位是,C,大陵,太渊,阳溪,神门,阳池
针灸学,偏历穴位于阳溪穴与曲池穴连线上，腕横纹上,B,1寸,3寸,5寸,7寸,9寸
针灸学,手阳明大肠经的经穴是,E,商阳,合谷,阳池,偏历,阳溪
针灸学,手阳明大肠经的原穴是,B,商阳,合谷,阳池,偏历,阳溪
针灸学,常用于治疗瘾疹瘰疬的是,E,商阳,合谷,阳溪,偏历,曲池
针灸学,常用于治疗经闭滞产的穴位是,B,商阳,合谷,阳溪,偏历,曲池
针灸学,位于面部，颧弓下缘中央与下颌切迹之间凹陷中的腧穴是,C,耳门,听宫,下关,四白,颊车
针灸学,胃经循行未至的部位是,B,膈,下齿,口,目,鼻
针灸学,在胸部，距前正中线4寸循行的经脉是,D,足太阴脾经,手厥阴心包经,足少阴肾经,足阳明胃经,手太阴肺经
针灸学,在足背踝关节横纹中央凹陷处，当拇长伸肌腱与趾长伸肌腱之间的穴位是,B,冲阳,解溪,阳溪,丘墟,陷谷
针灸学,经足背到第2足趾的经脉是,C,足太阴脾经,足厥阴肝经,足阳明胃经,足少阳胆经,足太阳膀胱经
针灸学,胃经在循行中，未与以下何处发生联系,E,口,目,鼻,膈,下齿
针灸学,在小腿外侧，外踝尖上8寸，胫骨前肌外缘；条口旁开1寸的穴位是,A,丰隆,地机,解溪,上巨虚,下巨虚
针灸学,胃的募穴所属的经脉是,B,肺经,任脉,胃经,脾经,肾经
针灸学,头维穴属于哪条经脉,B,足少阳胆经,足阳明胃经,足太阳膀胱经,手阳明大肠经,手少阳三焦经
针灸学,足阳明胃经的起始穴是,B,厉兑,承泣,迎香,大敦,内庭
针灸学,位于脐中上4寸，前正中线旁开2寸的穴位是,D,不容,承满,关门,梁门,天枢
针灸学,厉兑穴位于,B,第2趾内侧趾甲根角旁约0.1寸,第2趾外侧趾甲根角旁约0.1寸,第4趾内侧趾甲根角旁约0.1寸,第4趾外侧趾甲根角旁约0.1寸,第3趾内侧趾甲根角旁约0.1寸
针灸学,梁丘穴在髂前上棘与髌骨底外缘连线上，髌骨外上缘上,B,1寸,2寸,4寸,6寸,8寸
针灸学,内庭穴的主治是,C,痰饮病证,妇科病证,五官热证,出血病证,肝胆病证
针灸学,丰隆穴的主治是,A,痰饮病证,妇科病证,五官热证,出血病证,肝胆病证
针灸学,强壮保健要穴是,A,足三里,上巨虚,下巨虚,条口,丰隆
针灸学,治疗痰饮病证的要穴是,E,足三里,上巨虚,下巨虚,条口,丰隆
针灸学,大包穴位于侧胸部腋中线上,A,当第6肋间隙处,当第7肋间隙处,当第3肋间隙处,当第4肋间隙处,当第5肋间隙处
针灸学,起于足大指之端，夹咽，连舌本，散舌下的经脉是,C,手少阴心经,足厥阴肝经,足太阴脾经,足少阴肾经,手厥阴心包经
针灸学,脾经在循行中，未与以下何处发生联系,D,舌,咽,膈,肝,心
针灸学,以下哪项不是三阴交穴的主治病证,E,脾胃虚弱证,妇产科病证,生殖泌尿系统病证,心悸、失眠,阳虚诸证
针灸学,屈膝，在髌骨内上缘上2寸，当股四头肌内侧头的隆起处的腧穴善于治疗,C,乳痈,咳嗽,瘾疹,四肢疼痛,全身疼痛
针灸学,足大趾内侧趾甲根角旁约0.1寸的穴位是,A,隐白,大敦,厉兑,至阴,足临泣
针灸学,位于侧胸部腋中线上，当第6肋间隙处的腧穴常用于治疗,E,乳痈,咳嗽,瘾疹,四肢疼痛,全身疼痛
针灸学,足太阴脾经的终止穴是,D,隐白,大敦,厉兑,大包,章门
针灸学,下列腧穴中，治疗痛经首选穴是,E,隐白,太白,公孙,血海,地机
针灸学,在第1跖趾关节近端赤白肉际凹陷中的腧穴是,B,太冲,太白,公孙,然谷,行间
针灸学,位于内踝尖与阴陵泉穴的连线上，阴陵泉穴下3寸的腧穴是,D,束骨,太白,公孙,地机,三阴交
针灸学,善治水湿病证的腧穴是,E,隐白,公孙,地机,三阴交,阴陵泉
针灸学,善治慢性出血证的腧穴是,A,隐白,公孙,地机,三阴交,阴陵泉
针灸学,属于手少阴心经起止穴的是,D,极泉、少府,中府、少冲,天池、中冲,极泉、少冲,中府、少泽
针灸学,在手指，小指末节桡侧，指甲根角侧上方0.1寸的腧穴是,A,少冲,少府,少泽,少商,中冲
针灸学,不属于手少阴心经的腧穴是,B,少冲、,少泽,少府,少海,通里
针灸学,以下哪项不是神门穴的主治病证,E,心痛、惊悸,健忘、失眠,高血压,胸胁痛,呕血、衄血
针灸学,手少阴心经起于,D,少府,少冲,中冲,极泉,中府
针灸学,位于腕横纹尺侧，尺侧腕屈肌腱的桡侧凹陷处的腧穴是,E,极泉,少海,通里,阴郄,神门
针灸学,在胸部没有穴位的经脉是,B,手太阴肺经,手少阴心经,手厥阴心包经,足少阴肾经,足太阴脾经
针灸学,阴郄穴位于尺侧腕屈肌腱的桡侧缘，腕横纹上,A,0.5寸,1寸,1.5寸,2寸,2.5寸
针灸学,屈肘，当肘横纹内侧端与肱骨内上髁连经的中点处的腧穴是,D,曲池,曲泽,尺泽,少海,小海
针灸学,常用于治疗吐血、衄血等血证的腧穴是,D,极泉,少海,通里,阴郄,少府
针灸学,腕横纹上0.5寸，尺侧腕届肌腱的桡侧缘的腧穴是,E,少海,神门,通里,少府,阴郄
针灸学,腕横纹上1寸，尺侧腕屈肌腱的桡侧缘的腧穴是,C,少海,神门,通里,少府,阴郄
针灸学,可治疗热病、头痛、咽喉肿痛的腧穴是,D,支正,听宫,后溪,少泽,养老
针灸学,循行既到目内眦又到目外眦的经脉是,D,足太阳膀胱经,足少阳胆经,手阳明大肠经,手太阳小肠经,手少阳三焦经
针灸学,耳屏前，下颌骨髁状突的后方，张口时呈凹陷处的腧穴是,B,耳门,听宫,听会,上关,下关
针灸学,位于肩胛冈下窝中央凹陷处，约当肩胛冈下缘与肩胛下角之间的1／3折点处的腧穴是,C,肩贞,臑俞,天宗,秉风,曲垣
针灸学,属于手太阳小肠经的腧穴是,B,听会,听宫,耳门,神门,下关
针灸学,下列何经循行“绕肩胛”,C,手阳明大肠经,足太阳膀胱经,手太阳小肠经,手少阳三焦经,足少阳胆经
针灸学,位于耳前的耳门、听宫、听会三穴，其所归属经脉分别是,C,胆经、三焦经、小肠经,三焦经、胆经、小肠经,三焦经、小肠经、胆经,胆经、小肠经、三焦经,小肠经、胆经、三焦经
针灸学,后溪穴的定位是,B,第5掌骨基底与三角骨之间的凹陷处赤白肉际,微握拳，第5掌指关节尺侧近端赤白肉际凹陷中。,腕背横纹尺侧缘，当尺骨茎突与三角骨之间的凹陷处,以手掌面向胸，当尺骨茎突桡侧骨缝凹陷中,掌心向胸，阳谷穴与小海穴的连线上，腕背横纹上5寸
针灸学,养老穴的定位是,D,第5掌骨基底与三角骨之间的凹陷处赤白肉际,微握拳，第5掌指关节尺侧近端赤白肉际凹陷中。,腕背横纹尺侧缘，当尺骨茎突与三角骨之间的凹陷处,以手掌面向胸，当尺骨茎突桡侧骨缝凹陷中,掌心向胸，阳谷穴与小海穴的连线上，腕背横纹上5寸
针灸学,手少阴心经除属络的脏腑外，循行中联络的脏腑还有,A,肺,脾,肾,胃,胆
针灸学,手太阳小肠经除属络的脏腑外，循行中联络的脏腑还有,D,肺,脾,肾,胃,胆
针灸学,常用于治疗皮肤瘙痒等皮肤病证的腧穴是,B,肾俞,膈俞,心俞,肝俞,脾俞
针灸学,与腰阳关穴在同一水平线上的腧穴是,D,胃俞,肾俞,膀胱俞,大肠俞,肝俞
针灸学,下列有关睛明穴针刺操作的叙述，不正确的是,C,针具宜细，消毒宜严,禁灸,遇到阻力时，可继续进针,不捻转，不提插,出针后按压针孔片刻
针灸学,第4腰椎棘突下，后正中线旁开1.5寸的腧穴是,B,膀胱俞,大肠俞,肝俞,胃俞,肾俞
针灸学,脾俞穴的定位是,D,第7胸椎棘突下，旁开1.5寸,第9胸椎棘突下，旁开1.5寸,第10胸椎棘突下，旁开1.5寸,第11胸椎棘突下，旁开1.5寸,第12胸椎棘突下，旁开1.5寸
针灸学,下列腧穴中，治疗痔疾常取,C,天枢,委阳,承山,申脉,昆仑
针灸学,申脉穴位于,B,昆仑直上3寸,外踝直下方凹陷中,外踝尖与跟腱之间的凹陷处,第5跖骨粗隆下方，赤白肉际处,昆仑穴直下，跟骨外侧，赤白肉际处
针灸学,下列腧穴中，治疗急性吐泻有速效的是,B,委阳,委中,承山,飞扬,昆仑
针灸学,第2腰椎棘突下，后正中线旁开1.5寸的腧穴是,E,脾俞,胃俞,肝俞,胆俞,肾俞
针灸学,下列腧穴中，常用于治疗呃逆症的是,B,睛明,攒竹,承泣,四白,印堂
针灸学,下列何经循行至头顶并入络脑,B,足厥阴肝经,足太阳膀胱经,手少阳三焦经,足少阳胆经,手太阳小肠经
针灸学,在颈后区，横平第2颈椎棘突上际，斜方肌外缘凹陷中的腧穴是,B,风池,天柱,风府,翳风,风门
针灸学,膀胱俞的定位是,B,第1骶椎棘突下，旁开1.5寸，约平第1骶后孔,第2骶椎棘突下，旁开1.5寸，约平第2骶后孔,第3骶椎棘突下，旁开1.5寸，约平第3骶后孔,第2骶椎棘突下，旁开3寸，约平第2骶后孔,第3骶椎棘突下，旁开3寸，约平第3骶后孔
针灸学,秩边穴的定位是,D,平第1骶后孔，骶正中嵴旁开3寸,平第2骶后孔，骶正中嵴旁开3寸,平第3骶后孔，骶正中嵴旁开3寸,平第4骶后孔，骶正中嵴旁开3寸,平第3骶后孔，骶正中嵴旁开1.5寸
针灸学,膏盲穴的定位是,C,第2胸椎棘突下，旁开3寸,第3胸椎棘突下，旁开3寸,第4胸椎棘突下，旁开3寸,第5胸椎棘突下，旁开3寸,第6胸椎棘突下，旁开3寸
针灸学,以上腧穴中，常用于治疗呃逆症的是,A,攒竹,委阳,承山,天枢,昆仑
针灸学,以上腧穴中，治疗痔疾常取,C,攒竹,委阳,承山,天枢,昆仑
针灸学,次髎穴的主治病证是,B,滞产,痛经,丹毒,呃逆,便秘
针灸学,委中穴的主治病证是,C,滞产,痛经,丹毒,呃逆,便秘
针灸学,心俞穴位于,B,第3胸椎棘突下，旁开1.5寸,第5胸椎棘突下，旁开1.5寸,第6胸椎棘突下，旁开1.5寸,第7胸椎棘突下，旁开1.5寸,第9胸椎棘突下，旁开1.5寸
针灸学,肝俞穴位于,E,第3胸椎棘突下，旁开1.5寸,第5胸椎棘突下，旁开1.5寸,第6胸椎棘突下，旁开1.5寸,第7胸椎棘突下，旁开1.5寸,第9胸椎棘突下，旁开1.5寸
针灸学,起于目内眦的经脉是,C,手阳明大肠经,足阳明胃经,足太阳膀胱经,手太阳小肠经,足少阳胆经
针灸学,起于目锐眦的经脉是,E,手阳明大肠经,足阳明胃经,足太阳膀胱经,手太阳小肠经,足少阳胆经
针灸学,下列各项中，不属于照海穴主治病证的是,D,小便频数、癃闭,咽喉干痛、目赤肿痛,失眠、癫痫,呕吐涎沫、吐舌,月经不调、带下
针灸学,肾经在循行中，未与以下何脏腑发生联系,E,肝,肺,心,膀胱,心包
针灸学,以下哪条经脉“贯脊”,C,任脉,带脉,足少阴肾经,足太阳膀胱经,足少阳胆经
针灸学,足少阴肾经在腹部的循行是旁开前正中线,A,0.5寸,1寸,2寸,4寸,6寸
针灸学,下列经脉中，在大腿部没有经穴分布的是,E,足阳明胃经,足少阳胆经,足太阴脾经,足厥阴肝经,足少阴肾经
针灸学,下列腧穴中，治疗汗证首选,A,复溜,然谷,太溪,阴谷,大钟
针灸学,位于脐旁0.5寸的腧穴是,D,膏肓,气海,大横,肓俞,天枢
针灸学,位于外踝直下方凹陷中的腧穴是,D,商丘,丘墟,照海,申脉,然谷
针灸学,位于内踝高点正下缘凹陷处的腧穴是,C,商丘,丘墟,照海,申脉,然谷
针灸学,以上腧穴中，善于治疗痴呆的腧穴是,E,然谷,复溜,太溪,阴谷,大钟
针灸学,以上腧穴中，治疗汗证应首选,B,然谷,复溜,太溪,阴谷,大钟
针灸学,下列不属于曲泽穴主治病证的是,E,暑热病,肘臂挛痛,心痛、善惊,胃痛、呕血,咳嗽、胸满
针灸学,除心、心包、胸、神志病外，手厥阴经腧穴还可用于治疗的病证是,C,胆病,脾病,胃病,肾病,肝病
针灸学,中冲穴的主治病证是,A,热病、舌强肿痛,咯血、肘臂挛痛,心痛、心悸,胃痛、呕吐,热病、疟疾
针灸学,在肘横纹中，肱二头肌腱尺侧凹陷处的腧穴是,C,少海,小海,曲泽,曲池,尺泽
针灸学,下列哪组是手厥阴心包经的起止穴,A,天池、中冲,极泉、中冲,天池、少冲,极泉、少冲,少府、少冲
针灸学,用于治疗心痛、心悸、呕血、咳血、疔疮的腧穴是,E,内关,孔最,间使,外关,郄门
针灸学,间使穴的定位是,B,腕横纹上5寸，掌长肌腱与桡侧腕屈肌腱之间,腕横纹上3寸，掌长肌腱与桡侧腕屈肌腱之间,腕横纹上2寸，掌长肌腱与桡侧腕屈肌腱之间,腕横纹上1寸，掌长肌腱与桡侧腕屈肌腱之间,腕横纹中央，掌长肌腱与桡侧腕屈肌腱之间
针灸学,中冲穴的定位是,D,中指尺侧指甲根角旁0.1寸,中指桡侧指甲根角旁0.1寸,无名指桡侧指甲根角旁0.1寸,中指尖端的中央,无名指尖端的中央
针灸学,以上哪组是手厥阴心包经的起止穴,C,天池、少冲,极泉、中冲,天池、中冲,极泉、少冲,中府、少冲
针灸学,以上哪组是手少阴心经的起止穴,D,天池、少冲,极泉、中冲,天池、中冲,极泉、少冲,中府、少冲
针灸学,善于治疗心痛烦闷口疮口臭的腧穴是,B,内关,劳宫,间使,外关,曲泽
针灸学,善于治疗胃痛呕血呕吐暑热病的腧穴是,E,内关,劳宫,间使,外关,曲泽
针灸学,间使穴的定位是,C,腕横纹上5寸，掌长肌腱与桡侧腕屈肌腱之间,腕横纹上4寸，掌长肌腱与桡侧腕屈肌腱之间,腕横纹上3寸，掌长肌腱与桡侧腕屈肌腱之间,腕横纹上2寸，掌长肌腱与桡侧腕屈肌腱之间,腕横纹上1寸，掌长肌腱与桡侧腕屈肌腱之间
针灸学,内关穴的定位是,D,腕横纹上5寸，掌长肌腱与桡侧腕屈肌腱之间,腕横纹上4寸，掌长肌腱与桡侧腕屈肌腱之间,腕横纹上3寸，掌长肌腱与桡侧腕屈肌腱之间,腕横纹上2寸，掌长肌腱与桡侧腕屈肌腱之间,腕横纹上1寸，掌长肌腱与桡侧腕屈肌腱之间
针灸学,经脉循行“其支者，从耳后入耳中，出走耳前，过客主人，前交颊，至目锐眦”者是以下哪条经脉,D,足少阳胆经,足少阴肾经,手阳明大肠经,手少阳三焦经,手太阳小肠经
针灸学,下列哪组是手少阳三焦经的起止穴,B,关冲、耳门,关冲、丝竹空,少冲、耳门,少冲、丝竹空,中冲、耳门
针灸学,位于乳突前下方与下颌角之间的凹陷中的腧穴是,B,角孙,翳风,翳明,牵正,头临泣
针灸学,下列输穴中，治疗便秘效果较好的是,D,关冲,中渚,阳池,支沟,外关
针灸学,耳屏上切迹前，下颌骨髁状突的后缘，张口有凹陷处的腧穴是,A,耳门,听宫,听会,颧髎,下关
针灸学,阳池穴的定位是,C,手背，第4、5掌指关节之间的前缘凹陷中,手背，第4、5掌骨小头后缘之间凹陷中，液门后1寸,腕背横纹中，指总伸肌腱尺侧缘凹陷中,腕背横纹桡侧，当拇短伸肌腱与拇长伸肌腱之间的凹陷中,腕背横纹尺侧端，当尺骨茎突与三角骨之间的凹陷处
针灸学,中渚穴的定位是,B,手背，第4、5掌指关节之间的前缘凹陷中,手背，第4、5掌骨小头后缘之间凹陷中，液门后1寸,腕背横纹中，指总伸肌腱尺侧缘凹陷中,腕背横纹桡侧，当拇短伸肌腱与拇长伸肌腱之间的凹陷中,腕背横纹尺侧端，当尺骨茎突与三角骨之间的凹陷处
针灸学,常用于治疗消渴口干腕部疼痛的腧穴是,B,阳溪,阳池,照海,中渚,支正
针灸学,常用于治疗耳鸣耳聋肩肘臂酸痛的腧穴是,D,阳溪,阳池,照海,中渚,支正
针灸学,针刺环跳穴的最佳体位是,E,坐位,站位,仰卧位,俯卧位,侧卧位
针灸学,第4、5跖骨底结合部的前方，第5趾长伸肌腱外侧凹陷中的穴位是,B,丘墟,足临泣,悬钟,申脉,束骨
针灸学,以下腧穴中，不属于足少阳胆经的是,B,风市,风门,风池,足临泣,头临泣
针灸学,下列何经循行从耳后，进入耳中，出走耳前,E,足太阳膀胱经,手太阳小肠经,足阳明胃经,手阳明大肠经,足少阳胆经
针灸学,头临泣穴的定位是,B,入前发际0.5寸，督脉旁开3寸,目正视，瞳孔直上入前发际0.5寸，神庭与头维连线的中点,当额角发际上0.5寸，头正中线旁开4.5寸,攒竹穴直上，入发际0.5寸,前发际正中直上1寸，旁开1.5寸
针灸学,足临泣常用于治疗,D,痴呆、中风,心痛、胸闷,呕吐、呃逆,乳痈、瘰疬,难产、胁痛
针灸学,悬钟常用于治疗,A,痴呆、中风,心痛、胸闷,呕吐、呃逆,乳痈、瘰疬,难产、胁痛
针灸学,丘墟穴的定位是,B,内踝前下方凹陷中，当舟骨结节与内踝尖连线的中点处,外踝前下方，趾长伸肌腱的外侧凹陷中,外踝高点上3寸，腓骨前缘,外踝高点上4寸，腓骨前缘,外踝高点上5寸，腓骨前缘
针灸学,悬钟穴的定位是,C,内踝前下方凹陷中，当舟骨结节与内踝尖连线的中点处,外踝前下方，趾长伸肌腱的外侧凹陷中,外踝高点上3寸，腓骨前缘,外踝高点上4寸，腓骨前缘,外踝高点上5寸，腓骨前缘
针灸学,以上哪组经脉皆与肺相联系,D,手太阳、足少阳、手少阳经,手阳明、足太阳、足少阳经,手太阴、手阳明、足少阳经,手少阴、足厥阴、足少阴经,手太阴、足厥阴、手太阳经
针灸学,以上哪组经脉皆通于耳,A,手太阳、足少阳、手少阳经,手阳明、足太阳、足少阳经,手太阴、手阳明、足少阳经,手少阴、足厥阴、足少阴经,手太阴、足厥阴、手太阳经
针灸学,肝经在循行中，未与以下何处发生联系,C,喉咙,唇内,耳中,目系,颊部
针灸学,太冲穴的定位是,C,足背，当第1、2趾间的趾蹼缘上方纹头处,足背，当第2、3趾间的趾蹼缘上方纹头处,足背，第1、2跖骨结合部之前凹陷中,足背，第2、3跖骨结合部之前凹陷中,内踝前1寸，胫骨前肌腱内缘凹陷中
针灸学,期门的定位是,B,乳头直下，第5肋间隙，前正中线旁开4寸,乳头直下，第6肋间隙，前正中线旁开4寸,乳头直下，第7肋间隙，前正中线旁开4寸,第11肋游离端下际,侧腰部，第12肋游离端下际处
针灸学,下列何经循行到达巅顶,D,手少阴心经,足少阴肾经,手厥阴心包经,足厥阴肝经,手太阴肺经
针灸学,下列何经循行“环阴器”,D,足太阴脾经,足阳明胃经,足太阳膀胱经,足厥阴肝经,足少阳胆经
针灸学,常用于治疗疝气阴中痛的腧穴是,B,期门,大敦,隐白,章门,曲泉
针灸学,常用于治疗阴痒阳痿遗精小便不利的腧穴是,E,期门,大敦,隐白,章门,曲泉
针灸学,以上哪组经脉皆与肝相联系,A,足厥阴、足少阳、足少阴经,手太阴、足阳明、手厥阴经,足太阴、手阳明、足厥阴经,足阳明、手阳明、手厥阴经,足厥阴、手太阳、足太阴经
针灸学,以上哪组经脉皆与胃相联系,E,足厥阴、足少阳、足少阴经,手太阴、足阳明、手厥阴经,足太阴、手阳明、足厥阴经,足阳明、手阳明、手厥阴经,足厥阴、手太阳、足太阴经
针灸学,以下腧穴中，治疗痫证有较好作用的是,A,长强,腰阳关,命门,秩边,志室
针灸学,下列哪项不是大椎穴的主治病证,D,热病、疟疾,骨蒸潮热,癫狂痫、小儿惊风,腹泻、痢疾、脱肛,风疹、痤疮
针灸学,下列腧穴中，不属于督脉的腧穴是,D,腰阳关,上星,水沟,承浆,素髎
针灸学,上星穴的定位是,C,前发际正中,前发际正中直上0.5寸,前发际正中直上1寸,前发际正中直上1.5寸,前发际正中直上2寸
针灸学,善于治疗中风癫狂痫癔病等内风为患神志病证的腧穴是,A,风府,上星,志室,命门,哑门
针灸学,善于治疗遗精阳痿小便频数等肾阳不足病证的腧穴是,D,风府,上星,志室,命门,哑门
针灸学,善于治疗黄疸胸胁胀满等肝胆病证的腧穴是,E,头维,上星,大椎,膈俞,至阳
针灸学,善于治疗目痛鼻衄鼻渊等头面部病证的腧穴是,B,头维,上星,大椎,膈俞,至阳
针灸学,任脉循行未至以下何处,D,口唇,面部,咽喉,鼻,目
针灸学,下列腧穴中，不属于任脉的腧穴是,C,廉泉,天突,水沟,承浆,膻中
针灸学,气海穴的定位是前正中线上,C,脐下0.5寸,脐下1寸,脐下1.5寸,脐下2寸,脐下2.5寸
针灸学,善于治疗形体羸瘦脏气衰惫乏力等气虚病证的腧穴是,D,下脘,建里,中极,气海,关元
针灸学,善于治疗遗尿小便不利癃闭等泌尿系病证的腧穴是,C,下脘,建里,中极,气海,关元
针灸学,位于前正中线上，脐下4寸的腧穴是,C,建里,中脘,中极,气海,关元
针灸学,位于前正中线上，脐下1.5寸的腧穴是,D,建里,中脘,中极,气海,关元
针灸学,位于前正中线上，脐上3寸的腧穴是,B,下脘,建里,中极,上脘,关元
针灸学,位于前正中线上，脐上5寸的腧穴是,D,下脘,建里,中极,上脘,关元
针灸学,腰眼穴除用于治疗腰痛外，还可治疗,B,胃痛、胸胁痛,月经不调、带下、虚劳,失眠、头痛、癫狂,呕吐、消渴,目疾、鼻疾
针灸学,定喘穴的定位是在背上部,C,当第6颈椎棘突下，旁开0.5寸,当第6颈椎棘突下，旁开1寸,当第7颈椎棘突下，旁开0.5寸,当第7颈椎棘突下，旁开1寸,当第7颈椎棘突下，旁开1.5寸
针灸学,华佗夹脊穴位于后正中线旁开0.5寸,C,第1颈椎至第12胸椎棘突下两侧,第7颈椎至第5腰椎棘突下两侧,第1胸椎至第5腰椎棘突下两侧,第1胸椎至第12胸椎棘突下两侧,第1胸椎至骶管裂孔棘突下两侧
针灸学,在头部，当眉梢与目外眦之间，向后约一横指凹陷处的腧穴善于治疗,D,胸痛,落枕,腕痛,头痛,呃逆
针灸学,在手背侧，当第2第3掌骨间，掌指关节后约0.5寸处的腧穴善于治疗,B,胸痛,落枕,腕痛,头痛,呃逆
针灸学,位于背上部，当第7颈椎棘突下，旁开0.5寸的腧穴是,C,哑门,腰眼,定喘,腰痛点,夹脊穴
针灸学,位于腰部，当第4腰椎棘突下，旁开约3.5寸凹陷中的腧穴是,B,哑门,腰眼,定喘,腰痛点,夹脊穴
针灸学,针刺下列腧穴时，哪个穴位不适宜取俯卧位,B,天柱,天枢,天宗,风门,风市
针灸学,有关妊娠妇女针刺时的注意事项，叙述不正确的是,E,孕期不可以针刺三阴交、合谷,怀孕3个月以内者，不宜针刺小腹部的腧穴,怀孕3个月以上者，腹部腧穴不宜针刺,怀孕3个月以上者，腰骶部腧穴不宜针刺,可用合谷保胎
针灸学,有关晕针的处理方法，叙述不正确的是,B,立即停止针刺，将针全部起出,使患者平卧，头部抬高,宽衣解带，注意保暖,予以饮温开水或糖水,可刺人中、素髎、内关、足三里等穴
针灸学,属于提插补泻中泻法的操作是,E,先深后浅，重插轻提，提插幅度大，频率快,先深后浅，轻插重提，提插幅度小，频率快,先深后浅，轻插重提，提插幅度大，频率慢,先浅后深，轻插重提，提插幅度大，频率快,先深后浅，轻插重提，提插幅度大，频率快
针灸学,属于捻转补泻中补法的操作是,A,捻转角度小，用力轻，频率慢，操作时间短,捻转角度小，用力重，频率慢，操作时间短,捻转角度大，用力轻，频率快，操作时间短,捻转角度小，用力轻，频率慢，操作时间长,捻转角度大，用力轻，频率慢，操作时间短
针灸学,对提插补泻中泻法的叙述，下列哪项是错误的,E,先深后浅,轻插重提,提插幅度大，频率快,操作时间长,以下插用力为主
针灸学,对捻转补泻中泻法的叙述，下列哪项是错误的,A,捻转角度小,用力重,频率快,操作时间长,拇指向后，食指向前（右转用力为主）
针灸学,对捻转补泻中补法的叙述，下列哪项是错误的,B,捻转角度小,用力重,频率慢,操作时间短,拇指向前，食指向后（左转用力为主）
针灸学,以下哪项不是得气的感觉或反应,D,针刺部位有酸胀、麻重感,针刺部位出现热、凉、痒、痛、抽搐、蚁行等感觉,患者出现循经性肌肤恫动、震颤,医者刺手体会到针下空松、虚滑,医者刺手体会到针体颤动
针灸学,有关提插法叙述不正确的是,D,将针刺入腧穴一定深度后，施以上提下插的操作,幅度不宜过大，一般以3～5分为宜,指力一定要均匀一致,频率应较快，每分钟100次左右,保持针身垂直
针灸学,属于行针基本手法的是,D,循法,弹法,刮法,提插法,震颤法
针灸学,斜刺是指进针时针身与皮肤表面的角度为,D,15°左右,25°左右,30°左右,45°左右,60°左右
针灸学,夹持进针法适用于,B,短针的进针,长针的进针,皮肤松弛部位腧穴的进针,皮肤紧张部位腧穴的进针,皮肉浅薄部位腧穴的进针
针灸学,适用于皮肤松弛部位腧穴的进针方法是,B,单手进针法,舒张进针法,提捏进针法,夹持进针法,指切进针法
针灸学,仰靠坐位适宜取哪些部位的腧穴,D,头、面、胸背部腧穴和上、下肢部分腧穴,身体侧面腧穴和上、下肢部分腧穴,头、项、脊背、腰骶部的腧穴,前头、颜面和颈前等部位的腧穴,后头和项、背部的腧穴
针灸学,下列各项中，不属于行针辅助手法的是,E,循法,摇法,刮法,震颤法,捻转法
针灸学,下列有关针刺深度叙述错误的是,D,年老体弱者宜浅刺,形瘦体弱者宜浅刺,阳证宜浅刺,久病宜浅刺,头面、胸背部的腧穴宜浅刺
针灸学,有关针刺部位消毒的叙述错误的是,C,用75％酒精棉球擦拭,先用2％碘酊涂擦，稍干后，再用75％酒精棉球擦拭,用戊二醛溶液擦拭,从腧穴部位的中心点向外绕圈消毒,消毒后要保持洁净，防止重新污染
针灸学,呼吸补泻中泻法的操作是,C,病人吸气时捻转，呼气时提插,病人吸气时提插，呼气时捻转,病人吸气时进针，呼气时出针,病人吸气时进针，呼气时捻转,病人吸气时捻转，呼气时出针
针灸学,对毫针泻法的叙述，下列哪项是错误的,B,病人吸气时进针，呼气时出针为泻法,进针时徐徐刺入，少捻转，疾速出针者为泻法,进针时针尖迎着经脉循行来的方向刺人为泻法,出针时摇大针孔而不按为泻法,针下得气后，捻转角度大，用力重，频率快，操作时间长
针灸学,对毫针补法的叙述，下列哪项是错误的,A,病人吸气时进针，呼气时出针为补法,进针时徐徐刺入，少捻转，疾速出针者为补法,进针时针尖随着经脉循行去的方向刺入为补法,出针后迅速按针孔为补法,针下得气后，先浅后深，重插轻提，提插幅度小，频率慢，操作时间短
针灸学,针刺印堂穴常用的进针方法是,D,指切进针法,舒张进针法,夹持进针法,提捏进针法,单手进针法
针灸学,针刺环跳穴常用的进针方法是,C,指切进针法,舒张进针法,夹持进针法,提捏进针法,单手进针法
针灸学,指切进针法适宜于,A,短针的进针,长针的进针,皮肤松弛部位腧穴的进针,皮肤紧张部位腧穴的进针,皮肉浅薄部位腧穴的进针
针灸学,舒张进针法适宜于,C,短针的进针,长针的进针,皮肤松弛部位腧穴的进针,皮肤紧张部位腧穴的进针,皮肉浅薄部位腧穴的进针
针灸学,侧伏坐位适宜取,A,头部一侧、面颊及耳前后部位的腧穴,身体侧面腧穴和上、下肢部分腧穴,脊背、腰骶部、腹部的腧穴,前头、颜面和颈前等部位的腧穴,后头和项、背部的腧穴
针灸学,侧卧位适宜取,B,头部一侧、面颊及耳前后部位的腧穴,身体侧面腧穴和上、下肢部分腧穴,脊背、腰骶部、腹部的腧穴,前头、颜面和颈前等部位的腧穴,后头和项、背部的腧穴
针灸学,属于提插补法操作的是,B,先深后浅，轻插重提，提插幅度大，频率快，操作时间长,先浅后深，重插轻提，提插幅度小，频率慢，操作时间短,病人吸气时进针，呼气时出针,出针时摇大针孔而不按压,出针后迅速按压针孔
针灸学,属于开阖补法操作的是,E,先深后浅，轻插重提，提插幅度大，频率快，操作时间长,先浅后深，重插轻提，提插幅度小，频率慢，操作时间短,病人吸气时进针，呼气时出针,出针时摇大针孔而不按压,出针后迅速按压针孔
针灸学,属于捻转补法操作的是,A,针下得气后，捻转角度小，用力轻，频率慢,针下得气后，捻转角度大，用力重，频率快,进针时针尖迎着经脉循行来的方向刺入,进针时针尖随着经脉循行去的方向刺入,出针时摇大针孔而不按压
针灸学,属于迎随泻法操作的是,C,针下得气后，捻转角度小，用力轻，频率慢,针下得气后，捻转角度大，用力重，频率快,进针时针尖迎着经脉循行来的方向刺入,进针时针尖随着经脉循行去的方向刺入,出针时摇大针孔而不按压
针灸学,属于疾徐补法操作的是,D,病人吸气时进针，呼气时出针,病人呼气时进针，吸气时出针,进针时疾速刺入，多捻转，徐徐出针,进针时徐徐刺入，少捻转，疾速出针,出针时摇大针孔而不按
针灸学,属于呼吸泻法操作的是,A,病人吸气时进针，呼气时出针,病人呼气时进针，吸气时出针,进针时疾速刺入，多捻转，徐徐出针,进针时徐徐刺入，少捻转，疾速出针,出针时摇大针孔而不按
针灸学,针刺肾俞环跳足临泣，宜采用,B,仰卧位,侧卧位,俯卧位,仰靠坐位,俯伏坐位
针灸学,针刺人迎廉泉通里，宜采用,D,仰卧位,侧卧位,俯卧位,仰靠坐位,俯伏坐位
针灸学,下列哪项是施灸的禁忌证,E,泄泻,脱肛,瘿瘤,乳痈初起,阴虚发热证
针灸学,瘢痕灸多用于治疗,A,肺痨瘰疬,虚寒病证,风寒痹痛,阳痿早泄,疮疡久溃不敛
针灸学,隔盐灸多用于治疗,D,腹痛便秘,阳痿早泄,未溃疮疡,中风脱证,风寒痹痛
针灸学,隔姜灸多用于治疗,E,阳痿早泄,中风脱证,未溃疮疡,肺痨瘰疬,风寒痹痛
针灸学,属于艾炷灸的是,B,温针灸,隔盐灸,回旋灸,温和灸,蒜泥灸
针灸学,下列哪项不属于艾条灸,D,温和灸,雀啄灸,回旋灸,无瘢痕灸,太乙针灸
针灸学,属于间接灸的是,B,无瘢痕灸,隔附子饼灸,蒜泥灸,太乙神灸,温灸器灸
针灸学,属于直接灸的是,A,瘢痕灸,蒜泥灸,隔姜灸,实按灸,温灸器灸
针灸学,下列哪项不属于艾灸,C,瘢痕灸,隔蒜灸,蒜泥灸,实按灸,温针灸
针灸学,下列哪项不是灸法的治疗作用,C,温经散寒,扶阳固脱,开窍泻热,消瘀散结,防病保健
针灸学,有关灸法的注意事项，叙述不正确的是,B,先灸上部，后灸下部,先灸阴部，后灸阳部,壮数应先少后多,艾炷应先小后大.,施灸也应注意补泻的操作方法
针灸学,有清热解毒杀虫作用的是,B,隔姜灸,隔蒜灸,隔盐灸,温针灸,隔附子饼灸
针灸学,有回阳救逆固脱作用的是,C,隔姜灸,隔蒜灸,隔盐灸,温针灸,隔附子饼灸
针灸学,有温补肾阳作用的是,D,隔姜灸,隔蒜灸,隔盐灸,隔附子饼灸,瘢痕灸
针灸学,有温胃止呕作用的是,A,隔姜灸,隔蒜灸,隔盐灸,隔附子饼灸,瘢痕灸
针灸学,隔盐灸的适应病证是,C,瘰疬、初起的肿疡,风寒痹痛、呕吐,吐泻并作、中风脱证,因寒而致的呕吐、腹痛,疮疡久溃不敛
针灸学,隔附子饼灸的适应病证是,E,瘰疬、初起的肿疡,风寒痹痛、呕吐,吐泻并作、中风脱证,因寒而致的呕吐、腹痛,疮疡久溃不敛
针灸学,隔蒜灸的适应病证是,A,瘰疬、初起的肿疡,哮喘、肺痨、瘰疬,吐泻并作、中风脱证,因寒而致的呕吐、腹痛,命门火衰而致的阳痿、早泄
针灸学,隔姜灸的适应病证是,D,瘰疬、初起的肿疡,哮喘、肺痨、瘰疬,吐泻并作、中风脱证,因寒而致的呕吐、腹痛,命门火衰而致的阳痿、早泄
针灸学,以下哪项不是走罐法的适宜治疗部位,B,脊背,头部,腰臀,大腿,肩胛
针灸学,留罐法的留置时间一般为,C,3～5分钟,5～10分钟,10～15分钟,15～20分钟,20～30分钟
针灸学,治疗局部皮肤麻木或功能减退，常选的拔罐法是,C,留罐法,走罐法,闪罐法,刺血拔罐法,留针拔罐法
针灸学,治疗丹毒扭伤常选用,D,闪罐法,留罐法,走罐法,刺血拔罐法,留针拔罐法
针灸学,治疗局部皮肤麻木或功能减退常选用,A,闪罐法,留罐法,走罐法,刺血拔罐法,留针拔罐法
针灸学,三棱针散刺法常用于治疗哪种病证,D,昏厥,中暑,发热,局部瘀血,急性吐泻
针灸学,下列哪项不是三棱针的常用操作方法,C,点刺法,散刺法,透刺法,刺络法,挑刺法
针灸学,治疗痿证、瘫痪宜选用的电针波型是,B,疏密波,断续波,锯齿波,密波,疏波
针灸学,具有镇静、止痛、缓解肌肉痉挛选用的电针波型是,B,疏波,密波,疏密波,断续波,锯齿波
针灸学,电针取穴应选用,C,身体左右两侧腧穴组成1对，选1～3对穴位为宜,身体左右两侧腧穴组成1对，选5～6对穴位为宜,身体同侧腧穴组成1对，选1～3对穴位为宜,身体同侧腧穴组成1对，选5～6对穴位为宜,根据病情选择腧穴，不拘左右，穴数不限
针灸学,三棱针刺络法常取的腧穴是,B,十宣、井穴,曲泽、委中,肺俞、胃俞,合谷、太冲,列缺、照海
针灸学,三棱针点刺法常取的腧穴是,A,十宣、井穴,曲泽、委中,肺俞、胃俞,合谷、太冲,列缺、照海
针灸学,对横纹肌有良好的刺激收缩作用的是,B,疏密波,断续波,锯齿波,密波,疏波
针灸学,能促进气血循环，消除炎性水肿的是,A,疏密波,断续波,锯齿波,密波,疏波
针灸学,用于镇静止痛缓解肌肉痉挛宜选用,E,疏密波,断续波,锯齿波,疏波,密波
针灸学,治疗痿证瘫痪宜选用,B,疏密波,断续波,锯齿波,疏波,密波
针灸学,下列哪项不是耳针的选穴原则,D,按相应部位选穴,按脏腑辨证选穴,按经络辨证选穴,按标本根结理论选穴,按西医学理论选穴
针灸学,耳穴风溪主治,C,指、腕部疼痛,咳嗽、胸闷、便秘,荨麻疹、过敏性鼻炎,健忘、神经衰弱,声音嘶哑、失语
针灸学,位于耳垂正面中央部，即耳垂5区的耳穴是,D,舌,颌,牙,眼,内耳
针灸学,位于在屏间切迹内，耳甲腔的前下部，即耳甲18区的耳穴是,D,肺,三焦,皮质下,内分泌,气管
针灸学,位于耳屏游离缘下部尖端，即耳屏2区后缘处的耳穴是,C,屏尖,屏间前,肾上腺,下屏,外耳
针灸学,治疗周围性面瘫，应选择的头穴线是,D,顶颞前斜线,顶颞后斜线,顶旁2线,颞前线,颞后线
针灸学,顶旁1线的定位是：在头顶部，督脉旁开1.5寸,B,从承光穴向后引一条长1.5寸的线,从通天穴向后引一条长1.5寸的线,从络却穴向后引一条长1.5寸的线,从承光穴向后引一条长1寸的线,从通天穴向后引一条长1寸的线
针灸学,额中线的定位是，在头前部,C,从上星穴向前引一条长1寸的线,从上星穴向后引一条长1寸的线,从神庭穴向前引一条长1寸的线,从神庭穴向后引一条长1寸的线,从眉冲穴向后引一条长1寸的线
针灸学,耳穴“神门”的主治病证是,D,休克、低血压、风湿性关节炎,胃肠痉挛、心绞痛、胆绞痛,盆腔炎、附件炎、痛经,失眠、高血压、戒断综合征,发热、高血压、急性结膜炎
针灸学,耳穴“肾上腺”的主治病证是,A,休克、低血压、风湿性关节炎,胃肠痉挛、心绞痛、胆绞痛,盆腔炎、附件炎、痛经,失眠、高血压、戒断综合征,发热、高血压、急性结膜炎
针灸学,耳穴“耳尖”的主治病证是,A,发热、高血压、急性结膜炎,呃逆、荨麻疹、皮肤瘙痒症,胃肠痉挛、心绞痛、胆绞痛,腹泻、痛经、失眠,盆腔炎、附件炎、痛经
针灸学,耳穴“交感”的主治病证是,C,发热、高血压、急性结膜炎,呃逆、荨麻疹、皮肤瘙痒症,胃肠痉挛、心绞痛、胆绞痛,腹泻、痛经、失眠,盆腔炎、附件炎、痛经
针灸学,在头的颞部，胆经颔厌穴与悬厘穴的连线是标准头穴线,A,颞前线,颞后线,额中线,顶中线,顶颞后斜线
针灸学,在头前部，从督脉神庭穴向前引一条长1寸的直线，是标准头穴线,C,颞前线,颞后线,额中线,顶中线,顶颞后斜线
针灸学,下列各组中，属于原络配穴的是,D,大陵、内关,内关、外关,太渊、合谷,神门、支正,太白、冲阳
针灸学,下列各组中，不属于俞募配穴的是,B,肺俞、中府,膀胱俞、关元,胃俞、中脘,心俞、巨阙,三焦俞、石门
针灸学,下列哪项不属于前后配穴,C,中府、肺俞,中脘、膈俞,期门、外关,天枢、肾俞,中极、次髎
针灸学,下列哪项属于前后配穴,A,膻中、厥阴俞,中脘、三阴交,期门、太冲,太溪、肾俞,中极、三阴交
针灸学,下列哪项不属于同名经配穴,C,耳鸣取中渚、足临泣,头痛取外关、阳陵泉,失眠取神门、三阴交,牙痛取合谷、内庭,便秘取天枢、合谷
针灸学,下列哪项不属于对症选穴,B,落枕取外劳宫,肾阴不足选肾俞、太溪,目赤取耳尖,面瘫取牵正,腰痛取腰痛点
针灸学,下列哪项不属于远部选穴,D,目赤选关冲,胃痛选足三里,耳聋选中渚,咳嗽取中府,头痛选至阴
针灸学,下列哪项属于远部选穴,E,面瘫选风池,胃痛选中脘,耳聋选听宫,扭伤取阿是穴,头痛选至阴
针灸学,下列哪项属于近部选穴,D,头痛取膈俞,脱肛取百会,咳嗽取列缺,鼻病选迎香,鼻病选合谷
针灸学,下列哪项不属于针灸选穴原则,E,辨证选穴,对症选穴,近部取穴,远部取穴,上下取穴
针灸学,以下哪项是针灸的治疗作用,A,扶正祛邪,联系脏腑,运行气血,抗御病邪,沟通内外
针灸学,属于左右配穴的是,D,感冒取列缺、合谷,牙痛取合谷、内庭,耳鸣取耳门、中渚,胃痛取双侧梁丘,头痛取头临泣、足临泣
针灸学,属于表里经配穴的是,A,感冒取列缺、合谷,牙痛取合谷、内庭,耳鸣取耳门、中渚,胃痛取双侧梁丘,头痛取头临泣、足临泣
针灸学,属于本经配穴的是,B,头痛取率谷、太冲,头痛取头维、丰隆,牙痛取合谷、内庭,腰痛取命门、肾俞,腹泻取天枢、尺泽
针灸学,属于同名经配穴的是,C,头痛取率谷、太冲,头痛取头维、丰隆,牙痛取合谷、内庭,腰痛取命门、肾俞,腹泻取天枢、尺泽
针灸学,属于辨证取穴的是,C,鼻病取上星,下牙痛取合谷,肾虚牙痛取太溪,腰痛取委中,外踝扭伤取阳池
针灸学,属于近部取穴的是,A,鼻病取上星,下牙痛取合谷,肾虚牙痛取太溪,腰痛取委中,外踝扭伤取阳池
针灸学,以上哪项属于补虚泻实的治疗原则,A,陷下则灸之,热则疾之,寒则留之,标本同治,三因制宜
针灸学,以上哪项属于治病求本的治疗原则,D,陷下则灸之,热则疾之,寒则留之,标本同治,三因制宜
针灸学,痫病发作期宜选择下列哪组穴位,B,印堂、神门、少府、太冲、阳陵泉,内关、水沟、百会、后溪、涌泉,风池、百会、太冲、行间、劳宫,百会、素髎、行间、丰隆、后溪,关元、水沟、大陵、神门、中冲
针灸学,治疗寒湿型泄泻，除主穴外，应加用,C,内庭,中脘,神阙,太冲,脾俞
针灸学,治疗饮食伤胃型胃痛，除主穴外，还应加用,D,三阴交、内庭,膈俞、胃俞,胃俞、脾俞,下脘、梁门,气海、关元
针灸学,治疗感冒的主穴是,C,列缺、合谷、肺俞、太渊、大椎,太渊、肺俞、合谷、鱼际、三阴交,列缺、合谷、大椎、太阳、风池,鱼际、尺泽、膻中、肺俞、定喘,尺泽、肺俞、膏肓、太溪、足三里
针灸学,与面瘫关系密切的经筋是,C,足太阳、足阳明经筋,手阳明、足太阳经筋,足阳明、手太阳经筋,足厥阴、手阳明经筋,手少阳、足太阳经筋
针灸学,治疗眩晕实证的主穴是,C,风池、百会、太阳、列缺,风池、头维、太阳、百会,风池、百会、内关、太冲,风池、百会、肝俞、肾俞,百会、内关、后溪、水沟
针灸学,针灸治疗中风病中脏腑闭证，应取用哪组经脉为主,A,手厥阴经、督脉,手厥阴经、任脉,足厥阴经、督脉,足厥阴经、任脉,手、足厥阴经
针灸学,以下哪项不是中风发生的主要病因,D,风,火,痰,湿,瘀
针灸学,针灸治疗腰痛，应以哪组经穴为主,D,督脉、足少阴肾经,阿是穴、足少阴肾经,阿是穴、足少阳胆经,阿是穴、足太阳膀胱经,督脉、足太阳膀胱经
针灸学,疼痛在腰脊中部，主要与哪条经脉相关,E,足太阳膀胱经,足少阴肾经,足少阳胆经,带脉,督脉
针灸学,瘀血头痛，应配合,D,列缺、曲池,太溪、肾俞,太冲、太溪,血海、膈俞,三阴交、肝俞
针灸学,治疗厥阴头痛，应配用,D,印堂、攒竹、合谷,率谷、外关、足临泣,天柱、后溪、申脉,太冲、内关、四神聪,血海、膈俞、内关
针灸学,若辨证为热痹，应对证选用,D,肝俞、太冲,膈俞、血海,肾俞、关元,大椎、曲池,合谷、内庭
针灸学,若辨证为痛痹，应选用,A,肾俞、关元,大椎、曲池,肝俞、太冲,膈俞、血海,阴陵泉、足三里
针灸学,针灸治疗腰痛的主穴是,C,阿是穴、肾俞、太溪,委中、昆仑、太溪,阿是穴、大肠俞、委中,阿是穴、背俞穴、太溪,命门、昆仑、委中
针灸学,呕吐的基本病机是,B,胃气不和,胃气上逆,脾气不升,肝胃不和,胃失濡养
针灸学,治疗心胆虚怯型心悸，应加用,E,太冲,太溪,膻中,膈俞,胆俞
针灸学,治疗郁证的主穴是,B,内关、水沟、丰隆、后溪、百会、印堂,内关、水沟、太冲、神门、百会、印堂,四神聪透百会、神庭透上星,照海、申脉、神门、印堂、百会,内关、郄门、神门、巨阙、印堂
针灸学,消渴病的病机是,B,阳虚为本，燥热为标,阴虚为本，燥热为标,阳虚为本，寒湿为标,阴虚为本，寒湿为标,阴虚为本，湿热为标
针灸学,针灸治疗癃闭，叙述不正确的是,E,可以取足太阳经穴,虚证癃闭，可用温针灸,实证癃闭，毫针用泻法,秩边穴针感要向会阴部放射,下腹部腧穴，应直刺
针灸学,治疗胃脘疼痛，或隐痛或胀痛或刺痛，针灸取穴是,E,胃俞、脾俞、太冲,期门、阳陵泉、中脘,三阴交、膈俞、中脘,合谷、太冲、中脘,足三里、内关、中脘
针灸学,治疗胃脘疼痛隐隐，喜按喜暖，空腹痛甚，纳后痛减，兼见泛吐清水，便溏，手足不温，舌淡苔薄，脉虚弱，在足三里、内关、中脘基础上，应加取,E,胃俞、梁门,下脘、梁门,太冲、肝俞,肾俞、太溪,关元、脾俞、胃俞
针灸学,治疗胃痛拒按，食后痛甚，舌质紫暗，有瘀斑，脉细涩者，针灸取穴是,D,足三里、内关、中脘、胃俞、三阴交,足三里、内关、中脘、下脘、三阴交,足三里、内关、中脘、太冲、三阴交,足三里、内关、中脘、膈俞、三阴交,足三里、内关、中脘、内庭、三阴交
针灸学,某女，20岁，2天前受风后出现左侧面部麻木，额纹消失，眼裂变大，鼻唇沟变浅，口角下垂歪向左侧，舌淡，苔薄白。针刺面部穴位应采用,C,直刺深刺,多穴重刺,轻刺浅刺,提插泻法,电针强刺激
针灸学,某男，63岁，头晕目眩，甚则昏眩欲仆，伴耳鸣，腰膝酸软，遗精，舌淡，脉沉细。除风池、百会外，应加用,D,内关、太冲、行间、侠溪、太溪,内关、太冲、头维、丰隆、中脘,肝俞、肾俞、足三里、脾俞、胃俞,肝俞、肾俞、足三里、太溪、悬钟、三阴交,头维、血海、膈俞、内关、足三里、太溪
针灸学,某女，53岁。2小时前突然发现右半身麻木，口角歪斜，言语不利。现神志清，头晕目眩，苔白腻，脉弦滑。其诊断是,A,中经络，风痰阻络证,中经络，肝阳暴亢证,中经络，阴虚风动证,中脏腑，气虚血瘀证,中脏腑，阴虚风动证
针灸学,某男，70岁，大便艰涩，排出困难，腹中冷痛，面色(白光)白，四肢不温，畏寒喜暖，小便清长，舌淡苔白，脉沉迟。治疗本病，除主穴外，还应加用,D,合谷、内庭,太冲、中脘,脾俞、气海,神阙、关元,足三里、三阴交
针灸学,治疗腰部冷痛重着，拘挛不可俯仰，舌淡，苔白，脉紧，除阿是穴、大肠俞、委中外，应选取,B,膈俞,腰阳关,足三里,志室,悬钟
针灸学,某女，50岁。头部空痛10年，头痛隐隐，遇劳发作，兼头晕，神疲乏力，面色不华，舌淡，脉细弱。其辨证为,B,肾虚头痛,血虚头痛,痰浊头痛,瘀血头痛,肝阳上亢头痛
针灸学,某女，45岁。头痛多年，后头部疼痛固定不移，痛如椎刺，舌暗，脉细涩。针灸治疗除百会、风池外，宜取,E,列缺、曲池,申脉、悬钟,肝俞、脾俞,太溪、侠溪,血海、膈俞
针灸学,某男，25岁。3日来头痛如裹，痛无休止，一肢体困重，苔白腻，脉濡。针灸治疗除百会、太阳、风池、合谷外，宜取,D,风门,曲池,丰隆,阴陵泉,足临泣
针灸学,某男，30岁，体质素弱，近半年来，呕吐时作时止，食欲不佳，倦怠乏力，舌苔薄白，脉弱。治疗应选用,E,内关、足三里、中脘、丰隆、阴陵泉,内关、足三里、中脘、合谷、内庭,内关、足三里、中脘、梁门、天枢,内关、足三里、中脘、太冲、阳陵泉,内关、足三里、中脘、脾俞、胃俞
针灸学,某男，50岁，腹泻2年。晨起即腹痛，泻后痛减，腹冷喜暖，精神疲乏，腰酸腿软，四肢发冷，舌淡，苔白，脉沉细。治疗除神阙、天枢、足三里、公孙外，应加用,D,阴陵泉、命门,阴陵泉、脾俞,脾俞、太白,肾俞、关元,下脘、关元
针灸学,某女，30岁，腹泻3天。便稀有黏液，肛门灼热，舌红，苔黄腻，治疗应选取哪组经脉为主,B,手阳明、足太阴经,足阳明、足太阴经,手阳明、足阳明经,手太阳、足阳明经,任脉、足阳明经
针灸学,某男，37岁，最近工作压力较大，出现心慌心跳，头晕目眩，少寐，腰酸，盗汗，舌红，脉细数。治疗除主穴外，宜加取,A,肾俞、太溪,肾俞、中渚,肾俞、大陵,膻中、气海,膻中、大陵
针灸学,某男，平素多思善疑，胆小怕事，现症精神抑郁善忧，失眠健忘，纳差，面色不华，舌淡，脉细。治疗除取内关、水沟、太冲、神门外，还应加用,E,曲泉、膻中、期门,行间、侠溪、外关,肝俞、肾俞、太冲,通里、太溪、三阴交,心俞、脾俞、足三里、三阴交
针灸学,某女，17岁，痫病发作后来诊，发病前有眩晕，胸闷，现痰多，舌红，苔白腻，脉滑。针灸治疗除印堂、鸠尾、间使、太冲、丰隆外，应加用,B,曲池、神门、内庭,合谷、阴陵泉、风池,心俞、脾俞、足三里,肝俞、肾俞、太溪,丰隆、膈俞、内关
针灸学,某女，30岁，3个月前突发高热，热退后出现周身乏力，并见下肢痿软无力，食少纳呆，腹胀便溏，神疲乏力。治疗本病应选用哪组经脉为主,B,手足少阳经穴、夹脊穴,手足阳明经穴、夹脊穴,手足太阳经穴、夹脊穴,手足太阴经穴、夹脊穴,手足厥阴经穴、夹脊穴
针灸学,某女，60岁，多饮、多食、多尿数年，现以善饥烦渴、口干舌燥为主。治疗应配用,D,太渊、少府,太渊、少府,复溜、太冲,内庭、地机,曲池、合谷
针灸学,某男，40岁，阑尾手术后，出现小便闭塞不通，努责无效，小腹满痛，舌紫暗，脉涩。除秩边、阴陵泉、三阴交、中极、膀胱俞外，应加取,C,委阳、曲骨,太冲、大敦,次髎、血海,曲骨、太冲,次髎、太冲
针灸学,某女，34岁，泄泻2天，肛门灼热，腹痛，口渴喜饮，小便短赤，苔黄腻，脉濡数。除主穴外，应加用,A,内庭、曲池,中脘,神阙,太冲,脾俞、太白
针灸学,某男，18岁，腹痛肠鸣，大便恶臭，泻后痛减，嗳腐吞咽，不思饮食，苔厚腻，脉滑。除主穴外，应加用,B,内庭、曲池,中脘,神阙,太冲,脾俞、太白
针灸学,胃阴不足型胃痛的疼痛特点是,A,胃脘灼热隐痛,胃脘隐痛，喜暖喜按,胃脘刺痛，痛有定处,胃脘胀满，脘痛连胁,胃痛暴作，得温痛减
针灸学,瘀血停胃型胃痛的疼痛特点是,C,胃脘灼热隐痛,胃脘隐痛，喜暖喜按,胃脘刺痛，痛有定处,胃脘胀满，脘痛连胁,胃痛暴作，得温痛减
针灸学,感冒夹暑者，宜加用,C,阴陵泉,太冲,委中,尺泽,足三里
针灸学,体虚感冒者，宜加用,E,阴陵泉,太冲,委中,尺泽,足三里
针灸学,治疗失眠，常取照海穴用,A,针刺补法,针刺泻法,平补平泻,温和灸,点刺出血
针灸学,治疗失眠，常取申脉穴用,B,针刺补法,针刺泻法,平补平泻,温和灸,点刺出血
针灸学,治疗眩晕实证，应选取,A,风池、百会、内关、太冲,百会、行间、侠溪、太冲,风池、气海、脾俞、胃俞,风池、太溪、悬钟、三阴交,风池、百会、肝俞、肾俞、足三里
针灸学,治疗眩晕虚证，应选取,E,风池、百会、内关、太冲,百会、行间、侠溪、太冲,风池、气海、脾俞、胃俞,风池、太溪、悬钟、三阴交,风池、百会、肝俞、肾俞、足三里
针灸学,治疗中风中经络之痰热腑实证，除主穴外，还应配合,C,太冲、太溪,丰隆、合谷,曲池、内庭、丰隆,足三里、气海,太溪、风池
针灸学,治疗中风中经络之阴虚风动证，除主穴外，还应配合,E,太冲、太溪,丰隆、合谷,曲池、内庭、丰隆,足三里、气海,太溪、风池
针灸学,某男，30岁，腰痛3天。因卧地而寐，腰部冷痛重着，俯仰受限，舌淡红，脉弦。其辨证为,A,寒湿腰痛,肾虚腰痛,瘀血腰痛,气滞腰痛,气虚腰痛
针灸学,某女，60岁，腰部隐隐作痛1年。伴腰酸乏力，脉沉细。其辨证为,B,寒湿腰痛,肾虚腰痛,瘀血腰痛,气滞腰痛,气虚腰痛
针灸学,治疗呕吐之寒邪客胃者，应选用,A,内关、中脘、足三里、上脘、胃俞,内关、中脘、足三里、合谷、金津,内关、中脘、足三里、脾俞、胃俞,内关、中脘、足三里、阳陵泉、太冲,内关、中脘、足三里、膻中、丰隆
针灸学,治疗呕吐脾胃虚寒证，应选用,C,内关、中脘、足三里、上脘、胃俞,内关、中脘、足三里、合谷、金津,内关、中脘、足三里、脾俞、胃俞,内关、中脘、足三里、阳陵泉、太冲,内关、中脘、足三里、膻中、丰隆
针灸学,治疗休息痢，应加用,D,内关、中脘,中脘、气海,曲池、内庭,脾俞、足三里,百会
针灸学,治疗久痢脱肛，应加用,E,内关、中脘,中脘、气海,曲池、内庭,脾俞、足三里,百会
针灸学,外感咳嗽，宜选用,C,手太阴、手太阳经穴,手太阴、足太阴经穴,手太阴、手阳明经穴,手太阴、足太阳经穴,手太阴、手少阳经穴
针灸学,内伤咳嗽，宜选用,B,手太阴、手太阳经穴,手太阴、足太阴经穴,手太阴、手阳明经穴,手太阴、足太阳经穴,手太阴、手少阳经穴
针灸学,肺阴亏虚型咳嗽，宜加用,C,尺泽,孔最,膏肓,中府,中脘
针灸学,咳嗽伴咯血者，宜加用,B,尺泽,孔最,膏肓,中府,中脘
针灸学,某女，50，精神恍惚，心神不宁，多疑易惊，悲忧善哭，喜怒无常，舌淡，脉弦。针灸治疗除主穴外，应加取,E,行间、侠溪、外关,曲泉、膻中、期门,丰隆、阴陵泉、天突,太溪、三阴交、肝俞,通里、心俞、三阴交
针灸学,某女，32岁，精神抑郁善忧，咽中如有物哽塞，吞之不下，咯之不出，苔白腻，脉弦滑。针灸治疗除主穴外，应加取,C,行间、侠溪、外关,曲泉、膻中、期门,丰隆、阴陵泉、天突,太溪、三阴交、肝俞,通里、心俞、三阴交
针灸学,痫病属于瘀阻脑络者，除选主穴外，宜加用,D,神门、行间、内庭,心俞、脾俞、膈俞,肝俞、太冲、阴陵泉,膈俞、内关、血海,合谷、风池、曲池
针灸学,痫病属于痰火扰神者，除选主穴外，宜加用,A,神门、行间、内庭,心俞、脾俞、膈俞,肝俞、太冲、阴陵泉,膈俞、内关、血海,合谷、风池、曲池
针灸学,痿证若出现上肢肌肉萎缩，宜配合,B,背俞穴排刺,手阳明经排刺,足阳明经排刺,手太阳经排刺,足太阳经排刺
针灸学,痿证若出现下肢肌肉萎缩，宜配合,C,背俞穴排刺,手阳明经排刺,足阳明经排刺,手太阳经排刺,足太阳经排刺
针灸学,绝经前后诸证肝阳上亢者，宜配伍,D,照海、阴谷,中脘、丰隆,关元、命门,风池、太冲,中脘、阴陵泉
针灸学,针灸治疗遗尿，除相应背俞穴外，还应选取以下哪组经脉的腧穴,E,足太阳、足少阴,足太阳、手太阴,足太阳、手少阳,任脉、足太阳,任脉、足太阴
针灸学,针灸治疗实证痛经应取哪些经脉,C,任脉、足少阴经,任脉、足厥阴经,任脉、足太阴经,冲脉、足厥阴经,督脉、足厥阴经
针灸学,绝经前后诸证肾阳虚者，宜配伍,C,照海、阴谷,中脘、丰隆,关元、命门,心俞、神门,中脘、阴陵泉
针灸学,遗尿伴夜梦多者，宜选用,B,肾俞、命门,百会、神门,气海、足三里,行间、阳陵泉,太溪、悬钟
针灸学,针灸治疗崩漏实证应选取,B,足三里、气海、中极,关元、隐白、三阴交,隐白、血海、阴陵泉,肝俞、肾俞、关元,太白、血海、阳陵泉
针灸学,崩漏的发生主要与哪些经脉有关,D,肝经、肾经,肝经、脾经,任脉、带脉,任脉、冲脉,任脉、督脉
针灸学,针灸治疗月经先期的主穴是,E,中极、三阴交、肝俞,气海、三阴交、归来,关元、三阴交、肝俞,中极、阴陵泉、血海,关元、三阴交、血海
针灸学,针灸治疗月经先后无定期应取哪些经脉,A,任脉、足太阴经,任脉、足厥阴经,任脉、足少阴经,带脉、冲脉、任脉,任脉、督脉、冲脉
针灸学,针灸治疗遗尿，常选的耳穴是,A,肾、膀胱、尿道、皮质下,膀胱、三焦、脾、肺,尿道、肾、三焦、肺,内分泌、膀胱、脾、肺,肾、脾、肺、尿道
针灸学,治疗睡中遗尿，精神疲乏，肢冷畏寒，舌淡，脉沉细，除相应的背俞穴外，应选取的经脉是,D,足太阳、足少阴,足太阳、手太阴,足太阳、手少阳,任脉、足太阴,任脉、足太阳
针灸学,某女，36岁，经血淋漓不净30天，血色淡，质稀薄，伴面色萎黄，神疲肢倦，舌淡，苔白，脉沉细无力。除气海、三阴交、足三里、肾俞外，应加取,C,肾俞、命门,然谷、太溪,百会、脾俞,隐白、血海,隐白、地机
针灸学,治疗月经周期不规律，经量少，色淡，腰骶酸痛，头晕，舌淡苔白，脉沉弱，针灸治疗应选取哪组经脉为主,C,任脉、足少阴经,任脉、足厥阴经,任脉、足太阴经,带脉、冲脉、任脉,任脉、督脉、冲脉
针灸学,治疗月经周期提前10天左右，月经量多，色淡质稀，神疲肢倦，纳少便溏，舌淡，脉细，针灸治疗在关元、三阴交基础上，应加取,A,足三里、脾俞,血海、太冲,肝俞、肾俞,归来、子宫,归来、命门
针灸学,治疗产后乳少，或见乳房胀满疼痛，或见乳房柔软无胀感，针灸治疗应选用,B,乳根、太冲、期门,乳根、膻中、少泽,肝俞、太冲、期门,乳根、脾俞、足三里,中脘、天枢、期门
针灸学,经早虚热证，宜加用,A,太溪,大都,肾俞、次髎,肾俞、太溪,血海、足三里
针灸学,经迟血虚证，宜加用,E,太溪,大都,肾俞、次髎,肾俞、太溪,血海、足三里
针灸学,痛经实证的针灸治疗宜选取,B,中脘、次髎、地机、三阴交,中极、次髎、地机、三阴交,关元、足三里、阴陵泉,关元、足三里、三阴交,关元、气海、三阴交
针灸学,痛经虚证的针灸治疗宜选取,D,中脘、次髎、地机、三阴交,中极、次髎、地机、三阴交,关元、足三里、阴陵泉,关元、足三里、三阴交,关元、气海、三阴交
针灸学,针灸治疗崩漏实证应选取,D,三阴交、足三里、气海、肾俞,三阴交、肝俞、气海,隐白、血海、阴陵泉、关元,关元、隐白、三阴交,三阴交、足三里、气海、中极
针灸学,针灸治疗崩漏虚证应选取,A,三阴交、足三里、气海、肾俞,三阴交、肝俞、气海,隐白、血海、阴陵泉、关元,关元、隐白、三阴交,三阴交、足三里、气海、中极
针灸学,崩漏的发生主要涉及到,C,肝经、肾经,肝经、脾经,任脉、冲脉,任脉、脾经,任脉、带脉
针灸学,崩漏实证应取哪组经脉腧穴治疗,D,肝经、肾经,肝经、脾经,任脉、冲脉,任脉、脾经,任脉、带脉
针灸学,针灸治疗颈椎病，除颈夹脊、天柱、阿是穴外，还包括,E,肩髃、风府、太溪,曲池、合谷、列缺,曲池、合谷、申脉,肩髎、外关、养老,风池、曲池、悬钟
针灸学,针灸治疗乳癖，应主选的经穴是,D,足阳明、手厥阴经穴,足少阳、手厥阴经穴,足太阴、足厥阴经穴,足阳明、足厥阴经穴,手阳明、足厥阴经穴
针灸学,针灸治疗神经性皮炎，除局部阿是穴外，应主选的经穴是,A,手阳明、足太阴经穴,足太阴、足厥阴经穴,手阳明、足厥阴经穴,足阳明、手少阳经穴,足阳明、足少阳经穴
针灸学,有关肘劳针灸辨证论治的叙述，不正确的是,C,阿是穴采用多向透刺，或做多针齐刺,病变局部可加温和灸或电针,属于络脉病证,治疗以舒筋通络为法,以阿是穴为主穴
针灸学,下列有关扭伤的针灸辨证论治的叙述，不正确的是,B,可在扭伤部位上下循经邻近取穴,陈旧性损伤不宜用灸法,扭伤多为关节伤筋，属经筋病,以受伤局部腧穴为主,可配合循经远取
针灸学,治疗落枕的主穴是,A,阿是穴、外劳宫、后溪、悬钟、天柱,后溪、外劳宫、外关、束骨、昆仑,天柱、肩井、天髂、肩贞、合谷,天柱、养老、后溪、阳池、合谷,阿是穴、外关、天髂、肩井、合谷
针灸学,有关针灸治疗蛇串疮，叙述不正确的是,A,出现的疱疹不能用三棱针点刺,后遗神经痛者可在局部用皮肤针叩刺,以局部阿是穴、相应夹脊穴为主,毫针刺，泻法，强刺激,疱疹局部阿是穴用围刺法
针灸学,蛇串疮肝胆火盛者，宜配伍,A,行间、侠溪,阴陵泉、内庭,血海、三阴交,足三里、三阴交,天枢、血海
针灸学,落枕病在督脉、太阳经者，针灸治疗配,B,风池、肩井,大椎、束骨,风池、合谷,内关、合谷,肩髃、天宗
针灸学,漏肩风手阳明经证的针灸配穴是,C,外关,后溪,合谷,列缺,内关
针灸学,治疗瘾疹的主穴是,A,曲池、合谷、血海、膈俞、三阴交,大椎、曲池、太冲、风池、中脘,大椎、太冲、三阴交、血海、内庭,血海、内庭、足三里、气海、天枢,外关、风池、三阴交、大椎、膈俞
针灸学,治疗腰部扭伤，痛在腰部正中，舌质淡红，脉弦，宜选取,E,阿是穴、腰痛点、委中、太冲,阿是穴、腰痛点、委中、阳陵泉,阿是穴、腰痛点、委中、太溪,阿是穴、腰痛点、委中、手三里,阿是穴、腰痛点、委中、大肠俞
针灸学,"某女，20岁，食海鲜后皮肤出现大小不等，形状不一的风团，高起皮肤，边界清楚，色红，瘙痒，伴恶心,，肠鸣泄泻，舌红，苔黄腻，脉滑数。除曲池、合谷、血海、膈俞、三阴交外，应加取",B,外关、风池,足三里、天枢,三阴交、天枢,足三里、大横,三阴交、风池
针灸学,针灸治疗漏肩风，应主选哪组经穴为主,E,足阳明、足厥阴经,足太阴、足太阳经,手太阳、足少阳,手阳明、足太阴经,局部穴位为主，配合循经远端取穴
针灸学,针灸治疗落枕，应主选哪组经穴为主,C,足阳明、足厥阴经,足太阴、足太阳经,手太阳、足少阳,手阳明、足太阴经,局部穴位为主，配合循经远端取穴
针灸学,治疗肘部扭伤，除阿是穴外，宜选用,C,申脉、丘墟、解溪,膝眼、梁丘、膝阳关,曲池、小海、天井,阳溪、阳池、阳谷,环跳、秩边、居髎
针灸学,治疗髋部扭伤，除阿是穴外，宜选用,E,申脉、丘墟、解溪,膝眼、梁丘、膝阳关,曲池、小海、天井,阳溪、阳池、阳谷,环跳、秩边、居髎
针灸学,针灸治疗瘾疹，应主选哪组经穴为主,D,足阳明、足厥阴经,足太阴、足太阳经,手阳明、足阳明经,手阳明、足太阴经,局部阿是穴、相应夹脊穴
针灸学,针灸治疗蛇串疮，应主选哪组经穴为主,E,足阳明、足厥阴经,足太阴、足太阳经,手阳明、足阳明经,手阳明、足太阴经,局部阿是穴、相应夹脊穴
针灸学,治疗咽喉肿痛肺胃热盛者，应主选的是,B,列缺、照海,内庭、鱼际,中渚、风池,风池、外关,太渊、曲池
针灸学,与上牙痛关系最密切的经脉是,A,足阳明胃经,手少阳三焦经,手阳明大肠经,手太阳小肠经,足少阳胆经
针灸学,与目赤肿痛的发生密切相关的经脉是,C,足少阴、足太阳经,手太阴、手阳明经,足厥阴、足少阳经,足太阴、足阳明经,手厥阴、手少阳经
针灸学,治疗耳聋虚证，应主选的是听宫、翳风以及,E,中渚、侠溪,太冲、太溪,合谷、神门,百会、风池,太溪、肾俞
针灸学,治疗牙痛的主穴是,D,合谷、地仓、上关,合谷、颊车、上关,太冲、地仓、下关,合谷、颊车、下关,外关、颊车、下关
针灸学,治疗耳鸣实证，应选用以下哪组腧穴为主,D,合谷、外关、翳风、侠溪,百会、听会、风池、翳风,太溪、照海、听宫、肾俞,翳风、听会、中渚、侠溪,太冲、耳门、听宫、外关
针灸学,治疗耳聋实证，应选用以下哪组经脉为主,B,足少阴、手太阳经穴,足少阳、手少阳经穴,足少阴、手少阴经穴,足少阳、手少阴经穴,足少阴、手少阳经穴
针灸学,治疗咽喉肿痛肺胃热盛者，应加用以下哪穴,E,中渚、风池,风池、外关,太渊、曲池,列缺、照海,内庭、鱼际
针灸学,治疗咽喉肿痛虚证，应选用以下哪经为主,C,手太阴,足厥阴,足少阴,手阳明,手阳明
针灸学,目赤肿痛属风热证者，可配用,B,鱼腰、球后,少商、外关,行间、侠溪,血海、膈俞,列缺、照海
针灸学,某男，30岁，右下齿痛，疼痛剧烈，齿龈红肿，无龋齿，身热，舌红，苔薄黄，脉浮数。针灸治疗本病的取穴是,A,合谷、颊车、下关、外关、风池,合谷、颊车、下关、内庭、二间,合谷、颊车、下关、太溪、行间,合谷、颊车、下关、风池、侠溪,合谷、颊车、下关、风池、太冲
针灸学,某女，53岁，右上齿痛半年，隐隐作痛，时作时止，脉沉。针灸治疗在合谷、颊车、下关的基础上，应加取,C,外关、风池,内庭、二间,太溪、行间,风池、侠溪,风池、太冲
针灸学,治疗暴病耳聋，鸣声隆隆，伴畏寒，发热，脉浮，宜在翳风、听会、侠溪、中渚基础上，加取,B,太冲、丘墟,外关、合谷,风门、肺俞,丰隆、脾俞,足三里、三阴交
针灸学,某男，75岁，咽喉微感疼痛，色暗红，入夜尤甚。针灸治疗主穴选取,D,尺泽、合谷、少商、照海,关冲、合谷、少商、列缺,关冲、厉兑、鱼际、内庭,太溪、照海、鱼际、列缺,太溪、曲池、鱼际、合谷
针灸学,胃火牙痛，宜加用,C,肾俞、太溪,太溪、行间,内庭、二间,外关、风池,大杼、束骨
针灸学,虚火牙痛，宜加用,B,肾俞、太溪,太溪、行间,内庭、二间,外关、风池,大杼、束骨
针灸学,治疗目赤肿痛属风热证者，可配用,C,鱼腰、球后,血海、膈俞,少商、外关,行间、侠溪,列缺、照海
针灸学,治疗目赤肿痛属肝胆火盛者，可配用,D,鱼腰、球后,血海、膈俞,少商、外关,行间、侠溪,列缺、照海
针灸学,有关针灸治疗胆道蛔虫症，叙述不正确的是,B,耳针治疗可取肝、胰胆、交感、神门、耳迷根等,胆囊穴只用于治疗胆囊炎不用于治疗胆道蛔虫症,治疗以足少阳经穴、胆的俞募穴为主,毫针刺，用泻法,可以选用针刺迎香透四白
针灸学,治疗肾绞痛的主穴，除肾俞、膀胱俞外，还包括,D,血海、阴陵泉、委阳,膈俞、三阴交、阴陵泉,三焦俞、三阴交、阳陵泉,中极、三阴交、阴陵泉,三焦俞、阴陵泉、委中
针灸学,治疗心绞痛的主穴是,B,内关、血海、太冲、外关,内关、阴郄、膻中、郄门,外关、阴郄、膻中、内关,外关、血海、太冲、膻中,心俞、膻中、神门、阴郄
针灸学,因体质虚弱所致的虚性晕厥除主穴外，应选用,A,气海、关元,风池、肾俞,合谷、太冲,合谷、内关,素髎、内关
针灸学,治疗右上腹痛，阵发性加剧，并向右肩部放射，伴有恶心、呕吐，针灸取穴除阳陵泉、日月外，还可用,A,胆囊穴、胆俞,阑尾穴、中脘,胆囊穴、京门,中脘、天枢,梁丘、太冲
针灸学,治疗心前区刺痛，心痛彻背，心慌汗出，面色晦暗，唇甲青紫，舌有瘀斑，脉涩，针灸取穴是,B,内关、阴郄、郄门、膻中、神阙、关元,内关、阴郄、郄门、膻中、血海、太冲,内关、阴郄、郄门、膻中、中脘、丰隆,内关、阴郄、郄门、膻中、心俞、厥阴俞,内关、阴郄、郄门、膻中、心俞、脾俞
针灸学,肾绞痛属于下焦湿热者，宜加用,A,委阳、合谷,胃俞、阴陵泉,内关、足三里,内庭、阴陵泉,曲池、足三里
针灸学,胆绞痛属于肝胆湿热者，宜加用,D,委阳、合谷,胃俞、阴陵泉,内关、足三里,内庭、阴陵泉,曲池、足三里
针灸学,治疗晕厥虚证者，宜加用,A,关元、气海,合谷、太冲,十宣、气海,内关、百会,十二井穴
针灸学,治疗晕厥实证者，宜加用,B,关元、气海,合谷、太冲,十宣、气海,内关、百会,十二井穴
