标准答案,题干,选项A,选项B,选项C,选项D,选项E,,,
C,足太阴脾经与手少阴心经的交接位置是,胸中,肺中,心中,目内眦,足大趾,,,
E,津液的丢失往往伴有气的损耗，说明二者的关系是,气能行津,气能摄津,气能生津,津能生气,津能载气,,,
C,木为火之,所不胜,相克,母,子,所胜,,,
C,以下属于奇经八脉生理功能的是,加强了十二经脉中互为表里的两经之间的联系,主束骨而利机关,调节十二经脉的气血,分主一身左右之阴阳,加强了足三阴、足三阳经脉与心脏的联系,,,
E,以下病机哪项是以阴阳失调来阐释真寒假热或真热假寒的,阴阳互损,阴阳离决,阴阳偏盛,阴阳偏衰,阴阳格拒,,,
B,下列哪项是“大实有羸状”的病机,邪实正虚，正气无力祛除病邪,实邪结聚于里，气血不能畅达于外,阴虚邪恋，余热不退,内生五邪兼正气不足,邪气侵袭，伤及营卫气血,,,
D,具有调控腠理作用的气是,元气,宗气,营气,卫气,脏腑之气,,,
E,下列选项中属于“用寒远寒”治疗法则的是,阳虚证慎用寒凉药物,真寒假热证慎用寒凉药物,真热假寒证慎用寒凉药物,阳虚之人慎用寒凉药物,寒冬季节慎用寒凉药物,,,
A,痰饮流注于经络，则可见,肢体麻木,恶心呕吐,胸闷心痛,胸闷气喘,胸胁胀满,,,
A,精血同源是指,肝肾同源,心肾同源,脾胃同源,脾肾同源,心脾同源,,,
E,下列表述不正确的是,肾之华在发,肝之华在爪,脾之华在唇,肺之华在毛,心之华在舌,,,
D,“土”所不胜者为,火,土,水,木,金,,,
D,哪项能说明肾中精气的主要生理功能,人体生命活动的根本,促进生殖功能的成熟,化生血液的物质基础,主生长发育和生殖,促进机体的生长发育,,,
A,燥湿相济体现了,脾与胃的关系,肺与大肠的关系,肝与胆的关系,心与小肠的关系,肾与膀胱的关系,,,
E,与气机升降调节关系密切的两脏是,心与肺,心与肾,肺与脾,脾与肝,肺与肝,,,
C,在气的生成和水液代谢方面关系密切的是,心与肺,心与肾,肺与脾,脾与肝,肺与肝,,,
A,六淫致病，具有发病急、传变较快特点的邪气是,风邪,寒邪,湿邪,燥邪,火邪,,,
B,“五脏六腑之海”指的是,脾,胃,大肠,小肠,三焦,,,
C,富有营养，性质精纯的气是,元气,宗气,营气,卫气,脏腑之气,,,
E,下列说法错误的是,津质地清稀,液质地稠厚,津起滋润作用,液起濡养作用,津主要分布于骨节、脏腑,,,
B,手少阴心经与手太阳小肠经的交接位置,食指端,小指端,胸中,目外眦,无名指端,,,
E,下列说法错误的是,肺者，相傅之官，治节出焉,心者，君主之官，神明出焉,肝者，将军之官，谋虑出焉,胆为中正之官，决断出焉,三焦者，州都之官，津液藏焉,,,
C,项强不适，兼头晕者，多属,风寒外袭,火邪上攻,阴虚阳亢,心血瘀阻,肝阳上亢,,,
E,下列属于阳证的是,食少乏味,倦怠无力,身体蜷卧,呼吸怯弱,小便短赤涩痛,,,
D,带下腥而清稀者，多属,热证,寒证,湿热,寒湿,癌症,,,
C,饥不欲食兼见胃中有嘈杂、灼热感，舌红少苔，脉细数者多见于,胃强脾弱,脾胃湿热,胃阴不足,肝胃蕴热,胃火亢盛,,,
C,不属于血虚证临床表现的是,唇甲色淡,面色淡白,倦怠乏力,手足发麻,心悸多梦,,,
D,外感风寒或风热之邪，或痰湿壅肺，肺失宣肃，导致的音哑或失音，这种现象称为,少气,短气,子喑,金实不鸣,金破不鸣,,,
A,亡阴之汗的特点是,汗热而黏如油,汗热味淡不黏,汗冷味淡不黏,汗冷味淡而黏,恶寒战栗汗出,,,
A,患者恶寒发热，头身疼痛，喷嚏，鼻塞，流涕，咽喉痒痛，微有咳嗽、气喘，舌淡红，苔薄，脉浮。属,表证,里证,寒证,热证,阴证,,,
A,体弱气虚者其坐姿为,坐而喜俯,坐而喜仰,坐卧不安,但卧不得坐,但坐不得卧,,,
B,相兼脉主病中沉涩脉主,痰热,血瘀,痰火,湿热,阴虚火旺,,,
B,寒湿困脾证与湿热蕴脾证均有的表现是,身热不扬,脘腹痞闷,面黄不泽,口渴喜饮,白带量多,,,
A,临床表现主要为胃脘嘈杂，饥不欲食、干呕呃逆，口燥咽干，舌红少苔，脉细数的证侯为,胃阴虚,胃阳虚,食滞胃脘,肝胃不和,肝脾不调,,,
A,面色淡黄，枯槁无华称为,萎黄,黄胖,阴黄,阳黄,黄疸,,,
B,形瘦多食者，多属于,中气虚弱,中焦有火,阴虚不足,阳气不足,痰湿内盛,,,
E,下列不属于气虚证临床表现的是,气短声低,精神疲惫,少气懒言,体倦乏力,脘腹坠胀感,,,
C,脾胃虚弱患者与正常人均可见的脉象表现是,沉脉,实脉,缓脉,长脉,滑脉,,,
B,下列相兼脉中，多见于外感热病的是,滑数脉,洪数脉,细数脉,弦数脉,弦滑脉,,,
C,以身热夜甚、心烦不寐、舌绛、脉细数为辨证要点的是,卫分证,气分证,营分证,血分证,以上均非,,,
C,下列因痰湿内阻所致的头晕特点为,头晕而胀，烦躁易怒,头晕胀痛，头重脚轻,头晕且重，如物裹缠,头晕耳鸣，腰酸遗精,头晕面白，神疲乏力,,,
D,皮肤突然鲜红成片，色如涂丹，边缘清楚，灼热肿胀发于头面者属于,丹毒,流火,赤游丹,抱头火丹,以上均非,,,
D,寒痰的咳痰特点是,咳吐脓血腥臭痰,痰中带血，色鲜红,痰少而黏，难于咯出,痰白而清稀，有灰黑点,痰白滑而量多，易咯出者,,,
C,下列各项中，以面色苍白、心悸、脉微或芤为主要表现的是,气虚证,气脱证,血脱证,血虚证,气不固证,,,
C,忧证的主要表现特点是,精神萎靡，头晕健忘,心悸失眠，疲乏少力,闷闷不乐，善叹息,烦躁易怒，面红目赤,胸闷胁胀，心悸失眠,,,
A,肾阳虚、肾阴虚、肾精不足、肾气不固证的共同表现是,腰膝酸软,眩晕耳鸣,梦遗失精,精神倦怠,浮肿少尿,,,
C,下列不会导致实证短气的是,痰饮,胃肠积滞,火盛,气滞,瘀阻,,,
B,下列各项，不属栀子主治病证的是,血淋涩痛,骨蒸潮热,火毒疮疡,湿热黄疸,血热吐衄,,,
C,辛夷入汤剂宜,冲服,后下,包煎,先煎,烊化,,,
C,下列药物中既能止咳平喘，又能润肠通便的为,薏苡仁,火麻仁,苦杏仁,郁李仁,酸枣仁,,,
C,下列具有散寒止痛，降逆止呕，助阳止泻功效的药物是,肉桂,干姜,吴茱萸,高良姜,附子,,,
C,下列药物中具有润肺清心，养阴生津功效的是,石斛,生地,麦冬,黄精,天冬,,,
A,具有补血活血，调经止痛，润肠通便功效的药物是,当归,白芍,三七,何首乌,阿胶,,,
B,下列具有解表退热功效的是,薄荷,柴胡,刺蒺藜,菟丝子,钩藤,,,
B,下列药物中，不具有行气，止痛功效的药物是,郁金,白前,三棱,姜黄,川芎,,,
E,具有养阴生津功效的药物是,牡丹皮,赤芍,紫草,金银花,生地黄,,,
D,补气养血药中加入适量肉桂，其主要目的为,补而不滞,发汗解表,引火归原,鼓舞气血生长,散寒止痛,,,
C,蒲黄的功效是,凉血，止血，利尿,活血，祛瘀，止痛,止血，化瘀，通淋,止血，化瘀，利尿,止血，消肿，生肌,,,
B,治疗热淋涩痛，宜选用,知母,芦根,天花粉,夏枯草,石膏,,,
B,治疗胃热呕哕，宜选用,知母,芦根,天花粉,夏枯草,石膏,,,
E,茯苓的功效是,利水渗湿,利水渗湿，泄热,利水渗湿，清热排脓,利水渗湿，健脾除痹,利水渗湿，健脾宁心,,,
D,具有开窍、辟秽、止痛功效的药物是,麝香,冰片,龙骨,苏合香,石菖蒲,,,
E,下列不属于羚羊角主治病证的是,惊痫抽搐,头晕目眩,目赤头痛,热毒发斑,风湿痹痛,,,
D,功效具有凉血止血、清肝泻火的药物是,小蓟,大蓟,地榆,槐花,侧柏叶,,,
C,艾叶除了具有温经止血、散寒调经之功效外，还兼有,止痢,截疟,止痒,补虚,利尿,,,
B,下列何药为治疗湿热泻痢的要药,黄芩,黄连,黄柏,龙胆草,淡竹叶,,,
B,治疗亡阳证，寒饮咳喘，应选用的药物是,附子,干姜,肉桂,吴茱萸,小茴香,,,
A,桑寄生的功效不包括的是,利水,安胎,强筋骨,祛风湿,补肝肾,,,
D,功效为收敛固涩、益气生津、补肾宁心的药物是,乌梅,诃子,肉豆蔻,五味子,赤石脂,,,
A,山楂的功效是,消食健胃，行气散瘀,消食除胀，降气化痰,消食健胃，回乳消胀,消食健胃，疏肝解郁,消食健胃，涩精止遗,,,
C,下列何药是消除脘腹胀满之要药,藿香,苍术,厚朴,砂仁,佩兰,,,
E,车前子的功效不包括的是,明目,祛痰,利尿通淋,渗湿止泻,收湿敛疮,,,
D,天冬与麦冬相比，功效偏于治疗,肺阴虚,胃阴虚,心阴虚,肾阴虚,肠燥便秘,,,
D,既能泻下冷积，逐水退肿，又能祛痰利咽，治疗喉痹的药物是,大黄,芒硝,牛蒡子,巴豆,芫花,,,
B,大蓟治疗血热出血证，多用于治疗,尿血、血淋,吐血、咯血,面部出血,胃肠出血,便血,,,
C,功效燥湿消痰，下气除满，治疗梅核气的药物是,苍术,枳实,厚朴,陈皮,木香,,,
C,郁李仁的功效是,润肠通便，润肺止咳,疏散风热，清肺利咽,润肠通便，下气利水,润肠通便，祛痰利咽,润肠通便，消肿散结,,,
A,栝蒌薤白白酒汤证的病机是,胸阳不振，痰饮上乘,痰涎壅盛，胸中痹阻,寒饮内停，逆而上冲,中阳不足，寒凝气滞,饮邪上乘，胸中气滞,,,
B,“温邪上受”中“上受”是指,温邪上犯头目,温邪从口鼻侵入,温邪直入心包,温邪邪郁肺卫,温邪蒙蔽上焦,,,
B,不属于温病卫分证的是,风热,风寒,湿热,暑热,燥热,,,
A,治疗湿温初起，三大禁忌包括,禁润,禁清,禁吐,禁消,禁补,,,
C,治疗寒热错杂致呕宜选用,小柴胡汤,厚朴半夏汤,半夏泻心汤,桂枝茯苓丸,甘草干姜汤,,,
C,下列《素问·至真要大论》的原文哪项不正确,诸风掉眩，皆属于肝,诸寒收引，皆属于肾,诸气膹郁，皆属于肝,诸湿肿满，皆属于脾,诸热瞀瘈，皆属于火,,,
C,治痿独取,少阳,太阳,阳明,太阴,少阴,,,
B,桂枝汤治疗的汗证是由于,阳虚不能固摄于外,营卫不和，卫气不固，开合失权,外邪化热，热迫津出,卫虚失固，腠理疏松,风寒外袭，卫阳不固,,,
B,患者，男，28岁，现发热恶热，烦躁，口渴喜饮，汗多，面赤，舌红，苔灰黑，脉数有力。其证属,风淫证,火淫证,暑淫证,湿淫证,燥淫证,,,
B,患者，女，35岁，现症见面色晦滞，神疲乏力，气短懒言，食少纳呆，肢体麻木，舌淡紫或有瘀点瘀斑，脉细涩。其证属,气虚证,气虚血瘀证,气血两虚证,气不摄血证,气滞血瘀证,,,
C,患者，男，69岁，近日脘腹痞胀，泛吐清水，伴有胸闷，心悸，息促不得卧，舌苔白滑，脉滑。其证属,痰证,水停证,饮证,气虚证,气逆证,,,
A,患者，男，38岁，现身热，无恶寒，汗出，烦渴，胸闷痛，舌红苔黄，脉数。其证属,邪热壅肺证,热扰胸膈证,风热犯肺证,燥热犯肺证,热灼营阴证,,,
B,患者男，69岁，近日食欲不振，食少腹胀，便溏，并久咳不止，气短而喘，咯痰清稀，声低懒言，神疲乏力，舌淡，苔白滑，脉弱。其证属,心肺气虚证,脾肺气虚证,肺肾气虚证,脾肾阳虚证,脾气虚证,,,
D,患者因过度悲忧，导致肺气耗伤或宣降失常。其病机是,思则气结,恐则气下,怒则气上,悲则气消,喜则气缓,,,
A,患者因过度思虑，导致心脾气机郁滞，运化失职。其病机是,思则气结,恐则气下,怒则气上,悲则气消,喜则气缓,,,
C,因流产而失血过多，导致月经不调，久不怀孕。其病在,阴维脉、阳维脉,督脉、任脉,冲脉、任脉,阴跷脉、阴维脉,阴跷脉、阳跷脉,,,
E,患者，久病眼睑开合失司，下肢运动不利。其病在,阴维脉、阳维脉,督脉、任脉,冲脉、任脉,阴跷脉、阴维脉,阴跷脉、阳跷脉,,,
C,足少阴经循行于人体的,下肢内侧前缘,下肢外侧后缘,下肢内侧后缘,下肢外侧中线,下肢外侧前缘,,,
E,足阳明经循行于人体的,下肢内侧前缘,下肢外侧后缘,下肢内侧后缘,下肢外侧中线,下肢外侧前缘,,,
B,邪气退却而正气大伤的病理状态为,正胜邪退,邪去正虚,邪胜正衰,正虚邪恋,邪正相持,,,
E,正气不能完全祛邪外出，邪气可以稽留于一定的部位为,正胜邪退,邪去正虚,邪胜正衰,正虚邪恋,邪正相持,,,
B,疾病发生的重要条件是,地域因素,邪气侵害,邪盛正衰,气候因素,正气不足,,,
E,疾病发生的基础是,地域因素,邪气侵害,邪盛正衰,气候因素,正气不足,,,
A,阳虚日久，导致阴气化生不足反映的阴阳关系是,互根互用,阴阳转化,阴阳消长,阴阳互藏,对立相反,,,
D,统一体中的阴阳双方，每一方都包含有另一方的阴阳关系是,互根互用,阴阳转化,阴阳消长,阴阳互藏,对立相反,,,
C,虚人感冒应选用的方法是,急则治其标,缓则治其本,标本同治,先扶正后祛邪,先祛邪后扶正,,,
A,二便不利应选用的方法是,急则治其标,缓则治其本,标本同治,先扶正后祛邪,先祛邪后扶正,,,
B,身热初按热甚，久按热反转轻者为,热甚,热在表,热在里,湿热内蕴,实热证,,,
C,久按其热反甚者为,热甚,热在表,热在里,湿热内蕴,实热证,,,
E,小儿邪入脏腑，病情严重者，食指络脉的表现是,达于气关,显于风关,未超风关,透关射甲,达于命关,,,
D,小儿病情凶险者，食指络脉的表现是,达于气关,显于风关,未超风关,透关射甲,达于命关,,,
C,牙齿光燥如石多见于,心脾积热,虚火上炎,阳明热盛,胃肾热盛,温热病晚期,,,
E,牙齿燥如枯骨多见于,心脾积热,虚火上炎,阳明热盛,胃肾热盛,温热病晚期,,,
D,面色淡白多属,戴阳证,亡阳证,阳虚水泛,血虚证,肝郁脾虚,,,
B,面色苍白，白中透青多属,戴阳证,亡阳证,阳虚水泛,血虚证,肝郁脾虚,,,
A,食指络脉色青者多见于,惊风,病危,里热证,脾虚证,外感表证,,,
D,食指络脉色淡者多见于,惊风,病危,里热证,脾虚证,外感表证,,,
E,支饮饮停的部位是,胸胁,胃肠,头面,四肢,心肺,,,
D,溢饮饮溢的部位为,胸胁,胃肠,头面,四肢,心肺,,,
E,百日咳的咳嗽特点是,咳声不扬，痰黄黏稠,咳声低微，痰稀量多,咳嗽气喘，有哮鸣吏,咳如犬吠，声言嘶哑,咳声短促，咳后有鸡鸣样回声,,,
D,白喉的咳嗽特点是,咳声不扬，痰黄黏稠,咳声低微，痰稀量多,咳嗽气喘，有哮鸣吏,咳如犬吠，声言嘶哑,咳声短促，咳后有鸡鸣样回声,,,
E,沉弦脉的临床意义是,血瘀寒凝,肝郁化火,气分实热,肝肾阴虚,水饮内停,,,
A,沉涩脉的临床意义是,血瘀寒凝,肝郁化火,气分实热,肝肾阴虚,水饮内停,,,
A,具有祛风，通络，止痉功效的药物是,蕲蛇,木瓜,威灵仙,秦艽,桑寄生,,,
B,具有舒筋活络，和胃化湿功效的药物是,蕲蛇,木瓜,威灵仙,秦艽,桑寄生,,,
E,具有敛肺降火，涩肠止泻，敛汗止血，收湿敛疮功效的药物是,龙骨,诃子,乌梅,五味子,五倍子,,,
D,具有收敛固涩，益气生津，补肾宁心功效的药物是,龙骨,诃子,乌梅,五味子,五倍子,,,
B,麝香的功效是,开窍醒神，清热止痛,开窍醒神，活血通经，消肿止痛,开窍醒神，辟秽止痛,化痰开窍，凉肝息风，清热解毒,开窍醒神，清心化痰,,,
D,牛黄的功效是,开窍醒神，清热止痛,开窍醒神，活血通经，消肿止痛,开窍醒神，辟秽止痛,化痰开窍，凉肝息风，清热解毒,开窍醒神，清心化痰,,,
C,具有利湿去浊，祛风除痹功效的药物是,滑石,茵陈,萆薢,地肤子,泽泻,,,
B,具有清利湿热，利胆退黄功效的药物是,滑石,茵陈,萆薢,地肤子,泽泻,,,
A,治疗腹痛、泄泻，为温暖中焦之主药的是,干姜,附子,肉桂,丁香,吴茱萸,,,
C,治疗阳痿、宫冷，虚阳上浮的药物是,干姜,附子,肉桂,丁香,吴茱萸,,,
C,入汤剂宜后下的药物是,贵重药物,胶类药物,气味芳香的药物,矿物、介壳类药物,粉末状及带有绒毛的药物,,,
B,入汤剂宜烊化的药物是,贵重药物,胶类药物,气味芳香的药物,矿物、介壳类药物,粉末状及带有绒毛的药物,,,
C,患者恶风发热，咳嗽痰少，伴目赤涩痛，首选药物是,薄荷,荆芥,桑叶,菊花,牛蒡子,,,
E,患者恶风发热，咳嗽痰多，伴咽喉肿痛，首选药物是,薄荷,荆芥,桑叶,菊花,牛蒡子,,,
E,具有清热解毒，祛风止痛功效的药物是,鱼腥草,牡丹皮,败酱草,山慈菇,大血藤,,,
C,具有清热解毒，祛瘀止痛功效的药物是,鱼腥草,牡丹皮,败酱草,山慈菇,大血藤,,,
B,石水的病机为,肾阳不足，水停泛滥,肾阳衰微，水湿凝结,脾虚失运，水湿内停,肺失通调，停水外溢,水湿滞留，营卫郁滞,,,
A,正水的病机为,肾阳不足，水停泛滥,肾阳衰微，水湿凝结,脾虚失运，水湿内停,肺失通调，停水外溢,水湿滞留，营卫郁滞,,,
C,属于桑菊饮功用的是,消食导滞,行气化滞,宣肺止咳,燥湿和胃,消痞除癥,,,
A,酸枣仁汤中益心脾而宁心神的药物是,茯苓,远志,茯神木,石菖蒲,琥珀,,,
E,不含川芎的方剂是,温经汤,四物汤,越鞠丸,生化汤,归脾汤,,,
D,败毒散与参苏饮组成中均含有的药物,人参、苏叶,人参、羌活,半夏、茯苓,枳壳、前胡,生姜、薄荷,,,
D,恶寒发热，无汗，头痛项强，肢体酸楚疼痛，口苦微渴，舌苔白或微黄，脉浮。治宜选用,越鞠丸,麻杏石甘汤,天麻钩藤饮,九味羌活汤,大青龙汤,,,
B,下列不属于至宝丹功用的是,开窍,息风,化浊,解毒,清热,,,
E,属于天台乌药散组成药物的是,陈皮,草豆蔻,肉桂,厚朴,川楝子,,,
E,玉屏风散的功用为,涩肠止遗,清热养血,固冲摄血,补肾纳气,益气固表止汗,,,
A,朱砂安神丸中泻火除烦的药物是,黄连,石膏,竹叶,知母,栀子,,,
D,天王补心丹与朱砂安神丸组成中均含有的药物有,炙甘草,玄参,黄柏,生地黄,酸枣仁,,,
E,酸枣仁汤中养肝血，安心神的药物是,茯苓,甘草,知母,川芎,酸枣仁,,,
D,保和丸的组成药物中含有,半夏、生姜,神曲、金银花,陈皮、甘草,山楂、神曲,茯苓、白术,,,
E,下列属于槐花散功用的是,行气解郁,解表散邪,清热解毒,祛湿排脓,疏风行气,,,
E,治疗头微痛，恶寒无汗，咳嗽痰稀，鼻塞咽干，舌苔白，脉弦，应首选,麻黄汤,止嗽散,小青龙汤,桑杏汤,杏苏散,,,
D,止嗽散的组成药物中含有,防风,木香,杏仁,陈皮,款冬花,,,
A,川楝子在一贯煎中的作用是,疏肝理气,君药,臣药,杀虫,反佐药,,,
B,下列主治气虚、外感风寒湿表证的方剂是,黄芪建中汤,败毒散,防风通圣散,补中益气汤,葛根芩连汤,,,
D,身热汗多，口渴心烦，小便短赤，体倦少气，精神不振，脉虚数，治宜用,银翘散,大青龙汤,九味羌活汤,清暑益气汤,麻杏石甘汤,,,
D,天王补心丹的主治辨证要点是,精神恍惚，悲伤欲哭，舌红苔少，脉细,心悸失眠，体倦食少，舌淡，脉细弱,失眠，惊悸，舌红苔黄，脉弦数,失眠，心悸，手足心热，舌红少苔，脉细数,虚烦失眠，咽干口燥，舌红，脉弦细,,,
E,半身不遂，口眼歪斜，语言謇涩，口角流涎，脉缓无力者。选方为,桃核承气汤,小活络丹,温经汤,血府逐瘀汤,补阳还五汤,,,
D,少腹急结，小便自利，甚则烦躁谵语，神志如狂，至夜发热；以及血瘀经闭，痛经，脉沉实而涩者，方用,天麻钩藤饮,补阳还五汤,八正散,桃核承气汤,血府逐瘀汤,,,
A,症见口眼歪斜，面肌抽动，舌淡红，苔白者，宜用,牵正散,小活络丹,补阳还五汤,大秦艽汤,镇肝息风汤,,,
B,猪苓汤的主治证候是,水蓄下焦证,水热互结证,水道失畅证,脾虚湿盛证,饮停心下证,,,
E,生地、熟地同用的方剂是,炙甘草汤,独活寄生汤,右归丸,一贯煎,百合固金汤,,,
C,苏合香丸的功效为,清热开窍，息风止痉,化浊开窍，清热解毒,温通开窍，行气止痛,清热解毒，开窍醒神,通阳散结，行气祛痰,,,
C,久咳不已，咳甚则气喘自汗，痰少而黏，脉虚数者，方用,真人养脏汤,四神丸,九仙散,桑螵蛸散,固冲汤,,,
E,主治风痰上扰证的方剂是,二陈汤,定喘汤,大定风珠,大秦艽汤,半夏白术天麻汤,,,
D,下列属于真人养脏汤主治病证的是,久泻久痢，肠胃寒积证,久泻久痢，肝肾虚寒证,久泻久痢，肾阳衰微证,久泻久痢，脾肾虚寒证,久泻久痢，脾胃虚寒证,,,
B,下列各项中，自汗、盗汗均可治疗的方剂是,九仙散,牡蛎散,酸枣仁汤,玉屏风散,当归六黄汤,,,
B,下列不属于一贯煎组成药物的是,麦冬,玄参,当归,生地,枸杞子,,,
E,不属于十枣汤组成药物的是,大枣,芫花,大戟,甘遂,甘草,,,
C,具有行气散结，降逆化痰功用的方剂是,定喘汤,二陈汤,半夏厚朴汤,苏子降气汤,柴胡疏肝散,,,
E,体现叶天士“入血就恐耗血动血，只须凉血散血”的方剂是,清营汤,芍药汤,白虎汤,黄连解读汤,犀角地黄汤,,,
A,下列抗菌药物中是治疗肺炎球菌肺炎首选的是,青霉素,红霉素,四环素,庆大霉素,三代头孢菌素,,,
A,关于急性白血病的叙述，不正确的是,出血的机制是凝血因子缺乏,呈正细胞正色素性贫血,是造血干细胞的恶性克隆性疾病,半数以上患者以发热起病,感染是最常见的死亡原因之一,,,
B,糖化血红蛋白A1可反映平均血糖水平的时间是,6～8周,8～12周,1～2周,2～4周,4～6周,,,
E,关于肺心病的说法，错误的是,COPD病史最常见,肺动脉瓣区S2亢进,剑突下可触及心脏搏动,下肢水肿,心力衰竭以左心衰为主,,,
B,下列各项哪项是哮喘发作时，缓解支气管痉挛作用最快的,茶碱,β2受体激动剂,色苷酸钠,异丙托溴铵,糖皮质激素,,,
D,肺癌常见的淋巴结转移部位是,颌下淋巴结,颏下淋巴结,颈前淋巴结,锁骨上淋巴结,腋窝淋巴结,,,
C,慢性肾炎治疗措施中不做常规应用的是,避免有损肾功能的因素,应用血小板解聚药,糖皮质激素及细胞毒药物,积极控制血压,优质低蛋白饮食及低磷饮食,,,
B,首选糖皮质激素治疗的疾病是,白细胞减少症,原发免疫性血小板减少症,缺铁性贫血,再生障碍性贫血,急性白血病,,,
D,可继发再生障碍性贫血的疾病是,慢性肾炎,肾病综合征,急性胰腺炎,病毒性肝炎,糖尿病,,,
E,救治急性一氧化碳中毒最有效的措施是,输注新鲜全血,输注浓缩红细胞悬液,应用呼吸兴奋剂,进行机械通气,高压氧治疗,,,
A,有机磷杀虫药中毒时患者呼气的特异气味是,大蒜臭味,汗臭味,烂苹果味,氨味,肝臭味,,,
A,洋地黄中毒引发的室早，首选的治疗措施是,立即停用洋地黄,静脉注射利多卡因,休息,吸氧,停用排钾利尿剂,,,
E,X线钡餐检查诊断消化性溃疡的直接征象是,充盈缺损,胃壁蠕动减少呈皮革状,黏膜呈锯齿状增粗,有激惹及变形,龛影,,,
C,属于低血容量性休克的情况为,细胞性休克,神经精神性休克,失血性休克,感染性休克,过敏性休克,,,
C,萎缩性胃炎，胃黏膜的病理改变是,糜烂，出血,渗出,苍白，颗粒状,肥厚，粗糙,充血，水肿,,,
C,癫痫单纯部分性发作一般不超过,数十分钟,1小时,不超过1分钟,数分钟,十数分钟,,,
D,与原发性肝癌发病最密切相关的是,戊型肝炎,自身免疫性肝炎,肝血管瘤,乙型肝炎,多囊肝,,,
B,一旦确诊为心脏骤停，应立即,人工呼吸,心脏按压,清理呼吸道,口对口呼吸,气管内插管,,,
C,骨髓增生异常综合征血象检查最明显的改变是,白细胞计数明显增多,白细胞持续降低,持续性全血细胞减少,骨髓巨核细胞减少,持续性全血细胞增多,,,
C,富含嘌呤的食物是,牛奶,鸡蛋,动物内脏,黄瓜,米饭,,,
E,肠套叠可见腹痛，并伴有的症状是,急性发热,黄疸,呃逆,腹泻,血便,,,
D,患者X线下见两肺上部有多发的厚壁空洞，周围有较广泛的纤维条索影。应首先考虑的疾病为,肺大泡,肺脓肿,浸润型肺结核空洞形成,慢性纤维空洞型肺结核,周围型肺癌空洞形成,,,
A,下列哪项是甲状腺功能减退病人可见的面容,黏液性水肿面容,苦笑面容,无欲貌,满月脸,肢端肥大症面容,,,
E,风湿热引起发热的主要原因是,坏死物质吸收,内分泌与代谢障碍,产热过多,散热过少,抗原-抗体反应,,,
C,可引起阻塞性黄疸的疾病是,蚕豆病,病毒性肝炎,胰头癌,系统性红斑狼疮,毒蕈中毒,,,
C,胆囊触痛征（墨菲征）阳性，见于,胰头癌,肝癌,急性胆囊炎,肝硬化,胆囊癌,,,
D,红细胞直径＞15μm见于,溶血性贫血,失血性贫血,缺铁性贫血,巨幼细胞贫血,再生障碍性贫血,,,
C,导致内出血低热的原因可能是,代谢障碍,植物神经功能紊乱,无菌性坏死物质吸收,继发感染,失血导致体温调节中枢功能障碍,,,
A,多发生脊柱前凸的部位是,腰椎,骶椎,颈段,颈胸段,胸段,,,
D,下列疾病，不出现杵状指（趾）的是,支气管扩张,肺癌,发绀型先天性心脏病,佝偻病,亚急性感染性心内膜炎,,,
B,下列各项，不会出现血小板减少的疾病是,急性放射病,急性大失血,脾功能亢进,急性白血病,再生障碍性贫血,,,
E,下列最不符合Ⅲ度房室传导阻滞的是,QRS波群形态正常,QRS波群宽大畸形,P与QRS无固定关系,心房率快于心室率,心房率慢于心室率,,,
B,无尿是尿量小于,17ml/h,100ml/24h,400ml/h,100ml/h,17ml/24h,,,
D,稽留热24小时内温差为,1℃以上,2℃以上,3℃以上,1℃以下,2℃以下,,,
C,声音嘶哑的咳嗽多由于,纵膈肿瘤,支气管癌,声带炎,支气管哮喘,支气管炎,,,
A,小量咯血是24小时咯血量不超过,100ml,300ml,400ml,500ml,1000ml,,,
C,伤寒可出现的面容为,急性热病容,慢性病容,无欲貌,水肿面容,面具面容,,,
E,抽搐伴脑膜刺激征见于,狂犬病,颅内高压,癫痫大发作,高血压脑病,蛛网膜下腔出血,,,
D,下列一般不出现气管推向健侧的是,气胸,单侧甲状腺肿大,胸腔积液,腹膜粘连,纵隔肿瘤,,,
B,FPG＞9.0mmol/L时为,高糖血症,尿糖阳性,血糖减低,低糖血症,空腹血糖过高,,,
C,高钾血症见于,胃肠引流,频繁呕吐,代谢性酸中毒,代谢性碱中毒,醛固酮增多症,,,
E,下列疾病可见低钠血症的是,胃肠引流,严重呕吐,幽门梗阻,大量出汗,以上都是,,,
B,血液中发挥生物效应的T3占总T3的,0.1%～0.3%,0.3%～0.5%,0.5%～0.7%,3%～5%,5%～7%,,,
D,发绀型先天性心脏病患者常采取的体位是,强迫俯卧位,强迫坐位,强迫仰卧位,强迫蹲位,强迫侧卧位,,,
A,触诊肝脏轻度肿大，质地稍韧，表面光滑，边缘钝，有压痛，提示的诊断是,急性肝炎,慢性肝炎,肝硬化,肝癌,肝脓肿,,,
A,下列各项，不属现病史记录内容的是,生活嗜好,起病情况,伴随症状,诊治经过,病情发展与演变过程,,,
B,医学伦理学的研究对象是,医学道德难题,医学道德关系,医学基本理论,医学基本规范,医学基本原则,,,
B,被尊称为“坐堂大夫”的医家是,华佗,张仲景,孙思邈,葛洪,薛生白,,,
D,下列除哪项外均是医德品质的内容,公正,严谨,奉献,乐观,仁爱,,,
E,患者权利包括,平等享有医疗的权利,获得自己所患疾病真实情况,拒绝治疗的权利,监督医疗过程的权利,以上都是,,,
D,不属于医患之间非技术关系的是,经济关系,法律关系,道德关系,同事关系,价值关系,,,
C,医患关系模式正确的是,主动-合作型，相互-指导型，共同参与型,主动-配合型，指导-合作型，共同参与型,主动-被动型，指导-合作型，共同参与型,主动-被动型，共同参与型，父权主义型,主动-被动型，互相-合作型，平等参与型,,,
E,患者手足厥寒，腰腿疼痛，口不渴，舌淡苔白，脉沉细。治宜首选的是,桂枝汤倍桂枝,桂枝汤去芍药,桂枝汤倍芍药,桂枝汤倍芍药，加饴糖,桂枝汤去生姜，倍大枣，加当归、通草、细辛,,,
B,患者头痛，牙痛，齿松牙衄，烦热干渴，舌红苔黄而干。治宜首选的方剂是,止嗽散,玉女煎,川芎茶调散,清胃散,防风通圣散,,,
E,患者牙痛牵引头疼，面颊发热，口气热臭，舌红苔黄，脉滑数。治宜首选的方剂是,黄连解毒汤,左金丸,导赤散,白虎汤,清胃散,,,
C,患者气喘咳嗽，皮肤蒸热，日晡尤甚，舌红苔黄，脉细数。治宜首选的方剂是,龙胆泻肝汤,左金丸,泻白散,导赤散,苇茎汤,,,
B,"患者女，70岁。COPD病史多年，每年冬季发作，査体呈桶状胸，双肺叩诊呈过清音,心浊音界缩小，呼吸音减弱，肺功能检查显示79%FEV1%≥50%，COPD严重程度分级是",1级,2级,3级,4级,5级,,,
A,男性，65岁，高血压病史14年，今晨起床突然发现右侧肢体瘫痪、感觉障碍伴有失语，经检查诊断为动脉血栓性脑梗死，其最可能的梗死部位是,左侧大脑中动脉,右侧大脑中动脉,左侧大脑前动脉,右侧大脑前动脉,椎-基底动脉,,,
E,中年男性，既往有肺结核病史，近1个月咳嗽、咳痰、痰中带血，伴发热、消瘦就诊，为排除肺癌最有鉴别意义的是,原发病史,全身中毒症状,咳嗽、咳痰、咯血症状,血沉增快,痰液检查,,,
B,女性，54岁，腹部B超检查发现肝占位性病变，查肝功能正常。最有助于诊断或排除原发性肝癌的是,7-GT,AFP,AST,ALT,LPH,,,
D,"女性，32岁，因双侧腰背酸痛，尿频，尿急，尿痛7天就诊，体温39℃，双肾叩击痛（+）。尿检：蛋白（+），脓细胞（+++）,红细胞（+），最可能的诊断是",急性肾炎,急性膀胱炎,肾结核,急性肾盂肾炎,慢性肾盂肾炎,,,
B,女性，19岁。发热7天，2天来两面颊部出现对称性、水肿性红斑，指端及甲周有红斑。血常规：血红蛋白90g/L，白细胞3.4×109/L，尿常规：蛋白（+++），管型0～2个/HP，ANA（+），首选的治疗是,血浆置换,泼尼松,氯喹,环磷酰胺,阿司匹林,,,
E,"男性，37岁，确诊为急粒细胞白血病，近2周出现发热，坐位站立时黑矇、头晕、极度乏力，急査血常规血红蛋白47g/L,纠正贫血快速有效的方法是",补充铁剂,输注全血,口服铁剂,应用促红细胞生成素,输用浓缩红细胞,,,
B,女性，29岁，孕5月，确诊为甲亢，最适当的治疗是,甲状腺次全切除,最小有效剂量硫脲类药物治疗,放射性碘治疗,普萘洛尔,甲巯咪唑,,,
E,男性，38岁。甲亢复发。査体：轻度突眼，甲状腺弥漫性肿大，心率120次/分。实验室检查：FT3，FT4，TSH4，AST中度升高，血WBC3.8×109/L。适宜的治疗措施是,抗甲状腺药物治疗,复方碘溶液,甲状腺手术治疗,抗甲状腺药物+糖皮质激素,放射性131I治疗,,,
E,女性，58岁。甲状腺I度肿大，反应迟钝，厌食，腹泻。实验室检查:FT3↑，TT4正常，TSH↓，甲状腺摄131I率正常。诊断是,亚急性甲状腺炎,亚临床型甲亢,T3型甲亢,甲状腺危象,淡漠型甲亢,,,
D,患者因怕热、多汗、心悸、甲状腺肿大等诊断为甲亢，心电图检查为心律失常，最可能出现的心律失常是,室性早搏,交界性早搏,阵发性室上性心动过速,房颤,房室传导阻滞,,,
D,患者因怕热、多汗、心悸、甲状腺肿大等诊断为甲亢，心电图检查为心律失常，在以下检查中最可能见到异常的是,心理测试,CT,MRI,EEG,头颅平片,,,
A,二陈汤中乌梅的配伍意义是,收敛肺气,安蛔止痛,生津止渴,涩精止遗,固冲止血,,,
B,乌梅丸中乌梅的配伍意义是,收敛肺气,安蛔止痛,生津止渴,涩精止遗,固冲止血,,,
B,主治阳虚水泛证的首选方剂是,猪苓汤,真武汤,实脾散,五苓散,苓桂术甘汤,,,
C,主治脾肾阳虚，水气内停之阴水的首选方剂是,猪苓汤,真武汤,实脾散,五苓散,苓桂术甘汤,,,
A,四逆散的功用是,透邪解郁，疏肝理脾,寒热平调，消痞散结,温阳健脾，行气利水,清胆利湿，和胃化痰,肝疏解郁，养血健脾,,,
E,逍遥散的功用是,透邪解郁，疏肝理脾,寒热平调，消痞散结,温阳健脾，行气利水,清胆利湿，和胃化痰,肝疏解郁，养血健脾,,,
A,大黄牡丹汤的功用是,泻热破瘀，散结消肿,攻下冷积，温补脾阳,温阳健脾，行气利水,清胆利湿，和胃化痰,峻下热结,,,
E,大承气汤的功用是,泻热破瘀，散结消肿,攻下冷积，温补脾阳,温阳健脾，行气利水,清胆利湿，和胃化痰,峻下热结,,,
E,左金丸的功用是,清营解毒，透热养阴,清泻肺热，止咳平喘,清热解毒，凉血散瘀,清肺化痰，逐瘀排脓,清泻肝火，降逆止呕,,,
D,苇茎汤的功用是,清营解毒，透热养阴,清泻肺热，止咳平喘,清热解毒，凉血散瘀,清肺化痰，逐瘀排脓,清泻肝火，降逆止呕,,,
D,属于旋覆代赭汤的组成药物的是,干姜、半夏,干姜、茯苓,肉桂、当归,人参、代赭石,柴胡、苏叶,,,
C,属于苏子降气汤的组成药物的是,干姜、半夏,干姜、茯苓,肉桂、当归,人参、代赭石,柴胡、苏叶,,,
C,肝炎病毒可诱发的血液病是,急性白血病,传染性单核细胞增多症,再生障碍性贫血,类白血病反应,特发性血小板减少性紫癜,,,
A,人类T淋巴细胞病毒Ⅰ型可诱发的血液病是,急性白血病,传染性单核细胞增多症,再生障碍性贫血,类白血病反应,特发性血小板减少性紫癜,,,
A,心梗起病2小时内升高的是,肌红蛋白,肌钙蛋白,肌酸激酶同工酶,肌酸激酶,α-酮戊二酸脱氢酶,,,
C,心梗起病后4小时内升高的是,肌红蛋白,肌钙蛋白,肌酸激酶同工酶,肌酸激酶,α-酮戊二酸脱氢酶,,,
D,慢性肾功能不全出现肾性贫血最合适的治疗药物是,口服碳酸钙,必需氨基酸疗法,补充1，25（OH）2D3,促红细胞生成素,血液透析治疗,,,
E,尿毒症患者伴高钾血症最有效降血钾疗法是,口服碳酸钙,必需氨基酸疗法,补充1，25（OH）2D3,促红细胞生成素,血液透析治疗,,,
C,Graves病的特点是,甲状腺呈弥漫性或结节性肿大，131I摄取率高但能够被T3所抑制，对TRH反应正常,心悸、出汗、怕热、粗大肌肉震颤，但测定甲状腺功能正常，无突眼,甲状腺肿大多呈弥漫性、对称性，较软，可伴震颤及杂音，有突眼，吸碘率增高伴高峰前移,有发热，短期内甲状腺肿大，触之坚硬而疼痛。白细胞正常或升高，血沉增高，摄131碘碘率下降,易疲劳、怕冷、体重增加、嗜睡，血清TSH增高，TT3、TT4降低,,,
D,亚急性甲状腺炎的特点是,甲状腺呈弥漫性或结节性肿大，131I摄取率高但能够被T3所抑制，对TRH反应正常,心悸、出汗、怕热、粗大肌肉震颤，但测定甲状腺功能正常，无突眼,甲状腺肿大多呈弥漫性、对称性，较软，可伴震颤及杂音，有突眼，吸碘率增高伴高峰前移,有发热，短期内甲状腺肿大，触之坚硬而疼痛。白细胞正常或升高，血沉增高，摄131碘碘率下降,易疲劳、怕冷、体重增加、嗜睡，血清TSH增高，TT3、TT4降低,,,
A,符合Ⅰ型呼吸衰竭的动脉血气标准是,PaO2为50mmHg，PaCO2为40mmHg,PaO2为50mmHg，PaCO2为60mmHg,PaO2为65mmHg，PaCO2为40mmHg,PaO2为70mmHg，PaCO2为40mmHg,PaO2为70mmHg，PaCO2为45mmHg,,,
B,符合Ⅱ型呼吸衰竭的动脉血气标准是,PaO2为50mmHg，PaCO2为40mmHg,PaO2为50mmHg，PaCO2为60mmHg,PaO2为65mmHg，PaCO2为40mmHg,PaO2为70mmHg，PaCO2为40mmHg,PaO2为70mmHg，PaCO2为45mmHg,,,
B,肠梗阻可见腹痛，并伴有,黄疸,呕吐,腹泻,血便,急性发热,,,
D,肠套叠可见腹痛，并伴有,黄疸,呕吐,腹泻,血便,急性发热,,,
B,类风湿性关节炎引起指关节变形的体征是,爪形手,梭形,匙状甲,杵状指（趾）,肢端肥大症,,,
D,支气管肺癌常出现的体征是,爪形手,梭形,匙状甲,杵状指（趾）,肢端肥大症,,,
D,上述各项，表现为腹痛伴黄疸的是,幽门梗阻,过敏性紫癜,急性心肌梗死,急性溶血,肾结石,,,
C,上述各项，表现为腹痛伴休克的是,幽门梗阻,过敏性紫癜,急性心肌梗死,急性溶血,肾结石,,,
C,咳嗽痰量大有分层现象的疾病是,慢性阻塞性肺气肿,慢性支气管炎,支气管扩张症,肺炎,急性肺水肿,,,
E,咳嗽咯粉红色泡沫样痰的疾病是,慢性阻塞性肺气肿,慢性支气管炎,支气管扩张症,肺炎,急性肺水肿,,,
A,慢性消耗性疾病患者的胸廓是,扁平胸,鸡胸,桶状胸,漏斗胸,胸廓局限变形,,,
C,慢性阻塞性肺气肿患者的胸廓是,扁平胸,鸡胸,桶状胸,漏斗胸,胸廓局限变形,,,
C,立位腹部平片，显示两侧膈下有半月形透亮气体影的疾病是,食管癌,肠梗阻,胃肠道穿孔,消化性溃疡,食管静脉曲张,,,
B,立位腹部平片，显示肠管扩张呈阶梯状气液平面影的疾病是,食管癌,肠梗阻,胃肠道穿孔,消化性溃疡,食管静脉曲张,,,
A,斑疹伤寒高热期的热型是,稽留热,弛张热,间歇热,回归热,波状热,,,
B,败血症的热型是,稽留热,弛张热,间歇热,回归热,波状热,,,
A,机械论医学模式的缺点是,忽视了生命的生物复杂性和社会复杂性,形式单一不具有统一观念,忽视了人与自然的协调统一,忽视了社会环境、个体行为、生活方式、心理因素等对人体健康和疾病的影响,忽视了心理变化对身体的影响,,,
D,生物医学模式的缺点是,忽视了生命的生物复杂性和社会复杂性,形式单一不具有统一观念,忽视了人与自然的协调统一,忽视了社会环境、个体行为、生活方式、心理因素等对人体健康和疾病的影响,忽视了心理变化对身体的影响,,,
D,属于体格检查的道德要求的是,安神定志,实事求是,心无旁骛,全面系统，认真细致,目的明确，诊治需要,,,
E,属于辅助检查的道德要求的是,安神定志,实事求是,心无旁骛,全面系统，认真细致,目的明确，诊治需要,,,
D,治疗咳血之燥热伤肺证，应首选,麦门冬汤,清燥救肺汤,沙参麦冬汤,桑杏汤,百合固金汤,,,
D,厥证的基本病机是,失血过多，气随血脱,气血凝滞，脉络瘀阻,气虚下陷，清阳不升,气机逆乱，升降乖戾,痰随气升，上蒙清窍,,,
B,下列不属于外感腰痛的致病病邪是,热,燥,风,寒,湿,,,
D,治疗胃痛饮食伤胃证的中医治法是,温胃散寒，行气止痛,疏肝解郁，理气止痛,清化湿热，理气和胃,消食导滞，和胃止痛,以上均非,,,
E,治疗呃逆气机郁滞证，应首选,竹叶石膏汤,橘皮竹茹汤,丁香散,益胃汤,五磨饮子,,,
B,治疗胃痛脾胃虚寒证，应首选,良附丸,黄芪建中汤,小建中汤,理中丸,附子理中丸,,,
D,气秘的治法是,通便止痛,益气润肠,润肠通便,顺气导滞,以上均非,,,
C,以下哪项是健忘的表现,神情呆滞,精神恍惚,善忘前事,告知不晓,智能减退,,,
D,鼓胀与下列哪些脏腑关系最为密切,肺、肝、肾,心、脾、肾,肺、脾、肾,肝、脾、肾,心、脾、肝,,,
A,内伤发热虚证的治疗原则不包括的是,清热,养血,滋阴,温阳,益气,,,
E,脾肾两虚型痴呆的治法是,补肾益髓，填精养神,健脾化浊，豁痰开窍,活血化瘀，开窍醒脑,益气养血，清心宣窍,补肾健脾，益气生精,,,
C,冷哮咳痰特点,臭脓痰,痰稠黄胶黏,痰少咯吐不爽，色白而多泡沫,痰如白沫量多,痰黄白相兼,,,
C,下列情况对胃痞和胸痹的鉴别诊断最具有价值者为,诱因,转归,病位,病程,起病,,,
E,下列哪个部位是胃痞的基本病位,肝胆,脾胃,肝脾,脾,胃,,,
D,咳嗽之风寒袭肺证，首选方剂是,荆防达表汤,沙参麦冬汤,桑菊饮,三拗汤合止嗽散,桑杏汤,,,
C,肺痈初期，首选治疗方剂是,沙参清肺汤,桔梗杏仁煎,银翘散,《千金》苇茎汤,加味桔梗汤,,,
D,下列各项，属淋证主要病理因素的是,瘀血,气滞,正虚,湿热,痰浊,,,
B,下列各项，不属于黄疸病因的是,病后续发,情志内伤,外感疫毒,饮食不节,劳倦,,,
E,胃痛脾胃虚寒证的疼痛特点为,胀痛,刀绞痛,刺痛,灼痛,隐痛,,,
B,治疗颤证阳气虚衰证，应首选的方剂是,人参养荣汤,地黄饮子,附子理中丸,龟鹿二仙膏,金匮肾气丸,,,
C,虚劳辨证中，首先要辨别的要点是,辨明有无因虚致实的表现,辨明原有疾病是否还继续存在,辨别五脏气血阴阳亏虚,辨本症与并发症,是否兼夹外邪,,,
A,下列各项，不符合痿证临床特征的是,肢体关节疼痛,可有肌肉萎缩,肢体筋脉弛缓,肢体软弱无力,肢体运动不利,,,
E,不属于消渴并发症的是,水肿,中风,夜盲,疮疖痈疽,肺胀,,,
C,下列各项，不属腹痛病理因素的是,食积,瘀血,风邪,气滞,火郁,,,
E,肝气犯胃型呕吐的特点是,清水,酸腐量多，气味难闻,苦水、黄水,浊痰涎沫,呕吐吞酸，嗳气频繁,,,
E,痴呆的病位在,肝,脾,心,肾,脑,,,
D,痴呆的基本病机为,以虚为本，虚实夹杂,气滞血瘀，痰浊内阻,阴精不足，气血亏虚,髓海不足，神机失用,脏腑亏虚，痰瘀内阻,,,
C,不寐的病位主要为,脾,肝,心,脑,肾,,,
A,不属心悸病理因素的是,寒凝,水饮,气滞,痰浊,血瘀,,,
C,呃逆之胃中寒冷证，若寒气较重，脘腹胀痛者，加,旋覆花、代赭石,莱菔子、制半夏、槟榔,吴茱萸、肉桂、乌药,枳壳、厚朴、陈皮,白术、茯苓、甘草,,,
E,下列各项，不属呕吐病因的是,内伤饮食,病后体虚,情志不调,外感六淫,先天禀赋不足,,,
D,胃痞痰湿中阻证的证机概要为,湿热内蕴，困阻脾胃，气机不利,饮食停滞，胃腑失和，气机壅塞,肝气犯胃，胃气郁滞,痰浊阻滞，脾失健运，气机不和,胃阴亏虚，胃失濡养，和降失司,,,
C,属于胃痞脾胃虚弱证主症的是,脘腹痞闷，或嘈杂不舒，恶心呕吐，口干不欲饮,脘腹痞塞不舒，胸膈满闷，头晕目眩，身重困倦,脘腹满闷，时轻时重，纳呆便溏，神疲乏力,脘腹痞闷，嘈杂，饥不欲食，恶心嗳气,脘腹痞闷，胸胁胀满，心烦易怒，善太息,,,
E,颈前喉结两旁结块肿大，按之较硬，胸闷，纳差，舌质暗紫，苔薄白，脉弦。所属证型为,阴虚火旺证,气郁痰阻证,肝火旺盛证,心肝阴虚证,痰结血瘀证,,,
C,十二经脉的命名主要是结合了哪几方面的内容,五行、手足、阴阳,手足、阴阳、五行,脏腑、手足、阴阳,脏腑、手足、五行,阴阳、五行、脏腑,,,
E,上肢内侧面，经脉从前到后正确分布顺序是,心包经、心经、肺经,肺经、大肠经、小肠经,大肠经、小肠经、心经,肺经、心经、心包经,肺经、心包经、心经,,,
D,治疗落枕的主穴是,天柱、肩井、阿是穴、肩贞,养老、后溪、合谷、阳池、风池,阿是穴、外关、合谷、肩井、内关,外劳宫、天柱、阿是穴、后溪、悬钟,后溪、外关、束骨、昆仑、合谷,,,
A,治疗遗尿伴夜梦多，除主穴外，应加,百会、神门,脾俞、内关,肾俞、内关,肾俞、肺俞,肺俞、足三里,,,
A,下列不属于足太阴经主治范围的是,肾病,脾胃病,妇科病,口舌病,前阴病,,,
B,用俞募配穴法治疗胃病，应选的穴位是,脾俞、中脘,胃俞、中脘,脾俞、胃俞,胃俞、太白,胃俞、足三里,,,
C,位于耳前的耳门、听宫、听会三穴，其所归属经脉分别是,胆经、三焦经、小肠经,三焦经、胆经、小肠经,三焦经、小肠经、胆经,胆经、小肠经、三焦经,小肠经、胆经、三焦经,,,
B,下列哪项属于表里经配穴,咳嗽取尺泽、鱼际,感冒取列缺、合谷,膝痛取阳陵泉、足三里,胃痛取中脘、内庭,痛经取地机、隐白,,,
D,下列穴位与关元相平的是,大赫,大横,外陵,水道,归来,,,
C,任脉之络的别称为,俞府,虚里,鸠尾,大包,天池,,,
A,足太阴脾经的五输穴不包括,地机,商丘,太白,隐白,大都,,,
C,下列哪项是脾经中用于治疗妇科疾病的常用穴位,大横,阴陵泉,地机,公孙,商丘,,,
E,十二经脉中，相表里的阴经与阳经的交接部位在,胸部,腹部,头部,面部,四肢部,,,
E,针灸治疗郁证的主穴不包括的是,太冲,水沟,内关,神门,风池,,,
B,下列腧穴中，可以治疗胆道蛔虫症的是,手三里,迎香,商阳,合谷,阳溪,,,
D,在胸部，距前正中线4寸循行的经脉是,足太阴脾经,手厥阴心包经,足少阴肾经,足阳明胃经,手太阴肺经,,,
A,在腹部，脐中旁开0.5寸的腧穴是,肓俞,天枢,膏肓,气海,大横,,,
C,下列对百会穴的描述，不正确的是,可治疗气虚下陷证,可用灸法,位于头部，前发际正中直上7寸,可治疗神志病证,可治疗头面病证,,,
C,在手指，小指末节桡侧，指甲根角侧上方0.1寸的腧穴是,少商,中冲,少冲,少府,少泽,,,
A,大包穴位于侧胸部腋中线上,当第6肋间隙处,当第7肋间隙处,当第3肋间隙处,当第4肋间隙处,当第5肋间隙处,,,
C,主客原络配穴指的是,阳经的原穴与后病的相表里阴经的络穴相配合,同一条经脉的原穴与络穴相配合,先病经脉的原穴与后病的相表里经脉的络穴相配合,后病经脉的原穴与先病的相表里经脉的络穴相配合,阴经的原穴与后病的相表里阳经的络穴相配合,,,
A,阴脉之海是指,任脉,冲脉,阴跷脉,阴维脉,带脉,,,
D,下列腧穴中，小肠的募穴是,神阙,中脘,中极,关元,气海,,,
C,位于足背第2、3趾间，趾蹼缘后方赤白肉际处的腧穴是,太白,然谷,内庭,行间,侠溪,,,
C,胃阴不足型胃痛，除主穴外，还应加用,胃俞、肺俞,下脘、梁门,三阴交、内庭,膈俞、胃俞,气海、命门,,,
B,足少阴肾经的络穴是,复溜,大钟,涌泉,然谷,太溪,,,
C,不属于足太阳膀胱经的腧穴是,申脉,攒竹,大椎,天柱,昆仑,,,
A,治疗郁证的主穴是,百会、印堂、水沟、内关、神门、太冲,四神聪透百会、神庭透上星,内关、神门、巨阙,照海、申脉、神门、印堂、神门、百会,内关、水沟、丰隆、后溪、照海,,,
A,下列各项中，不属于大椎穴主治病证的是,痢疾、脱肛,风疹、痤疮,热病、疟疾,项强、脊痛,癫狂、惊风,,,
A,治疗鼻鼽应主选的是,局部腧穴、手阳明经穴,局部腧穴、手太阴经穴,局部腧穴、足阳明经穴,局部腧穴、足少阴经穴,局部腧穴、手少阳经穴,,,
A,某患者尿血日久，体倦乏力，气短声低，面色不华，舌质淡，脉弱，治疗应首选,归脾汤,十灰散,小蓟饮子,知柏地黄丸,无比山药丸,,,
E,患者胸胁支满，心下痞闷，胃中有振水音，脘腹喜温畏冷，背寒，呕吐清水痰涎，水入易吐，口渴不欲饮，心悸，气短，头晕目眩，食少，形体逐渐消瘦，舌苔白滑，脉弦细而滑。其治法是,温化寒湿,逐水化饮,宣肺化饮,淡渗利水,温脾化饮,,,
C,患者低热，头晕眼花，身倦乏力，心悸不宁，面白少华，唇甲色淡，舌质淡，脉细弱。其主治方剂是,清骨散,补中益气汤,归脾汤,金匮肾气丸,以上均非,,,
C,患者，女性，31岁，症见入寐困难1个月，多梦，胸闷胁胀，急躁易怒，伴头晕头胀，口干口苦，小便短赤，舌红苔黄，脉弦数。治疗方剂是,泻心汤,当归龙荟丸,龙胆泻肝汤,滋水清肝饮,礞石滚痰丸,,,
D,患者，女性，56岁。有15年肺胀病史，1周前劳累后出现面部水肿，呼吸喘促难续，心悸，胸脘痞闷，尿少，怕冷，纳呆，舌苔白滑，脉沉细。治疗应首选,参附汤,金匮肾气丸,济生肾气丸,真武汤合五苓散,实脾饮,,,
D,患者平素眩晕，耳鸣，突然发生口舌歪斜，舌强语謇，半身不遂，但其神志清楚，舌红，脉弦细数。其治法是,平肝潜阳，活血通络,祛风化痰通络,息风清火，豁痰开窍,滋阴潜阳，息风通络,以上均非,,,
C,某患者，有哮喘反复发作史。气短声低，自汗，怕风，常易感冒，倦怠无力，食少便溏，或喉中时有轻度哮鸣，痰多质稀色白，舌质淡，苔白，脉细弱。其诊断是,虚喘，肺虚证,虚喘，肾虚证,哮病缓解期，肺脾气虚证,哮病缓解期，脾虚证,哮病缓解期，肾虚证,,,
A,患者腹内积块明显，硬痛不移，面黯消瘦，纳食减少，时有寒热，舌紫暗苔薄，脉细涩。其证候是,瘀血内结证,正虚瘀结证,肝气郁滞证,食滞痰阻证,气滞血阻证,,,
D,患者胃痛隐隐，喜温喜按，空腹痛甚，得食痛减，神疲乏力，大便溏薄，舌淡苔白，脉虚弱。其治法是,清化湿热，理气和胃,化瘀通络，理气和胃,养阴益胃，和中止痛,温中健脾，和胃止痛,以上均非,,,
D,胸痹患者，女性，45岁。胸闷重而心痛微，痰多气短，肢体沉重，形体肥胖，遇阴雨天而易发作或加重，伴有倦怠乏力，纳呆便溏，咯吐痰涎，舌体胖大且边有齿痕，舌苔浊腻，脉滑。其证候是,寒凝气滞证,气虚血瘀证,饮邪上犯证,痰浊闭阻证,心血瘀阻证,,,
D,患者，男，46岁，头痛以前额为甚，面红，牙痛，便干，舌红苔黄，脉弦。处方用药加用白芷，其经络归属为,厥阴经,少阳经,太阳经,阳明经,少阴经,,,
C,张某，女性，28岁。10分钟前进食冰淇淋后，出现呃逆，呃声沉缓有力，胸膈及胃脘不舒，得热则减，口淡不渴，舌苔白润，脉迟缓。其诊断是,呃逆脾胃阳虚证,呃逆气机郁滞证,呃逆之胃寒气逆证,胃痛脾胃虚寒证,呃逆胃火上逆证,,,
D,李某，男性，40岁。反复胃脘疼痛8年，近2天，胃脘疼痛，似刀割，痛有定处，按之痛甚，痛时持久，食后加剧，入夜尤甚，黑便，舌质紫暗，脉涩。其治疗应首选的方剂是,身痛逐瘀汤,复元活血汤,血府逐瘀汤,失笑散合丹参饮,桃核承气汤,,,
A,张某，男，70岁。5年来时感眼前发黑，周围景物旋转，甚至无法站立，精神萎靡，腰酸膝软，两目干涩，耳鸣如蝉，舌红少苔，脉细数。其病证诊断是,眩晕肾精不足证,厥证之血厥,中风中经络之阴虚风动证,眩晕气血亏虚证,中风肝肾亏虚证,,,
E,李某，男性，35岁。7天前因外出淋雨，出现高热，时时振寒，汗出烦躁，咳嗽痰多。现症：胸满作痛，转侧不利，咳吐浊痰，呈黄绿色，自觉喉间有腥味，口干咽燥，舌苔黄腻，脉滑数。其诊断是,肺痈溃脓期,咳嗽痰热蕴肺证,肺痈初期,肺痈恢复期,肺痈成痈期,,,
E,患者，女性，40岁。咳嗽1个月，呈阵发性，咳时面赤，咽干口苦，常感痰滞咽喉而咯之难出，量少质黏，胸胁胀痛，咳时引痛，舌红，舌苔薄黄，脉弦数。此病证的治法是,滋阴润肺，化痰止咳,疏风清肺，润燥止咳,清热肃肺，豁痰止咳,燥湿化痰，理气止咳,清肺泻肝，顺气降火,,,
A,王某，女性，30岁。5天来每日一次寒战、发热，寒甚热微，呕吐腹泻，嗜睡不语，神志昏蒙，舌苔厚腻色白，脉弦。3周前曾去贵州旅游。治疗此病证首选的方剂是,加味不换金正气散,柴胡截疟饮,截疟七宝饮,何人饮,清瘴汤,,,
E,患者，女，40岁，精神抑郁，情绪不宁，胸部满闷，胁肋胀痛，痛无定处，脘闷嗳气，不思饮食，大便不调，苔薄腻，脉弦。方药宜选,半夏厚朴汤,甘麦大枣汤,平胃散,丹栀逍遥散合左金丸,柴胡疏肝散,,,
D,林某，男性，18岁。3天来双膝关节、肌肉疼痛酸楚，屈伸不利，疼痛呈游走性，初起有恶风、发热。舌苔薄白，脉浮。此病证的证机概要是,寒邪兼夹风湿，留滞经脉，闭阻气血,痰瘀互结，留滞肌肤，闭阻经脉,湿邪兼夹风寒，留滞经脉，闭阻气血,风邪兼夹寒湿，留滞经脉，闭阻气血,风湿热邪壅滞经脉，气血闭阻不通,,,
A,患者，女，60岁。年老体虚，近1年来，心悸气短，劳则尤甚，自汗面色（白光）白，头昏神疲，肢体无力，舌苔淡白，脉细软弱。治疗本病的首选方剂是,七福饮,加味四君子汤,天王补心丹,养心汤,大补元煎,,,
C,患者王某，男，36岁。呃声洪亮有力，冲逆而出，口臭烦渴，多喜冷饮，脘腹满闷，大便秘结，小便短赤，苔黄燥，脉滑数。诊断为,呃逆之气机郁滞证,呃逆之胃中寒冷证,呃逆之胃火上逆证,呃逆之脾胃阳虚证,呃逆之胃阴不足证,,,
B,患者，孙某。饮食稍多即吐，时作时止，面色（白光）白，倦怠乏力，喜暖恶寒，四肢不温，大便溏薄，舌质淡，脉濡弱。诊断为,呕吐之外邪犯胃证,呕吐之脾胃阳虚证,呕吐之痰饮内阻证,呕吐之肝气犯胃证,呕吐之胃阴不足证,,,
A,王某，女性，45岁。脘腹痞闷而胀，进食尤甚，拒按，嗳腐吞酸，恶食呕吐，或大便不调，矢气频作，味臭如败卵，舌苔厚腻，脉滑。治疗应首选的方剂是,保和丸,越鞠丸,枳实导滞丸,平胃散,旋覆代赭汤,,,
E,张某，女，58岁。时常感到头痛，头痛隐隐，时时昏晕，心悸失眠，面色少华，神疲乏力，遇劳加重，舌质淡，苔薄白，脉细弱。其诊断是,痰浊头痛,肝阳头痛,肾虚头痛,瘀血头痛,血虚头痛,,,
B,患者，女，18岁。头痛昏蒙，兼胸闷脘胀，苔白腻，脉滑。治疗除主穴外，应配选,血海、合谷,中脘、丰隆,上星、头维,百会、通天,率谷、太阳,,,
A,患者，男性，26岁。因夜吹风扇，晨起出现右颈项痛，转动受限，并向同侧肩部放射。针灸治疗除主穴外，宜选取,风池、合谷,曲池、合谷,血海、膈俞,合谷、大椎,风池、内关,,,
E,患者，女性，23岁。月经不调，常提前7天以上，甚至10余日一行。治疗应首选,气海、三阴交、归来,关元、三阴交、肝俞,足三里、脾俞、太冲,命门、三阴交、足三里,关元、三阴交、血海,,,
D,患者，男性，62岁。咳嗽一个月，劳累后加重，咳吐黏稠痰，胸脘痞闷，胃纳减少，舌苔白腻，脉濡滑。治疗除主穴外，还应取,尺泽、列缺,脾俞、阴陵泉,风门、大椎,丰隆、阴陵泉,脾俞、胃俞,,,
D,患者，男，23岁。目赤肿痛，眼涩难开，流泪，畏光，伴发热、恶风、头痛，舌苔薄黄，脉浮数。治疗除取主穴外，还应加,四白、养老,风池、侠溪,印堂、内庭,少商、外关,关冲、支沟,,,
E,患者，男，45岁，天冷外出突觉心前区刺痛，心痛彻背，心慌汗出，面色晦暗，唇甲青紫，舌质紫暗，脉涩，针灸治疗除主穴外，应配,内关、阴郄,心俞、脾俞,膻中、心俞,神阙、关元,神阙、至阳,,,
B,患者体质素弱，近2个月来，呕吐时作时止，倦怠乏力，脘腹痛而喜温喜按，舌苔薄白，脉弱。治疗除主穴外，应选用,期门、太冲,脾俞、胃俞,丰隆、公孙,上脘、胃俞,梁门、天枢,,,
E,患者突然出现左半身活动不利，舌强语謇，兼眩晕头痛，烦躁，舌红，苔黄，脉弦而有力。针灸治疗除主穴外，应加用,足三里、气海,太溪、风池,丰隆、合谷,曲池、内庭,太冲、太溪,,,
A,患者，女性，35岁。2个月前突发高热，热退后出现周身乏力，并见下肢痿软无力，食少纳呆，腹胀便溏，神疲乏力。治疗本病应选用主要经脉是,手足阳明经穴、夹脊穴,手足太阳经穴、夹脊穴,手足太阴经穴、夹脊穴,手足厥阴经穴、夹脊穴,手足少阳经穴、夹脊穴,,,
C,患者，女性，48岁。失眠1年，多梦少寐，入睡迟，易惊醒，多疑善惊，气短头晕，舌淡，脉弦细。治疗除选取主穴外，应加用的腧穴是,肝俞、间使,脾俞、胃俞,心俞、胆俞,心俞、肾俞,心俞、脾俞,,,
A,患者，男，70岁。右侧肢体活动不利1月，神志清楚，伴舌强语謇，右侧口角下垂。治疗应首选的经穴是,督脉、手厥阴及足太阴经穴,督脉、手厥阴及足少阴经穴,督脉、手少阴及足太阴经穴,督脉、手少阴及足厥阴经穴,督脉、手少阴及足少阴经穴,,,
E,患者，女，66岁。夜间难以入睡2月，平素急躁易怒，时有心烦，舌红，苔黄，脉弦数。针刺选穴中具有调理阴阳、安神助眠作用的腧穴是,后溪、太溪,后溪、照海,列缺、申脉,太溪、申脉,照海、申脉,,,
C,患者，男，79岁。哮喘反复发作，声低气怯，气息短促，体质虚弱，舌淡，脉细无力。治疗除相应背俞少外，还应选取的经穴是,手太阴、手阳明经穴,手阳明、足太阴经穴,手太阴、足少阴经穴,手少阴、足太阴经穴,手少阴、足少阴经穴,,,
A,患者，女，26岁。产后乳少，乳房胀满疼痛，胸胁胀闷，舌红，苔薄黄，脉弦。除乳根、膻中、少泽外，应加取,太冲、内关、期门,太冲、外关、肝俞,肝俞、膈俞、期门,中脘、天枢、期门,足三里、脾俞、胃俞,,,
C,患者咽喉肿痛，咽干，口渴，便秘，舌红，苔黄，脉洪大。除少商、合谷、尺泽、关冲外，应加取,内庭、关冲,厉兑、天突,内庭、鱼际,列缺、照海,曲池、鱼际,,,
E,患者，女，41岁。精神抑郁善忧，情绪不宁，伴咽中有物梗塞，舌苔白腻，脉弦滑。治疗除取主穴外，还应选用的穴位是,曲泉、膻中、期门,行间、侠溪、外关,通里、心俞、三阴交,太溪、三阴交、肝俞,丰隆、阴陵泉、天突,,,
B,患者，女，52岁。月经时多时少，伴有心烦易怒，烘热汗出，腰膝酸软，舌质红，脉弦细。针灸治疗除主穴外，还应选取的配穴是,照海、阴谷,风池、太冲,关元、命门,中脘、丰隆,心俞、神门,,,
E,患者，男，35岁。后腰肾区突发绞痛，向腹部、同侧阴囊放射，伴有排尿中断，尿血，舌红，苔黄腻，脉弦滑数。治疗除取主穴外，还应选用的穴位是,神阙、关元,气海、关元,太冲、丘墟,胆俞、至阳,委阳、合谷,,,
A,患者男性，56岁，肢体颤动粗大，程度较重，不能自制，眩晕耳鸣，面赤烦躁，易激动，心情紧张时颤动加重，伴有肢体麻木，口苦而干，语言迟缓不清，流涎，尿赤，大便干，舌质红，苔黄，脉弦。该病诊断为,颤证,痹证,痿证,痫证,癫证,,,
B,患者男性，56岁，肢体颤动粗大，程度较重，不能自制，眩晕耳鸣，面赤烦躁，易激动，心情紧张时颤动加重，伴有肢体麻木，口苦而干，语言迟缓不清，流涎，尿赤，大便干，舌质红，苔黄，脉弦。该病治法为,平肝潜阳，熄风活络,舒筋止颤，镇肝熄风,填精补髓，育阴熄风,益气养血，濡养筋脉,清热化痰，平肝熄风,,,
D,患者男性，56岁，肢体颤动粗大，程度较重，不能自制，眩晕耳鸣，面赤烦躁，易激动，心情紧张时颤动加重，伴有肢体麻木，口苦而干，语言迟缓不清，流涎，尿赤，大便干，舌质红，苔黄，脉弦。该病代表方剂是,导痰汤合羚角钩藤汤,人参养荣汤,龟鹿二仙膏,天麻钩藤汤合镇肝熄风汤加减,地黄饮子,,,
A,患者，女性，48岁。既往有焦虑、忧愁病史，常因情志抑郁起病。此次因与他人发生争执后，症状加重。遂来就诊。现症见：情绪不宁，心悸健忘，失眠多梦，五心烦热，盗汗，口咽干燥，舌红少津，脉细数。其中医诊断为,郁证,癫证,痫证,狂证,虚火喉痹,,,
C,患者，女性，48岁。既往有焦虑、忧愁病史，常因情志抑郁起病。此次因与他人发生争执后，症状加重。遂来就诊。现症见：情绪不宁，心悸健忘，失眠多梦，五心烦热，盗汗，口咽干燥，舌红少津，脉细数。其中医辨证为,心脾两虚证,气郁化火证,心肾阴虚证,肝气郁结证,心神失养证,,,
B,患者，女性，48岁。既往有焦虑、忧愁病史，常因情志抑郁起病。此次因与他人发生争执后，症状加重。遂来就诊。现症见：情绪不宁，心悸健忘，失眠多梦，五心烦热，盗汗，口咽干燥，舌红少津，脉细数。治疗宜首选的方剂是,归脾汤,天王补心丹,羚角钩藤汤,镇肝息风汤,甘麦大枣汤,,,
A,患者，女性，48岁。既往有焦虑、忧愁病史，常因情志抑郁起病。此次因与他人发生争执后，症状加重。遂来就诊。现症见：情绪不宁，心悸健忘，失眠多梦，五心烦热，盗汗，口咽干燥，舌红少津，脉细数。若心肾不交而见心烦失眠，多梦遗精者，可加用药物,黄连、肉桂,芡实、莲须,芡实、金樱子,黄连、金樱子,黄柏、金樱子,,,
E,于某，女性，58岁。患者2年前曾患中风，经治已愈，之后逐渐出现善忘呆滞，言语含糊不清，行为古怪孤僻，时哭时笑。诊见两目晦暗，舌暗，脉细涩。其诊断是,中风恢复期,中风后遗症,郁证,健忘,痴呆,,,
B,于某，女性，58岁。患者2年前曾患中风，经治已愈，之后逐渐出现善忘呆滞，言语含糊不清，行为古怪孤僻，时哭时笑。诊见两目晦暗，舌暗，脉细涩。其辨证分型是,髓海不足证,瘀血内阻证,风痰瘀阻证,气虚络瘀证,痰浊蒙窍证,,,
A,于某，女性，58岁。患者2年前曾患中风，经治已愈，之后逐渐出现善忘呆滞，言语含糊不清，行为古怪孤僻，时哭时笑。诊见两目晦暗，舌暗，脉细涩。其治法是,活血化瘀，开窍醒脑,豁痰开窍，健脾化浊,祛风化痰，通络化瘀,益气养血，化瘀通络,搜风化痰，行瘀通络,,,
D,于某，女性，58岁。患者2年前曾患中风，经治已愈，之后逐渐出现善忘呆滞，言语含糊不清，行为古怪孤僻，时哭时笑。诊见两目晦暗，舌暗，脉细涩。其治疗应首选的方剂是,七福饮加减,天麻钩藤饮加减,涤痰汤加减,通窍活血汤加减,还少丹加减,,,
B,李某，男，35岁。1995年2月17日就诊。主诉:暴起腹痛，遇热痛减2天。患者平素健康，发病2天前，在朋友家饮酒后骑自行车回家，途中触冒风寒，暴起下腹绞痛，冷汗淋漓，至家饮姜糖茶及热水袋温熨后疼痛缓解。2天来腹痛时作，痛时恶心呕吐，不欲饮食，得温痛减，遇冷更甚，口淡不渴，小便可，大便溏薄腥秽。检查:脐周压痛明显，大便常规(-)。舌淡，苔白腻，脉沉紧。其辨证是,气滞腹痛证,寒积腹痛证,湿热壅滞证,中阳不足证,瘀血阻滞证,,,
B,李某，男，35岁。1995年2月17日就诊。主诉:暴起腹痛，遇热痛减2天。患者平素健康，发病2天前，在朋友家饮酒后骑自行车回家，途中触冒风寒，暴起下腹绞痛，冷汗淋漓，至家饮姜糖茶及热水袋温熨后疼痛缓解。2天来腹痛时作，痛时恶心呕吐，不欲饮食，得温痛减，遇冷更甚，口淡不渴，小便可，大便溏薄腥秽。检查:脐周压痛明显，大便常规(-)。舌淡，苔白腻，脉沉紧。其治法是,理气止痛,温中散寒，健脾和胃,泻热通腑，行气导滞,温补脾胃，缓急止痛,活血化瘀,,,
B,李某，男，35岁。1995年2月17日就诊。主诉:暴起腹痛，遇热痛减2天。患者平素健康，发病2天前，在朋友家饮酒后骑自行车回家，途中触冒风寒，暴起下腹绞痛，冷汗淋漓，至家饮姜糖茶及热水袋温熨后疼痛缓解。2天来腹痛时作，痛时恶心呕吐，不欲饮食，得温痛减，遇冷更甚，口淡不渴，小便可，大便溏薄腥秽。检查:脐周压痛明显，大便常规(-)。舌淡，苔白腻，脉沉紧。治疗应首选的方剂是,木香顺气散加减,良附丸加减,大承气汤加减,黄芪建中汤加减,少腹逐瘀汤加减,,,
B,患者，男，48岁，患慢性肝炎两月余。现症:身目俱黄，头重身困，食欲减退，脘腹痞胀，大便不实，恶心，舌苔厚腻微黄，脉濡缓。其辨证是,热重于湿证,湿重于热证,寒湿阻遏证,疫毒炽盛证,脾虚湿滞证,,,
D,患者，男，48岁，患慢性肝炎两月余。现症:身目俱黄，头重身困，食欲减退，脘腹痞胀，大便不实，恶心，舌苔厚腻微黄，脉濡缓。其治法是,清热通腑，利湿退黄,清热解毒，凉血开窍,温中化湿，健脾和胃,利湿化浊运脾，佐以清热,健脾养血，利湿退黄,,,
A,患者，男，48岁，患慢性肝炎两月余。现症:身目俱黄，头重身困，食欲减退，脘腹痞胀，大便不实，恶心，舌苔厚腻微黄，脉濡缓。治疗应首选的方剂是,茵陈五苓散合甘露消毒丹,《千金》犀角散,茵陈术附汤,茵陈蒿汤,黄芪建中汤,,,
B,膏淋的临床特点是,小便混浊，白如泔浆，尿道不痛,小便混浊，状如脂膏，尿热涩痛,发热，小便赤热，尿时灼痛,排出砂石，排尿中断，腰酸绞痛,小腹胀满，尿涩疼痛，余沥不尽,,,
A,尿浊的临床特点是,小便混浊，白如泔浆，尿道不痛,小便混浊，状如脂膏，尿热涩痛,发热，小便赤热，尿时灼痛,排出砂石，排尿中断，腰酸绞痛,小腹胀满，尿涩疼痛，余沥不尽,,,
A,治肾精不足之眩晕首选,左归丸,大补元煎,滋水清肝饮,黄连阿胶汤,二阴煎,,,
B,治疗肾虚头痛首选,左归丸,大补元煎,滋水清肝饮,黄连阿胶汤,二阴煎,,,
C,噎膈痰气交阻证的主症特点是,嗳气呃逆，呕吐痰涎,水饮不下，面浮足肿,胸膈痞胀，嗳气频繁,胸膈刺痛，痛处固定不移,食道干涩，饮食难下,,,
D,噎膈瘀血内结者的主症特点是,嗳气呃逆，呕吐痰涎,水饮不下，面浮足肿,胸膈痞胀，嗳气则舒,胸膈刺痛，痛处固定不移,食道干涩，饮食难下,,,
D,胁痛肝胆湿热证，若兼见发热、黄疸，应加用,黄芩、黄连,金钱草、海金沙,延胡索、川楝子,茵陈、黄柏,大黄、芒硝,,,
B,胁痛肝胆湿热证，如砂石阻滞胆道，应加用,黄芩、黄连,金钱草、海金沙,延胡索、川楝子,茵陈、黄柏,大黄、芒硝,,,
C,肺痿虚热证，出现虚烦、呕逆者，应加用,地黄、当归,银柴胡、地骨皮,竹茹、竹叶,天花粉、川贝母,沙参、玉竹,,,
E,肺痿虚热证，出现津伤甚者，应加用,地黄、当归,银柴胡、地骨皮,竹茹、竹叶,天花粉、川贝母,沙参、玉竹,,,
D,盗汗阴虚火旺证，潮热甚者，应加用的药物是,五味子、牡蛎、浮小麦,党参、白术,苍术、牛膝、黄柏、薏苡仁,秦艽、银柴胡、白薇,黄芩、栀子、柴胡,,,
B,自汗肺卫不固证，气虚甚者，应加用的药物是,五味子、牡蛎、浮小麦,党参、白术,苍术、牛膝、黄柏、薏苡仁,秦艽、银柴胡、白薇,黄芩、栀子、柴胡,,,
C,胃痛寒邪客胃证，兼见有纳呆、身重、恶心欲吐、苔白腻者，可加,枳实导滞丸,小柴胡汤,厚朴温中汤,葛根芩连汤,枳术丸,,,
A,胃痛饮食伤胃证，胃脘胀痛而便闭者，可用,枳实导滞丸,小柴胡汤,厚朴温中汤,葛根芩连汤,枳术丸,,,
A,呃逆胃阴不足证，若咽喉不利，胃火上炎者，应加用,石斛、芦根,金银花、连翘,石膏、郁金,黄芩、桑白皮,栀子、黄连,,,
E,呃逆气机郁滞证，若心烦口苦，气郁化热者，应加用,石斛、芦根,金银花、连翘,石膏、郁金,黄芩、桑白皮,栀子、黄连,,,
C,属于疾徐补法操作的是,病人呼气时进针，吸气时出针,进针时疾速刺入，多捻转，徐徐出针,进针时徐徐刺入，少捻转，疾速出针,出针时摇大针孔而不按,病人吸气时进针，呼气时出针,,,
E,属于呼吸泻法操作的是,病人呼气时进针，吸气时出针,进针时疾速刺入，多捻转，徐徐出针,进针时徐徐刺入，少捻转，疾速出针,出针时摇大针孔而不按,病人吸气时进针，呼气时出针,,,
B,常用大包穴治疗的是,四肢疼痛,全身疼痛,乳痈,咳嗽,瘾疹,,,
E,常用血海穴治疗的是,四肢疼痛,全身疼痛,乳痈,咳嗽,瘾疹,,,
D,在腕横纹上0.5寸，尺侧腕屈肌腱的桡侧缘的腧穴是,神门,通里,少府,阴郄,少海,,,
B,在腕横纹上1寸，尺侧腕屈肌腱的桡侧缘的腧穴是,神门,通里,少府,阴郄,少海,,,
A,悬钟穴的定位是,外踝高点上3寸，腓骨前缘,外踝高点上4寸，腓骨前缘,内踝前下方凹陷中，当舟骨结节与内踝尖连线的中点处,外踝前下方，趾长伸肌腱的外侧凹陷中,外踝高点上2寸，腓骨前缘,,,
D,丘墟穴的定位是,外踝高点上3寸，腓骨前缘,外踝高点上4寸，腓骨前缘,内踝前下方凹陷中，当舟骨结节与内踝尖连线的中点处,外踝前下方，趾长伸肌腱的外侧凹陷中,外踝高点上2寸，腓骨前缘,,,
B,手少阳经与足少阳经相交接的部位是,目内眦,目外眦,目上,目下,鼻旁,,,
A,手太阳经与足太阳经相交接的部位是,目内眦,目外眦,目上,目下,鼻旁,,,
D,肛裂的主要特点是,疼痛，坠胀，便秘,疼痛，出血，瘙痒,瘙痒，疼痛，便秘,疼痛，出血，便秘,出血，坠胀，脱垂,,,
B,适用于陈旧性肛裂伴有肛管狭窄者的治法为,扩肛法,纵切横缝法,切开疗法,肛裂侧切术,以上均非,,,
A,下列外科疾患中，多发生于指甲边缘的是,蛇眼疔,舌头疔,蛇肚疔,托盘疔,足底疔,,,
E,有头疽的病因病机，说法错误的是,感受风温，湿热之毒,情志内伤，气郁化火,劳伤精气，相火炽盛,膏粱厚味，湿热火毒,先天不足，后天失养,,,
E,治疗子痈气滞痰凝证的代表方剂是,小金丸,二陈汤,归脾汤,抵当丸,橘核丸,,,
E,下列各项，不属血循毒类毒蛇的是,蝰蛇,烙铁头蛇,竹叶青蛇,尖吻蝮蛇,海蛇,,,
E,热疮以何治法为主,凉血散瘀,清热和营,清热利湿,清热凉血活血,清热解毒养阴,,,
C,肛痈热毒蕴结证，可选用,透脓散,凉血地黄汤,黄连解毒汤,润肠汤,六磨汤,,,
D,下列有关毛细血管瘤的特点，叙述正确的是,边界不清,瘤体巨大,质地坚硬,皮色鲜红,压之不褪色,,,
E,白疕（寻常型）血虚风燥证采用的治法为,清热泻火，凉血解毒,清利湿热，解毒通络,活血化瘀，解毒通络,清热凉血，解毒消斑,养血滋阴，润肤息风,,,
B,下列各项中，不宜采用垫棉法治疗的是,溃疡脓出不畅有脓袋,急性炎症红肿热痛,疮孔窦道形成，脓水不易排尽,溃疡脓腐已尽，皮肉一时不能粘合,脓腐疮疡溃后,,,
D,治疗子痰阴虚内热证，应首选的方剂是,阳和汤加减,知柏地黄汤,济生肾气丸,滋阴除湿汤合透脓散,大补阴丸合茜根散,,,
A,滑胎肾气不足证的中医治法是,补肾健脾，固冲安胎,益气养血，固冲安胎,温补肾阳，固冲安胎,补肾填精，固冲安胎,清热养血，滋肾安胎,,,
A,下列各项，雌激素作用不包含的是,使阴道上皮细胞脱落加快,促进水与钠的潴留,促使子宫发育,促进骨中钙的沉积,促进卵泡发育,,,
C,治疗慢性盆腔炎气滞血瘀证，应首选的方剂是,桃红四物汤,理冲汤,膈下逐瘀汤,少腹逐瘀汤,大黄牡丹汤,,,
A,《傅青主女科》治疗妇科病的侧重点是,培补气血，调理脾胃,强调阴阳相互作用,调理气血，补益脾肾,重视脾肾，倡命门学说,调经重脾胃,,,
C,妊娠恶阻患者口腔有烂苹果味，其辨证是,脾胃虚弱证,肝胃不和证,气阴两虚证,肝经湿热证,脾虚痰浊证,,,
E,治疗经行感冒风寒证，应首选的方剂是,银翘散,桑菊饮,小柴胡汤,九味羌活汤,荆穗四物汤,,,
E,带下过多阴虚夹湿证的治法是,健脾益气，升阳除湿,温肾培元，固涩止带,清利湿热，解毒杀虫,清肝利湿，杀虫止带,滋肾益阴，清热利湿,,,
B,督脉虚损，阴阳平衡失调可导致的疾病是,经行发热,崩漏,经行身痛,痛经,产后发热,,,
C,治疗经间期出血血瘀证，应首选的方剂是,少腹逐瘀汤,桂枝茯苓丸,逐瘀止血汤,桃红四物汤,血府逐瘀汤,,,
B,中医妇科内治法中，养血柔肝法的代表方剂是,逍遥散,一贯煎,芍药甘草汤,三甲复脉汤,清肝止淋汤,,,
C,与月经后期和月经过少的发病均有关的病机是,气虚,湿热,血虚,肝火,血热,,,
D,小儿稚阴稚阳学说，是指其生理状态为,脏气清灵，易趋健康,脾常不足，肝常有余,阳常有余，阴常不足,脏腑娇嫩，形气未充,生机蓬勃，发育迅速,,,
C,治疗蛔虫病肠虫证，应首选的方剂是,乌梅丸,驱虫粉,使君子散,化虫丸,追虫丸,,,
D,7周岁小儿的身长应为,95cm,100cm,105cm,124cm,90cm,,,
D,尿频脾肾气虚证的症状特点是,起病急，小便频数，滴沥不尽，小腹坠胀,病程长，小便频数，尿液清晰,病程长，小便频数，尿急，尿痛,病程长，小便频数，滴沥不尽，纳差畏寒,病程长，小便频数短赤，五心烦热,,,
C,治疗小儿厌食脾失健运证，应首选的方剂是,异功散,平胃散,不换金正气散,保和丸,健脾丸,,,
D,治疗小儿厌食脾胃气虚证，应首选的方剂是,补中益气汤,不换金正气散,保和丸,异功散,四君子汤,,,
B,乳蛾热毒炽盛证应首选的方剂是,银翘马勃散,牛蒡甘桔汤,养阴清肺汤,普济消毒饮,荆防败毒散,,,
B,反复呼吸道感染最常见的发病年龄是,2～3岁,1～3岁,6个月～3岁,6个月～6岁,2～5岁,,,
E,患儿，3岁。闻爆竹巨响后出现惊惕不安，身体战栗，间断抽搐伴神志不清，大便色青，脉律不整。治疗应首选的方剂是,清瘟败毒饮,羚角钩藤汤,天麻钩藤饮,大定风珠,琥珀抱龙丸,,,
E,以下哪个不是小儿腹痛发病原因,腹部中寒,乳食积滞,胃肠热结,脾胃虚寒,外邪犯肺,,,
E,预防肠道传染病起主导作用的措施是,隔离患者,治疗带菌者,预防性服药,预防接种,切断传播途径,,,
C,下列关于流行性脑脊髓膜炎，不正确的是,病原菌为革兰染色阴性,我国流行的菌群以A群为主,皮肤瘀点主要是由于休克所致,病原菌由鼻咽部侵入,属于化脓性脑膜炎的一种,,,
C,与流脑患者密切接触后，重要预防措施是,口服氯霉素,菌苗预防注射,口服磺胺药,隔离治疗,注射青霉素,,,
D,下列有关流脑人群易感性的叙述，不正确的是,15岁以下少年儿童多见,尤以6个月至2岁的婴幼儿高发,人群感染后60%～70%呈无症状带菌者,绝大多数无症状带菌者需要治疗,感染后对同种菌群可获持久免疫力,,,
B,引起伤寒不断传播或流行的主要传染源是,普通型患者,慢性带菌者,顿挫型患者,恢复期患者,潜伏期患者,,,
B,下述各项，属高效消毒法的是,甲醛,紫外线消毒法,戊二醛,洗必泰,通风换气,,,
B,对于微粒能在空气中悬浮时间长，并可随气流漂浮到远处，可造成多人感染，所采取的隔离措施为,接触隔离,空气隔离,飞沫隔离,以上都是,以上都不是,,,
E,可提高非特异性免疫力的是,接种疫苗,计划免疫,接种丙种球蛋白,接种抗毒素,改善营养,,,
A,下列有关重型肝炎的叙述，正确的是,在我国以HBV合并HDV感染所致者最多见,急性重型肝炎以急性无黄疸型肝炎起病,亚性重型肝炎亦称暴发型肝炎,急性重型肝炎和亚急性重型肝炎的主要区别是后者肝性脑病出现较早,重型肝炎的病死率较低,,,
C,乙脑中枢性呼吸衰竭的治疗，首选的药物是,山梗菜碱,20％甘露醇,尼可刹米,二甲弗林,阿拉明,,,
A,伤寒缓解期患者，体温开始下降，但尚未达到正常时，又再度升高，称为,伤寒再燃,伤寒复发,并发肠穿孔,并发肠出血,中毒性肝炎,,,
E,属于流脑的细菌学检查的是,血培养、咽拭子、大便培养,脑脊液培养、咽拭子、大便培养,尿样沉渣、痰培养和血培养,血培养、咽拭子、尿沉渣检查,脑脊液涂片、皮肤瘀点涂片和血培养,,,
A,病原体只引起特异性免疫应答，不引起或只引起轻微的组织损伤的感染是,隐性感染,显性感染,病原携带状态,病原体被消灭,潜在性感染,,,
A,下列传染病，只有单一传播途径的是,伤寒,乙型肝炎,流行性出血热,AIDS,疟疾,,,
E,下列疾病，血常规检查白细胞计数减少或正常的是,猩红热,流行性脑脊髓膜炎,细菌性痢疾,流行性出血热,伤寒,,,
A,肺结核患者的哪种标本传染性最强,痰液,血液,尿液,汗液,泪液,,,
E,举办中医诊所的需要向地县级人民政府中医药主管部门备案的内容有,诊所的名称,诊所的地址,诊所的诊疗范围,诊所的人员配备情况,以上均是,,,
A,医疗机构发布中医医疗广告，需审批的部门是,所在地直辖市人民政府中医药主管部门,医疗机构的宣传科,当地卫健委,本市主管城市宣传机构,国家中医药管理局,,,
D,下列关于药师调剂处方时必须遵守的四查十对的叙述错误的是,查药品，对药名、剂型,查用药合理性，对临床诊断,查处方，对科别、姓名、年龄,查处方医师，对药品规格、数量,查配伍禁忌，对药品性状、用法用量,,,
E,具有下列何种情形的药物属于假药,超过有效期,不注明或者更改生产批号,未标明有效期或者更改有效期,直接接触药品的包装材料和容器未经批准,所标明的适应证或者功能主治超出规定范围,,,
D,患者，男性，25岁。转移性右下腹痛6小时，临床诊断为肠痈。现除轻度腹痛外，尚有轻度发热，恶心纳呆，小便微黄，大便干结，舌苔厚腻，脉弦滑。其治法是,行气祛瘀，通腑排脓,理气活血，通腑透脓,理气行瘀，疏化导滞,行气活血，通腑泄热,理气透脓，通腑泄热,,,
C,患者，女性，29岁。左肩部可及4cm×2.5cm×3cm的肿物，质地软，呈分叶状，推之可移，无明显压痛，局部皮色正常，病史已有4年。应首先考虑的是,血瘤,骨瘤,肉瘤,气瘤,脂瘤,,,
D,患儿，6岁。颈部结块，形如鸡卵，皮色不变，灼热疼痛，边界清楚，伴风温外感症状。其治法是,清热利湿，和营消肿,和营托毒，清热利湿,清热解毒，和营消肿,散风清热，化痰消肿,清热解毒，消肿止痛,,,
B,患者孙某，55岁。患肢疼痛、肿胀、皮色红紫，活动后则甚，小腿部挤压刺痛，可见条索状物，按之柔韧或似弓弦；舌有瘀点，脉沉涩。治疗宜,疏肝解郁，活血解毒,活血化瘀，行气散结,清热利湿，解毒通络,行气活血，疏肝解郁,以上均非,,,
D,乳痈患者，乳房肿痛，皮肤焮红灼热，肿块变软，有应指感。壮热，舌红，苔黄腻，脉洪数。治疗宜选用,瓜蒌牛蒡汤,托里消毒散,二仙汤,透脓散,败毒散,,,
C,患者，男，30岁。症见：皮疹为风团片大、色红、瘙痒剧烈；伴有脘腹疼痛，恶心呕吐，神疲纳呆，大便秘结；舌质红，苔黄腻，脉弦滑数。治疗宜选用,清风散,当归饮子,防风通圣散,萆薢渗湿汤,清营汤,,,
C,患者，女，50岁，颈部肿块坚硬，不痛不胀，尚可推动，患部初起皮色如常，以后可呈橘皮样变，伴畏寒肢冷，纳呆便溏。舌质淡，苔白腻，脉沉细；治疗选方为,五味消毒饮,化痰开郁方,阳和汤,化坚二陈丸,八珍汤,,,
B,患者排尿或大便时偶有白浊，尿道不适，遗精或血精，腰膝酸软，五心烦热，失眠多梦。舌红少苔，脉细数，其证侯为,湿热蕴结证,阴虚火旺证,肾阳虚损证,气滞血瘀证,以上均非,,,
D,患者，女，39岁。甲状腺肿大20年，呈漫肿，无痛，随喜怒而消长，属,石瘿,肉瘿,瘿痈,气瘿,失荣,,,
D,患者，女，40岁。双乳肿块界限不清，经前乳房胀痛，伴有月经不调，腰酸乏力，舌质淡红，苔白，脉细。治疗应首选,左归丸,开郁散,逍遥贝蒌散,二仙汤合四物汤,六味地黄汤,,,
D,患者，男，45岁。小便不畅，尿线变细或点滴而下，小腹胀满隐痛，舌质暗或有瘀点瘀斑，苔白或薄黄，脉弦或涩。治疗应首选为,少腹逐瘀汤,石韦散,八正散,沉香散,血府逐瘀汤,,,
C,某女性患者，28岁。月经延后10天，量少、色淡、质稀，小腹绵绵作痛，头昏眼花，面色苍白，舌质淡红，脉细弱。治法宜选用,扶阳祛寒调经,温经散寒调经,补血益气调经,补肾养血调经,滋补肝肾调经,,,
A,患者月经先后无定期，经量或多或少，色黯红，经行不畅；胸胁、乳房、少腹胀痛，脘闷不舒，时叹息，嗳气食少；苔薄白，脉弦。治疗应首选的方剂是,逍遥散,六味地黄,大补元煎,固阴煎,归肾丸,,,
C,患者，女性，32岁。2年前自然流产一次，现妊娠45天，常有腰酸腹痛下坠，阴道不时出血，色黯红，舌有瘀斑，脉沉弦。治法宜选用,补肾健脾，益气安胎,清热凉血，养血安胎,活血化瘀，补肾安胎,补气养血，固肾安胎,疏肝理气，养血安胎,,,
B,患者，女性，26岁。妊娠5个半月，面目四肢水肿，皮薄光亮，按之凹陷不起，面色黄白无华，神疲气短懒言，口淡而腻，脘腹胀满，食欲不振，大便溏薄，舌胖嫩苔白腻，脉缓滑。治疗应首选,猪苓汤,健脾利水汤,茯苓导水汤,真武汤,天仙藤散,,,
C,患者分娩数日后，肢体关节疼痛，屈伸不利，宛如针刺，得热则舒，伴恶寒怕风，脉濡细。其治法是,养血祛风，温经止痛,养血温经，散寒止痛,养血祛风，散寒除湿,祛风散寒，温经活血,温经散寒，化瘀止痛,,,
E,患者经前或经行乳房胀满疼痛，甚则痛不可触衣。胸闷痰多，食少纳呆，平素带下量多，色白稠黏，月经量少，色淡；舌淡胖，苔白腻，脉缓滑。治疗应首选,柴胡疏肝散,四逆散,逍遥散,滋水清肝饮,四物汤合二陈汤,,,
B,患者经行肢体肿胀，按之随手而起，经血色暗有块，脘闷胁胀，善叹息；舌紫暗，苔薄白，脉弦涩。治疗应首选的方剂是,四物汤,八物汤,六君子汤,失笑散,五苓散,,,
A,患者，女，47岁，已婚。月经紊乱半年，现阴道出血18天，淋沥日久不净，今日突然大量出血，动则益甚，神志昏沉，胸闷泛恶，四肢湿冷，脉微欲绝。其治法是,回阳救逆，温阳止崩,回阳救逆，养血止崩,滋阴止崩，补气固摄,温肾助阳，益气固脱,固涩回阳，补气养血,,,
A,患者，女，25岁。妊娠39周5天，时有腹痛，时作时止，无明显腰痛及出血。其诊断是,弄胎,胞阻,胎动不安,试胎,阵痛,,,
C,患者，女，38岁，已婚。顺产后小便艰涩而痛，余沥不尽，尿色红赤，情志抑郁，小腹胀满，舌红，苔黄，脉弦数。其病证诊断是,产后小便淋痛湿热蕴结证,产后小便不通肝经郁火证,产后小便淋痛肝经郁热证,产后小便淋痛肾阴亏虚证,产后小便不通气滞血瘀证,,,
E,患者，女，41岁。阴部瘙痒难忍，坐卧不安，带下量多，呈泡沫米泔样，味腥臭，胸胁满痛，舌红，苔黄腻，脉弦滑。其辨证是,肝气郁结证,脾虚湿热证,热毒炽盛证,肝肾阴虚证,肝经湿热证,,,
A,患儿，3岁。发热重，恶风，有汗或少汗，头痛，鼻塞，流浊涕，喷嚏，咳嗽，痰稠色白或黄，咽红肿痛，口渴，舌质红，苔薄黄，脉浮数。辨证为,风热感冒,风寒感冒,暑邪感冒,时疫感冒,感冒夹滞,,,
E,患儿，9个月。感冒兼见脘腹胀满，不思饮食，呕吐酸腐，口气秽浊，大便酸臭，或腹痛泄泻，或大便秘结，舌苔厚腻。其诊断是,感冒夹痰,感冒夹惊,急惊风,小儿暑温,感冒夹滞,,,
B,患儿，7个月。近期夜间啼哭，啼哭时哭声低弱，时哭时止，睡喜蜷曲，腹喜摩按，四肢欠温，吮乳无力，胃纳欠佳，大便溏薄，小便色清，面色青白，唇色淡红，舌苔薄白，指纹多淡红。辨证为,心经积热证,脾寒气滞证,肝胃不和证,惊恐伤神证,气血不足证,,,
D,患儿，4岁。患有麻疹，现症见：皮疹布发，疹点由细小稀少而逐渐稠密，疹色先红后暗，皮疹凸起，触之碍手，壮热持续，烦躁不安，舌质红赤，苔黄腻，脉数有力。治疗首选方剂是,银翘散,清营汤,黄连解毒汤,清解透表汤,宣毒发表汤,,,
B,患儿，3岁，发热日久不退，朝盛暮衰，虚烦不安，面色苍白，下肢清冷，小便清长，频数无度，大便稀溏，口渴多饮，舌质淡，苔薄黄，脉细数无力。诊断为夏季热。其治疗首选的方剂为,养阴清肺汤,温下清上汤,大补阴丸,增液汤,生脉散,,,
D,患儿，男，6岁，高热，一侧耳下腮部肿胀疼痛，坚硬拒按，张口咀嚼困难，烦躁不安，口渴欲饮，咽红肿痛，颌下肿块胀痛，纳少，大便秘结，舌质红，舌苔黄，脉滑数。其治疗宜首选,凉营清气汤,黄连解毒汤,清瘟败毒饮,普济消毒饮,龙胆泻肝汤,,,
B,患儿，5岁，反复外感，恶风、恶寒，面色少华，四肢不温，多汗易汗，舌淡红，苔薄白，脉无力，指纹淡红。治疗宜选用的方剂是,玉屏风散,黄芪桂枝五物汤,桂枝汤,理中丸,人参五味子汤,,,
C,患儿，生后23天。面、目、皮肤发黄20天。面目皮肤黄染，颜色较深，晦暗无华，右胁下痞块，精神倦怠，食欲差，小便黄，大便灰白，舌见瘀点，苔黄。治疗应首选的方剂是,疳积散,茵陈理中汤,血府逐瘀汤,五苓散,茵陈蒿汤,,,
D,患儿，9个月。泄泻2天。每日泻下10余次。质稀如水，量多，烦躁不安，囟门凹陷，皮肤干燥，啼哭泪少，小便短少，唇红而干，舌红少津，指纹紫。其治法是,温补脾肾，固涩止泻,挽阴回阳，救逆固脱,健脾益气，助运止泻,健脾益气，酸甘敛阴,健脾利湿，固涩止泻,,,
D,患儿，6岁。双下肢皮肤瘀点瘀斑3天。双下肢皮肤散在瘀点瘀斑，色泽鲜红，压之不退色，鼻衄，口渴，便干溲赤，舌红苔黄，脉数有力。治疗应首选的方剂是,连翘败毒饮,归脾汤,清营汤,犀角地黄汤,知柏地黄丸,,,
A,王某，9岁。腹部疼痛，拘急疼痛，得温则舒，遇寒痛甚，痛处喜暖，面色苍白，痛甚者额冷汗出，或兼吐泻，小便清长，舌淡，苔白滑，脉沉弦紧。证属,腹部中寒,乳食积滞,胃肠热结,脾胃虚寒,气滞血瘀,,,
A,患者，女，36岁。鼻梁、鼻背、颧颊部位蝶形暗红浸润斑块，表面粘覆灰黄色鳞屑，或见萎缩性瘢痕、色素沉着、色素减退。舌质暗红，瘀斑，苔薄白，脉细。其属中医的,白屑风,头癣,油风,虫咬皮炎,接触性皮炎,,,
B,患者，女，36岁。鼻梁、鼻背、颧颊部位蝶形暗红浸润斑块，表面粘覆灰黄色鳞屑，或见萎缩性瘢痕、色素沉着、色素减退。舌质暗红，瘀斑，苔薄白，脉细。辩证为,湿热瘀阻证,气滞血瘀证,气血凝滞证,气阴两伤证,风热血燥证,,,
C,患者，女，36岁。鼻梁、鼻背、颧颊部位蝶形暗红浸润斑块，表面粘覆灰黄色鳞屑，或见萎缩性瘢痕、色素沉着、色素减退。舌质暗红，瘀斑，苔薄白，脉细。治疗应选代表方剂为,桃红四物汤合龙胆泻肝汤加减,桃红四物汤合四物消风饮加减,逍遥散合血府逐瘀汤加减,消风饮合当归饮子加减,生脉饮合当归饮子加减,,,
C,老年男性病人，75岁，高血压、冠心病病史，近5年肢体乏力、发凉呈进行性加重，并有怕冷表现，行走时下肢出现疼痛，稍事休息又可缓解，查体:双下肢肤色苍白，皮肤温度明显降低，趺阳脉搏动弱，舌淡、苔白腻、脉沉细。此患者主病、主证应为,股肿，湿热下注证,臁疮，气虚血瘀证,脱疽，寒湿阻络证,筋瘤，外伤瘀滞证,脱疽，热毒伤阴证,,,
A,老年男性病人，75岁，高血压、冠心病病史，近5年肢体乏力、发凉呈进行性加重，并有怕冷表现，行走时下肢出现疼痛，稍事休息又可缓解，查体:双下肢肤色苍白，皮肤温度明显降低，趺阳脉搏动弱，舌淡、苔白腻、脉沉细。治法为,温阳散寒，活血通络,活血化瘀，通络止痛,活血化瘀，和营消肿,益气活血，祛瘀生新,清热解毒，养阴活血,,,
E,老年男性病人，75岁，高血压、冠心病病史，近5年肢体乏力、发凉呈进行性加重，并有怕冷表现，行走时下肢出现疼痛，稍事休息又可缓解，查体:双下肢肤色苍白，皮肤温度明显降低，趺阳脉搏动弱，舌淡、苔白腻、脉沉细。治疗应选代表方剂为,四妙勇安汤,补阳还五汤,顾步汤,活血散瘀汤,阳和汤,,,
D,女，32岁，左下肢突发广泛性粗肿，胀痛，行走不利，浅静脉怒张，按之陷指，伴有低热，最可能的诊断是,臁疮,筋瘤,脱疽,股肿,血栓性浅静脉炎,,,
C,女，32岁，左下肢突发广泛性粗肿，胀痛，行走不利，浅静脉怒张，按之陷指，伴有低热，其治法是,养阴清热，祛湿解毒,清热解毒，化浊利湿,清热利湿，解毒通络,清热利湿，解毒化浊,清热利湿，和营解毒,,,
D,女，32岁，左下肢突发广泛性粗肿，胀痛，行走不利，浅静脉怒张，按之陷指，伴有低热，治疗应首选的方剂,补阳还五汤合四妙汤,二妙丸合五神汤,活血散瘀汤合二妙丸,活血通脉汤合四妙汤,萆薢渗湿汤合活血通脉汤,,,
D,经期或经后小腹隐痛喜按，或小腹空坠不适，月经量少，色淡，质清稀;面色无华，头晕心悸，神疲乏力。舌淡，脉细无力。根据患者症状此病辨证为,湿热瘀结证,气滞血瘀证,寒湿凝滞证,气虚血瘀证,热毒炽盛证,,,
B,经期或经后小腹隐痛喜按，或小腹空坠不适，月经量少，色淡，质清稀;面色无华，头晕心悸，神疲乏力。舌淡，脉细无力。此病治疗时的治法是,清热解毒，利湿排脓,补血益气，缓急止痛,清热利湿，化瘀止痛,活血化瘀，理气止痛,祛寒除湿，活血化瘀,,,
B,经期或经后小腹隐痛喜按，或小腹空坠不适，月经量少，色淡，质清稀;面色无华，头晕心悸，神疲乏力。舌淡，脉细无力。治疗采用的代表方为,独活寄生汤,当归芍药散,身痛逐瘀汤,血府逐瘀汤,桃红消瘀汤,,,
E,沈某，平素月经31~35天一行，色淡红，质稀，头晕心悸，结婚1年半初孕。现妊娠3个月余，腹痛绵绵，喜按，失眠多梦眼花心悸，面色萎黄，舌淡，苔薄白，脉细滑。其最可能的诊断是,胞漏,胞阻,恶阻,数堕胎,胎动不安,,,
A,沈某，平素月经31~35天一行，色淡红，质稀，头晕心悸，结婚1年半初孕。现妊娠3个月余，腹痛绵绵，喜按，失眠多梦眼花心悸，面色萎黄，舌淡，苔薄白，脉细滑。此时的治疗原则是,补肾健脾，益气安胎,清热凉血，养血安胎.,活血化瘀，补肾安胎，,从速下胎益母,破血逐瘀下胎,,,
A,沈某，平素月经31~35天一行，色淡红，质稀，头晕心悸，结婚1年半初孕。现妊娠3个月余，腹痛绵绵，喜按，失眠多梦眼花心悸，面色萎黄，舌淡，苔薄白，脉细滑。治疗应首选的方剂是,胎元饮,圣愈汤,滋肾育胎丸,桂枝茯苓丸,保阴煎,,,
B,患者女，23岁。经期提前半年余，每次提前10天左右，月经量多，色深红，质黏稠伴面红口干，心胸烦热，小便短赤，大便干燥，舌红，苔黄，脉数。其诊断为,崩漏,月经先期,月经先后无定期,月经过多,经期缩短,,,
E,患者女，23岁。经期提前半年余，每次提前10天左右，月经量多，色深红，质黏稠伴面红口干，心胸烦热，小便短赤，大便干燥，舌红，苔黄，脉数。其治法为,理气行滞，活血调经,补气摄血，固冲调经,补脾益气，摄血调经,补血益气，调经止血,养阴清热，养血止血,,,
A,治疗气虚型子宫脱垂，首选方剂为,补中益气汤,当归地黄饮,大补元煎,举元煎,滋血汤,,,
B,患儿男性，5岁，因“发热，右侧腮部肿痛3天”来诊。患儿高热，腮部漫肿，灼热疼痛，咀嚼时尤甚，精神倦怠，头痛，咽喉红肿，大便干结，小便短赤，舌质红，苔黄腻，脉滑数。根据患者症状此病辨证为,邪犯少阳证,热毒壅盛证,邪陷心肝证,肝胆火盛证,肝经湿热证,,,
C,患儿男性，5岁，因“发热，右侧腮部肿痛3天”来诊。患儿高热，腮部漫肿，灼热疼痛，咀嚼时尤甚，精神倦怠，头痛，咽喉红肿，大便干结，小便短赤，舌质红，苔黄腻，脉滑数。治疗宜采用的治法为,清热解毒，息风开窍,疏风清热，散结消肿,清热解毒，软坚散结,清肝泻火，活血止痛,清肝泻火，散结消肿,,,
B,患儿男性，5岁，因“发热，右侧腮部肿痛3天”来诊。患儿高热，腮部漫肿，灼热疼痛，咀嚼时尤甚，精神倦怠，头痛，咽喉红肿，大便干结，小便短赤，舌质红，苔黄腻，脉滑数。治疗采用的代表方为,仙方活命饮,普济消毒饮,黄连解毒汤,三仁汤,荆防败毒散,,,
E,患儿男性，2岁，因“皮肤、黏膜瘀点30天”来诊。30天前患儿感冒后，家人发现其颈前部，双下肢出现针尖大小的出血点，压之不褪色，时发时止，无发热，无腹痛，无恶心、呕吐，兼有鼻衄，盗汗，心烦不宁，手足心热，口燥咽干，两颧潮红，舌红少津，脉细软。根据患者症状此病辨证为,风热伤络证,热毒壅盛证,血热妄行证,气不摄血证,阴虚火旺证,,,
B,患儿男性，2岁，因“皮肤、黏膜瘀点30天”来诊。30天前患儿感冒后，家人发现其颈前部，双下肢出现针尖大小的出血点，压之不褪色，时发时止，无发热，无腹痛，无恶心、呕吐，兼有鼻衄，盗汗，心烦不宁，手足心热，口燥咽干，两颧潮红，舌红少津，脉细软。治疗宜采用的治法为,清热解毒，息风开窍,滋阴降火，凉血止血,清热解毒，凉血止血,健脾养心，益气摄血,疏风散邪，清热凉血,,,
E,患儿男性，2岁，因“皮肤、黏膜瘀点30天”来诊。30天前患儿感冒后，家人发现其颈前部，双下肢出现针尖大小的出血点，压之不褪色，时发时止，无发热，无腹痛，无恶心、呕吐，兼有鼻衄，盗汗，心烦不宁，手足心热，口燥咽干，两颧潮红，舌红少津，脉细软。治疗采用的代表方为,麻黄连翘赤小豆汤,犀角地黄汤,连翘败毒汤,归脾汤,大补阴丸,,,
A,患儿男性，5岁，因“发热1天，伴躯干出现皮疹 4 小时”来诊。1天前患儿出现低恶寒，鼻塞流涕，咳热，最高体温37.8℃℃，嗽。查体:躯干部见少量红色丘疱疹，疹色红润，疱浆清亮，疹粒稀疏，咽红，心、肺(-)，舌质红，苔薄白，脉浮数。其辨证是,邪伤肺卫证,邪郁肌表证,毒炽气营证,邪入肺胃证,毒透肌肤证,,,
C,患儿男性，5岁，因“发热1天，伴躯干出现皮疹 4 小时”来诊。1天前患儿出现低恶寒，鼻塞流涕，咳热，最高体温37.8℃℃，嗽。查体:躯干部见少量红色丘疱疹，疹色红润，疱浆清亮，疹粒稀疏，咽红，心、肺(-)，舌质红，苔薄白，脉浮数。其治法是,清气凉营，透疹达邪,益气养阴，清解余邪,疏风清热，利湿解毒,清凉解毒，透疹达邪,辛凉透表，清宣肺卫,,,
A,患儿男性，5岁，因“发热1天，伴躯干出现皮疹 4 小时”来诊。1天前患儿出现低恶寒，鼻塞流涕，咳热，最高体温37.8℃℃，嗽。查体:躯干部见少量红色丘疱疹，疹色红润，疱浆清亮，疹粒稀疏，咽红，心、肺(-)，舌质红，苔薄白，脉浮数。治疗应首选的方剂是,银翘散,宣毒发表汤,清解透表汤,透疹凉解汤,清胃解毒汤,,,
B,失荣之气郁痰结证的主治方剂为,阳和汤,化痰开郁方,丹栀逍遥散合清肝芦荟丸,五味消毒饮合化坚二陈丸,八珍汤合四妙勇安汤,,,
D,失荣之瘀毒化热证的主治方剂为,阳和汤,化痰开郁方,丹栀逍遥散合清肝芦荟丸,五味消毒饮合化坚二陈丸,八珍汤合四妙勇安汤,,,
E,尿石症之气血瘀滞证的主治方剂是,三金排石汤加减,八正散加减,知柏地黄汤加减,济生肾气丸加减,金铃子散合石苇散加减,,,
D,尿石症之肾气不足证的主治方剂是,三金排石汤加减,八正散加减,知柏地黄汤加减,济生肾气丸加减,金铃子散合石苇散加减,,,
A,颈痈的局部表现特点是,初起时局部肿胀、灼热、疼痛而皮色不变，结块边界清楚,发病较慢，结块初起如豆，串生累累，不红不痛,继发感染，结块初起如豆，压之疼痛，很少化脓,多见老年，结块形如堆粟，按之竖硬，生长迅速,起病较快，初起无头，红肿成片，四周色泽较淡,,,
E,发的局部表现特点是,初起时局部肿胀、灼热、疼痛而皮色不变，结块边界清楚,发病较慢，结块初起如豆，串生累累，不红不痛,继发感染，结块初起如豆，压之疼痛，很少化脓,多见老年，结块形如堆粟，按之竖硬，生长迅速,起病较快，初起无头，红肿成片，四周色泽较淡,,,
C,手指脓肿切开引流，应,施行“S”形切口,循经直切,从侧方切开,沿皮肤的自然纹理切开,放射状切开,,,
A,关节区脓肿切开引流，应,施行“S”形切口,循经直切,从侧方切开,沿皮肤的自然纹理切开,放射状切开,,,
E,治疗痛经之湿热瘀阻证，首选的方剂是,少腹逐瘀汤,血府逐瘀汤,圣愈汤,温经汤,清热调血汤,,,
A,治疗痛经之寒凝血瘀证，首选的方剂是,少腹逐瘀汤,血府逐瘀汤,圣愈汤,温经汤,清热调血汤,,,
C,治疗经行情志异常之痰火上扰证应首选的方剂是,逍遥散,涤痰丸,生铁落饮,甘麦大枣汤,丹栀逍遥散,,,
E,治疗经行情志异常之肝经郁热证应首选的方剂是,逍遥散,涤痰丸,生铁落饮,甘麦大枣汤,丹栀逍遥散,,,
E,治疗产后身痛之血瘀证，首选,生化汤,少腹逐瘀汤,养荣壮肾汤,独活寄生汤,身痛逐瘀汤,,,
C,治疗产后身痛之肾虚证，首选,生化汤,少腹逐瘀汤,养荣壮肾汤,独活寄生汤,身痛逐瘀汤,,,
B,治疗经行头痛血瘀证，应首选的方剂是,将军斩官汤,通窍活血汤,少腹逐瘀汤,趁痛散,血府逐瘀汤,,,
D,治疗经行身痛血瘀证，应首选的方剂是,将军斩官汤,通窍活血汤,少腹逐瘀汤,趁痛散,血府逐瘀汤,,,
B,鹅口疮之虚火上浮证，治疗首选,银翘散,知柏地黄丸,六味地黄丸,泻心导赤散,当归六黄汤,,,
C,口疮之虚火上浮证，治疗首选,银翘散,知柏地黄丸,六味地黄丸,泻心导赤散,当归六黄汤,,,
B,新生儿正常呼吸频率是,90～70次/分,45～40次/分,60～50次/分,40～30次/分,80～60次/分,,,
A,8岁小儿正常脉搏频率是,90～70次/分,45～40次/分,60～50次/分,40～30次/分,80～60次/分,,,
D,小儿贫血的主要病位是,脾、胃,心、脾、胃,心、脾、胃、肾,心、脾、肝、肾,心、脾,,,
A,小儿泄泻的主要病位是,脾、胃,心、脾、胃,心、脾、胃、肾,心、脾、肝、肾,心、脾,,,
E,小儿肺脏的病变常表现为,心烦易惊,乳食积滞,心悸怔忡,纳气功能失常,呼吸功能失常,,,
B,小儿脾胃的病变常表现为,心烦易惊,乳食积滞,心悸怔忡,纳气功能失常,呼吸功能失常,,,
B,霍乱的主要治疗是,扩容为主,补液为主,对症为主,抗菌为主,抗病毒为主,,,
C,乙脑的主要治疗是,扩容为主,补液为主,对症为主,抗菌为主,抗病毒为主,,,
A,属于潜伏性感染的是,病原体侵入人体某些部位后，机体免疫系统将病原体局限化，但又不能清除病原体,病原体在入侵机体后，或从鼻咽部、肠道、尿道及汗腺等通道排出体外，不出现病理损害和疾病的临床表现,病原体侵入机体后，存在于机体的一定部位，并生长、繁殖，虽可有轻度的病理损害，但不出现疾病的临床症状，能排出病原体,感染后不但引起机体免疫应答，还导致组织损伤，引起病理改变和临床表现,病原体只引起特异性免疫应答，不引起或只引起轻微的组织损伤，无临床症状，只能通过免疫学检查发现,,,
E,属于隐性感染的是,病原体侵入人体某些部位后，机体免疫系统将病原体局限化，但又不能清除病原体,病原体在入侵机体后，或从鼻咽部、肠道、尿道及汗腺等通道排出体外，不出现病理损害和疾病的临床表现,病原体侵入机体后，存在于机体的一定部位，并生长、繁殖，虽可有轻度的病理损害，但不出现疾病的临床症状，能排出病原体,感染后不但引起机体免疫应答，还导致组织损伤，引起病理改变和临床表现,病原体只引起特异性免疫应答，不引起或只引起轻微的组织损伤，无临床症状，只能通过免疫学检查发现,,,
C,布鲁菌病发热的典型热型是,不规则热,弛张热,波状热,回归热,稽留热,,,
E,伤寒发热的典型热型是,不规则热,弛张热,波状热,回归热,稽留热,,,
C,全国传染病疫情信息应当由国务院卫生行政部门定期进行,疫点,疫区,疫情公布,疫情通报,疫情措施,,,
D,县级以上地方人民政府卫生行政部门应当及时向本行政区域内的疾病预防控制机构和医疗机构进行,疫点,疫区,疫情公布,疫情通报,疫情措施,,,
D,在乙类传染病中需要采取甲类传染病的预防以及控制措施的疾病是,霍乱,梅毒,艾滋病,肺炭疽,登革热,,,
A,以上属于甲类传染病的是,霍乱,梅毒,艾滋病,肺炭疽,登革热,,,
C,因崩中而致息微欲绝，汗出不止，面色苍白，脉微欲绝，其证候是（　　）。,气不摄血证,气血两虚证,气随血脱证,气虚血瘀证,气滞血瘀证,,,
C,桂苓甘露散的功用是（　　）。,清暑益气，养阴生津,清暑益气，除湿健脾,清暑解热，化气利湿,解表化湿，理气和中,祛暑化湿，健脾和胃,,,
B,流行性出血热发热期，不适宜的治疗是（　　）。,补液,解热镇痛药,纠正酸中毒,纠正电解质紊乱,高热中毒症状重者可用糖皮质激素,,,
C,羌活善治的头痛是（　　）。,少阳经头痛,肝经头痛,太阳经头痛,阳明经头痛,风热头痛,,,
C,具有宣壅催吐功能的方剂是（　　）。,越鞠丸,香苏散,瓜蒂散,三物备急丸,麻黄细辛附子汤,,,
A,《希波克拉底誓言》中提出的医德根本原则是（　　）。,为病家谋利益,平等对待患者,保守医密,不为妇人施堕胎术,不伤害病人,,,
A,川楝子、槟榔皆具有的功效是（　　）。,杀虫行气,杀虫利水,行气利水,行气疏肝,行气健脾,,,
C,下列各项中，不属于竹叶石膏汤组成药物的是（　　）。,人参、粳米,石膏、麦冬,知母、生地,甘草、半夏,竹叶、麦冬,,,
A,根据传染病防治法，不按甲类传染病管理的疾病是（　　）。,AIDS,SARS,肺炭疽,鼠疫,霍乱,,,
C,下列各项，用法错误的是（　　）。,石斛入汤剂宜先煎,钩藤入汤剂不宜久煎,雷丸入汤剂宜先煎,砂仁入汤剂宜后下,附子入汤剂宜先煎,,,
B,可用于治疗夜盲症的药物是（　　）。,砂仁,苍术,豆蔻,草果,厚朴,,,
B,急性肺脓肿的典型X线表现是（　　）。,两上肺多发纤维空洞，周围纤维条索、斑片状密度较高阴影,中下野见大团片状致密阴影，内见液平呈厚壁空洞,肺野边缘部见薄壁空洞,团块边缘有毛刺或呈分叶状，中心有空洞，内壁不光整有结节,大片状密度均匀、边缘模糊阴影,,,
E,胃阳虚证呕吐的特征是（　　）。,干呕呃逆,呕吐腐酸之物,呕吐黄绿苦水,呕吐清水痰涎,泛吐清水夹物,,,
A,决定方剂功用、主治的主要因素是（　　）。,药物,配伍,剂量,剂型,用法,,,
E,用口测法测量体温时，正确的是（　　）。,正常值为36.5～37.5℃,小儿常用,昏迷患者可用,体温在1日内有1℃以上波动,体温表放置舌下，紧闭口腔，5分钟即可读数,,,
A,阳气不足，可发于五脏六腑，其最重要的是（　　）。,肾阳虚,心阳虚,肺阳虚,肝阳虚,脾阳虚,,,
D,大黄酒制后增强的作用是（　　）。,清热解毒,泻热通便,清化痰热,活血祛瘀,凉血止血,,,
B,具有“壅遏营气，令无所避”作用的是（　　）。,肝,脉,脾,髓,三焦,,,
A,脾气虚、脾虚气陷、脾不统血证的共同症状是（　　）。,纳差乏力,久泄不止,畏寒肢冷,头晕目眩,月经过多,,,
C,济生肾气丸是在金匮肾气丸的基础上易干地黄为熟地黄、易桂枝为官桂，再加（　　）。,麦冬、五味子,远志、石菖蒲,牛膝、车前子,杜仲、鹿角胶,枸杞、龟甲胶,,,
B,《临证指南医案》说“内风”产生的机制是（　　）。,体内气机之逆乱,身中阳气之变动,体内阴血之不足,体内筋脉之失养,体表络脉之失濡,,,
E,一种药物能减轻另一种药物的毒性烈性，这种配伍关系是（　　）。,相畏,相须,相使,相恶,相杀,,,
B,平胃散的功用是（　　）。,燥湿运脾，和中益气,燥湿运脾，行气和胃,行气化湿，和胃止呕,化湿和胃，理气健脾,疏肝和胃，益气健脾,,,
B,“阴胜则阳病”所说明的阴阳之间关系是（　　）。,阴阳转化,阴阳对立,阴阳互根,阴阳消长,阴阳交感,,,
B,当瘟疫类疾病发生时病室中嗅到的气味是（　　）。,腐臭气,臭气触人,尿臊气,蒜臭气,烂苹果气,,,
E,真人养脏汤的功用是（　　）。,温中祛寒，补益脾胃,温中补虚，降逆止呕,益气健脾，缓急止痛,温补脾肾，涩肠止泻,涩肠固脱，温补脾肾,,,
B,舌有点刺色绛紫者是（　　）。,阴虚火旺,热入营血,气滞血瘀,脾虚湿盛,痰浊凝滞,,,
A,身热不扬，头身重痛，胸脘痞闷，泛恶欲呕，苔黄腻，脉濡数，其证候是（　　）。,中焦病证,阳明经证,营分证,少阴病证,血分证,,,
C,既能清热燥湿，又善于治疗下焦湿热诸证和阴虚发热的药物是（　　）。,黄芩,黄连,黄柏,知母,龙胆,,,
E,最易伤肺的邪气是（　　）。,风邪,寒邪,暑邪,湿邪,燥邪,,,
A,长期微热，兼疲乏、少气、自汗，其病机是（　　）。,气虚,血虚,阴虚,阳虚,气阴两虚,,,
B,身大热，大汗出，大渴引饮，舌苔黄燥，脉洪，其证候是（　　）。,太阳中风证,阳明经证,阳明腑证,少阴热化证,厥阴病证,,,
D,六腑“以通为用，以降为顺”的理论基础是（　　）。,六腑的结构特点为空腔器官,六腑都是接受饮食物的受盛脏器,六腑都不是储藏精气的脏器,六腑既是受盛水谷又是传化糟粕的器官,六腑是满而不实的脏器,,,
D,中医学整体观念的含义是（　　）。,人体是一个有机整体,人体自身以及人与环境之间的完整性,人体自身以及人与环境之间的统一性,人体自身以及人与环境之间的完整性、统一性和联系性,人体脏腑组织之间的整体联系性,,,
B,既能清实热，又可退虚热的药物是（　　）。,石膏,知母,黄芩,苦参,栀子,,,
A,口舌糜烂又见小便灼热涩痛的证候是（　　）。,心火亢盛证,膀胱湿热证,胃热炽盛证,肝火上炎证,肠道湿热证,,,
D,两经和两经以上病证同时出现的发病类型是（　　）。,感邪即发,徐发,继发,合病,并病,,,
C,下列不属于杏苏散组成药物的是（　　）。,半夏、生姜,橘皮、前胡,荆芥、防风,枳壳、桔梗,茯苓、甘草,,,
E,半夏泻心汤与小柴胡汤两方组成中均含有的药物是（　　）。,人参、黄芩、半夏、干姜、甘草,人参、生姜、半夏、甘草、大枣,半夏、黄连、黄芩、甘草、大枣,柴胡、人参、黄芩、甘草、生姜,半夏、黄芩、人参、炙甘草、大枣,,,
B,形盛气衰的表现是（　　）。,体胖能食，肌肉坚实,体胖食少，神疲乏力,形瘦能食，舌红苔黄,形瘦颧红，皮肤干焦,卧床不起，骨瘦如柴,,,
B,下列各项，不属于八纲辨证所应辨析的内容是（　　）。,病性的寒热,病变的吉凶,邪正的盛衰,病情的类别,病位的深浅,,,
E,镇肝熄风汤中配伍生麦芽的用意是（　　）。,消食和中,疏肝和胃,健脾化滞,和胃护中,疏肝理气,,,
C,治疗外感风寒所致巅顶头痛的药物是（　　）。,白芷,羌活,藁本,苍耳子,细辛,,,
E,治痹痛、噤口痢，宜选用的药物是（　　）。,麝香,牛黄,冰片,苏合香,石菖蒲,,,
D,越鞠丸的功用是（　　）。,行气散结,行气和血,行气消痞,行气解郁,行气止痛,,,
C,身热夜甚，口渴不甚，心烦不寐，斑疹隐现，舌红绛，脉细数，其证候是（　　）。,卫分证候,气分证候,营分证候,血分证候,以上都不是,,,
D,外用有清热收湿作用，可用治湿疮、湿疹、痱子等皮肤病的药物是（　　）。,茯苓,猪苓,车前子,滑石,芒硝,,,
C,下列各项，不属镇心安神药组的是（　　）。,龙骨、牡蛎,朱砂、磁石,龟甲、鳖甲,磁石、琥珀,珍珠母、紫贝齿,,,
C,在28脉中，具有沉、实、大、弦、长特点的是（　　）。,革脉,紧脉,牢脉,芤脉,伏脉,,,
A,消风散的功用是（　　）。,疏风养血，清热除湿,祛风清热，养血活血,祛风除湿，活血止痛,祛风胜湿，益气养血,祛风化痰，通络止痉,,,
D,保和丸的功用是（　　）。,健脾和胃，消食止泻,健脾消痞,消痞除满，健脾和胃,消食和胃,分消酒湿，理气健脾,,,
D,下列各项，不属于卫分证临床表现的是（　　）。,发热微恶寒,头痛,咽喉肿痛,舌绛,脉浮数,,,
D,“至虚有盛候”的病机是（　　）。,由实转虚,实中夹虚,真实假虚,真虚假实,虚实错杂,,,
C,方药配伍用生地黄的是（　　）。,玉女煎,六味地黄丸,一贯煎,四物汤,阳和汤,,,
A,既能凉血止血，又能解毒敛疮，还能够治疗烫伤的药物是（　　）。,地榆,蒲黄,白茅根,槐花,大蓟,,,
D,下列各项，不属于气分证临床表现的是（　　）。,发热,口渴,汗出,斑疹隐隐,舌红苔黄,,,
D,一贯煎中重用生地黄为君，意在（　　）。,清热凉血,滋阴凉血,壮水制火,补益肝肾,滋养肺肾,,,
A,大黄与芒硝配伍，能增强攻下泄热的功效，这种配伍关系是（　　）。,相须,相使,相杀,相反,相畏,,,
D,下列选项属虚证临床表现的是（　　）。,二便不通,精神亢奋,烦躁不宁,二便失禁,疼痛剧烈,,,
A,既能化湿，又能解暑的药物是（　　）。,藿香、佩兰,苍术、厚朴,砂仁、豆蔻,橘皮、青皮,茯苓、玉竹,,,
A,热邪犯胃呕吐的特点是（　　）。,呕声壮厉，吐黏稠黄水,呕吐呈喷射状,呕吐酸腐食糜,吐势徐缓，声音微弱,呕吐物清稀,,,
C,精气首见于下述的著作是（　　）。,《吕氏春秋》,《论衡》,《管子》,《淮南子》,《道德经》,,,
C,当归补血汤原方当归与黄芪的配伍用量比例是（　　）。,1:01,1:02,1:05,2:01,5:01,,,
D,既可用于风湿痹痛，又可用于诸骨鲠咽的药物是（　　）。,五加皮,桑寄生,木瓜,威灵仙,羌活,,,
A,心神不安，精神涣散，举止失常应属于（　　）。,喜伤,怒伤,忧伤,悲伤,恐伤,,,
C,枳实导滞丸与枳实消痞丸的组成药物中均含有（　　）。,枳实、大黄,黄芩、黄连,白术、茯苓,半夏、神曲,木香、厚朴,,,
D,天台乌药散与暖肝煎两方组成中均含有的药物是（　　）。,当归、枸杞子,沉香、川楝子,肉桂、青木香,乌药、小茴香,槟榔、高良姜,,,
B,用于治疗亡阳证，汗出清冷，四肢厥逆，脉微欲绝者宜用（　　）。,附子、肉桂,附子、干姜,附子、人参,附子、细辛,附子、吴茱萸,,,
E,下列各项中不符合方剂组成要求的是（　　）。,辨证审因，随证立法，依法制方,方中诸药，主次有序，分工合作,不一定君臣佐使俱全，但君药不可缺少,君药的数量不宜过多，药量相应较大,君药的药量在全方总药量中所占比例最大,,,
C,善泻胸胁之水的药物是（　　）。,甘遂,大戟,芫花,牵牛子,商陆,,,
B,胸胁脘腹胀闷、胀痛、窜痛，属于（　　）。,气虚证,气滞证,气逆证,气陷证,气滞血瘀证,,,
E,下列各项，不是血虚证临床表现的是（　　）。,面色淡白,唇甲色淡,心悸多梦,手足发麻,体倦乏力,,,
E,血瘀证特有的面色是（　　）。,面色萎黄,面色青黑,面色青黄,面色淡白,面色黧黑,,,
B,属于“五行相侮”的脏病传变是（　　）。,心病及脾,心病及肾,心病及肺,心病及肝,脾病及心,,,
D,五行中“木”的特性是（　　）。,炎上,润下,稼穑,曲直,从革,,,
E,防己黄芪汤中黄芪的主要作用是（　　）。,固表止汗,实卫御风,健脾升阳,祛风行水,益气利水,,,
B,咳喘不能平卧，咳吐清稀痰涎，舌苔白滑，脉弦，其证候是（　　）,痰证,饮证,水停证,血瘀证,血寒证,,,
D,下列治风湿热痹的最佳选药是（　　）。,桑寄生,独活,羌活,防己,五加皮,,,
D,既能够治疗热病心烦、郁闷、躁扰不宁，又能够治疗血热妄行之吐衄、尿血的药物是（　　）。,石膏,知母,苦参,栀子,黄芩,,,
D,用治湿热黄疸和肝经热盛，高热惊厥，手足抽搐，当选用的药物是（　　）。,黄柏,黄连,黄芩,龙胆草,防风,,,
E,下列各项中，不是太阳蓄水证临床表现的是（　　）。,发热恶寒,小腹满,口渴,水入即吐,小便自利,,,
D,面色黧黑，肌肤甲错的主病是（　　）。,肾虚,水饮,寒证,瘀血,痛证,,,
E,风寒犯肺证与寒痰阻肺证最具区别的症状是（　　）。,咳嗽,痰白,质稀,气喘,脉浮紧,,,
D,病人表情淡漠痴呆，喃喃自语，哭笑无常，其病机是（　　）。,痰火扰神,心气亏损,肝风夹痰,痰蒙心神,温病热入心包,,,
C,“热者寒之”所体现的阴阳关系是（　　）。,阴阳交感,阴阳互根,阴阳对立,阴阳消长,阴阳转化,,,
D,“髓海”指的是（　　）。,骨,胆,髓,脑,女子胞,,,
A,苏合香丸配伍诃子的用意是（　　）。,敛气护正,敛肺止咳,涩肠止泻,敛阴止渴,利咽开音,,,
D,方药配伍寓有“培土生金”之义的是（　　）。,健脾丸,二陈汤,四君子汤,参苓白术散,补中益气汤,,,
E,桂枝茯苓丸适用于（　　）。,脾阳不足，聚湿成饮，咳痰稀白，胸膈不快者,中阳不足，饮停心下，胸胁支满，心悸目眩者,脾失健运，痰停中脘，流溢四肢，臂痛肢肿者,下焦虚寒，小便白浊，频数无度，凝如膏糊者,妊娠下血，血色紫黯，腹痛拒按，胎动不安者,,,
B,阳明温病，津亏便秘者，治当首选（　　）。,济川煎,增液汤,麦门冬汤,麻子仁丸,地黄饮子,,,
D,胸闷，心悸，息促不得卧属于（　　）。,痰蒙心神证,火热扰神证,饮邪客肺证,饮停心包证,饮停胸胁证,,,
A,突然昏仆，不省人事，口吐涎沫属于（　　）。,痰蒙心神证,火热扰神证,饮邪客肺证,饮停心包证,饮停胸胁证,,,
A,反治属于（　　）。,治病求本,未病先防,既病防变,因地制宜,因时制宜,,,
A,正治属于（　　）。,治病求本,未病先防,既病防变,因地制宜,因时制宜,,,
A,安宫牛黄丸长于（　　）。,清热解毒,息风止痉,化浊开窍,行气止痛,通便散结,,,
B,紫雪长于（　　）。,清热解毒,息风止痉,化浊开窍,行气止痛,通便散结,,,
E,上焦热盛可见（　　）。,自汗,盗汗,半身出汗,战汗,头汗,,,
A,气虚证可见（　　）。,自汗,盗汗,半身出汗,战汗,头汗,,,
C,僵蚕的功效是（　　）。,祛风止痉，燥湿化痰，解毒散结,息风镇痉，攻毒散结，通络止痛,祛风定惊，化痰散结,息风止痉，平肝潜阳，祛风除痹,息风止痉，解毒散结，通络利尿,,,
B,蜈蚣的功效是（　　）。,祛风止痉，燥湿化痰，解毒散结,息风镇痉，攻毒散结，通络止痛,祛风定惊，化痰散结,息风止痉，平肝潜阳，祛风除痹,息风止痉，解毒散结，通络利尿,,,
A,二陈汤中煎加乌梅的用意是（　　）。,收敛肺气,安蛔止痛,涩肠止泻,敛肺止咳,敛阴止汗,,,
B,乌梅丸中配伍乌梅的用意是（　　）。,收敛肺气,安蛔止痛,涩肠止泻,敛肺止咳,敛阴止汗,,,
C,“土”的特性是（　　）。,曲直,炎上,稼穑,从革,润下,,,
E,“水”的特性是（　　）。,曲直,炎上,稼穑,从革,润下,,,
A,自觉呼吸短促而不相接续，气短不足以息的是（　　）。,短气,夺气,少气,喘,哮,,,
E,呼吸急促困难，喉中痰鸣的是（　　）。,短气,夺气,少气,喘,哮,,,
E,诃子的功效是（　　）。,既能敛肺止咳，又能宁心安神,既能敛肺止咳，又能生津安蛔,既能敛肺止咳，又能固精缩尿,既能敛肺止咳，又能收敛止血,既能敛肺止咳，又能利咽开音,,,
A,五味子的功效是（　　）。,既能敛肺止咳，又能宁心安神,既能敛肺止咳，又能生津安蛔,既能敛肺止咳，又能固精缩尿,既能敛肺止咳，又能收敛止血,既能敛肺止咳，又能利咽开音,,,
A,腹部肿块推之不移，痛有定处者病属（　　）。,血分,水分,痰饮,寒凝,气分,,,
E,腹部肿块推之可移，痛无定处者病属（　　）。,血分,水分,痰饮,寒凝,气分,,,
B,三棱兼能治疗的病证是（　　）。,肠燥便秘,食积胀痛,血虚经闭,热病神昏,产后水肿,,,
D,郁金兼能治疗的病证是（　　）。,肠燥便秘,食积胀痛,血虚经闭,热病神昏,产后水肿,,,
B,患者头微痛，恶寒无汗，咳嗽痰稀，鼻塞咽干，苔白，脉弦。治宜选用（　　）。,清燥救肺汤,杏苏散,桑杏汤,麦门冬汤,百合固金汤,,,
D,患者咳唾涎沫，短气喘促，咽喉干燥，舌干红少苔，脉虚数。治宜选用（　　）。,清燥救肺汤,杏苏散,桑杏汤,麦门冬汤,百合固金汤,,,
B,过度悲伤可引起（　　）。,精神不能集中，甚则失神狂乱,精神萎靡不振，气短乏力,二便失禁，昏厥，遗精,纳呆，腹胀,心悸，惊恐不安,,,
A,过喜可引起（　　）。,精神不能集中，甚则失神狂乱,精神萎靡不振，气短乏力,二便失禁，昏厥，遗精,纳呆，腹胀,心悸，惊恐不安,,,
D,肺在体为（　　）。,筋,脉,肉,皮,骨,,,
A,肝在体为（　　）。,筋,脉,肉,皮,骨,,,
B,治疗痰热咳嗽，宜选用的药物是（　　）。,半夏,瓜蒌,白芥子,川贝母,桔梗,,,
D,治疗阴虚燥咳，宜选用的药物是（　　）。,半夏,瓜蒌,白芥子,川贝母,桔梗,,,
B,牛膝的功效是（　　）。,既能活血行气，又能利胆退黄,既能活血调经，又能引血下行,既能活血调经，又能下乳消痈排脓,既能散瘀止痛，又能接骨疗伤,既能行血补血，又能舒筋活络,,,
E,鸡血藤的功效是（　　）。,既能活血行气，又能利胆退黄,既能活血调经，又能引血下行,既能活血调经，又能下乳消痈排脓,既能散瘀止痛，又能接骨疗伤,既能行血补血，又能舒筋活络,,,
D,心阴不足，肝气失和而心神烦乱、睡眠不安者。治宜选用（　　）。,天王补心丹,酸枣仁汤,磁朱丸,甘麦大枣汤,朱砂安神丸,,,
B,心肝血虚，虚热内扰而虚烦失眠、眩晕心悸者。治宜选用（　　）。,天王补心丹,酸枣仁汤,磁朱丸,甘麦大枣汤,朱砂安神丸,,,
E,苏合香的功效是（　　）。,开窍醒神，活血通经，消肿止痛,开窍醒神，清热止痛,开窍醒神，清心化痰,开窍醒神，化湿和胃，宁神益志,开窍醒神，辟秽止痛,,,
B,冰片的功效是（　　）。,开窍醒神，活血通经，消肿止痛,开窍醒神，清热止痛,开窍醒神，清心化痰,开窍醒神，化湿和胃，宁神益志,开窍醒神，辟秽止痛,,,
B,调摄精神属于（　　）。,治病求本,未病先防,既病防变,因地制宜,因时制宜,,,
C,先安未受邪之地属于（　　）。,治病求本,未病先防,既病防变,因地制宜,因时制宜,,,
E,薏苡仁的功效是（　　）。,利水渗湿，解毒,利水通淋，清热排脓,利尿通淋，通气下乳,利水通淋，止咳,利水消肿，渗湿，健脾，除痹，清热排脓,,,
C,通草的功效是（　　）。,利水渗湿，解毒,利水通淋，清热排脓,利尿通淋，通气下乳,利水通淋，止咳,利水消肿，渗湿，健脾，除痹，清热排脓,,,
C,《素问·金匮真言论》说不同季节多发病不同，多发于长夏的是（　　）。,善病鼽衄,善病胸胁,善病洞泄寒中,善病风疟,善病痹厥,,,
D,《素问·金匮真言论》说不同季节多发病不同，多发于秋季的是（　　）。,善病鼽衄,善病胸胁,善病洞泄寒中,善病风疟,善病痹厥,,,
B,党参的功效是（　　）。,补气，生津，宁心,补脾肺气，补血，生津,补气养阴，清热生津,补气，生津，止汗,补气，生津，安胎,,,
C,西洋参的功效是（　　）。,补气，生津，宁心,补脾肺气，补血，生津,补气养阴，清热生津,补气，生津，止汗,补气，生津，安胎,,,
C,肾在舌上分属部位是（　　）。,舌尖,舌中,舌根,舌边,舌底,,,
D,肝在舌上分属部位是（　　）。,舌尖,舌中,舌根,舌边,舌底,,,
A,治疗外感风寒之眉棱骨痛宜选用的药物是（　　）。,白芷,羌活,川芎,蔓荆子,辛夷,,,
C,治疗外感风寒之头两侧并连及耳痛宜选用的药物是（　　）。,白芷,羌活,川芎,蔓荆子,辛夷,,,
E,妇女产后、经后身痛等属于气虚血滞者，宜选用的治疗方剂是（　　）。,归脾汤,炙甘草汤,补阳还五汤,当归补血汤,黄芪桂枝五物汤,,,
D,妇人经行或产后发热头痛属于气虚血弱者，宜选用的治疗方剂是（　　）。,归脾汤,炙甘草汤,补阳还五汤,当归补血汤,黄芪桂枝五物汤,,,
C,两胁作痛，头痛目眩，月经不调，乳房作胀，神疲食少，脉弦而虚者。治宜选用（　　）。,四逆散,柴胡疏肝散,逍遥散,一贯煎,痛泻要方,,,
A,胁肋胀闷，脘腹疼痛，手足不温，脉弦者。治宜选用（　　）。,四逆散,柴胡疏肝散,逍遥散,一贯煎,痛泻要方,,,
A,鹿茸的功效是（　　）。,既能补肾阳，又能益精血，强筋骨,既能补肾阳，又能强筋骨，安胎,既能补肾阳，又能祛风除湿,既能补肾阳，又能润肠通便,既能补肾阳，又能温脾止泻,,,
C,巴戟天的功效是（　　）。,既能补肾阳，又能益精血，强筋骨,既能补肾阳，又能强筋骨，安胎,既能补肾阳，又能祛风除湿,既能补肾阳，又能润肠通便,既能补肾阳，又能温脾止泻,,,
C,心悸、失眠、多梦、精神萎靡属于（　　）。,喜伤,怒伤,思伤,悲伤,恐伤,,,
E,二便失禁，滑精阳痿属于（　　）。,喜伤,怒伤,思伤,悲伤,恐伤,,,
A,能活血行气的药物是（　　）。,川芎,红花,益母草,水蛭,血竭,,,
C,能活血调经，利水的药物是（　　）。,川芎,红花,益母草,水蛭,血竭,,,
B,主阴寒内盛证的面色有（　　）。,青色、赤色,青色、黑色,黄色、黑色,赤色、黑色,赤色、白色,,,
C,主水湿内停证的面色有（　　）。,青色、赤色,青色、黑色,黄色、黑色,赤色、黑色,赤色、白色,,,
C,发病已5天的急性胰腺炎，对诊断有帮助的检查是（　　）。,血清淀粉酶,尿淀粉酶,血清脂肪酶,血清正铁血白蛋白,血钙,,,
E,有关脑膜炎球菌的描述，正确的是（　　）。,革兰染色阳性，体外抵抗力很弱，能产生自溶酶,特异性荚膜多糖抗原与其致病作用无关,能产生毒力较强的外毒素,目前我国流行株以C群为主,与淋球菌一样也属于奈瑟菌属,,,
B,以下均可出现语颤减弱，除了（　　）。,气胸,肺空洞,肺气肿,极度衰弱,胸壁肥厚,,,
D,慢性粒细胞白血病首选治疗药物是（　　）。,白消安（马利兰）,阿糖胞苷,靛玉红,羟基脲,α-干扰素,,,
A,孙思邈主张医家必须“精”，指的是（　　）。,不断学习，提高医疗技术,不断学习，对病人要一心赴救,不断学习，对病人要普同一等,不断学习，有高尚的医德,不断学习，仁爱救人,,,
D,下列疾病中出现的胸腔积液不是渗出液的是（　　）。,结核性胸膜炎,脓胸,肺癌,心力衰竭,胸膜肿瘤,,,
B,有关流行性出血热多尿期的描述，下列哪项是错误的？（　　）,一般出现在病程的9～14天,血中BUN和Cr开始下降,多尿早期尿毒症症状加重,每日尿量可多达15000ml,可发生休克,,,
B,导致发生医疗事故的直接原因是行为主体（　　）。,技术上缺乏经验,违反医疗卫生管理法律、法规,在现有科技条件下无法预料,临床诊疗中患者病情异常,无法预料或防范,,,
A,慢性肾衰竭时矫枉失衡的结果主要是（　　）。,血磷高、血钙低,血磷、血钙均升高,血磷低、血钙高,血钾升高,血钠高,,,
D,霍乱大流行最重要的传播形式是（　　）。,食物污染,苍蝇传播,接触患者,水源污染,接触带菌者,,,
D,依照《中华人民共和国执业医师法》，卫生行政部门对医师活动的监督管理制度是（　　）。,医师资格考试制度,医师资格申请制度,医师资格评审制度,医师执业注册制度,毕业后转正制度,,,
B,最有助于肝性脑病诊断的检查是（　　）。,血尿素氮,血氨,血清胆红素,血糖,丙氨酸移换酶,,,
D,流行性脑脊髓膜炎典型脑脊液外观是（　　）。,稍混浊,毛玻璃样,绿色脓样,米汤样,血水样,,,
D,以下不属于职业道德特点的是（　　）,专业性,稳定性,多样性,义务性,适应性,,,
B,风心病出现周围血管体征的是（　　）。,主动脉瓣狭窄,主动脉瓣关闭不全,二尖瓣狭窄,二尖瓣关闭不全,肺动脉瓣狭窄,,,
E,病原体侵入人体后能否引起疾病，主要取决于（　　）。,机体的保护性免疫,机体的天然屏障作用,病原体的毒力与数量,病原体的侵入途径与特异性定位,病原体的致病力与机体的免疫功能,,,
E,有关暴发型流脑败血症休克型的描述，下列错误的是（　　）。,皮肤瘀点瘀斑迅速扩大并融合成片,突发高热、头痛、呕吐,口唇发绀、低血压,精神萎靡、意识障碍,脑膜刺激征明显、脑脊液呈化脓性改变,,,
D,脊椎压痛、叩击痛不常见于（　　）。,脊椎结核,棘间韧带损伤,椎间盘脱出,脊柱畸形,脊椎骨,,,
C,尿路感染的病原体，最常见的是（　　）。,结核杆菌,淋球菌,大肠埃希菌,变形杆菌,葡萄球菌,,,
D,预防HBeAg阳性母亲所生的新生儿HBV感染最有效的措施是（　　）。,丙种球蛋白,高效价乙肝免疫球蛋白,乙肝疫苗,高效价乙肝免疫球蛋白加乙肝疫苗,乙肝疫苗加丙种球蛋白,,,
C,脑脊液检验的适应证应除外（　　）。,有脑膜刺激征,疑有颅内出血.,疑有颅内压显著增高,疑有脑膜白血病,有剧烈头痛、昏迷、抽搐或瘫痪等症状及体征而考虑为神经系统疾病时,,,
D,下列不属于传染源的是（　　）。,患者,病原携带者,隐性感染者,易感者,受感染的动物,,,
D,脉搏强而大常可见于下列疾病，但除外（　　）。,甲状腺功能亢进,发热,主动脉瓣关闭不全,主动脉瓣狭窄,高血压病,,,
D,触诊发现包块，导尿后消失，可能为（　　）。,肝,胆囊,胃扩张,胀大膀胱,多囊肾,,,
A,小细胞低色素性贫血最常见于（　　）。,缺铁性贫血,再生障碍性贫血,骨髓病性贫血,铁粒幼细胞性贫血,巨幼红细胞性贫血,,,
D,乳腺皮肤呈橘皮样改变提示（　　）。,乳腺炎,乳腺增生,乳腺囊肿,乳腺癌,乳腺萎缩,,,
C,二氧化碳结合力降低见于（　　）。,肺心病呼吸衰竭,呼吸性酸中毒,代谢性酸中毒,代谢性碱中毒,正常健康人,,,
C,治疗急性肺水肿的主要措施是（　　）。,休息,静脉补液,快速利尿,控制感染,限制钠盐摄入,,,
A,流行性出血热的病原体属于（　　）。,病毒,细菌,支原体,螺旋体,立克次体,,,
D,高血压性脑出血最主要的诱发因素是（　　）。,外伤,感染,电解质紊乱,情绪激动或过度用力,高脂血症,,,
C,下列各项，肝硬化患者应用利尿药治疗腹水首选的是（　　）。,甘露醇,利尿酸,螺内酯,氢氯噻嗪,呋塞米,,,
A,医师义务和权利中不包括的是（　　）。,保证治疗效果,保证病人平等医疗权,保证病人医疗权的实现,保证病人身心健康,履行自己的义务,,,
E,对确诊流行性出血热，最有意义的是（　　）。,临床上表现有“三痛”和“三红”,血象中出现异型淋巴细胞和血小板减少,尿中出现膜状物,三大主症：发热，出血，肾损害,特异性抗体IgM阳性,,,
D,下列叙述错误的是（　　）。,抗-HEV IgM阳性可诊断为HEV近期感染,HBsAg和HDVAg均呈阳性，可诊断为HBV及HDV联合感染,HCV RNA阳性时可诊断为HCV现症感染,单项抗-HBc阳性时，可诊断为HBV现症感染,抗-HAV IgM阳性可诊断为HAV近期感染,,,
E,《医疗事故处理条例》将医疗事故分为四级，它们是根据（　　）。,患者病情严重程度,患者患病的病种情况,医疗事故的定性,医疗事故的责任,对患者人身造成的损害程度,,,
A,医学道德是一种职业道德，它不是（　　）。,只存在于从事医生职业活动的人们中间,在内容上具有稳定性、连续性,在形式上比较具体、生动,医务人员容易理解、接受,人道主义精神的集中体现,,,
D,目前对提高人群免疫力起关键作用的是（　　）。,加强营养,锻炼身体,注射丙种球蛋白,预防接种,预防服药,,,
D,有关隔离的描述，错误的是（　　）。,是控制传染病流行的重要措施,便于管理传染源,可防止病原体向外扩散给他人,根据传染病的平均传染期来确定隔离期限,某些传染病患者解除隔离后尚应进行追踪观察,,,
E,对判断霍乱脱水程度最有意义的临床检查是（　　）。,皮肤黏膜弹性,血压,血细胞比容,血钠,血浆比重,,,
D,下列各项，影响铁剂吸收的因素是（　　）。,牛奶,菠菜,肉类,茶叶,植物油,,,
D,有关病毒性肝炎的描述，错误的是（　　）。,妊娠后期合并戊肝病死率高,急性丙肝易转为慢性肝炎,甲型肝炎不转为慢性,丙肝病毒感染易致重型肝炎,慢性丙型肝炎可演变为肝硬化,,,
E,下列感染中，没有传染性的是（　　）。,隐性感染,显性感染潜伏期,显性感染症状明显期,病原携带状态,潜伏性感染,,,
E,与慢性胃炎发病密切相关的细菌是（　　）。,沙门菌,副溶血弧菌,大肠杆菌,金黄色葡萄球菌,幽门螺杆菌,,,
B,熟悉传染病潜伏期的目的是为了（　　）。,确定诊断,确定检疫期,预测流行趋势,追踪传染来源,有助于指导治疗,,,
A,再生障碍性贫血的主要发病机制是（　　）。,造血干细胞减少或缺陷,造血原料缺乏,造血微环境缺陷,免疫机制异常,血管内溶血过多,,,
D,高血压合并心肌梗死宜选用（　　）。,苄胺唑啉,哌唑嗪,肼苯哒嗪,美托洛尔,卡托普利,,,
E,急性胰腺炎采用禁食或胃肠减压治疗的目的是（　　）。,减少胃酸,减少胃蛋白酶,减少胆汁,减少钙离子,减少胰腺分泌,,,
B,上腔静脉阻塞时，腹壁静脉曲张的血流方向为（　　）。,脐上、脐下均向上,脐上、脐下均向下,脐上向上、脐下向下,脐上向下、脐下向上,以脐为中心向四周放射,,,
C,幽门梗阻时不会出现的体征是（　　）。,脱水,振水音,移动性浊音,胃型,胃蠕动波,,,
C,内生肌酐清除率测定可反映（　　）。,近端肾小管排泌功能,远端肾小管排泌功能,肾小球滤过功能,肾浓缩稀释功能,肾血流量,,,
D,下列不属于皮肤黏膜出血的是（　　）。,紫癜,出血点,血肿,蜘蛛痣,瘀,,,
C,长期低热，以午后或夜间低热为主，其病机是（　　）。,气虚,血虚,阴虚,阳虚,气阴两虚,,,
C,甲亢患者，由甲状腺素分泌过多引起的临床表现是（　　）。,突眼,甲状腺肿大,怕热，多汗，多食而消瘦,畏寒,眼裂增宽，凝视,,,
B,消化性溃疡发病的最主要病因是（　　）。,胃酸分泌增高,Hp感染,遗传因素,免疫因素,饮食不节,,,
E,下壁心肌梗死出现特征性改变的心电图导联是（　　）。,Ⅴ1～Ⅴ5,Ⅴ1、Ⅴ2、Ⅴ3,Ⅰ、aVL、Ⅴ5、Ⅴ6,Ⅴ3、Ⅴ4、Ⅴ5,Ⅱ、Ⅲ、aVF,,,
B,有关消毒的描述，正确的是（　　）。,消毒是针对有确定传染源存在的场所进行的,对传染病死亡患者的尸体按规定的处理也属消毒,对传染病住院患者污染过的物品可待其出院后集中消毒,对有病原体携带者（没有发病）存在的场所可以不消毒,饭前便后的洗手不属消毒的范畴,,,
D,人群对某种传染病易感性增高的原因是（　　）。,该传染病流行过后,人群中一般抵抗力的提高,人群中自动免疫的推广,病原体的变异,抗生素的广泛应用,,,
E,周围血管征常见于下列疾病，但除外（　　）。,主动脉瓣关闭不全,发热,贫血,甲亢,主动脉瓣狭窄,,,
C,依法取得执业医师或执业助理医师资格的医生（　　）。,具备合法行医条件，可以从事医疗活动,可以从事相应的医疗、预防、保健业务,经注册取得执业证书，可从事相应的医疗、预防、保健业务,取得资格证书后，具备合法行医条件,考试合格后，可以从事相应的医疗、预防、保健业务,,,
E,有关消毒的描述，错误的是（　　）。,是切断传播途径，防止传染发生的重要措施,可保护医护人员免受感染,可防止患者再被其他病原体感染,即使有了强有力的消毒措施，医护人员也必须采取防护措施,对不同的传染病消毒效果相似,,,
C,有关SARS病原学检查，错误的是（　　）。,血清SARS-CoV抗体由阴性转变为阳性提示为近期感染,急性期到恢复期血清SARS-CoV抗体滴度升高4倍及以上，提示为近期感染,SARS-CoV PCR测定结果阴性可除外SARS,SARS-CoV PCR测定结果阳性可确诊SARS,SARS-CoV分离培养阳性结果可确诊SARS,,,
D,卫生法中的民事责任主要是（　　）。,行政处罚,刑事处罚,损害责任,财产责任,侵害自由权,,,
E,《中华人民共和国药品管理法实施条例》规定，医疗机构购进药品必须有（　　）。,签订的购进合同,编制采购计划和记录,价格清单记录,经过检验的记录,真实、完整的药品购进记录,,,
D,甲状腺功能亢进最严重的临床表现是（　　）。,甲亢性心脏病并房颤,浸润性突眼,甲状腺次全切除术出血,甲状腺危象,甲亢性肌病,,,
A,在医学伦理学的研究内容中不包括以下哪项内容？（　　）,伦理学产生、发展及其规律,医学伦理学的基本原则、规范,医学伦理学的基本理论,医学道德的教育、评价和修养,医学道德中特殊问题,,,
E,下列哪项不是普通型流脑的典型表现？（　　）,头痛,呕吐,出血点,抽搐,巴宾斯基征阳性,,,
A,高血压危重症快速降压宜选用（　　）。,静脉滴注硝普钠,卡托普利,普萘洛尔,静注地西泮,静注呋塞米,,,
C,诊断重型病毒性肝炎，下列指标最有意义的是（　　）。,血清胆红素明显升高,酶胆分离,凝血酶原活动度明显降低,A/G比值倒置,血清转肽酶活性明显升高,,,
C,慢性肾小球肾炎的病因和发病机制主要是（　　）。,链球菌感染,病毒感染,免疫性损害,高血压致损,健存肾单位高负荷,,,
B,下列各项，属癫痫大发作表现的是（　　）。,短暂意识丧失,意识丧失，四肢强直，继之阵挛、昏睡,单侧肢体抽动,躁动、乱语,发作性四肢抽搐,,,
C,慢性支气管炎病变部位是（　　）。,气管黏膜炎症,气管及其周围组织的慢性炎症,气管、支气管及其周围组织慢性非特异性炎症,毛细支气管的慢性炎症,肺泡炎症,,,
D,手足搐搦见于（　　）。,老年动脉硬化患者,小脑疾患,肝性脑病,低钙血症和碱中毒,儿童脑风湿病,,,
A,突然发作的心绞痛，其胸痛部位常位于（　　）。,胸骨体中段、上段的后方,左肩背部,上腹部,左胸或右胸,心尖部,,,
C,墨菲征阳性见于（　　）。,急慢性肝炎,急性胃炎,急性胆囊炎,急性胰腺炎,急性肠炎,,,
D,有关肝炎病毒血清学标志物的描述，不正确的是（　　）。,慢性HBV感染抗-HBc IgM也可阳性,抗-HAV IgM阳性可诊断为急性HAV感染,HBsAg阳性表明患者有传染性,抗-HCV阳性为HCV既往感染,抗-HBs是保护性抗体,,,
A,治疗普通型流行性脑脊髓膜炎首选抗菌药物是（　　）。,青霉素,磺胺药,氨苄西林,红霉素,庆大霉素,,,
B,对冠心病最有确诊意义的检查是（　　）。,普通心电图,选择性冠状动脉造影,24小时动态心电图,超声心动图,心功能检查,,,
D,生命伦理学的含义是（　　）。,根据疗效标准和原则，对生命科学内的人类行为进行系统研究的科学,根据医学价值和原则，对医学科学内的有关生命问题进行系统研究的科学,根据社会价值和原则，对生命领域内的人类行为进行系统研究的科学,根据道德价值和原则，对生命科学和卫生保健领域内的人类行为进行系统研究的科学,根据道德价值和原则，对医学科学内的有关生命问题进行系统研究的科学,,,
E,关于扁桃体肿大，叙述正确的是（　　）。,Ⅰ度肿大为刚超过咽腭弓,Ⅱ度肿大为达到中线,超过咽腭弓而未达到中线是Ⅲ度肿大,扁桃体肿大共分4度,达到并超过中线为扁桃体Ⅲ度肿大,,,
A,流行性出血热临床上的五期经过顺序正确的是（　　）。,发热期、低血压期、少尿期、多尿期、恢复期,发热期、多尿期、低血压期、少尿期、恢复期,发热期、低血压期、多尿期、少尿期、恢复期,发热期、出血期、低血压期、少尿期、恢复期,发热期、出血期、少尿期、多尿期、恢复期,,,
E,医疗卫生机构和有关单位发现有突发卫生事件情形的，向所在地卫生行政主管部门报告的时限要求是在发现（　　）。,6小时后,4小时后,3小时后,2小时后,2小时内,,,
B,周围性面瘫（　　）。,出现对侧颜面肌麻痹,出现同侧颜面肌麻痹,出现面部无汗,多因脑血管病引起,能够皱额、皱眉,,,
C,心理治疗道德要求中不正确的做法是（　　）。,运用心理学知识和技巧开导病人,要有同情心和帮助病人的诚意,病人有自伤或伤害他人行为时，应及时通知家属而无需让病人知情,要以稳定的心理状态影响和帮助病人,要为病人保守隐私和秘密,,,
B,人体试验必须坚持的原则中不包括（　　）。,知情同意原则,经济利益原则,科学对照原则,医学目的原则,维护病人利益原则,,,
D,肺癌的原发部位是（　　）。,肺组织,支气管平滑肌细胞,肺间质组织,支气管上皮细胞,支气管软骨细胞,,,
D,下列属于卫生法范畴的法律是（　　）。,《中华人民共和国商标法》,《中华人民共和国专利法》,《中华人民共和国著作权法》,《中华人民共和国药品管理法》,《中华人民共和国合同法》,,,
A,慢支急性发作期的临床表现特征为（　　）。,1周内出现脓性痰，痰量明显增多,咳、痰、喘等症状迁延1个月以上,咳、痰、喘等症状迁延2个月以上,长期咳嗽，伴低热、乏力、盗汗、咯血,症状基本消失保持2个月以上,,,
B,慢支慢性迁延期的临床表现特征为（　　）。,1周内出现脓性痰，痰量明显增多,咳、痰、喘等症状迁延1个月以上,咳、痰、喘等症状迁延2个月以上,长期咳嗽，伴低热、乏力、盗汗、咯血,症状基本消失保持2个月以上,,,
E,肝癌（　　）。,肝轻度肿大，质稍韧，表面光滑,肝大明显，质韧或稍硬，压痛较轻,肝明显肿大，质韧，表面光滑，肝颈静脉反流征阳性,肝缩小，脾大,肝明显肿大，质硬如石，表面有结节，压痛明显,,,
D,晚期肝硬化（　　）。,肝轻度肿大，质稍韧，表面光滑,肝大明显，质韧或稍硬，压痛较轻,肝明显肿大，质韧，表面光滑，肝颈静脉反流征阳性,肝缩小，脾大,肝明显肿大，质硬如石，表面有结节，压痛明显,,,
D,急性心肌梗死并发室颤时，应首先应用（　　）。,西地兰,利多卡因,硝酸甘油,非同步电复律,同步电复律,,,
B,急性心肌梗死第一天发生室性早搏应首先应用（　　）。,西地兰,利多卡因,硝酸甘油,非同步电复律,同步电复律,,,
B,目前我国流行的优势痢疾杆菌是（　　）。,志贺痢疾杆菌,福氏痢疾杆菌,宋内痢疾杆菌,鲍氏痢疾杆菌,舒氏痢疾杆菌,,,
A,产生外毒素能力最强的痢疾杆菌是（　　）。,志贺痢疾杆菌,福氏痢疾杆菌,宋内痢疾杆菌,鲍氏痢疾杆菌,舒氏痢疾杆菌,,,
C,表现肾小管功能持续受损的疾病是（　　）。,急性膀胱炎,急性肾盂肾炎,慢性肾盂肾炎,无症状细菌尿,尿道综合征,,,
E,不出现真性细菌尿的疾病是（　　）。,急性膀胱炎,急性肾盂肾炎,慢性肾盂肾炎,无症状细菌尿,尿道综合征,,,
E,乙型肝炎属（　　）。,呼吸道传染病,肠道传染病,人畜共患病,虫媒传染病,性传播疾病,,,
B,甲型肝炎属（　　）。,呼吸道传染病,肠道传染病,人畜共患病,虫媒传染病,性传播疾病,,,
B,吡喹酮治疗（　　）。,伤寒,血吸虫病,流行性感冒,流行性脑脊髓膜炎,秋季腹泻,,,
A,诺氟沙星治疗（　　）。,伤寒,血吸虫病,流行性感冒,流行性脑脊髓膜炎,秋季腹泻,,,
A,肝硬化食管静脉曲张X线钡剂检查表现的是（　　）。,虫蚀样充盈缺损,龛影,变形,菊花样缺损,皮革状,,,
D,肝硬化胃底静脉曲张X线钡剂检查表现的是（　　）。,虫蚀样充盈缺损,龛影,变形,菊花样缺损,皮革状,,,
E,流行性出血热传染源主要是（　　）。,家畜,患者,蚊虫,毛蚶,鼠类,,,
B,霍乱传染源主要是（　　）。,家畜,患者,蚊虫,毛蚶,鼠类,,,
A,卫生法立法目的在于（　　）。,保护人民身体健康,维护医务人员合法权益,维护医疗机构权益,维护医患双方权益,维护社会卫生公共秩序,,,
E,国家卫生监督作为卫生立法基本原则之一，通过监督以（　　）。,保护人民身体健康,维护医务人员合法权益,维护医疗机构权益,维护医患双方权益,维护社会卫生公共秩序,,,
A,氰化物中毒时可出现的是（　　）。,瞳孔扩大,瞳孔缩小,瞳孔大小不等,复视,视神经炎,,,
B,吗啡类中毒时可出现的是（　　）。,瞳孔扩大,瞳孔缩小,瞳孔大小不等,复视,视神经炎,,,
B,执业医师资格考试合格后，必须（　　）。,经资格认定取得执业证书，取得开展诊疗活动资格,经注册取得执业证书才具备合法行医条件,经医学本科学历教育，具备申请医师资格考试的基本条件,申请经批准发给执业证书，具备医师行业准入资格,经相应职称评审发给执业证书，取得相应的专业职称系列资格,,,
D,执业医师资格考试合格后，即可依法（　　）。,经资格认定取得执业证书，取得开展诊疗活动资格,经注册取得执业证书才具备合法行医条件,经医学本科学历教育，具备申请医师资格考试的基本条件,申请经批准发给执业证书，具备医师行业准入资格,经相应职称评审发给执业证书，取得相应的专业职称系列资格,,,
B,确诊霍乱常用（　　）。,肥达反应,粪便培养,血培养,粪便镜检,胆汁培养,,,
C,确诊伤寒常用（　　）。,肥达反应,粪便培养,血培养,粪便镜检,胆汁培养,,,
D,霍乱治疗主要是（　　）。,抗菌治疗,抗病毒治疗,对症治疗,补液治疗,抗休克治疗,,,
C,SARS治疗主要是（　　）。,抗菌治疗,抗病毒治疗,对症治疗,补液治疗,抗休克治疗,,,
A,可疑糖尿病者，空腹或饭后血糖未达到诊断标准，还需进行的是（　　）。,口服葡萄糖耐量试验（OGTT）,血酮体、尿酮体检查,血脂测定,糖化血红蛋白,监测血糖,,,
E,用小剂量胰岛素治疗酮症酸中毒昏迷时，为了解病情变化，调整胰岛素用量，应进行的是（　　）。,口服葡萄糖耐量试验（OGTT）,血酮体、尿酮体检查,血脂测定,糖化血红蛋白,监测血糖,,,
A,风湿热消除链球菌感染首选（　　）。,青霉素,链霉素,庆大霉素,泼尼松,阿司匹林,,,
E,单纯关节炎或有皮肤表现患者可首选（　　）。,青霉素,链霉素,庆大霉素,泼尼松,阿司匹林,,,
A,治疗轻、中度溃疡性结肠炎首选的药物是（　　）。,柳氮磺吡啶,美沙拉嗪,布地奈德,硫唑嘌呤,英夫利昔,,,
B,适用于轻、中度小肠型克罗恩病治疗的药物是（　　）。,柳氮磺吡啶,美沙拉嗪,布地奈德,硫唑嘌呤,英夫利昔,,,
A,慢性浅表性胃炎胃酸（　　）。,基本正常,明显增高,减少,缺乏,减少或缺乏,,,
B,十二指肠球部溃疡游离酸（　　）。,基本正常,明显增高,减少,缺乏,减少或缺乏,,,
A,诊断慢性支气管炎主要靠（　　）。,主要根据病史和症状,肺部啰音,血液检查,胸部X线检查,痰液检查,,,
D,早期诊断肺结核最有价值的是（　　）。,主要根据病史和症状,肺部啰音,血液检查,胸部X线检查,痰液检查,,,
C,风心病并发心律失常最多见的是（　　）。,早搏,阵发性心动过速,房颤,心动过缓,房室传导阻滞,,,
C,风心病二尖瓣狭窄并发栓塞最常见于（　　）。,早搏,阵发性心动过速,房颤,心动过缓,房室传导阻滞,,,
C,门静脉高压时，腹壁静脉曲张的血流方向为（　　）。,脐上脐下均向上,脐上脐下均向下,脐上向上、脐下向下,脐上向下、脐下向上,以脐为界向上走行,,,
A,下腔静脉阻塞时，腹壁静脉曲张的血流方向为（　　）。,脐上脐下均向上,脐上脐下均向下,脐上向上、脐下向下,脐上向下、脐下向上,以脐为界向上走行,,,
C,发热伴寒战常见于（　　）。,白血病,传染性单核细胞增多症,急性胆囊炎,麻疹,流行性感冒,,,
D,发热伴结膜充血常见于（　　）。,白血病,传染性单核细胞增多症,急性胆囊炎,麻疹,流行性感冒,,,
A,真实客观地记录病人住院期间全部病情经过的是（　　）。,病程记录,首次病程记录,会诊记录,转科记录,出院记录,,,
B,提出初步诊断及依据，并拟定近期诊疗计划的是（　　）。,病程记录,首次病程记录,会诊记录,转科记录,出院记录,,,
A,肺气肿（　　）。,肺下界下降,肺下界升高,病侧肺下界下降,病侧肺下界升高,肺下界正常,,,
B,大量腹水（　　）。,肺下界下降,肺下界升高,病侧肺下界下降,病侧肺下界升高,肺下界正常,,,
B,支气管哮喘时首选（　　）。,糖皮质激素,β2肾上腺素受体激动药,抗生素,肾上腺素,吗啡,,,
E,支气管哮喘忌用（　　）。,糖皮质激素,β2肾上腺素受体激动药,抗生素,肾上腺素,吗啡,,,
A,胰腺炎因胰头水肿压迫胆总管可致（　　）。,黄疸,休克,腹膜炎,急性上消化道出血,发热,,,
B,出血坏死型胰腺炎的重要特征是（　　）。,黄疸,休克,腹膜炎,急性上消化道出血,发热,,,
D,常在传染病恢复期出现，持续时间较长的抗体是（　　）。,IgA,IgD,IgE,IgG,IgM,,,
E,感染过程中首先出现，常为近期感染标志的抗体是（　　）。,IgA,IgD,IgE,IgG,IgM,,,
D,血清铁降低，总铁结合力降低为（　　）。,缺铁性贫血,再生障碍性贫血,珠蛋白合成障碍性贫血,慢性病性贫血,铁粒幼细胞性贫血,,,
A,血清铁降低，总铁结合力增高为（　　）。,缺铁性贫血,再生障碍性贫血,珠蛋白合成障碍性贫血,慢性病性贫血,铁粒幼细胞性贫血,,,
A,体现医患沟通中医学目的需要的内容是,良好的医患沟通保证了医学信息的可靠性和治疗手段的科学性,疾病诊断的前提是对患者疾病起因、发展过程的了解,医疗活动的有效性和高质量，必须有医患双方的共同参与,医患沟通体现了医疗活动中浓浓的人文情愫,患者对医疗内容和方式的理解与医务人员不一致，容易导致医疗纠纷,,,
C,上述内容体现医患沟通中，临床治疗需要的是（　　）。,良好的医患沟通保证了医学信息的可靠性和治疗手段的科学性,疾病诊断的前提是对患者疾病起因、发展过程的了解,医疗活动的有效性和高质量，必须有医患双方的共同参与,医患沟通体现了医疗活动中浓浓的人文情愫,患者对医疗内容和方式的理解与医务人员不一致，容易导致医疗纠纷,,,
C,省级地方医学会负责组织（　　）。,处理医疗事故工作,首次医疗事故技术鉴定工作,再次医疗事故技术鉴定工作,申请再次鉴定,医疗事故赔偿,,,
B,县（市）、区级地方医学会负责组织（　　）。,处理医疗事故工作,首次医疗事故技术鉴定工作,再次医疗事故技术鉴定工作,申请再次鉴定,医疗事故赔偿,,,
E,急性心肌梗死的特征性心电图出现在Ⅴ7、Ⅴ8导联应是（　　）。,急性广泛前壁心肌梗死,急性下壁心肌梗死,急性前侧壁心肌梗死,急性前间隔心肌梗死,急性正后壁心肌梗死,,,
A,急性心肌梗死的特征性心电图出现在Ⅴ1～Ⅴ5、Ⅰ、aVL导联应是（　　）。,急性广泛前壁心肌梗死,急性下壁心肌梗死,急性前侧壁心肌梗死,急性前间隔心肌梗死,急性正后壁心肌梗死,,,
B,经脉循行既到目内眦又到目外眦的经脉是（　　）。,手阳明大肠经,手太阳小肠经,手少阳三焦经,足太阳膀胱经,足少阳胆经,,,
B,手太阴肺经的起止穴是（　　）。,少商、中府,中府、少商,商阳、中府,中府、商阳,商阳、迎香,,,
D,手少阴心经的起止穴是（　　）。,极泉、少府,中府、少冲,天池、中冲,极泉、少冲,中府、少泽,,,
B,下列各组腧穴中，相距不是1寸的是（　　）。,中极、关元,下脘、中脘,中脘、上脘,内关、间使,外关、支沟,,,
A,阴郄穴位于尺侧腕屈肌腱的桡侧缘，腕横纹上（　　）。,0.5寸,1寸,1.5寸,2寸,2.5寸,,,
E,用于治疗心痛、心悸、呕血、咯血、疔疮的腧穴是（　　）。,内关,孔最,间使,外关,郄门,,,
A,心悸心虚胆怯证的代表方是（　　）。,安神定志丸,归脾汤,天王补心丹合朱砂安神丸,桂枝甘草龙骨牡蛎汤合参附汤,黄连温胆汤,,,
B,痫病发作期宜选择的穴位是（　　）。,印堂、神门、少府、太冲、阳陵泉,内关、水沟、百会、后溪、涌泉,风池、百会、太冲、行间、劳宫,百会、素谬、行间、丰隆、后溪,关元、水沟、大陵、神门、中冲,,,
B,走罐法的适宜治疗部位不包括（　　）。,脊背,头部,腰臀,大腿,肩胛,,,
D,痫病风痰内阻证的代表方为（　　）。,天麻钩藤饮,滚痰丸,顺气导痰汤,定痫丸,二陈汤,,,
B,心血不足证的代表方是（　　）。,安神定志丸,归脾汤,天王补心丹合朱砂安神丸,桂枝甘草龙骨牡蛎汤合参附汤,黄连温胆汤,,,
A,首先用酸枣仁汤治失眠的是（　　）。,《金匮要略》,《景岳全书》,《素问》,《医宗必读》,《古今医统大全》,,,
E,下列哪项不是痢疾的必有症状（　　）。,里急后重,下痢赤白脓血,痢下白胨,腹痛,肛门下坠感,,,
E,痞满的基本治疗法则是（　　）。,疏肝解郁行气，化湿和胃消痞,清热化湿行气，健脾和胃消痞,理气宽胸止呕，补泻升降并用,补气健脾化湿，升清降浊和胃,调理脾胃升降，行气除痞消满,,,
E,突然呕吐，脘闷不舒，兼见恶寒发热，头身疼痛，舌苔白腻，脉濡缓。主方为（　　）。,保和丸,小半夏汤,香苏散,平胃散,藿香正气散,,,
D,下列不属于内伤腰痛特点的是（　　）。,腰部隐痛,病程缠绵,起病隐袭,腰痛明显,酸软无力,,,
D,下列不属于鼓胀气滞湿阻特征的是（　　）。,嗳气或矢气则舒,腹部按之空空然,腹部膨隆,腹皮青筋显露,叩之如鼓,,,
A,半夏白术天麻汤主要用于（　　）。,痰浊头痛,血虚头痛,肝阳头痛,肾虚头痛,瘀血头痛,,,
E,治疗狂证痰热瘀结证，应首选（　　）。,顺气导痰汤,越鞠丸,生铁落饮,琥珀养心丹,癫狂梦醒汤,,,
C,厥证的主要治疗原则是（　　）。,开窍化痰,回阳救逆,醒神回厥,开窍辟秽,益气回阳,,,
B,引起呕吐的主要原因不包括（　　）。,外邪侵袭,湿邪困脾,饮食不节,情志失调,病后体虚,,,
C,下列哪一项不是胃阴不足型呕吐的主症？（　　）,呕吐反复或时作干呕,似饥而不欲食,嗳气吞酸,口干咽燥,舌红少津,,,
E,肺胀痰蒙神窍型的主证除外（　　）。,神志恍惚,谵妄烦躁不安,咳逆喘促,咳痰不爽,头昏而重,,,
D,首先明确区分外感发厥与内伤杂病厥证的医著是（　　）。,《卫生宝鉴》,《景岳全书》,《医贯》,《医学入门》,《医门法律》,,,
C,胸痹发作期以标实表现为主，其中最为常见的是（　　）。,水饮,气滞,瘀血,寒凝,火毒,,,
D,痰湿蕴肺型咳嗽的主证特点为（　　）。,咳声气促，痰多质黏,咳声重浊，痰黄量少,咳嗽频剧，痰少而黏,咳声重浊，痰多胸闷,咳嗽气促，痰黄稠厚,,,
D,肺胀痰蒙神窍证，其治疗宜选（　　）。,苏合香丸,礞石滚痰丸,指迷茯苓丸,涤痰汤,顺气导痰汤,,,
A,治疗阳明头痛，应配用（　　）。,印堂、头维、合谷,率谷、外关、足临泣,天柱、后溪、申脉,太冲、内关、四神聪,血海、膈俞、内关,,,
A,子宫穴的定位是在下腹部，当脐中（　　）。,下4寸，中极旁开3寸,下4寸，中极旁开3.5寸,下4寸，中极旁开4寸,下3寸，关元旁开3寸,下3寸，关元旁开4寸,,,
E,疼痛在腰脊中部，主要相关的经脉是（　　）。,足太阳膀胱经,足少阴肾经,足少阳胆经,带脉,督脉,,,
E,下列循行从耳后进入耳中，出走耳前的经络是（　　）。,足太阳膀胱经,手太阳小肠经,足阳明胃经,手阳明大肠经,足少阳胆经,,,
C,下列不属于曲泽穴主治病证的是（　　）。,心痛、善惊,胃痛、呕血,咳嗽、胸满,暑热病,肘臂挛痛,,,
C,华佗夹脊穴位于后正中线旁开0.5寸（　　）。,第1颈椎至第12胸椎棘突下两侧,第7颈椎至第5腰椎棘突下两侧,第1胸椎至第5腰椎棘突下两侧,第1胸椎至第12胸椎棘突下两侧,第1胸椎至骶管裂孔棘突下两侧,,,
A,位于小指桡侧指甲根角旁0.1寸的腧穴是（　　）。,少冲,少府,少泽,少商,中冲,,,
E,下列腧穴中，可以治疗胆道蛔虫症的是（　　）。,商阳,合谷,阳溪,手三里,迎香,,,
A,足大趾内侧趾甲根角旁约0.1寸的穴位是（　　）。,隐白,大敦,厉兑,至阴,足临泣,,,
D,善于治疗无脉症的腧穴是（　　）。,郄门,尺泽,列缺,太渊,少商,,,
E,不属于三阴交穴主治病证的是（　　）。,脾胃虚弱证,妇产科病证,生殖泌尿系统病证,心悸、失眠,阳虚诸症,,,
E,夹脊穴的治疗病证不包括（　　）。,心肺疾患,胃肠疾患,腰腹疾患,肢体疾患,虚劳赢瘦,,,
B,指出“胃不和则卧不安”的著作是（　　）。,《金匮要略》,《素问》,《景岳全书》,《医宗必读》,《古今医统大全》,,,
D,下列不属于大椎穴主治病证的是（　　）。,热病、疟疾,骨蒸潮热,癫狂痫、小儿惊风,腹泻、痢疾、脱肛,风疹、痤疮,,,
A,治疗滞产，应首选（　　）。,合谷,太冲,足三里,血海,至阴,,,
B,中风阳闭和阴闭的区别在于有无（　　）。,痰浊,火热,血瘀,气滞,肝风,,,
A,阴寒极盛的胸痹，宜选（　　）。,乌头赤石脂丸,血府逐瘀汤,冠心苏合丸,瓜蒌薤白半夏汤,天王补心丹,,,
E,下列不属于血厥实证特点的是（　　）。,舌质暗红,突然昏仆,脉弦有力,面赤唇紫,头晕头痛,,,
D,下列不属于风湿热痹特点的是（　　）。,局部灼热红肿,关节、肌肤痛不可触,得冷则舒,肌肤麻木不仁,游走性关节疼痛,,,
A,一般说来，初痢实则（　　）。,通之,补之,濡之,燥之,温之,,,
D,治疗脾胃气虚呕吐的最佳方剂为（　　）。,小半夏加茯苓汤,理中汤,旋覆代赭汤,香砂六君子汤,平胃散,,,
A,痫病心肾亏虚证的代表方为天王补心丹合（　　）。,左归丸,右归丸,八珍汤,左归饮,右归饮,,,
C,五磨饮子适用于喘证之（　　）。,上实下虚证,痰浊阻肺证,肺气郁痹证,表寒里热证,痰热郁肺证,,,
B,补天大造丸治疗肺痨的证型是（　　）。,肺阴亏虚,阴阳虚损,虚火灼肺,气阴耗伤,肺肾两虚,,,
A,感冒风寒束表证的代表方是（　　）。,荆防达表汤,葱豉桔梗汤,新加香薷饮,参苏饮,加减葳蕤汤,,,
A,下列各项中，对百会穴描述不正确的是（　　）。,位于前发际正中直上7寸,可主治神志病证,可主治头面病证,可治疗气虚下陷诸症,可用灸法,,,
A,与面瘫眼睑不能闭合有关的经筋是（　　）。,手太阳、足阳明经筋,手阳明、足太阳经筋,足阳明、足太阳经筋,足厥阴、手阳明经筋,手少阳、足太阳经筋,,,
B,下列不属于阳陵泉主治病证的是（　　）。,黄疸、胁痛、口苦,腹泻、水肿、小便不利,呕吐、吞酸,膝肿痛、下肢痿痹,小儿惊风,,,
A,以下不属于天枢穴主治病证的是（　　）。,疝气,痛经,月经不调,腹痛、腹胀,便秘、腹泻,,,
C,上星穴的定位是（　　）。,前发际正中,前发际正中直上0.5寸,前发际正中直上1寸,前发际正中直上1.5寸,前发际正中直上2寸,,,
B,任脉又称（　　）。,阳脉之海,阴脉之海,气海,血海,髓海,,,
C,十五络脉指十二经脉之别络，以及（　　）。,带脉之络、冲脉之络、脾之大络,带脉之络、冲脉之络、胃之大络,任脉络、督脉络、脾之大络,任脉络、督脉络、胃之大络,任脉络、督脉络、冲脉之络,,,
D,气虚便秘若气虚下陷，肛门坠胀者，可用补中益气汤合用（　　）。,麻子仁丸,更衣丸,六磨汤,黄芪汤,大补元煎,,,
D,位于脐旁0.5寸的腧穴是（　　）。,膏肓,气海,大横,肓俞,天枢,,,
A,下列有关睛明穴的针刺操作，叙述不正确的是（　　）。,遇到阻力时，可继续进针，不必改变进针方向或退针,不捻转，不提插,出针后按压针孔片刻，以防出血,针具宜细，消毒宜严,禁灸,,,
C,水肿的治疗，《内经》提出“开鬼门”，是属于八法中的（　　）。,吐法,补法,汗法,消法,和法,,,
D,以下不属于得气感觉或反应的是（　　）。,针刺部位有酸胀、麻重感,针刺部位出现热、凉、痒、痛、抽搐、蚁行等感觉,患者出现循经性肌肤瞤动、震颤,医者刺手体会到针下空松、虚滑,医者刺手体会到针体颤动,,,
C,风池善于治疗外感头痛，主要是因为本穴（　　）。,穴居头部，近治作用突出,穴属胆经，肝胆经相表里,是足少阳与阳维脉的交会穴,具有较强的活血通经的作用,具有较强的清利头目的作用,,,
C,下列哪一项不是厥之虚证的特点？（　　）,口开手撒,汗出肢冷,痰涎壅盛,面色苍白,声低息微,,,
B,以下不属于照海穴主治病证的是（　　）。,失眠、癫痫,呕吐涎沫、吐舌,月经不调、带下,小便频数、癃闭,咽喉干痛、目赤肿痛,,,
D,胸痹心痛的病位在（　　）。,肾,肝,脾,心,肺,,,
B,治疗痰热郁肺型肺胀的首选方剂是（　　）。,清金化痰汤,越婢加半夏汤,小青龙加石膏汤,麻杏石甘汤,定喘汤,,,
B,腧穴总体上可归纳为（　　）。,十四经穴、奇穴、特定穴,十四经穴、奇穴、阿是穴,十二经穴、奇穴、特定穴,十二经穴、奇穴、阿是穴,十二经穴、奇穴、五输穴,,,
C,大腹痛者，多属（　　）。,厥阴肝经病证,膀胱病证,脾胃病证,虫病,肠痈,,,
B,属于艾炷灸的是（　　）。,温针灸,隔盐灸,回旋灸,温和灸,蒜泥灸,,,
C,下列不属于灸法治疗作用的是（　　）。,温经散寒,扶阳固脱,开窍泻热,消瘀散结,防病保健,,,
A,“三焦……实则闭癃，虚则遗溺”出自（　　）。,《内经》,《金匮要略》,《诸病源候论》,《丹溪心法》,《景岳全书》,,,
B,患者，男性，68岁。因胸闷胸痛反复发作3年，近日加重，现胸闷如窒，气短喘促，肢体沉重，头晕沉如裹，咳白痰，苔腻，脉沉滑。其中医辨证分型为（　　）。,寒凝心脉,痰浊闭阻,气滞心胸,痰热中阻,心脾两虚,,,
C,患者，男性，40岁。突然眼前发黑，昏倒不省人事，呼吸急促，牙关紧闭，舌淡，苔薄，脉沉弦。治疗为主的腧穴应选用（　　）。,水沟、曲池、合谷、足三里,水沟、素髎、内关、三阴交,水沟、中冲、涌泉、足三里,素髎、厉兑、太冲、足三里,素髎、厉兑、太冲、三阴交,,,
E,患者，女性，38岁，症见心烦失眠，健忘，多梦，面色不华，舌质淡，脉细。此时治疗当用（　　）。,健脾益气,滋阴养气,补血养肝,益气补血，健脾养心,养血宁心,,,
D,患者，男性，40岁。恶寒发热2天，恶寒重，发热轻，肢体酸楚，苔薄白，脉浮紧。取大椎穴宜用哪种刺灸法？（　　）,刺络出血,捻转补法,提插补法,温灸大椎,毫针平补平泻,,,
C,患者，男性，43岁。身热，微恶风，汗少，头晕重胀而痛，心烦口渴，胸闷恶心，小便短赤，舌苔薄黄腻，脉濡数。此患者应诊为（　　）。,感冒风寒,感冒风热,感冒暑湿,时行感冒,体虚感冒,,,
C,患者，男性，26岁，初起恶寒发热，咽痛，眼睑水肿，小便不利，经治后，表虽解，但肿势未退，身重困倦，胸闷，纳呆、泛恶，苔白腻，脉沉缓，最佳选方是（　　）。,越婢加术汤,猪苓汤,五皮饮合胃苓汤,苓桂术甘汤,防己黄芪汤,,,
B,患者，男性，36岁。鼻流浊涕，色黄腥秽，兼见头晕、记忆力衰退，舌红，苔黄腻，脉数。除主穴外，宜对症选取（　　）。,少商、商阳,曲池、阴陵泉,丰隆、足三里,百会、神庭,内庭、曲池,,,
E,患者，女性，24岁。肘关节肌肉酸痛重着不移2个月，伴有肿胀，肌肤麻木不仁，阴雨天加重，苔白腻，脉濡缓。针灸治疗除主穴外，应加取（　　）。,膈俞、血海,曲池、尺泽,曲池、大椎,肾俞、关元,足三里、阴陵泉,,,
C,患者，女性，37岁。患病多年，常因情绪不畅出现呃逆连声，声频而短，伴有胸闷胁胀，纳食减少，肠鸣矢气，舌苔薄白，脉象弦。此时辨证属于呃逆的证型为（　　）。,胃火上逆,胃阴不足,气机郁滞,肝火上炎,气逆痰阻,,,
E,治疗胃脘疼痛，或隐痛或胀痛或刺痛，针灸取穴是（　　）。,胃俞、脾俞、太冲,期门、阳陵泉、中脘,三阴交、膈俞、中脘,合谷、太冲、中脘,足三里、内关、中脘,,,
B,患者，女性，20岁。食海鲜后皮肤出现大小不等、形状不一的风团，高起皮肤，边界清楚，色红，瘙痒，伴恶心，肠鸣泄泻，舌红，苔黄腻，脉滑数。除曲池、合谷、血海、膈俞、委中外，应加取（　　）。,外关、风池,足三里、天枢,三阴交、天枢,足三里、大横,三阴交、风池,,,
C,患者，男性，65岁，排尿不畅3年，加重1个月，小便点滴而出，小腹胀痛，腰膝酸痛，神疲乏力，畏寒肢冷，舌质淡，苔白，脉沉细无力。应诊为（　　）。,淋证,腰痛,癃闭,关格,少尿,,,
D,患者，男性，68岁。反复咳喘发作多年，现喘促气短，动则喘甚，汗出肢冷，舌淡，脉沉细。治疗应选取哪组经脉为主？（　　）,手太阴、足太阴、任脉,手太阴、足太阴、足少阴,手太阴、足厥阴、督脉,手太阴、足少阴、背俞穴,手太阴、足少阴、督脉,,,
A,治疗肩周疼痛，以肩后部为重，疼痛拒按，除肩部穴外，还应选取的主要经穴是（　　）。,手太阳小肠经,手阳明大肠经,手少阳三焦经,足少阳胆经,足太阳膀胱经,,,
E,患者，男性，40岁，腰部隐痛，酸软无力，缠绵不愈，心烦少寐，口燥咽干，面色潮红，手足心热，舌红少苔，脉弦细数者，治宜选用（　　）。,六味地黄丸,右归丸,河车大造丸,清骨散,左归丸,,,
A,患者，男性，37岁。最近工作压力较大，出现心慌心跳，头晕目眩，少寐，腰酸，盗汗，舌红，脉细数。治疗除主穴外，宜加取（　　）。,肾俞、太溪,肾俞、中渚,肾俞、大陵,膻中、气海,膻中、大陵,,,
D,患者，女性，30岁。昨晚不慎受凉，突然出现呕吐，吐胃内容物及清水，伴有恶寒发热，头身疼痛，无汗，口不渴，胸脘满闷，舌苔白腻，脉濡缓。应诊断为（　　）。,呕吐脾胃虚寒证,呕吐饮食停滞证,呕吐痰饮内停证,呕吐外邪犯胃证,呕吐肝气犯胃证,,,
B,患者，男性，56岁。平素咳嗽咳痰，刻下症见头痛，昏蒙，胸脘满闷，呕恶痰涎，苔白腻，脉滑。治则宜（　　）。,平肝潜阳,化痰降逆,养血为主,养阴补肾,疏风化痰,,,
A,患者，女性，36岁。不喜运动，近3年出现腰部酸痛，右侧痛重，腰部肌肉僵硬，久坐加重，舌质淡暗，边有瘀点。针灸治疗除主穴外，应加取（　　）。,膈俞,腰阳关,足三里,肾俞,太冲,,,
C,患者，男性，54岁，刻下眩晕耳鸣，头痛且胀，每因烦劳或恼怒而头晕、头痛加剧，面时潮红，急躁易怒，少寐多梦，舌红，苔黄，脉弦。证属（　　）。,肾阴虚,肾阳虚,肝阳上亢,气血亏虚,痰浊中阻,,,
B,患者，女性，5岁，3天前受凉后高热不退，刻下见高热，胸闷，口噤，项背强直，角弓反张，手足挛急，舌质红绛，苔薄黄，脉弦细而数。此时证属（　　）。,邪壅经络,肝经热盛,阴血亏虚,阳明热盛,心营热盛,,,
B,患者，女性，30岁。3个月前突发高热，热退后出现周身乏力，并见下肢痿软无力，食少纳呆，腹胀便溏，神疲乏力。治疗本病应选用哪组经脉为主？（　　）,手足少阳经穴、夹脊穴,手足阳明经穴、夹脊穴,手足太阳经穴、夹脊穴,手足太阴经穴、夹脊穴,手足厥阴经穴、夹脊穴,,,
C,患者，女性，46岁，近1个月来尿频量多，混浊如脂膏，时或尿甜，口干舌燥，舌红，脉沉细数。治法宜用（　　）。,清利湿热,清热化湿,滋阴固肾,健脾益肾,滋肾固涩,,,
E,患者，男性，42岁，久居岭南，2个月来每天上午发热，头痛，面红目赤，烦渴欲冷饮，神昏，大便秘结，小便热赤，舌质红绛，舌苔黄厚腻，脉弦数。治疗当用（　　）。,解毒除瘴，芳化湿浊,祛邪截疟，和解表里,清热解表，和解祛邪,和解表里，温阳达邪,解毒除瘴，清热保津,,,
B,患者，女性，18岁。痫病发作后来诊，发病前有眩晕，胸闷，现痰多，舌红，苔白腻，脉滑。针灸治疗除印堂、鸠尾、间使、太冲、丰隆外，应加用（　　）。,曲池、神门、内庭,合谷、阴陵泉、风池,心俞、脾俞、足三里,肝俞、肾俞、太溪,丰隆、膈俞、内关,,,
A,患者，男性，29岁，近3天因恼怒后出现胃脘胀痛，攻窜不定，嗳气频作，大便不畅，舌苔薄白，脉弦。此时辨证属于（　　）。,肝气犯胃,瘀血停胃,湿热中阻,饮食伤胃,寒邪客胃,,,
C,患者，男性，40岁，平素嗜好烟酒，过服辛辣之品后，出现喉间呃声洪亮，冲逆而出，口臭烦渴，喜冷饮，大便秘结，小便短赤，舌苔黄，脉滑数。此时应诊断为（　　）。,嗳气,干呕,呃逆,便秘,以上都不是,,,
C,患者，男性，35岁。烦渴多饮，口干舌燥，尿量频多，舌边尖红，苔薄黄，脉数。治疗应选用的腧穴是（　　）。,足阳明、手阳明、足太阴,相应募穴、手阳明、足太阴,相应背俞穴、足少阴、足太阴,相应背俞穴、足少阴、手太阴,相应募穴、足少阴、足太阴,,,
C,治疗月经周期不规律，经量少，色淡，腰骶酸痛，头晕，舌淡苔白，脉沉弱，针灸治疗为主的经脉宜选取（　　）。,任脉、足少阴经,任脉、足厥阴经,任脉、足太阴经,带脉、冲脉、任脉,任脉、督脉、冲脉,,,
B,患者，女性，40岁。干咳日久，痰少黏白，声哑，口干咽燥，潮热盗汗，渐消瘦，舌红少苔，脉细数。此病证属（　　）。,肺痨之阴虚火旺型,咳嗽之肺阴亏耗型,血证咯血之阴虚火旺型,内伤发热之阴虚内热型,虚热肺痿,,,
A,患者，女性，30岁，平素性情急躁易怒，突然胡乱叫骂，打人毁物，不食不眠，舌质红绛，苔黄腻，脉弦大滑数，治法为（　　）。,清心泻火，涤痰醒神,补益肝肾，化痰宁神,清热泻火，开窍醒神,清泄肝火，化痰开窍,清热解毒，化痰开窍,,,
B,患者，男性，54岁，泄泻二十余年，稍进油腻或生冷之品，大便次数增多，水谷不化，脘腹胀闷不舒，面色萎黄，肢倦乏力，纳食减少，舌淡苔白，脉细弱。此时选用（　　）。,附子理中汤,参苓白术散,胃苓汤,六君子汤,藿香正气散,,,
B,患者，男性，32岁，近3个月咳嗽痰少，痰中带血，血色鲜红，两颧红赤，口干咽燥，潮热盗汗，舌质红，脉细数。中医治疗方剂可选用（　　）。,泻白散合黛蛤散,百合固金丸合十灰散,月华丸,清骨散,秦艽鳖甲汤,,,
D,患者，男性，40岁，急性发病，发病半日，尿道窘迫疼痛，少腹拘急，腰部绞痛，大便秘结，曾发作两次排尿突然中断。舌质红，苔黄腻，脉弦紧数。治法应为（　　）。,利气疏导,清热利湿,泄热通腑,清热利湿，通淋排石,清热利湿，舒筋止痛,,,
B,患者，男性，65岁。久嗜辛辣之品，大便下血，色鲜红，便下不爽，伴有腹痛，肛门灼热，口苦，舌红，苔黄厚腻，脉滑数。该病例中医辨证为（　　）。,胃热壅盛,肠道湿热,胃肠积热,脾胃虚寒,脾胃湿热,,,
C,患者，男性，46岁。因1周来自汗多而就诊，现蒸蒸汗出，面赤烘热，口苦，烦躁易怒，小便黄，大便干，舌红苔黄，脉弦数。其治法为（　　）。,滋阴降火,健脾化湿,清肝泄热,调和营卫,益气固表,,,
D,患者，男性，56岁。痢下已月余不愈。现下痢稀薄，带有白胨，甚则滑脱不禁，腹部隐痛，口淡不渴，食少神疲，腰酸肢冷，舌质淡，苔薄白，脉沉细弱。治法宜用（　　）。,清热解毒，调气行血,清热除湿，凉血解毒,清热除湿，养阴和血,温补脾肾，收敛固涩,温中清肠，调气化滞,,,
C,患者，男性，40岁。阑尾手术后，出现小便闭塞不通，努责无效，小腹满痛，舌紫暗，脉涩。除秩边、阴陵泉、三阴交、中极、膀胱俞外，应加取（　　）。,委阳、曲骨,太冲、大敦,次髎、血海,曲骨、太冲,次髎、太冲,,,
C,患者，男性，28岁，喘逆上气，息粗鼻煽，咳而不爽，痰吐稠黏，形寒身热，身痛无汗，口渴，苔薄黄，舌质红，脉浮数。治疗方剂宜首选（　　）。,麻黄汤,小青龙汤,麻杏石甘汤,桑白皮汤,三子养亲汤,,,
E,治疗一侧头痛反复发作，并常伴恶心、呕吐，对光及声音过敏者，以取何经穴位为主？（　　）,督脉，手、足太阳,督脉，手、足少阳,督脉，手、足阳明,足厥阴，手、足阳明,足厥阴，手、足少阳,,,
D,患者，女性，60岁。多饮、多食、多尿数年，现以善饥烦渴、口干舌燥为主。治疗应配用（　　）。,太渊、少府、金津,太渊、少府、廉泉,复溜、太冲、承浆,内庭、地机、廉泉,曲池、合谷、廉泉,,,
B,患者，女性，62岁。右面部疼痛2年。间断发作，呈闪电样剧痛，持续数秒，痛时面部抽搐，伴流泪、有灼热感，苔薄黄，脉数。其辨证为（　　）。,风寒证,风热证,气血瘀滞证,肝气郁滞证,气血不足证,,,
A,患者因肺肾阴虚，虚火妄动，脉络受伤而致咳血，治疗应首选（　　）。,孔最,梁丘,隐白,曲泽,定喘,,,
D,患者，男性，63岁。头晕目眩，甚则昏眩欲仆，伴耳鸣，腰膝酸软，遗精，舌淡，脉沉细。除风池、百会外，应加用（　　）。,内关、太冲、行间、侠溪、太溪,内关、太冲、头维、丰隆、中脘,肝俞、肾俞、足三里、脾俞、胃俞,肝俞、肾俞、足三里、太溪、三阴交,头维、血海、膈俞、内关、太溪,,,
E,治疗转移性右下腹疼痛，疼痛呈持续性，阵发性加剧，舌红，苔黄腻，脉洪数，应选用（　　）。,阑尾、阿是穴、合谷、曲池,阑尾、阿是穴、曲池、下巨虚,阑尾、阿是穴、合谷、上巨虚,阑尾、阿是穴、足三里、下巨虚,阑尾、阿是穴、天枢、上巨虚,,,
B,妊娠腹痛的治疗原则，以调理气血为主，佐以（　　）。,清热安胎,补肾安胎,养血安胎,调肝安胎,健脾安胎,,,
E,常用于治疗阴痒、阴痛、痈疡的腧穴是（　　）。,极泉,少海,通里,阴郄,少府,,,
D,常用于治疗吐血、衄血等血证的腧穴是（　　）。,极泉,少海,通里,阴郄,少府,,,
D,虚证泄泻的特点是（　　）。,大便清稀，完谷不化，腹部喜温,大便色黄褐而臭，泻下急迫，肛门灼热,泻下腹痛，痛势急迫拒按，泻后痛减,大便时溏时泻，腹痛不甚，喜温喜按,每因抑郁恼怒或情绪紧张之时，即发生腹痛泄泻,,,
C,实证泄泻的特点是（　　）。,大便清稀，完谷不化，腹部喜温,大便色黄褐而臭，泻下急迫，肛门灼热,泻下腹痛，痛势急迫拒按，泻后痛减,大便时溏时泻，腹痛不甚，喜温喜按,每因抑郁恼怒或情绪紧张之时，即发生腹痛泄泻,,,
B,心俞穴位于（　　）。,第3胸椎棘突下，旁开1.5寸,第5胸椎棘突下，旁开1.5寸,第6胸椎棘突下，旁开1.5寸,第7胸椎棘突下，旁开1.5寸,第9胸椎棘突下，旁开1.5寸,,,
E,肝俞穴位于（　　）。,第3胸椎棘突下，旁开1.5寸,第5胸椎棘突下，旁开1.5寸,第6胸椎棘突下，旁开1.5寸,第7胸椎棘突下，旁开1.5寸,第9胸椎棘突下，旁开1.5寸,,,
C,胃脘胀痛，痛连两胁，遇烦恼则痛作或痛甚，嗳气、矢气则痛舒，胸闷嗳气，喜长叹息，大便不畅，舌苔多薄白，脉弦。证属（　　）。,寒邪客胃证,饮食伤胃证,肝气犯胃证,湿热中阻证,瘀血停胃证,,,
A,胃痛暴作，恶寒喜暖，得温痛减，遇寒加重，口淡不渴，或喜热饮，舌淡苔薄白，脉弦紧。证属（　　）。,寒邪客胃证,饮食伤胃证,肝气犯胃证,湿热中阻证,瘀血停胃证,,,
D,当归的主治病证是（　　）。,既能治疗血虚证，又能治疗出血证,既能治疗血虚证，又能治疗遗精盗汗证,既能治疗血虚证，又能治疗胁肋脘腹疼痛,既能治疗血虚证，又能治疗痈疽疮疡证,既能治疗血虚证，又能治疗虚劳喘咳证,,,
B,熟地黄的主治病证是（　　）。,既能治疗血虚证，又能治疗出血证,既能治疗血虚证，又能治疗遗精盗汗证,既能治疗血虚证，又能治疗胁肋脘腹疼痛,既能治疗血虚证，又能治疗痈疽疮疡证,既能治疗血虚证，又能治疗虚劳喘咳证,,,
B,任脉别络的分布是（　　）。,从鸠尾分出散布于背部,从鸠尾分出散布于腹部,从鸠尾分出散布于胸部,从长强分出散布于头部,从长强分出散布于腹部,,,
D,督脉别络的分布是（　　）。,从鸠尾分出散布于背部,从鸠尾分出散布于腹部,从鸠尾分出散布于胸部,从长强分出散布于头部,从长强分出散布于腹部,,,
B,厉兑穴位于（　　）。,第2趾内侧趾甲根角旁约0.1寸,第2趾外侧趾甲根角旁约0.1寸,第4趾内侧趾甲根角旁约0.1寸,第4趾外侧趾甲根角旁约0.1寸,第3趾内侧趾甲根角旁约0.1寸,,,
D,足窍阴穴位于（　　）。,第2趾内侧趾甲根角旁约0.1寸,第2趾外侧趾甲根角旁约0.1寸,第4趾内侧趾甲根角旁约0.1寸,第4趾外侧趾甲根角旁约0.1寸,第3趾内侧趾甲根角旁约0.1寸,,,
D,肺痈初期，治法为（　　）。,益气养阴，排脓解毒,清肺解毒，化瘀消痈,益气养阴清热,疏风散热，清肺化痰,清热解毒，排脓消痈,,,
B,肺痈成痈期，治法为（　　）。,益气养阴，排脓解毒,清肺解毒，化瘀消痈,益气养阴清热,疏风散热，清肺化痰,清热解毒，排脓消痈,,,
A,治疗呕吐之寒邪客胃者，应选用（　　）。,内关、中脘、足三里、上脘、胃俞,内关、中脘、足三里、合谷、金津,内关、中脘、足三里、脾俞、胃俞,内关、中脘、足三里、阳陵泉、太冲,内关、中脘、足三里、膻中、丰隆,,,
C,治疗呕吐脾胃虚寒证，应选用（　　）。,内关、中脘、足三里、上脘、胃俞,内关、中脘、足三里、合谷、金津,内关、中脘、足三里、脾俞、胃俞,内关、中脘、足三里、阳陵泉、太冲,内关、中脘、足三里、膻中、丰隆,,,
B,呃声洪亮，冲逆而出，烦躁口臭，渴喜冷饮，小便短赤，大便秘结，舌苔黄厚，脉滑数，治疗的主方是（　　）。,麦门冬汤加柿蒂,竹叶石膏汤加柿蒂,小承气汤加柿蒂,益胃汤加柿蒂,润肠丸加柿蒂,,,
D,呃声短促而不得续，口干咽燥，烦躁不安，不思饮食，或食后饱胀，大便干结，舌质红，苔少而干，治疗的主方是（　　）。,麦门冬汤加柿蒂,竹叶石膏汤加柿蒂,小承气汤加柿蒂,益胃汤加柿蒂,润肠丸加柿蒂,,,
E,脘腹痞闷，嘈杂，饥不欲食，恶心嗳气。口燥咽干，大便秘结，舌红少苔，脉细数。证属（　　）。,痞满饮食内停证,痞满痰湿中阻证,痞满湿热阻胃证,痞满肝胃不和证,痞满胃阴不足证,,,
C,脘腹痞闷，或嘈杂不舒，恶心呕吐，口干不欲饮，口苦，纳少，舌红苔黄腻，脉滑数。证属（　　）。,痞满饮食内停证,痞满痰湿中阻证,痞满湿热阻胃证,痞满肝胃不和证,痞满胃阴不足证,,,
A,气虚型便秘，治疗首选（　　）。,黄芪汤,济川煎,化肝煎,木香顺气散,六磨汤,,,
E,气秘型便秘，治疗首选（　　）。,黄芪汤,济川煎,化肝煎,木香顺气散,六磨汤,,,
A,既能退虚热，又可燥湿，用于治疗湿热黄疸的药物是（　　）。,黄柏,玄参,知母,牡丹皮,地骨皮,,,
B,既能退虚热，又可解毒，用于治疗瘰疬痰核的药物是（　　）。,黄柏,玄参,知母,牡丹皮,地骨皮,,,
B,位于腕部，腕掌侧横纹尺侧端，尺侧腕屈肌腱的桡侧凹陷处的腧穴是（　　）。,少海,神门,通里,少府,阴郄,,,
C,腕横纹上1寸，尺侧腕屈肌腱的桡侧缘的腧穴是（　　）。,少海,神门,通里,少府,阴郄,,,
B,手阳明大肠经的原穴是（　　）。,商阳,合谷,阳池,偏历,阳溪,,,
E,手阳明大肠经的经穴是（　　）。,商阳,合谷,阳池,偏历,阳溪,,,
B,闻气味，若月经、带下、恶露秽臭，常见的证候是（　　）。,热毒证,湿热证,气滞血瘀证,肝经湿热证,肝肾不足证,,,
A,下列各项，不属于麻疹逆证特点的是（　　）。,发热如潮，壮热汗出,疹出即没,疹色紫暗,咳剧气急,声音嘶哑，咳如犬吠,,,
C,肥疮脱发的特点是（　　）。,常在距头皮0.3～0.8cm处折断,脱发呈上粗下细的感叹号状,脱发后由于毛囊破坏，成为永久性脱发,脱发处油脂较多,秃发能再生，不留瘢痕,,,
E,治疗急性盆腔炎热毒炽盛证，应首选的方剂是（　　）。,五味消毒饮,大黄牡丹汤,清营汤,大柴胡汤,五味消毒饮合大黄牡丹汤,,,
D,流行性乙型脑炎的三大主症是（　　）。,头痛、项强、嗜睡,发热、呕吐、昏迷,发热、头痛、抽搐,发热、抽搐、昏迷,呕吐、抽搐、嗜睡,,,
A,鹅口疮好发于（　　）。,新生儿,婴儿,学龄前儿童,学龄儿童,青春期儿童,,,
C,粉刺样乳痈的西医病名是（　　）。,急性乳腺炎,化脓性乳腺炎,浆细胞性乳腺炎,结核性乳腺炎,淋巴细胞性乳腺炎,,,
C,不属于带下过少血枯瘀阻证临床表现的是（　　）。,带下过少，甚至全无，阴中干涩，阴痒,面色无华，头晕眼花，心悸失眠,面色晦暗，畏寒肢冷,经行腹痛，经色紫暗，有血块，肌肤甲错,舌暗，边有瘀点瘀斑，脉细涩,,,
A,产后恶露不绝的主要病因是（　　）。,气虚、血热、血瘀,气虚、血虚、血瘀,气虚、血虚、血热,气虚、血虚、寒湿,气虚、肝郁、血热,,,
E,我国现存最早的医书是（　　）。,《黄帝内经》,《金创瘛疚方》,《肘后备急方》,《刘涓子鬼遗方》,《五十二病方》,,,
A,脉搏跳动最快的时期是（　　）。,新生儿期,婴儿期,幼儿期,学龄期,青春期,,,
D,针四缝疗法，常用于治疗的疾病是（　　）。,泄泻,呕吐,腹痛,疳证,积滞,,,
E,下列各项，不属于水痘早期诊断依据的是（　　）。,起病后1～2天出现皮疹,发热，流涕,疹色红润，疱浆清亮,疱疹以躯干为多,丘疹、疱疹一次出齐,,,
D,下列各项不属于典型血瘀为病的是（　　）。,白疙,痈肿,脱疽,漆疮,肾岩,,,
A,治疗寒性哮喘证首选方是（　　）。,小青龙汤合三子养亲汤,麻杏石甘汤合苏葶丸,人参五味子汤合玉屏风散,苏子降气汤,金匮肾气丸,,,
B,治疗急惊风气营两燔证应首选的方剂是（　　）。,新加香薷饮,清瘟败毒饮,清营汤,白虎汤,藿香正气散,,,
B,孕妇在妊娠早期感染何种病毒最易致胎儿畸形？（　　）,麻疹病毒,风疹病毒,柯萨奇病毒,埃可病毒,腺病毒,,,
D,下列各项中不属于古籍中“五瘿”的是（　　）。,气瘿,肉瘿,石瘿,瘿痈,血瘿,,,
C,我国古代儿科之圣是（　　）。,扁鹊,淳于意,钱乙,陈文中,万全,,,
D,妊娠期间小便不通又称为（　　）。,子烦,子满,子悬,转胞,子淋,,,
B,下列关于痰饮瘀血的叙述，正确的是（　　）。,仅是病理产物,既是病理产物，在一定的条件下又为病因,任何情况下都是病因,常常痰饮单独为病,常常瘀血单独为病,,,
B,下列各项，不属于月经过少血瘀证临床表现的是（　　）。,月经量少，色紫黑有块,胸闷泛恶，纳呆,小腹胀痛拒按，血块排出后痛减,舌紫暗有瘀点,脉弦涩,,,
E,治疗性外阴、阴道冲洗，药液常用量是（　　）。,100ml左右,200ml左右,300ml左右,400ml左右,500ml左右,,,
B,明确诊断附骨疽最常用的辅助检查有（　　）。,血常规,X线摄片,B超,CT,磁共振成像（MRI）,,,
C,下列关于癣的治疗方法，错误的是（　　）。,灰黄霉素,剪发、拔甲、拔发、洗头,肌内注射抗生素,10％水杨酸软膏,5％硫黄软膏,,,
E,下列各项，不属于产后发热感染邪毒证临床表现的是（　　）。,高热寒战，热势不退,小腹疼痛拒按,恶露量少，色紫暗，气秽臭,心烦口渴，尿黄，便结,舌红，脉细数无力,,,
D,月经过多常见的病因是（　　）。,气虚、血虚、血热,气虚、血热、肾虚,血虚、血热、血瘀,气虚、血热、血瘀,肾虚、血热、血滞,,,
A,常与月经先期并见的病证是（　　）。,月经过多,经期延长,月经先后无定期,崩漏,痛经,,,
D,学龄儿童中药用量应为成人量的（　　）。,1月6日,1月3日,1月2日,2/3或等量,1/3～1/2,,,
E,诊断小儿疾病，特别重要的诊查方法是（　　）。,按诊,脉诊,问诊,闻诊,望诊,,,
C,下列各项，不属癥瘕病因病机的是（　　）。,气滞血瘀,痰湿瘀结,寒湿凝结,湿热瘀阻,肾虚血瘀,,,
B,不属于血小板减少性紫癜临床特点的是（　　）。,紫癜可遍及全身,多呈对称性分布,不高出皮肤,压之不退色,血小板计数减低,,,
E,治疗慢惊风脾肾阳衰证，应首选的方剂是（　　）。,理中汤,四逆汤,附桂八味丸,木香肉桂逐寒方,固真汤合逐寒荡惊汤,,,
C,《颅囟经》所说“纯阳”主要是针对几岁以内小儿而言？（　　）,1岁,2岁,3岁,7岁,14岁,,,
E,治疗月经先期肝郁血热证，应首选的方剂是（　　）。,清热固经汤,龙胆泻肝汤,失笑散,清经散,丹栀逍遥散,,,
C,小儿断奶的适当年龄是（　　）。,4～6个月,7～9个月,10～12个月,1岁半,2岁,,,
C,下列各项，可诊断为闭经的是（　　）。,月经三月一行，无其他不适,月经一年一行，无其他不适,以往月经不调，现月经未来6个月以上,产后半年尚未行经,绝经2年，月经未来潮,,,
B,湿疮相当于西医学的病名是（　　）。,神经性皮炎,湿疹,接触性皮炎,自体敏感性皮炎,异位性皮炎,,,
C,堕胎、小产连续发生3次以上者，称为（　　）。,胎动不安,暗产,滑胎,胎漏,先兆流产,,,
A,下列疾病中以疾病颜色命名的是（　　）。,丹毒,疖,疫疔,乳岩,鹅掌风,,,
B,海绵状血管瘤的显著特点是（　　）。,皮色鲜红,压缩性大,青筋累累,边界不清,质地坚硬,,,
B,下列各项，与月经先后无定期的发生密切相关的脏腑是（　　）。,肝、脾,肝、肾,脾、肾,心、肾,心、脾,,,
B,热疮的皮损特点是（　　）。,呈带状分布的红斑上成簇的水疱,皮肤黏膜交界处成群的水疱,皮肤上浅在性脓疱和脓痂,瘙痒性风团，发无定处，骤起骤退,对称分布，多形损害，剧烈瘙痒,,,
E,人工负压吸引术的禁忌证不包括（　　）。,生殖器官急性炎症，如阴道炎、宫颈炎、盆腔炎等（治愈后方可手术）,各种疾病的急性期，或严重的全身性疾病不能耐受手术者,妊娠剧吐酸中毒尚未纠正者,术前相隔4小时的两次体温在37.5℃以上者,过敏体质者,,,
B,小儿缺铁性贫血的主要病理基础是（　　）。,生化乏源,血虚不荣,肌肤失养,阴虚火旺,脾胃失调,,,
A,导致崩漏的常见病因病机是（　　）。,肾虚、脾虚、血热、血瘀,肾虚、脾虚、血热、血寒,肾虚、脾虚、肝郁、血瘀,肾虚、脾虚、肝郁、血热,肾虚、脾虚、湿热、血瘀,,,
E,胎黄伴肝进行性肿大，大便灰白，黄疸逐渐加深。多因（　　）。,肠腑阻结,寒湿内蕴,脾运失职,肝失疏泄,气滞血瘀,,,
B,多发性抽搐症气郁化火证的治法是（　　）。,疏肝解郁，息风镇惊,清肝泻火，息风镇惊,泻火解郁，活血通络,疏肝清热，活血化瘀,清热解毒，行气解郁,,,
E,猩红热的发热与出疹的关系是（　　）。,发热3～4天，热退疹出,发热3～4天，皮疹出现，热度增高,发热1～2天，出现斑疹、丘疹、水疱及结痴,发热1～2天出疹，疹点细小有痒感,发热半天至1天出疹，疹点细小鲜红，颜面无疹,,,
B,治疗经行吐衄肺肾阴虚证，方选顺经汤，临床上常加用的药物是（　　）。,栀子,川牛膝,白茅根,茜草,川楝子,,,
D,预防头癣的最佳措施是（　　）。,流行期间可服清凉饮料,加强对产房、小学校的卫生管理,隔离患者，防止接触传染,对病人用过的理发工具及梳、帽、枕巾等要灭菌,病人家属及密切接触者要进行检查,,,
C,下列各项，不属于多发性抽搐症诊断依据的是（　　）。,起病年龄在2～12岁，可有疾病后及情志失调的诱因或家族史,有固定的肌肉快速收缩，无节律性，以固定方式出现，抽动时伴不自主发声,抽动不受意志控制，可暂时不发作,病状呈慢性过程，病程呈明显波动性,脑电图正常或非特异性异常，实验室检查无特殊异常，智力正常,,,
C,乳核肿块的直径是（　　）。,0.5～3cm,0.5～4cm,0.5～5cm,0.5～6cm,0.5～7cm,,,
C,小儿易患五迟、五软、解颅、遗尿等病，原因主要是（　　）。,肺脏娇嫩,脾常不足,肾常虚,稚阴稚阳,纯阳之体,,,
D,阴部瘙痒，带下色黄臭秽，舌红苔黄腻，脉弦数，其证候是（　　）。,肝郁气滞证,肝火炽盛证,胆郁痰扰证,肝胆湿热证,湿热蕴脾证,,,
B,病变在皮肉者的疼痛性质是（　　）。,胀痛,裂痛,灼痛,绞痛,抽掣痛,,,
A,治疗闭经用药需注意的是（　　）。,不可过用辛温香燥之剂,衰其大半而止,益气养血，以益冲任,补益肝肾，以填精血,补中有通，补而不腻,,,
B,遗尿心肾失交证的治法是（　　）。,清心安神，滋阴潜阳,清心滋肾，安神固涩,清泻心火，固涩小便,泻心安神，固涩膀胱,清心泻火，滋肾缩尿,,,
E,下列各项，不属于水肿病因的是（　　）。,外感,湿热,水湿,疮毒,血瘀,,,
D,小儿水肿脾肾阳虚证的治法是（　　）。,益气健脾，利水消肿,清热解毒，利水消肿,活血化瘀，利水消肿,温肾健脾，化气利水,滋阴补肾，化气行水,,,
A,疳肿胀的病位是（　　）。,脾、肾,肝、脾,心、脾,脾、肺,脾、胃,,,
E,不属于小儿厌食诊断依据的是（　　）。,长期不思进食，厌恶摄食，食量显著少于同龄正常儿童,嗳气、泛恶、脘痞，大便不调,伴面色少华、形体偏瘦、口干喜饮,排除其他外感、内伤慢性疾病,可伴腹痛,,,
E,治疗小儿暑邪感冒证，应首选的方剂是（　　）。,银翘散,香薷饮,桑菊饮,藿朴夏苓汤,新加香薷饮,,,
C,小儿肺炎喘嗽的主要治疗原则是（　　）。,辛温宣肺，化痰止咳,辛凉宣肺，清热化痰,宣肺平喘，清热化痰,清热涤痰，肃肺定喘,清热解毒，泻肺开闭,,,
D,“产后三急”是指（　　）。,产后血晕、产后痉病、产后腹痛,产后发热、产后大便难、产后郁冒,产后小便不通、产后恶露不绝、产后小便淋痛,产后呕吐、泄泻、盗汗,产后冲心、冲肺、冲胃,,,
B,经期延长的诊断依据是（　　）。,经血淋漓不断，延至数十日或数月不等，伴有周期紊乱,行经时间超过七天以上，甚至淋漓半月始净，月经周期基本正常,伴有不同程度贫血,月经周期、经期紊乱,经血淋漓不断,,,
D,使宫颈黏液呈现羊齿状结晶的激素是（　　）。,促卵泡素,促黄体素,生乳素,雌激素,孕激素,,,
A,身体无病，月经3个月一潮者，称为（　　）。,居经,并月,暗经,激经,避年,,,
E,下列各项，不属于月经生理现象的是（　　）。,月经14岁初潮,经期3～7天,周期28天左右,行经总量为50～80ml,经血黏稠、凝结、有血块,,,
B,下列各项，不属于月经后期虚寒证临床表现的是（　　）。,经期错后，量少,经色暗红，质稠,小腹隐痛，喜按,腰酸无力，小便清长,舌淡苔白，脉沉迟无力,,,
B,皮肤病急性期若仅有红斑、丘疹、水疱而无渗液时，可选用的外用药物剂型是（　　）。,油剂,洗剂、粉剂、乳剂,软膏,溶液,酊剂,,,
A,下列不属《医宗金鉴》中“六瘤”范畴的是（　　）。,肠瘤,肉瘤,筋瘤,气瘤,血瘤,,,
C,肛门部手术时为防止大便失禁，不要切断的组织是（　　）。,外括约肌浅部,内括约肌,肛管直肠环,外括约肌皮下部,肛尾韧带,,,
A,下列各项，不属于月经病的是（　　）。,平素月经正常，现已40天未行，自觉晨起头晕，择食呕恶，脉滑利,月经周期紊乱，或先或后,经前小腹疼痛，痛引腰骶,经前乳房胀痛，不能触衣,月经量15ml,,,
B,妊娠期间应慎用或禁用的药物是（　　）。,补气药,破血药,健脾药,升提药,行气药,,,
C,患者头部红斑，覆以较厚银白色的鳞屑，抓之易脱落，点状出血，皮损超过发际。其诊断是（　　）。,白屑风,牛皮癣,白疙,白癜风,晒斑,,,
C,患者，女性，24岁。8个月前因食用鱼虾后全身起风团，后反复发作，迁延日久，每次发作时原因不明，瘙痒明显，舌淡红，苔白，脉沉细。治疗应首选的方剂是（　　）。,桂枝汤,四物消风散,当归饮子,八珍汤,消风散,,,
B,患者停经50天，阴道少量出血3天；伴小腹隐痛，腰酸，恶心，纳差；舌淡红，苔白，脉细滑；妊娠试验阳性。其中医诊断是（　　）。,胎漏,胎动不安,胎死不下,胎堕难留,激经,,,
B,患者，男性，25岁。晨起跑步时偶遇风后全身泛发风团，色白，伴瘙痒，发无定处，成批发生，用温水清洗后皮损很快消退，口不渴，舌淡，苔白，脉浮紧。治疗应首选的方剂是（　　）。,消风散,麻黄桂枝各半汤,麻黄附子细辛汤,当归饮子,四物消风散,,,
D,患者，女性，28岁。左乳红肿热痛、硬胀3天，伴恶寒发热，口干欲饮，小便短赤，大便秘结，苔黄而干，脉滑数。其病机是（　　）。,肝气郁结,气血凝滞,饮食不节，阳明有热,肝胃不和，胃热壅滞,感染邪毒，蕴火化热,,,
D,患者，女性，30岁，肛门坠胀疼痛2个月，症状时轻时重，大便干，排便前有黏液自肛门流出，无便血。其最可能的诊断是（　　）。,直肠息肉,肛裂,肛瘘,肛窦炎,内痔,,,
B,患者手指生疮，整个患指红肿疼痛，并有以下特征：患指呈均匀肿胀，呈圆柱状；手指呈半屈曲状，做患指被动伸直运动时引起剧烈疼痛；指腹有显著压痛。其诊断是（　　）。,蛇头疔,蛇肚疔,沿爪疔,托盘疔,蛇背疔,,,
B,患者“七七”之年，经乱无期，时而暴下不止，时或淋漓不尽。此次月经已行20多日未止，量仍较多，经色淡，质清稀；面色白，神疲气短，面浮肢肿，小腹空坠，四肢不温，纳呆便溏，舌质淡胖，苔白，脉细弱。其治法是（　　）。,益气健脾，止血调经,补气摄血，固冲止崩,益气摄血调经,补气健脾，止血养血,补中益气，固冲止血,,,
B,患者行经时间延长，量多，色淡，质稀，倦怠乏力，气短懒言，面色白，舌淡，苔薄，脉缓弱。其治法是（　　）。,益气养血调经,补气摄血，固冲调经,凉血清热，止血调经,活血养血，固冲调经,益气清热，凉血调经,,,
C,患者右下肢暗红，足背汗毛脱落，趾甲变厚，足背动脉搏动消失；患肢持续性静止痛，尤以夜间为重，甚则抱膝而坐。舌质红或紫暗，脉沉细而涩。其治法是（　　）。,清热解毒止痛,温阳通脉散寒,活血通络止痛,升提补气养血,益气养阴活血,,,
E,患者产后乳汁分泌由少而无，乳房胀硬、疼痛，伴胸胁胀满，情志抑郁，食欲不振，时有微热；舌质正常，苔薄黄，脉弦。其治法是（　　）。,补肾健脾，佐以通乳,疏肝补肾，佐以通乳,养血柔肝，佐以通乳,行气活血，佐以通乳,疏肝解郁，通络下乳,,,
B,患儿，4个月。开始添加菜泥，近日来大便日行2次，性状稍稀，夹有未消化菜泥，一般情况如前。以下处理方法中恰当的是（　　）。,禁食不禁水,继续原法喂养,暂停添加辅食,静脉补液并予抗病毒药,静脉补液并予抗菌药物,,,
A,患者经行面浮肢肿，按之没指，晨起头面肿甚，月经推迟，经量多，色淡质稀，腹胀，食欲不振，腰膝酸软，大便溏薄，舌淡苔白腻，脉沉缓。治疗应首选的方剂是（　　）。,肾气丸合苓桂术甘汤,白术散,健固汤,八物汤,真武汤,,,
C,患儿，8岁。高热3天不退，颜面躯干皮疹分布密集，疹色紫暗，疱浆混浊，大便干结，舌红绛，苔黄，脉数有力。其治法是（　　）。,疏风清热，利湿解毒,疏风解表，清热透疹,清气凉营，解毒化湿,清气凉营，泻火解毒,清凉解毒，透疹达邪,,,
C,患儿，4岁。轻度发热，流涕咳嗽，纳差恶心，1天后出现口腔内疱疹，并破溃后形成小的溃疡，疼痛流涎，拒食，手足也见到疱疹，分布稀疏，疹色红润，疱浆清亮，舌质红，苔薄黄腻，脉浮数。应首先考虑的诊断是（　　）。,疱疹性咽峡炎,手足口病，湿热蒸盛证,手足口病，邪犯肺脾证,猩红热，邪侵肺卫证,水痘，邪伤肺卫证,,,
E,患者多次发生经间期出血，此次阴道出血量稍多，色深红，质黏腻，无血块，平素带下量多色黄，时现异味，小腹隐痛，神疲乏力，胸闷烦躁，纳呆腹胀，小便短赤，舌红苔黄腻，脉滑数。其证候是（　　）。,脾虚证,血瘀证,肝郁证,血热证,湿热证,,,
A,患儿，10个月。于出生4个月添加辅食时出现泄泻，纳差，形体日渐消瘦，面色萎黄，毛发稀疏发黄，烦躁哭闹，夜眠不安，腹大如鼓，喜揉眉挖鼻，吮指磨牙，舌质淡，苔腻，指纹紫滞。治疗应首选的方剂是（　　）。,肥儿丸,八珍汤,六君子汤,四君子汤,资生健脾丸,,,
D,患儿，6岁。突然腹部绞痛，弯腰曲背，辗转不安，恶心，呕吐，肢冷汗出，常吐出胆汁，腹部绞痛时作时止，疼痛主要在胃脘部及右胁下，痛止后可如常人，舌苔黄腻，脉弦数。其诊断是（　　）。,钩虫病,蛔虫病，肠虫证,蛲虫病,蛔虫病，蛔厥证,绦虫病,,,
C,患儿腮部漫肿，边缘不清，皮色不红，压之疼痛或有弹性，伴发热，头痛，咽痛，纳少，舌红，苔薄白或淡黄，脉浮数。其治法是（　　）。,清热利湿，和营消肿,和营托毒，清热利湿,疏风清热，散结消肿,清热解毒，和营消肿,清热解毒,,,
D,患者人流术后月经过少，伴周期性腹胀痛、肛门坠胀感；妇科检查子宫稍大，压痛明显，宫颈举痛，附件压痛，探针探查宫腔时不能顺利进入，子宫碘油造影宫腔有狭窄。其诊断是（　　）。,人流综合征,子宫穿孔,人流不全,宫腔或颈管内口粘连,人流术后感染,,,
E,患儿，7个月。病起1天，发热，泄泻9次，大便稀薄如水，泻下急迫，恶心呕吐，阵阵啼哭，小便短黄。治疗应首选（　　）。,保和丸,平胃散,参苓白术散,藿香正气散,葛根黄芩黄连汤,,,
C,患者经行量多，色紫黑，有血决，量较多，经行小腹疼痛，经前腹胀，舌质紫暗，舌边尖有瘀点，脉涩。治疗应首选的方剂是（　　）。,补阳还五汤,桃红四物汤,失笑散,少腹逐瘀汤,血府逐瘀汤,,,
D,患儿，3岁。形体消瘦，神疲颧红，口舌溃疡，反复发作，周围不红，疼痛不甚，口干不渴，舌红，苔少。治疗应首选（　　）。,沙参麦冬汤,养胃增液汤,益黄散,六味地黄丸加肉桂,知柏地黄丸,,,
D,患儿，2岁。高热6天，昼轻夜重，咽红目赤，唇干赤裂，烦躁不宁，肌肤斑疹，手足硬肿，随后指、趾端脱皮，舌质红绛，状如草莓，苔薄黄，脉数有力。治疗应首选的方剂是（　　）。,桑菊饮,银翘散,犀角地黄汤,凉营清气汤,沙参麦冬汤,,,
E,患者，男性，55岁，排便时出血，量不多，肛门脱出肿物如李大小，表面色紫，微带白色，需用手推挤方能还纳，病已10年，近来加重。其诊断是（　　）。,直肠息肉,直肠脱垂,直肠癌,Ⅱ期内痔,Ⅲ期内痔,,,
A,患者孕6个月余，小便频数，艰涩刺痛，尿少色黄，伴面赤心烦，喜冷饮，舌上溃疡，舌红欠润，少苔，脉细数。其治法是（　　）。,清心泻火，润燥通淋,泻火解毒，养血安胎,滋肾利尿，清热解毒,交通心肾，养阴利尿,清热利湿，润燥通淋,,,
E,患儿，7岁。反复咳嗽喘促3年余。症见咳嗽喘促，动则喘甚，胸闷气短，面色欠华，神疲乏力，畏寒肢冷，舌质淡，苔白，脉细弱。治疗首选方剂（　　）。,苏葶丸,华盖散,苏子降气汤,小青龙汤,金匮肾气丸,,,
C,患者，女性，26岁。产后第3周出现恶寒发热，右乳肿胀疼痛，体温38.7℃，检查见右乳红肿，无波动感。此时的治疗方法是（　　）。,切开引流,疏肝理气，化痰散结,疏肝清胃，通乳消肿,清热解毒，托里透脓,泻火解毒利湿,,,
D,患者，男性，脱疽日久，面容无华，形体消瘦，五心烦热，趾部坏死组织脱落后，创面生长缓慢，经久不愈，舌淡，脉细无力。其治法是（　　）。,温阳通脉散寒,活血通络止痛,温补肾阳,益气养阴,健脾益气,,,
C,患者经行腹泻，日2～3次，面目下肢水肿，腰酸腿软，畏寒肢冷，舌淡苔白，脉沉迟。治疗应首选的方剂是（　　）。,参苓白术散,痛泻要方,健固汤合四神丸,补中益气汤,金匮肾气丸,,,
A,患者经期小腹隐痛，喜温喜按，阴部空坠不适；经血量少，色淡质清；面色少华，神疲乏力；舌质淡、苔薄，脉细无力。治疗应首选的方剂是（　　）。,圣愈汤,四物汤,归脾汤,举元煎,补中益气汤,,,
B,患者自诉带下量多半年，色白，如涕如唾，绵绵不断，无臭气，面色白，四肢倦怠，纳少便溏，舌淡胖，苔白腻，脉细缓。治疗应首选的方剂是（　　）。,五味消毒饮,完带汤,内补丸,知柏地黄丸,止带方,,,
E,患儿，1岁。面色时青时赤，频作惊惕，甚则惊厥，喜投母怀，大便色青，脉律不整，指纹紫滞。治疗应首选的方剂是（　　）。,菖蒲丸,定魄丸,磁朱丸,远志丸,琥珀抱龙丸,,,
B,患儿，5岁。因右侧腮部肿痛5天就诊。现症见腮部漫肿，灼热疼痛，咀嚼时尤甚，精神倦怠，高热头痛，咽喉红肿，大便干结，小便短赤，舌质红，苔黄腻，脉滑数。治疗应首选的方剂是（　　）。,仙方活命饮,普济消毒饮,黄连解毒汤,三仁汤,荆防败毒散,,,
B,患儿，10岁。平素面黄体瘦，脾气乖戾，近半年来时有皱眉眨眼，嘴角抽动，喉中发出声响，精神不振，胸闷食少，舌质淡，苔白腻，脉沉滑。辨证是（　　）。,气郁化火,脾虚痰聚,阴虚风动,脾虚肝旺,风痰内蕴,,,
E,患儿，5岁。皮肤出现瘀点瘀斑，色泽鲜红，伴见鼻衄、齿衄，尿色红赤，大便如柏油样，心烦，口渴，舌红，脉数有力。治疗应首选的方剂是（　　）。,麻黄连翘赤小豆汤,银翘散,连翘败毒散,黄连解毒汤,犀角地黄汤,,,
D,患儿，出生32天。面目皮肤发黄，色泽晦暗，持久不退，腹胀，全身散在瘀斑，大便溏薄，舌有瘀点，苔黄。治疗应首选的方剂是（　　）。,茵陈蒿汤,茵陈理中汤,茵陈五苓散,血府逐瘀汤,归脾汤,,,
D,患儿，10个月。时当八月，发热，无汗，烦躁哭闹，咽红，食欲不振，呕吐乳食，大便稀溏，小便短黄，舌质红，苔黄腻，脉数。其治法是（　　）。,辛温解表,辛凉解表,清热解毒,清暑解表,清热导滞,,,
A,患儿，2岁。起病2天，鼻塞流清涕，喷嚏时作，咳嗽频频，咳声较重，舌质正常，舌苔薄白，指纹浮红。其证候是（　　）。,风寒咳嗽,风热咳嗽,痰热咳嗽,气虚咳嗽,阴虚咳嗽,,,
A,患者经前或经期吐衄，量较多，色红，心烦易怒，两胁胀痛，尿黄便结，月经量少，甚或不行，舌红，苔花剥，脉细数。其治法是（　　）。,清肝调经,滋阴养肺,疏肝理气,清热凉血,滋阴柔肝,,,
A,患者新产后1周小腹隐隐作痛，数日不止，喜按喜揉，恶露量少，色淡红，质稀无块，面色苍白，头晕，眼花，心悸怔忡，舌质淡，苔薄白，脉细弱。其治法是（　　）。,补血益气，缓急止痛,补血养血，化瘀止痛,补血益气，温经止痛,补血益气，暖宫止痛,温经散寒，化瘀止痛,,,
E,患者，男性，24岁。因外伤后小腿外擦止痛药水后5天左小腿处皮肤鲜红肿胀，其上有大疱，大疱破裂后则有糜烂渗液，灼热，瘙痒，伴发热，口渴，舌红，苔黄，脉弦数。治疗应首选的方剂是（　　）。,黄连解毒汤,凉膈散,消风散合当归饮子,龙胆泻肝汤,化斑解毒汤合龙胆泻肝汤,,,
D,患儿，8岁。发热，咽痛1天后出疹，舌质红，苔黄糙，脉数。查体：体温39.5℃，颜面潮红，环口苍白圈，咽喉红肿，可见脓液，颈部、躯干、四肢见弥漫性红色皮疹，以皮肤皱褶处为多，其诊断是（　　）。,麻疹，邪犯肺卫,风疹，邪入气营,猩红热，邪侵肺卫,猩红热，毒炽气营,猩红热，疹后阴伤,,,
B,患者经量少，色暗淡，质稀，伴腰膝酸软，头晕耳鸣，足跟痛，小腹冷，舌淡，脉沉迟。其治法是（　　）。,益气补血调经,补肾益精，养血调经,补气摄血，养血调经,益气健脾，养血调经,补中益气，固冲调经,,,
C,8月上旬，一男性儿童前额部出现2个红肿结块，约2cm×2cm，中央有一个脓头未溃，疼痛拒按，伴口渴便秘，尿短赤。应选用的方剂是（　　）。,五味消毒饮,仙方活命饮,清暑汤,防风通圣散,黄连解毒汤,,,
B,急性盆腔炎热毒炽盛证的主要临床表现是（　　）。,身热腹痛，恶寒或寒战,高热腹痛，下腹部疼痛拒按,下腹部胀满，疼痛拒按，寒热往来,下腹部疼痛，痛连腰骶，低热起伏,下腹部胀痛或刺痛，经行加重,,,
C,急性盆腔炎湿热瘀结证的主要临床表现是（　　）。,身热腹痛，恶寒或寒战,高热腹痛，下腹部疼痛拒按,下腹部胀满，疼痛拒按，寒热往来,下腹部疼痛，痛连腰骶，低热起伏,下腹部胀痛或刺痛，经行加重,,,
D,产后小便不通的主要病机是（　　）。,肝郁气滞、气血不足,气血不足、肝郁气滞、肾阴不足,气血不足、肝郁气滞、痰浊阻滞,气虚、肾虚、血瘀、气滞,脾肾两虚、肝郁气滞,,,
D,牛皮癣的特点是（　　）。,皮损对称分布，剧烈瘙痒，易反复发作,好发于颈项、肘、尾骶部，皮损分布常不对称,发于接触部位，皮损表现单一，伴有痒或灼热感,皮损多局限于某一部位，皮损处肥厚粗糙，触之较硬，皮纹显著或呈苔藓样变,损害多为暗红、淡紫或皮肤色多角扁平丘疹，有蜡样光泽、网状纹,,,
D,湿疮的皮损特点是（　　）。,皮损对称分布，剧烈瘙痒，易反复发作,好发于颈项、肘、尾骶部，皮损分布常不对称,发于接触部位，皮损表现单一，伴有痒或灼热感,皮损呈多形性，对称分布，瘙痒，渗液，糜烂,损害多为暗红、淡紫或皮肤色多角扁平丘疹，有蜡样光泽、网状纹,,,
A,急性肾炎肺脾气虚证的证候特征是（　　）。,小儿浮肿兼见面色少华，倦怠乏力，纳少便溏,小儿浮肿兼见畏寒肢冷，面白无华，神倦乏力，大便溏，脉沉细,小儿浮肿兼见头痛眩晕，视物模糊，苔黄，脉弦,小儿浮肿兼见尿少或尿闭，恶心呕吐苔腻，脉弦,小儿浮肿兼见咳嗽气急，心悸胸闷，唇青紫，脉细,,,
B,急性肾炎脾肾阳虚证的证候特征是（　　）。,小儿浮肿兼见面色少华，倦怠乏力，纳少便溏,小儿浮肿兼见畏寒肢冷，面白无华，神倦乏力，大便溏，脉沉细,小儿浮肿兼见头痛眩晕，视物模糊，苔黄，脉弦,小儿浮肿兼见尿少或尿闭，恶心呕吐苔腻，脉弦,小儿浮肿兼见咳嗽气急，心悸胸闷，唇青紫，脉细,,,
E,口疮虚火上炎证的治法是（　　）。,疏风散火，清热解毒,消食导滞，清热解毒,清心凉血，泻火解毒,疏风解表，泻火解毒,滋阴降火，引火归原,,,
A,口疮风热乘脾证的治法是（　　）。,疏风散火，清热解毒,消食导滞，清热解毒,清心凉血，泻火解毒,疏风解表，泻火解毒,滋阴降火，引火归原,,,
E,滑胎的治疗原则是（　　）。,治病与安胎并举,保胎治疗,下胎益母,补肾填精，固冲安胎,未孕前重防，已孕后重早治,,,
C,堕胎、小产的治疗原则是（　　）。,治病与安胎并举,保胎治疗,下胎益母,补肾填精，固冲安胎,未孕前重防，已孕后重早治,,,
D,使用箍围药的主要优点是（　　）。,具有渗透和消散作用,能使疮口增生的胬肉回缩,具有提脓去腐的作用,具有箍集围聚、收束疮毒的作用，能使疮口早日愈合,富有黏性，能固定患部，使患部减少活动,,,
B,使用平胬药的主要优点是（　　）。,具有渗透和消散作用,能使疮口增生的胬肉回缩,具有提脓去腐的作用,具有箍集围聚、收束疮毒的作用，能使疮口早日愈合,富有黏性，能固定患部，使患部减少活动,,,
A,月经过少与月经过多的共同证候是（　　）。,血瘀证,血热证,气滞证,气虚证,血寒证,,,
C,妊娠腹痛与子肿的共同证候是（　　）。,血瘀证,血热证,气滞证,气虚证,血寒证,,,
A,适用清热利湿法治疗的是（　　）。,阴囊红肿热痛，肾子肿痛，尿急尿频，尿液黄赤，茎中热痛，精液赤浊，苔黄腻,肾子硬结，少腹或会阴胀痛，排尿困难或闭塞不通，舌暗或有瘀点瘀斑,肾子上或阴茎上慢性结节，皮色不变，亦不疼痛,腰膝酸痛，头目眩晕，健忘少寐，五心烦热，阳事易兴，小溲黄热而淋漓不爽，舌红苔少,腰膝冷痛，形寒肢冷，性欲减退，阳痿遗精，小便频数，遗尿不禁，囊内积水，舌淡，脉,,,
B,适用行气活血法治疗的是（　　）。,阴囊红肿热痛，肾子肿痛，尿急尿频，尿液黄赤，茎中热痛，精液赤浊，苔黄腻,肾子硬结，少腹或会阴胀痛，排尿困难或闭塞不通，舌暗或有瘀点瘀斑,肾子上或阴茎上慢性结节，皮色不变，亦不疼痛,腰膝酸痛，头目眩晕，健忘少寐，五心烦热，阳事易兴，小溲黄热而淋漓不爽，舌红苔少,腰膝冷痛，形寒肢冷，性欲减退，阳痿遗精，小便频数，遗尿不禁，囊内积水，舌淡，脉,,,
A,治疗经期延长虚热证，应首选的方剂是（　　）。,两地汤合二至丸,清经散合失笑散,桃红四物汤合失笑散,举元煎合二至丸,身痛逐瘀汤合失笑散,,,
C,治疗经期延长血瘀证，应首选的方剂是（　　）。,两地汤合二至丸,清经散合失笑散,桃红四物汤合失笑散,举元煎合二至丸,身痛逐瘀汤合失笑散,,,
A,患儿早产，生后全身冰冷，肌肤板硬而肿，范围波及全身，气息微弱。其最可能的病因是（　　）。,胎禀阳虚,分娩损伤,感受热邪,感受寒邪,饮食生冷,,,
D,患儿难产，生后全身欠温，臀部、小腿肌肤硬肿，颜色暗紫，指纹紫滞。其最可能的病因是（　　）。,胎禀阳虚,分娩损伤,感受热邪,感受寒邪,饮食生冷,,,
C,睡中露睛多是（　　）。,心神失养,肝旺扰神,脾虚气弱,胃气不和,肺气虚弱,,,
B,寐中惊惕多是（　　）。,心神失养,肝旺扰神,脾虚气弱,胃气不和,肺气虚弱,,,
A,治疗不孕肾阴虚证，应首选的方剂是（　　）。,养精种玉汤,开郁种玉汤,左归丸,育阴汤,六味地黄丸,,,
B,治疗不孕肝气郁结证，应首选的方剂是（　　）。,养精种玉汤,开郁种玉汤,左归丸,育阴汤,六味地黄丸,,,
D,正常小儿开始会爬的月龄一般是（　　）。,2个月,4个月,6个月,8个月,10个月,,,
C,正常小儿开始会独坐的月龄一般是（　　）。,2个月,4个月,6个月,8个月,10个月,,,
A,脱疽好发部位是（　　）。,四肢末梢,小腿下部,骶尾部,髋部,脊背部,,,
B,臁疮好发部位是（　　）。,四肢末梢,小腿下部,骶尾部,髋部,脊背部,,,
A,小便浑浊、泄泻、下痢、妇女带下，说明了湿邪,湿性趋下,湿性黏滞,湿性重浊,湿为阴邪,易阻气机,,,
B,五脏藏五神，肾藏,魄,志,魂,神,意,,,
A,以下病机中是以阴阳失调来阐释实热或实寒的是,阴阳偏盛,阴阳格拒,阴阳偏衰,阴阳互损,阴阳离决,,,
E,与脾土相应的季节是,秋,冬,春,夏,长夏,,,
C,阳偏盛的证候性质为,假热证,假寒证,实热证,实寒证,虚寒证,,,
B,同名手足阳经的交接部位是,肩胛部,头面部,胸部,背部,四肢部,,,
D,肺的阴阳属性是,阴中之阴,阴中之阳,阳中之阳,阳中之阴,阴中之至阴,,,
D,肝火犯肺，属于,火乘金,金乘木,火侮金,木侮金,火克金,,,
C,足手阴经的交接部位是,肩胛部,头面部,胸部,背部,四肢部,,,
C,冲脉的基本功能是,调节阳经气血,调节阴经气血,调节十二经气血,维系全身经脉,主司下肢运动,,,
E,肾在志为,怒,喜,思,悲,恐,,,
D,“将军之官，谋虑出焉”指的脏腑是,心,肺,脾,肝,肾,,,
B,外感六淫中易伤阳气的是,风邪,寒邪,暑邪,火邪,燥邪,,,
A,五行指导脏腑用药，赤色、苦味入,心,脾,肺,肝,肾,,,
A,元气生成的主要物质来源是,肾中精气,水谷精气,清气,脏腑精气,经气,,,
B,脾主升清的确切含义是,脾以升为健,脾气散精，上归于肺,脾的阳气主升,输布津液防止水湿内生,与胃的降浊相对而言,,,
D,“阴阳离决，精气乃绝”，反映了,阴阳转化,阴阳互藏,阴阳消长,阴阳互根,阴阳对立,,,
C,起病隐缓，病程较长，反复发作，或缠绵难愈为湿邪哪方面致病特点,湿为阴邪，易伤阳气,湿为阴邪，湿性重浊,湿性黏滞，易阻气机,湿性趋下，易袭阴位,湿邪为患，其性重浊,,,
A,“髓之海”指的是,脑,脊柱,骨,脉,胆,,,
C,内生“五邪”包括,内风、内暑、内湿、内燥、内火,内风、内寒、内暑、内燥、内火,内风、内寒、内湿、内燥、内火,内风、内寒、内湿、内暑、内热,内风、内寒、内湿、内燥、内暑,,,
D,《素问·宣明五气》中说法错误的是,久立伤骨,久行伤筋,久卧伤气,久坐伤精,久视伤血,,,
C,过怒影响下列哪种功能,呼吸功能,藏血功能,疏泄功能,纳气功能,运化功能,,,
B,与血液的运行密切相关的脏腑,心、肺、肾、脾,心、肺、肝、脾,心、肾、肝、脾,心、肺、肝、肾,肾、肺、肝、脾,,,
C,气血两虚病变多见的脏腑是,心与肺,心与肾,心与脾,脾与胃,肺与肝,,,
C,“寒者热之”治则，所体现的阴阳关系是,阴阳交感,阴阳互根,阴阳对立,阴阳消长,阴阳转化,,,
C,阴气不足，可见于五脏六腑，其最主要的是,心阴虚,脾阴虚,肾阴虚,胃阴虚,肝阴虚,,,
E,疾病后期，或遗留某些后遗症的病机是,正盛邪退,邪去正虚,邪盛正虚,邪正交争,正虚邪恋,,,
D,来源于脾胃所化生的水谷之精微的是,营气和元气,卫气和宗气,宗气和元气,卫气和营气,宗气和营气,,,
D,下列各项中，手足与阴阳经匹配错误的是,手阳明大肠经,手少阴心经,足厥阴肝经,足少阴胆经,足太阴脾经,,,
E,经别的生理功能叙述错误的是,加强十二经脉表里两经在体内的联系,加强体表与体内、四肢与躯干的向心性联系,加强了十二经脉和头面部的联系,扩大十二经脉的主治范围,加强足三阴、足三阳经脉与肝脏的联系,,,
D,风邪的致病特点是,易伤气血,易伤津液,易伤阳气,易袭阳位,易致肿疡,,,
C,所谓“得气”，体现的经络功能是,沟通联络作用,运输渗透作用,感应传导作用,调节平衡作用,运行气血作用,,,
D,大怒易损伤的脏腑是,心,脾,肾,肝,肺,,,
E,颈脉怒张多见于,心血瘀阻,肺气壅滞,心肾阳衰,水气凌心,以上均是,,,
B,嗳气频作而响亮，嗳气后脘腹胀减多为,宿食内停,肝气犯胃,胃阳亏虚,胃虚气逆,热邪客胃,,,
A,亡阳证的临床表现是,冷汗、肢厥、面白、脉微,头身疼痛，鼻塞或喷嚏,咳喘、心悸、腹痛、呕泻,咽干、五心烦热、脉细数,身灼烦渴、唇焦面赤、脉数疾、汗出如油,,,
E,以常衡变主要指的是,将病人与其所处环境结合起来综合地判断病情,四诊并重，诸法参用，综合收集病情资料,通过诊察其反映于外部的现象，揣测内在的变动,通过微小的变化，测知整体的情况,在认识正常的基础上，发现太过、不及的异常变化,,,
D,新病恶寒的临床表现错误的是,四肢不温,咳喘痰鸣,脘腹肢体冷痛,舌淡胖嫩,呕吐泄泻,,,
D,下列不属于舌颤动病因的是,肝阳化风,热极生风,酒毒所伤,心脾有热,气血两虚,,,
B,下列各项中，不是血虚证临床表现的是,头晕眼花,心烦易怒,面色淡白,肢体麻木,经少经闭,,,
B,发热为午后夜间低热，其病机是,阳明腑实,骨蒸潮热,温病入营,湿温内蕴,热邪客表,,,
E,人中满唇反见于,脾胃积热,虚火上炎,心脾积热,燥热伤津,脾气将绝,,,
E,不属于脾虚气陷证临床表现的是,久泄不止,肛门重坠,便意频数,子宫下垂,四肢不温,,,
D,口之形态中口撮可见于,痫病,中风,疟疾发作,小儿脐风,以上都不是,,,
D,《素问·刺热》分候法中，以右颊候,心,肝,脾,肺,肾,,,
B,下列各项中，不属于引起舌象生理变异的因素是,年龄因素的影响,地域因素的影响,女性生理特点的影响,禀赋体质因素的影响,气候、环境因素的影响,,,
C,常见于病人临终前的神态表现是,得神,少神,假神,失神,神气不足,,,
A,属于正常人从出生至死终生基本不变的面色是,主色,客色,善色,恶色,病色,,,
E,下列各项中，属于病理性舌象表现的是,肥胖之人舌多胖大而质淡,老年人舌色较暗红或带紫暗色,消瘦之人舌体偏瘦而舌色偏红,儿童的舌质多淡嫩，舌苔偏少易剥,以上都不是,,,
A,皮肤突然色红成片，如染脂涂丹，灼热肿胀，边界清楚者属于,丹毒,流火,赤游丹,热气疮,抱头火丹,,,
E,伤寒病凡一经病证未罢，又见他经病证者称为,传经,顺传,直中,合病,并病,,,
B,以胃脘胁肋胀满疼痛，嗳气吞酸，情绪抑郁，苔薄黄，脉弦为主要证候表现的是,肝脾不调证,肝胃不和证,肝胆湿热证,肝郁气滞证,胃热炽盛证,,,
A,口渴咽干，鼻干唇燥，秋季多发者属于,燥邪伤津,痰饮内停,瘀血内停,里热炽盛,外感温热病初期,,,
B,下列各项中，多主实热与阴虚的舌色为,绛舌,红舌,紫舌,淡红舌,淡白舌,,,
A,下列异常舌形中，多见于实证的是,老舌,嫩舌,胖舌,瘦舌,齿痕舌,,,
D,肺阴虚证的临床表现不包括,干咳无痰,五心烦热,潮热盗汗,神疲体倦,口燥咽干,,,
A,虚里按之，其动微弱者多属于,宗气内虚,心阳不足,心肺气绝,宗气不守,外感热邪,,,
A,身重兼脘闷苔腻者，多因,湿困脾阳,水湿泛溢,脾气虚,脾肾阳虚,食滞胃脘,,,
A,具有润肺止咳，散结消痈功效的药物是,川贝母,旋覆花,百部,杏仁,桔梗,,,
C,下列药物中不属于配伍禁忌的是,藜芦与赤芍,川贝母与川乌,硫黄与厚朴,水银与砒霜,肉桂与赤石脂,,,
E,具有凉血解毒功效的药物是,芒硝,菊花,火麻仁,桃仁,大黄,,,
C,下列具有清热利湿退黄功效的药物是,苏木,姜黄,虎杖,牛膝,丹参,,,
C,五加皮具有的功效是,安胎,和胃,利水,通便,凉血,,,
C,下列药物中既能收敛固涩，益气生津，又能宁心安神的为,五倍子,黄精,五味子,补骨脂,龟甲,,,
A,发热腹痛，里急后重，大便有脓血，舌质红，脉滑数。治疗宜首选,黄连、木香,黄柏、木香,苦参、木香,马齿苋、木香,黄芩、木香,,,
A,治疗咳嗽痰多，痈疽疮毒，宜首选的药物是,远志,琥珀,苏合香,蒲黄,虎杖,,,
A,具有清热解毒，凉血，消肿功效的药物是,紫花地丁,鱼腥草,穿心莲,青黛,蒲公英,,,
B,牵牛子的功效是,泻水逐饮，消肿散结,泻下通便，消痰涤饮,峻下冷积，逐水退肿,祛痰利咽，外用蚀疮,润肠通便，润肺止咳,,,
B,大腹皮的功效是,理气和中，燥湿化痰,行气宽中，利水消肿,疏肝解郁，行气散结,消食化积，行气散瘀,燥湿消痰，下气除满,,,
E,功效为活血调经，利尿消肿，清热解毒的药物是,泽兰,红花,蒲公英,败酱草,益母草,,,
A,属于滑石功效的是,清热解暑,清热凉血,清肺化痰,清肝明目,清热除痹,,,
B,善于清中焦湿热的药物是,黄芩,黄连,黄柏,苦参,龙胆草,,,
B,下列药物中为治头痛之要药的是,郁金,川芎,乳香,没药,延胡索,,,
D,下列各项中为治肺气壅遏所致喘咳的要药是,石膏,细辛,辛夷,麻黄,桂枝,,,
E,生地黄与玄参均具有的功效是,清热凉血，活血散瘀,清热凉血，解毒定惊,清热凉血，解毒透疹,清热凉血，泻火解毒,清热凉血，养阴生津,,,
E,蕲蛇的主治病证不包括,梅毒,风麻,破伤风,小儿惊风,脚气水肿,,,
D,牡丹皮与地骨皮均具有的功效是,退虚热，清疳热,清透虚热，解暑,清透虚热，截疟,清热凉血，退虚热,清热凉血，利尿通淋,,,
E,养血安神，祛风通络为下列何药之功效,远志,酸枣仁,柏子仁,合欢皮,首乌藤,,,
D,下列何药属于凉肝、镇肝之要药,龙骨,牡蛎,珍珠母,石决明,代赭石,,,
A,下列何药为治疗跌打损伤、瘀滞肿痛之要药,三七,川芎,红花,桃仁,乳香,,,
C,功效为镇惊安神、平肝潜阳、收敛固涩的药物是,朱砂,磁石,龙骨,琥珀,远志,,,
E,功效为消食除胀、降气化痰的药物是,山楂,神曲,麦芽,鸡内金,莱菔子,,,
C,石决明与决明子共有的功效是,平肝潜阳,润肠通便,清肝明目,镇惊安神,收敛固涩,,,
E,下列药物中不具有纳气平喘功效的是,补骨脂,蛤蚧,磁石,沉香,龙骨,,,
E,郁金的主治范围不正确的是,气滞血瘀痛证,热病神昏,血热出血,肝胆湿热,风湿痹痛,,,
A,巴豆霜入丸散剂常用剂量是,0.1～0.3g,0.3～0.5g,1～2g,3～5g,0.5～2g,,,
A,玄参的功效是,清热凉血，泻火解毒，滋阴,清热凉血，养阴生津,清热凉血，活血祛瘀,清热凉血，散瘀止痛,清热凉血，解毒透疹,,,
D,治疗风寒感冒兼脾胃气滞，胸闷呕吐者，宜首选的药物是,防风,香薷,苍术,紫苏,厚朴,,,
A,太阳病，关节疼痛而烦，脉沉而细，此名,湿痹,风寒痹,热痹,风痹,寒痹,,,
D,溢饮的病机是,饮停胸膈,饮停胸胁,饮停胃肠,饮停四肢肌表,饮停膀胱,,,
C,渗湿于热下在辛凉剂中加,麻黄、桂枝,薄荷、牛蒡,芦根、滑石,黄芩、黄柏,金银花、连翘,,,
C,温病治疗中救阴的目的在于,滋养阴血,温补阳气,顾护津液,宣通气机,化气利湿,,,
C,阳明温病，无汗，实证未剧，不可下。小便不利者，甘苦合化，选方为,白虎汤,竹叶石膏汤,冬地三黄汤,黄连解毒汤,犀角地黄汤,,,
D,黄疸发病常责于,卫分,气分,营分,血分,以上均非,,,
B,下列属于正治法的是,热因热用,寒者热之,寒因寒用,塞因塞用,通因通用,,,
A,《灵枢.决气》中提到的六气为,精、气、津、液、血、脉,气、津、液、血、脉、骨,精、津、液、血、脉、骨,津、液、血、脉、骨、肉,精、气、津、肉、血、脉,,,
E,患者，男，32岁，工地施工期间导致腹部刺伤，大量出血，现突然面色苍白，大汗淋漓，四肢厥冷，呼吸微弱，舌淡，见芤脉，其证属,气虚血瘀证,气血两虚证,气不摄血证,气滞血瘀证,气随血脱证,,,
A,患者，男，64岁，近半个月出现狂躁妄动，打人毁物，不避亲疏，胡言乱语；伴有发热，口渴，气粗，咯吐黄痰，喉间痰鸣，心烦失眠，舌质红，苔黄腻，脉滑数。其证属,痰火扰神证,痰蒙心神证,心火亢盛证,瘀阻脑络证,痰阻心脉证,,,
C,患者，男，34岁，近一周时间出现咳嗽，痰多色白、质稠易咯，伴胸闷，恶寒，肢冷，舌质淡，苔白腻，脉弦。其证属,风寒犯肺证,饮停胸胁证,寒痰阻肺证,肺气虚证,肺阴虚证,,,
C,患者，男，42岁，现症见胃脘隐痛，按之觉舒，食欲不振，面色萎黄，气短懒言，神疲倦怠，舌质淡，苔薄白，脉弱。其证属,胃阳虚证,胃阴虚证,胃气虚证,脾气虚证,脾阳虚证,,,
C,患者，男，39岁，现症见气短伴喘咳，咳嗽无力，呼多吸少，吐痰清稀，声低，乏力自汗，伴耳鸣，腰膝酸软，时常尿随咳出，舌淡紫，脉弱。其证属,心肺气虚证,脾肺气虚证,肺肾气虚证,寒痰阻肺证,饮停胸胁证,,,
A,肝火犯肺证的治法是,佐金平木法,抑木扶土法,滋水涵木法,培土生金法,泻南补北法,,,
B,肝脾不和的治法是,佐金平木法,抑木扶土法,滋水涵木法,培土生金法,泻南补北法,,,
A,属于夏季用药慎用温热的理论依据的是,因时制宜,因地制宜,治病求本,祛除邪气,因人制宜,,,
E,属于阴盛之体慎用寒凉的理论依据是,因时制宜,因地制宜,治病求本,祛除邪气,因人制宜,,,
D,被称为十二经脉之海的是,任脉,督脉,带脉,冲脉,阴维脉,,,
A,与女子妊娠密切相关的经脉,任脉,督脉,带脉,冲脉,阴维脉,,,
B,六淫邪气中，最易伤肺的是,火,燥,暑,寒,风,,,
C,具有明显季节性的邪气是,火,燥,暑,寒,风,,,
E,五体中与肾脏相合的是,脉,皮,肉,筋,骨,,,
B,五体中与肺脏相合的是,脉,皮,肉,筋,骨,,,
A,根据《素问?宣明五气》所说，“久行”可伤的是,筋,骨,气,肉,脉,,,
D,根据《素问?宣明五气》所说，“久坐”可伤的是,筋,骨,气,肉,脉,,,
A,肝病日久，两胁胀满疼痛，并见舌质瘀斑、瘀点。其病机是,气滞血瘀,气不摄血,气随血脱,气血两虚,气血失和,,,
C,产后大出血，继则冷汗淋漓，甚则晕厥。其病机是,气滞血瘀,气不摄血,气随血脱,气血两虚,气血失和,,,
E,胸闷气喘，少气不足以息者多为,心气虚,脾肺气虚,心肺气虚,肾气不固,肺肾气虚,,,
C,久病咳喘，胸闷心悸，神疲乏力，自汗声低，舌淡脉弱，其证候是,心气虚,脾肺气虚,心肺气虚,肾气不固,肺肾气虚,,,
A,精神极度疲惫，神识朦胧，困倦欲睡，肢冷脉微者，多见于,心肾阳衰,脾气虚弱,胆郁痰扰,食滞内停,痰湿困脾,,,
B,饭后神疲困倦易睡，兼食少纳呆，少气乏力者，多见于,心肾阳衰,脾气虚弱,胆郁痰扰,食滞内停,痰湿困脾,,,
B,以发热口渴，喉间痰鸣，心烦失眠，面赤、舌红苔黄腻，脉滑数为主要临床表现的证候是,胆郁痰扰证,痰火扰神证,瘀阻脑络证,心阴虚证,痰蒙心神证,,,
A,以胆怯易惊，失眠多梦、烦躁不安，头晕目眩，舌淡红，苔白腻，脉弦缓为主要临床表现的证候是,胆郁痰扰证,痰火扰神证,瘀阻脑络证,心阴虚证,痰蒙心神证,,,
C,与明堂对应的是,前额,眉间,鼻,颊侧,耳门,,,
A,与庭、颜对应的是,前额,眉间,鼻,颊侧,耳门,,,
A,卧时常向外属,阳证,气虚证,虚寒证,阴虚证,血虚证,,,
C,蜷卧缩足喜加衣被属,阳证,气虚证,虚寒证,阴虚证,血虚证,,,
D,心悸兼面色无华，舌淡脉细者多为,心胆气虚,心脾两虚,胆郁痰扰,心血不足,肾虚水泛,,,
B,心悸伴见头晕目眩，纳差乏力，舌淡，脉细弱者多为,心胆气虚,心脾两虚,胆郁痰扰,心血不足,肾虚水泛,,,
C,上焦病证的病位是在,肺与大肠,肝胆脾胃,肺与心包,脾、胃,肝与肾,,,
D,中焦病证的病位是在,肺与大肠,肝胆脾胃,肺与心包,脾、胃,肝与肾,,,
B,胸胁灼痛，急躁易怒，咳嗽咯血，脉弦数，辩证是,肺阴虚,肝火犯肺,痰热雍肺,燥邪犯肺,肺热炽盛,,,
E,胸痛，鼻息灼热，发热口渴，咳嗽气粗，脉洪数，辩证是,肺阴虚,肝火犯肺,痰热雍肺,燥邪犯肺,肺热炽盛,,,
B,既能杀虫止痒燥湿，又能温肾壮阳的药物是,白鲜皮,蛇床子,山茱萸,土茯苓,秦皮,,,
D,既能治疗梅毒，又能治疗湿热疮毒的药物是,白鲜皮,蛇床子,山茱萸,土茯苓,秦皮,,,
B,中风痰迷，失眠健忘，宜选用的药物是,竹沥,石菖蒲,冰片,牛黄,附子,,,
D,中风痰迷，心肝有热，宜选用的药物是,竹沥,石菖蒲,冰片,牛黄,附子,,,
D,既能祛风湿，又能温经止痛的药物是,秦艽,防己,狗脊,川乌,独活,,,
A,既能祛风湿，又能退虚热的药物是,秦艽,防己,狗脊,川乌,独活,,,
E,阿胶的主治病证是,既能治疗血虚证，又能治疗遗精盗汗证,既能治疗血虚证，又能治疗胁肋脘腹疼痛,既能治疗血虚证，又能治疗痈疽疮疡证,既能治疗血虚证，又能治疗虚劳喘咳证,既能治疗血虚证，又能治疗出血证,,,
B,白芍的主治病证是,既能治疗血虚证，又能治疗遗精盗汗证,既能治疗血虚证，又能治疗胁肋脘腹疼痛,既能治疗血虚证，又能治疗痈疽疮疡证,既能治疗血虚证，又能治疗虚劳喘咳证,既能治疗血虚证，又能治疗出血证,,,
D,具有利尿通淋，解毒消肿功效的药物是,萆薢,虎杖,地肤子,金钱草,茵陈蒿,,,
B,具有利湿退黄，散瘀止痛功效的药物是,萆薢,虎杖,地肤子,金钱草,茵陈蒿,,,
A,功效具有行气止痛、温肾散寒的药物是,乌药,沉香,薤白,木香,川楝子,,,
B,功效具有行气止痛、纳气平喘的药物是,乌药,沉香,薤白,木香,川楝子,,,
D,患者妊娠3月，出现胃脘冷痛，腹胀吐泻，首选药物是,艾叶,紫苏,藿香,砂仁,白豆蔻,,,
B,患者妊娠3月，出现恶寒发热，胸闷欲呕，首选药物是,艾叶,紫苏,藿香,砂仁,白豆蔻,,,
C,既能收敛止血，又能截疟的药物是,地榆,侧柏叶,仙鹤草,棕榈炭,血余炭,,,
E,既能收敛止血，又能利尿的药物是,地榆,侧柏叶,仙鹤草,棕榈炭,血余炭,,,
A,其脉自浮，外证骨节疼痛，为,风水,皮水,正水,石水,黄汗,,,
E,其脉沉迟，身发热，为,风水,皮水,正水,石水,黄汗,,,
A,具有健脾补肾，益气摄血功用的方剂是,固冲汤,归脾汤,四物汤,黄土汤,固经丸,,,
E,小柴胡汤的组成药物中不含有的是,黄芩,柴胡,大枣,人参,干姜,,,
A,下列各项，属天王补心丹组成药物的是,丹参,苦参,西洋参,党参,沙参,,,
B,咳血方与小蓟饮子中均含有,生地黄,栀子,滑石,青黛,甘草,,,
E,半夏厚朴汤的主治病证是,喑痱,脏毒,脏躁,肠风,梅核气,,,
E,归脾汤除益气补血外，还具有的功用是,补血调血,敛阴止汗,滋阴复脉,益阴降火,健脾养心,,,
A,大建中汤的组成药物是,蜀椒、人参、干姜、胶饴,蜀椒、人参、干姜、炙甘草,干姜、肉桂、生附子、炙甘草,人参、干姜、桂枝、胶饴,蜀椒、生附子、肉桂、胶饴,,,
E,健脾丸的组成，不含有的药物是,木香、神曲,人参、白术,陈皮、茯苓,山药、肉豆蔻,黄芩、薏苡仁,,,
E,理中丸的组成药物中不含有,干姜,人参,白术,炙甘草,附子,,,
C,温经汤的君药是,当归、肉桂,当归、吴茱萸,吴茱萸、桂枝,当归、桂枝,当归、川芎,,,
B,大定风珠的组成药物中含有,桃仁,麻仁,杏仁,郁李仁,柏子仁,,,
C,芍药汤与白头翁汤的组成中，均含有的药物是,黄柏,黄芩,黄连,大黄,秦皮,,,
D,白头翁汤的功效是,清热解毒，消痈排脓,清热解毒，燥湿止痢,清热解毒，涩肠止痢,清热解毒，凉血止痢,清热解毒，益阴止痢,,,
E,组成药物中含有桂枝的方剂是,芍药汤,暖肝煎,阳和汤,地黄饮子,乌梅丸,,,
E,下列哪项是当归补血汤的主治证候,劳倦内伤,营血虚滞,郁怒伤肝,阴精亏虚,血虚发热,,,
B,主治下焦虚寒之膏淋、白浊的方剂为,茵陈蒿汤,萆薢分清饮,蒿芩清胆汤,甘露消毒丹,三仁汤,,,
A,主治为脾阳不足，脾不统血证的方剂是,黄土汤,槐花散,四神丸,小蓟饮子,咳血方,,,
E,腹中拘急疼痛，喜温喜按，神疲乏力，虚怯少气，舌淡苔白，脉细弦者，治宜选用,四逆散,大柴胡汤,理中丸,清胃散,小建中汤,,,
E,炙甘草汤的组成药物中含有,麦冬、麻仁、当归,生姜、大枣、黄芪,生地、元参、麦冬,阿胶、当归、芍药,生地、阿胶、麦冬,,,
D,苏合香丸主治,热闭证,六郁证,心绞痛,寒闭证,痰热内闭心包证,,,
B,桑菊饮的组成药物除桑叶、菊花外，其余的是,银花、连翘、薄荷、桔梗、甘草、苇根,杏仁、连翘、薄荷、桔梗、甘草、苇根,杏仁、连翘、薄荷、葛根、甘草、苇根,杏仁、连翘、葛根、薄荷、桔梗、甘草,银花、连翘、葛根、薄荷、桔梗、甘草,,,
E,左金丸中黄连与吴茱萸的用量比例为,3:01,4:01,1:01,2:01,6:01,,,
A,吴茱萸汤中吴茱萸的作用是,温胃暖肝，降逆止呕,温中补虚，和胃止呕,疏肝解郁，和胃止呕,温肾暖肝，降逆止呕,温中补虚，疏肝解郁,,,
C,治疗咳嗽呛急，咯痰不爽，涩而难出，咽喉干燥哽痛，苔白而干，选方为,温胆汤,二陈汤,贝母瓜蒌散,清气化痰丸,半夏白术天麻汤,,,
D,四逆汤的组成药物为,当归、桂枝、炙甘草,肉桂、附子、炙甘草,吴茱萸、生姜、炙甘草,干姜、生附子、炙甘草,人参、干姜、炙甘草,,,
A,咳唾胸胁引痛，心下痞硬，干呕短气，头痛目眩，胸背掣痛不得息，舌苔滑，脉沉弦者，方用,十枣汤,实脾散,真武汤,苓桂术甘汤,五苓散,,,
D,组成药物中含有熟地黄、官桂的方剂是,一贯煎,肾气丸,暖肝煎,地黄饮子,炙甘草汤,,,
C,当归补血汤中当归和黄芪的配伍比例为,1:04,4:01,1:05,5:01,6:01,,,
E,炙甘草汤的药物组成中不含有,人参,大枣,麦冬,阿胶,当归,,,
A,葛根黄芩黄连汤的组成为,葛根、炙甘草、黄芩、黄连,柴胡、黄芩、芍药、半夏,防风、荆芥、连翘、麻黄,石膏、黄芩、桔梗、甘草,人参、白术、茯苓、炙甘草,,,
B,治疗外感风寒，郁而化热证的方剂是,九味羌活汤,柴葛解肌汤,麻杏甘石汤,银翘散,导赤散,,,
E,主治壮热面赤、汗出恶热的首选方剂是,竹叶石膏汤,羚角钩藤汤,黄连解毒汤,清营汤,白虎汤,,,
E,肝硬化轻度腹水患者的治疗首选,氢氯噻嗪,呋塞米,甘露醇,利尿酸钠,螺内酯,,,
A,甲亢最严重的临床表现为,甲状腺危象,甲亢性肌病,甲亢性心脏病并房颤,浸润性突眼,重症肌无力,,,
D,有关类风湿关节炎关节表现特点的叙述，不正确的是,累及小关节,关节畸形,对称性,游走性,晨僵,,,
E,关于哮喘持续状态的危重哮喘的处理，下列哪项是错误的,静滴地塞米松,补充水、电解质,纠正酸中毒,吸氧,口服氨茶碱,,,
E,下列哪项是慢性肾小球肾炎治疗的目标,消除蛋白尿,消除血尿,治疗贫血,消除管型尿,防止或延缓肾功能进行性减退,,,
B,特发性全面强直—阵挛发作时间偏长者可肌注的药物是,乙琥胺,苯巴比妥,丙戊酸钠,卡马西平,苯妥英钠,,,
B,具有扩张血管特别是扩张肾小动脉作用的正性肌力药是,多巴酚丁胺,多巴胺,肾上腺素,硝普钠,硝酸甘油,,,
B,慢性肺心病的首要死亡原因是,消化道出血,肺性脑病,酸碱失衡,电解质紊乱,心律失常,,,
D,慢性肺心病患者普遍存在的酸碱失衡是,呼吸性碱中毒,呼吸性酸中毒合并代谢性碱中毒,代谢性酸中毒,呼吸性酸中毒,代谢性碱中毒,,,
B,肺炎链球菌肺炎胸部X线早期仅见,多数阴影需6周才完全吸收,肺纹理增粗、紊乱,早期可见病变部位的密度均匀影,肺实变期呈叶、段状密度均匀影,消散期阴影密度逐渐升高,,,
E,癫痫失神发作，可选择的药物是,卡马西平,苯妥英钠,苯巴比妥,强的松,丙戊酸钠,,,
C,诊断类风湿关节炎，X线检查最有价值的部位是,双侧肘关节,双侧肩关节,双手指及腕关节,双侧踝关节,双侧膝关节,,,
C,原发性肝癌最常见的表现是,进行性肝肿大,脾肿大、黄疸,肝区疼痛,食欲不振,恶心呕吐,,,
A,高血压性脑出血最常见的诱发因素为,情绪激动或过度用力,高脂血症,外伤,感染,电解质紊乱,,,
E,不属缺铁性贫血的骨随象表现是,幼红细胞增生,骨髓增生活跃,血红蛋白形成不良,铁粒幼红细胞消失,原粒细胞达5%以上,,,
A,以下不属于有效心脏复苏指征为：,神志清晰,意识恢复,瞳孔回缩,皮肤色泽改善,出现自主呼吸,,,
E,造成甲状腺功能减退的最主要的原因是,促甲状腺激素缺乏,甲状腺不发育或发育不全,甲状腺合成过程中酶的缺乏,碘缺乏,自身免疫性损伤,,,
E,引起短暂性脑缺血发作的主要病因为,脑血管瘤,动脉狭窄,器质性心脏病,血液成分异常,动脉粥样硬化,,,
E,下列属于中枢性瘫痪的特点是,肌张力降低,腱反射减弱,肌束震颤明显,不出现病理反射,无肌束颤动,,,
D,脊髓损伤引起的腹肌瘫痪特点为,板状腹,触之如揉面感,腹部紧张度减弱,腹部紧张度消失,腹部触之柔软,,,
B,持续性胸痛常由下列疾病引起，但除外,急性心包炎,心绞痛,肺栓塞,胸膜炎,肺炎,,,
C,下列除哪项外均会引起高钾血症,严重溶血,大量注射钾盐,代谢性碱中毒,慢性肾衰竭,大面积烧伤,,,
A,可引起混合性呼吸困难的疾病是,重症肺炎,支气管异物,肺气肿,支气管哮喘,急性喉炎,,,
B,显性黄疸的诊断标准是总胆红素,超过51.3μmol/L,超过34.2μmol/L,超过17.1μmol/L,超过8.55μmol/L,超过1.73μmol/L,,,
D,引起痰分层现象的疾病是,肺炎链球菌肺炎,心源性哮喘,慢性支气管炎,肺脓肿,肺结核,,,
A,下列关于腋测法体温测量的描述，正确的是,优点是安全、方便，不易交叉感染,因是测量体外温度，因此结果不可靠,放置腋窝深处，测量5分钟读数,寒冷季节可以隔薄衣测量,正常值为35℃～37℃,,,
B,使肺动脉瓣、二尖瓣、三尖瓣关闭不全的杂音更明显的体位是,坐位,仰卧位,平卧位,左侧卧位,右侧卧位,,,
A,腰椎间盘脱出所致的坐骨神经痛的体征是,拉塞格征阳性,霍夫曼征阳性,戈登征阳性,克匿格征阳性,查多克征阳性,,,
C,主动脉瓣狭窄，可出现的体征是,心尖部舒张期震颤,胸骨右缘第2肋间舒张期震颤,胸骨右缘第2肋间收缩期震颤,胸骨左缘第2肋间收缩期震颤,胸骨左缘第2肋间舒张期震颤,,,
E,引起血清总蛋白及白蛋白减少的疾病是,多发性骨髓瘤,黑热病,胃溃疡,疟疾,肾病综合征,,,
D,渗出液为炎性积液，形成的主要原因有,糖尿病,高血压,肝硬化,恶性肿瘤,营养不良,,,
D,重症肺结核所见的热型为,间歇热,稽留热,波状热,张弛热,回归热,,,
E,胸痛伴咯血见于,肺炎,肺脓肿,肺梗死,支气管肺癌,以上都是,,,
B,肾源性水肿的主要特点是,呈下垂性水肿,晨起眼睑或颜面水肿,向心性水肿,非凹陷性水肿,黏液性水肿,,,
B,可出现全身淋巴结肿大的疾病为,肺癌,淋巴细胞白血病,急性化脓性扁桃体炎,肺炎球菌性肺炎,再生障碍性贫血,,,
D,急性心肌梗死CK恢复正常是在,发病后4～10小时,发病后12～36小时,发病后12～24小时,发病后72～96小时,发病后72～120小时,,,
D,主要反映远端肾小管和集合管功能状态的敏感试验是,酚红排泌试验,血清尿素氮、血清肌酐测定,内生肌酐清除率测定,莫氏试验,对氨马尿酸盐清除率试验,,,
B,由于溶骨作用增强引起的高钙血症是,佝偻病,多发性骨髓瘤,急性肾衰竭,大量应用维生素D,大量饮用高钙牛奶,,,
B,食管炎的疼痛为,重痛,灼痛,刺痛,闷痛,绞痛,,,
E,青壮年胸痛可能是,结核性胸膜炎,化脓性胸膜炎,自发性气胸,心肌病,以上都是,,,
B,胸痛伴咳嗽、咯痰见于,食管疾病,肺炎、支气管扩张、肺脓肿,肺炎、肺脓肿、肺梗死或支气管肺癌,急性心肌梗死、夹层动脉瘤或大块肺栓塞,肺炎链球菌肺炎、自发性气胸、渗出性胸膜炎,,,
C,急性喉炎患者痰液直接涂片镜检发现增多的细胞是,红细胞,柱状上皮细胞,鳞状上皮细胞,中性粒细胞,脓细胞,,,
E,关于癌症转移引起的淋巴结肿大的特点，错误的是,质地坚硬,表面可光滑或突起,与周围组织粘连,一般没有压痛,活动度好,,,
B,急性重型肝炎时明显增高的酶是,丙氨酸氨基转移酶(ALT),天门冬氨酸氨基转移酶(AST),碱性磷酸酶(ALP),γ-谷氨酰转移酶(γ-GT),乳酸脱氢酶(LDH),,,
C,医学活动中的道德关系不包括,医务人员与患者,医务人员之间的关系,医务人员与医院的关系,医务人员与社会的关系,医务人员与医学发展的关系,,,
B,被尊称为“万婴之母”的医家是,屠呦呦,林巧稚,淳于衍,谈允贤,胡愔,,,
B,医学人道主义的核心内容包括,尊重病人的生命、自由、意愿,尊重病人的生命、人格、权利,尊重病人的人格、尊严、权利,尊重病人的生命、意愿、尊严,尊重病人的权利、人格、自由,,,
E,医德规范的一般内容不包括,救死扶伤，忠于医业,廉洁奉公，遵纪守法,互学互尊，团结协作,一视同仁，平等待患,实现利益最大化,,,
E,属于临床诊疗道德原则的是,正确原则,指导原则,诱导原则,理解原则,最优化原则,,,
A,符合药物治疗的道德要求是,对症下药，剂量安全,尽量周全，知情同意,灵活用药，免担风险,少用药物，节约费用,联合用药，观察疗效,,,
B,患者大热烦躁，口燥咽干，错语不眠，小便黄赤，舌红苔黄，脉数有力。治宜首选的方剂是,半夏泻心汤,黄连解毒汤,麻黄杏仁甘草石膏汤,白虎汤,犀角地黄汤,,,
B,患者牙痛牵引头疼，面颊发热，其齿喜冷恶热，口气热臭，口干舌燥，舌红苔黄，脉滑数。治宜首选的方剂是,泻白散,清胃散,左金丸,导赤散,龙胆泻肝汤,,,
A,患者往来寒热，胸胁苦满，呕不止，郁郁微烦，心下痞硬，舌苔黄，脉弦数有力。治宜首选的方剂是,大柴胡汤,小建中汤,葛根黄芩黄连汤,四逆汤,青蒿鳖甲汤,,,
A,患者面色萎白，语声低微，气短乏力，食少便溏，舌淡苔白，脉虚弱。治宜首选的方剂是,四君子汤,参苓白术散,补中益气汤,生脉散,四物汤,,,
A,女性，26岁，支气管哮喘病史13年，今晨上班途中因吸入汽车尾气突然发作，以喘憋、呼吸困难为主，伴心悸、乏力，遂急诊，为控制发作应首选的药物是,沙丁胺醇气雾剂,溴化异丙托品气雾剂,泼尼松口服,色甘酸钠,茶碱缓释片,,,
D,男性，37岁，十二指肠溃疡病史6年余，近日劳累后频发上腹疼痛，食欲不振，乏力，2小时前突感恶心，随后呕吐暗红色血性液体，量较大而急诊，应立即应用的止血药物是,止血环酸,垂体后叶素,安络血,奥美拉唑,血小板悬液,,,
C,男性，55岁，消化性溃疡病史15年，近2个月疼痛复发，经8周内科药物治疗无效，粪便隐血试验持续阳性，最可能的诊断是,胃溃疡活动,十二指肠溃疡活动,胃溃疡癌变,慢性胃体炎,慢性胃窦炎,,,
B,"女性，30岁，尿痛、尿频、尿急2天，伴发热、腰痛、恶心、呕吐，血压120/80mmHg,尿常规检査有红、白细胞及白细胞管型，其诊断可能是",急性膀胱炎,急性肾盂肾炎,慢性肾盂肾炎,急性肾炎,慢性肾炎,,,
B,"女性，48岁，反复尿频、尿急、尿痛、夜尿增多、低热1年余，近2天来高热，上述症状加剧入院。每次发作抗菌素治疗有效，既往有肺结核病史，血压165/95mmHg,尿蛋白（+）,白细胞8个/HP，静脉肾盂造影示肾盂肾盏瘢痕狭窄扩张，尿菌培养阴性，诊断最可能的",慢性肾小球肾炎,慢性肾盂肾炎,急性肾盂肾炎,肾结石,肾结核,,,
D,女性，20岁，因疲乏、无力、烦躁、易激动、注意力不集中等就诊，诊断为缺铁性贫血，支持该诊断检查结果是,血清铁浓度正常,总铁结合力降低,转铁蛋白饱和度升高,血清铁蛋白降低,骨髓铁染色弱阳性,,,
A,男性，56岁，身高175cm，体重75kg，因2个月内体重下降5kg而就诊，查空腹血糖7.9mmol/L，下列正确的是,可诊断糖尿病,应进行口服葡萄糖耐量试验,可诊断继发性糖尿病,可诊断糖耐量减低,应进行100g口服葡萄糖耐量试验,,,
B,女性，38岁，洗衣时突发右侧肢体活动不灵。查体：意识清，失语，二尖瓣区可闻及双期杂音，房颤，右侧偏瘫，上肢重于下肢，右偏身痛觉减退。最可能的诊断是,动脉缺血性脑梗死,脑栓塞,脑出血,蛛网膜下腔出血,可逆性缺血性神经功能缺失,,,
C,男性，39岁，发作时先觉胃部一股气体上升，并有咀嚼、吞咽动作，喃喃自语，走动，似在找东西，呼唤无反应，持续约4分钟。其癫痫的发作类型是,强直-阵挛性发作,失神发作,复杂部分性发作,脑缺血发作,假性发作,,,
B,患者因反复突然意识丧失、全身对称性抽搐被诊断为癫痫，为确诊最重要的检查是,脑血管造影,脑电图,脑血流图,脑CT,脑脊液检查,,,
E,男，40岁，患风心病5年，近来心悸、胸闷痛、气短、下肢浮肿、尿少。数分钟前突然晕倒，意识丧失，皮肤苍白，唇绀，大动脉搏动触不到，呼吸停止，其原因是,急性右心衰竭,急性左心衰竭,癫痫大发作,脑栓塞,心脏性猝死,,,
B,患者男性，25岁。踢足球后淋雨，晚上突然寒战，高热，伴全身肌肉酸痛，右胸痛，深呼吸时加重，咳嗽，咳少量铁锈色痰。查体:急性病容，口角有疱疹，体温39.5℃脉搏100次/分，右肺触觉语颤增强，叩诊呈油音，可闻及支气管呼吸音。实验室检查WBC:21x10，中性粒细胞0.90，核左移。考虑最可能的诊断是,胸膜炎,肺炎链球菌肺炎,流行性感冒,支气管肺炎,急性肺脓肿,,,
C,患者男性，25岁。踢足球后淋雨，晚上突然寒战，高热，伴全身肌肉酸痛，右胸痛，深呼吸时加重，咳嗽，咳少量铁锈色痰。查体:急性病容，口角有疱疹，体温39.5℃脉搏100次/分，右肺触觉语颤增强，叩诊呈油音，可闻及支气管呼吸音。实验室检查WBC:21x10，中性粒细胞0.90，核左移。最有助于确诊的检査是,白细胞计数,X线透视,痰病原学检查,纤维支气管镜,血沉,,,
A,患者男性，25岁。踢足球后淋雨，晚上突然寒战，高热，伴全身肌肉酸痛，右胸痛，深呼吸时加重，咳嗽，咳少量铁锈色痰。查体:急性病容，口角有疱疹，体温39.5℃脉搏100次/分，右肺触觉语颤增强，叩诊呈油音，可闻及支气管呼吸音。实验室检查WBC:21x10，中性粒细胞0.90，核左移。治疗应首选的药物,青霉素,红霉素,甲硝唑,氧氟沙星,头孢唑啉钠,,,
C,患者因突然发热、畏寒、大面积皮肤黏膜瘀斑就诊，诊断为急性型特发性血小板减少性紫癜，行骨髓检查支持诊断的结果是,骨髓巨核细胞减少,骨髓幼稚型巨核细胞减少,骨髓幼稚型巨核细胞比例增加,骨髓颗粒型巨核细胞比例减少,骨髓颗粒型巨核细胞比例增加,,,
D,患者因突然发热、畏寒、大面积皮肤黏膜瘀斑就诊，诊断为急性型特发性血小板减少性紫癜，此时血常规示血小板数量可能是,100×109/L,50×109/L,30×109/L,10×109/L,40×109/L,,,
A,患者因突然发热、畏寒、大面积皮肤黏膜瘀斑就诊，诊断为急性型特发性血小板减少性紫癜，治疗首选的药物是,甲泼尼龙,环磷酰胺,硫唑嘌呤,达那唑,司坦唑,,,
E,"男性,28岁,慢性腹泻3年余,大便4-5次/日,常带少量脓血,多次大便培养阴性,纤维结 肠镜检査见乙状结肠、直肠黏膜弥漫性充血,散在浅溃疡,该患者最可能的诊断是",慢性细菌性痢疾,肠易激综合征,克罗恩病,结肠癌,溃疡性结肠炎,,,
C,男性，29岁，慢性腹泻3年余，大便4~5次/日，近日劳累后病情加重，大便增加至7~9次/日，多为肉眼脓血便，伴腹痛及发热，排便后腹痛可缓解，已应用柳氮磺吡啶治疗，症状缓解不佳，应给予的进一步治疗是,克拉霉素,诺氟沙星,泼尼松,环孢素A,环磷酰胺,,,
C,下列哪项不符合患者溃疡性结肠炎紧急手术的指征,反复严重出血,肠穿孔,并发癌变,伴有严重毒血症状者,重型患者合并中毒性巨结肠经内科治疗无效,,,
B,主治肝肾阴虚，肝气郁滞证的方剂是,大补阴丸,一贯煎,百合固金汤,地黄饮子,六味地黄丸,,,
D,主治喑痱证的方剂是,大补阴丸,一贯煎,百合固金汤,地黄饮子,六味地黄丸,,,
D,咳嗽气喘，咽喉不利，咳唾涎沫，口干咽燥，手足心热，舌红少苔，脉虚数，应选用,桑杏汤,泻白散,止嗽散,麦门冬汤,桑菊饮,,,
A,干咳少痰，痰粘难吐，咽干鼻燥，身热不甚，口渴，舌红，脉浮数，应选用,桑杏汤,泻白散,止嗽散,麦门冬汤,桑菊饮,,,
C,面色萎白，语声低微，四肢乏力，食少便溏，舌质淡，脉虚弱。治疗应首选,归脾汤,炙甘草汤,四君子汤,六味地黄丸,四物汤,,,
D,具有消导化积，清热利湿功用的方剂是,保和丸,贝母瓜蒌散,清气化痰丸,枳实导滞丸,半夏白术天麻汤,,,
C,具有清热化痰，理气止咳功用的方剂,保和丸,贝母瓜蒌散,清气化痰丸,枳实导滞丸,半夏白术天麻汤,,,
B,小青龙汤的组成药物中含有,杏仁,细辛,熟地黄,石膏,黄连,,,
B,九味羌活汤的组成药物中含有,杏仁,细辛,熟地黄,石膏,黄连,,,
D,大柴胡汤中的主治病证是,往来寒热，胸胁苦满，舌苔薄白，脉弦,寒热如疟，胸胁胀痛，舌红苔白腻，脉弦数有力,身热下利，胸脘灼热，舌红苔黄，脉数,往来寒热，胸胁苦满，苔黄，脉弦数有力,憎寒壮热，胸膈痞闷，舌苔黄腻，脉数有力,,,
E,防风通圣散的主治病证是,往来寒热，胸胁苦满，舌苔薄白，脉弦,寒热如疟，胸胁胀痛，舌红苔白腻，脉弦数有力,身热下利，胸脘灼热，舌红苔黄，脉数,往来寒热，胸胁苦满，苔黄，脉弦数有力,憎寒壮热，胸膈痞闷，舌苔黄腻，脉数有力,,,
E,缺铁性贫血是,大红细胞型,正常红细胞型,靶形红细胞型,小细胞正常色素型,小细胞低色素型,,,
B,再生障碍性贫血是,大红细胞型,正常红细胞型,靶形红细胞型,小细胞正常色素型,小细胞低色素型,,,
C,中暑热射病的发生机制是,头部受热辐射后颅内温度急升,对高温环境不适应，血管扩张,受大量热辐射后体温急剧升高,高温环境中大量出汗失钠,周围循环衰竭,,,
B,中暑热衰竭的发生机制是,头部受热辐射后颅内温度急升,对高温环境不适应，血管扩张,受大量热辐射后体温急剧升高,高温环境中大量出汗失钠,周围循环衰竭,,,
D,治疗脑梗死，具有抗凝作用的药物是,阿司匹林,组织型纤溶酶原激活剂,甘露醇,低分子肝素,巴曲酶,,,
E,治疗脑梗死，具有降纤作用的药物是,阿司匹林,组织型纤溶酶原激活剂,甘露醇,低分子肝素,巴曲酶,,,
B,肺炎球菌肺炎，常伴有,干咳无痰,咳铁锈色痰,咳吐大量鲜血,咳大量脓痰,咳粉红色泡沫痰,,,
C,胃溃疡疼痛的特点是,进餐后2小时疼痛,疼痛无固定时间,进食后1小时内疼痛,进食后2-4小时疼痛,进餐前2小时疼痛,,,
D,十二指肠溃疡疼痛的特点是,进餐后2小时疼痛,疼痛无固定时间,进食后1小时内疼痛,进食后2-4小时疼痛,进餐前2小时疼痛,,,
B,气胸患者病变部位的叩诊音是,浊音,鼓音,清音,过清音,实音,,,
E,大量胸腔积液患者病变部位的叩诊音是,浊音,鼓音,清音,过清音,实音,,,
C,正常人尿中可以偶见的管型是,白细胞管型,上皮细胞管型,透明管型,蜡样管型,红细胞管型,,,
A,主要见于肾盂肾炎的管型是,白细胞管型,上皮细胞管型,透明管型,蜡样管型,红细胞管型,,,
E,胸痛伴吞咽困难见于,急性心包炎,支气管扩张,蚕豆病,糖尿病,食管癌,,,
E,胸痛伴呼吸困难见于,食管疾病,气管、支气管、肺或胸膜疾病,肺炎、肺脓肿、肺梗死或支气管肺癌,急性心肌梗死、夹层动脉瘤或大块肺栓塞,肺炎链球菌肺炎、自发性气胸、肺结核、心绞痛,,,
D,急性胃炎的临床表现是,呕吐物为隔餐食物，带腐臭味,喷射状呕吐,呕吐物为血液,呕吐物为大量黏液及食物,呕吐物为黄绿色，带粪臭味,,,
E,急性胆囊炎的临床表现是,呕吐物为隔餐食物，带腐臭味,喷射状呕吐,呕吐物为血液,呕吐物为大量黏液及食物,呕吐物为黄绿色，带粪臭味,,,
D,重度二尖瓣狭窄X线检查显示,右心室增大,右心房增大,左心房增大,左心房右心室明显增大,左心室增大,,,
E,主动脉瓣关闭不全X线检查显示,右心室增大,右心房增大,左心房增大,左心房右心室明显增大,左心室增大,,,
C,明确上消化道出血病因的首选检查为,血液检查,粪便隐血实验,胃镜检查,选择性腹腔动脉造影,X线钡餐检查,,,
D,疑为血管病变引起上消化道出血应选的检查为,血液检查,粪便隐血实验,胃镜检查,选择性腹腔动脉造影,X线钡餐检查,,,
A,符合“功利论”的是,认为人的本性就是追求快乐和幸福,研究和探讨人应该具有什么样的美德和品格,人道主义思想在医学领域中的具体体现,强调人的责任、义务,生命神圣与生命质量统一,,,
D,符合“道义论”的是,认为人的本性就是追求快乐和幸福,研究和探讨人应该具有什么样的美德和品格,人道主义思想在医学领域中的具体体现,强调人的责任、义务,生命神圣与生命质量统一,,,
B,符合“人道论”的是,继承发展了历史上幸福论和快乐主义的伦理传统,认为人的生命是宝贵的，人的生命和尊严具有最高的价值，应当受到尊重,将生命的内在价值和外在价值统一起来,强调医务人员的责任和义务,研究和探讨人应该具有什么样的美德和品格,,,
E,符合“美德论”的是,继承发展了历史上幸福论和快乐主义的伦理传统,认为人的生命是宝贵的，人的生命和尊严具有最高的价值，应当受到尊重,将生命的内在价值和外在价值统一起来,强调医务人员的责任和义务,研究和探讨人应该具有什么样的美德和品格,,,
D,呕血伴黄疸、寒战、高热的是,消化性溃疡,肝硬化门静脉高压,急性再生障碍性贫血,急性梗阻性化脓性胆管炎,急性传染病,,,
B,呕血伴肝掌、脾肿大的是,消化性溃疡,肝硬化门静脉高压,急性再生障碍性贫血,急性梗阻性化脓性胆管炎,急性传染病,,,
B,病变肺部叩诊浊音，语颤增强，闻及支气管呼吸音，常见于,支原体肺炎,肺炎链球菌肺炎,慢性支气管炎急性发作期,支气管哮喘,支气管扩张症,,,
D,发作时两肺广泛哮鸣音，缓解后哮鸣音消失，常见于,支原体肺炎,肺炎链球菌肺炎,慢性支气管炎急性发作期,支气管哮喘,支气管扩张症,,,
E,患者胸胁胀闷，嗳气食少，每因抑郁恼怒之时，发生腹痛泄泻，舌淡红，脉弦其治法是,泻肝和胃,疏肝和胃,调理脾胃,疏肝理气,抑肝扶脾,,,
D,患者咳逆阵作，痰中带血，时时汗出，胸胁胀痛，口苦咽干，烦躁易怒，口苦，舌质红，苔薄黄，脉弦数。其诊断是,肺痈成痈期,咳嗽痰热郁肺证,肺痨阴虚火旺证,咳血肝火犯肺证,喘证肺气郁痹证,,,
C,患者，男性，43岁。喘逆上气，咳痰不爽，痰质稠、色黄，恶寒身热，无汗，舌红苔黄，脉浮滑而数。治疗应首选,银翘散,桑白皮汤,麻杏石甘汤,黄连解毒汤,清金化痰汤,,,
A,患者3个月前患悬饮，经积极治疗，饮邪已退病情好转。现仍胸胁灼痛，呼吸不畅，闷咳，天阴时明显，舌暗苔薄，脉弦。治疗应首选,香附旋覆花汤,柴胡疏肝散,柴枳半夏汤,小柴胡汤,栝蒌薤白白酒汤,,,
B,钱某，男，50岁。反复脘闷2年，脘腹痞闷，嘈杂，饥不欲食，恶心嗳气，口燥咽干，大便秘结，舌红少苔，脉细数。其证候诊断是,肝胃不和证,胃阴不足证,饮食内停证,湿热阻胃证,痰湿中阻证,,,
A,孙某，男，39岁，胸闷反复发作2年。近日来，胸闷重而心痛微，痰多气短，肢体沉重，倦怠乏力，纳呆便溏，舌体胖大且边有齿痕，苔白滑，脉滑。其治疗应首选方剂是,栝蒌薤白半夏汤合涤痰汤,生脉散合人参养荣汤,半夏厚朴汤合黄连温胆汤,参苓白术散合二陈汤,枳实薤白桂枝汤合当归四逆汤,,,
C,张某，男，65岁。反复咳喘10余年。胸部膨满，憋闷如塞，短气喘息，稍劳即著，咳嗽痰多，色白黏腻，脘痞纳少，倦怠乏力，舌暗，苔薄腻，脉小滑。其诊断是,肺胀之痰热郁肺证,喘证之痰浊壅肺证,肺胀之痰浊壅肺证,肺胀之肺肾气虚证,肺胀之阳虚水泛证,,,
E,孙某，男，22岁，反复发作气急痰鸣8年余。半小时前因外出感寒后，又出现喉中痰鸣如吼，喘而气粗息涌，咳痰色黄，黏浊稠厚，排吐不利，口苦，口渴喜饮，汗出，身热，舌苔黄腻，质红，脉滑数。其诊断是,哮病发作期风痰哮证,喘证痰热郁肺证,哮病发作期寒包热哮证,喘证表寒肺热证,哮病发作期热哮证,,,
A,患者，男，55岁，头痛疼痛日久，其痛如锥刺，固定不移，舌质紫，脉细涩。其证候是,瘀血,肝阳,痰浊,血虚,肾虚,,,
B,患者，女，39岁，眩晕，头晕头重，视物不清，胸闷呕恶，食少多寐，舌苔白腻，脉濡滑。治法宜用,补益气血，调养心脾,化痰祛湿，健脾和胃,祛瘀生新，活血通窍,滋养肝肾，益精填髓,以上均非,,,
A,患者，男性，35岁。发热而欲近衣，形寒怯冷，四肢不温，少气懒言，头晕嗜卧，腰膝酸软，纳少便溏，面色（白光）白，舌质淡胖，边有齿痕，苔白润，脉沉细无力。此时的证候诊断是,阳虚发热证,气郁发热证,气虚发热证,血虚发热证,阴虚发热证,,,
C,患者，男，50岁。口渴多饮2年，目前自觉口舌干燥，尿频量多，烦热多汗。舌边尖红，苔薄黄，脉洪数。其证候诊断是,下消肾阴亏虚证,下消阴阳两虚证,上消肺热津伤证,中消胃热炽盛证,中消气阴亏虚证,,,
C,患者，女，50岁。2小时前因打麻将时急躁恼怒，突然昏倒，不知人事，四肢厥冷，呼吸气粗，口噤拳握，舌苔薄白，脉沉弦。其诊断是,血厥虚证,痰厥,气厥实证,气厥虚证,血厥实证,,,
D,张某，男性，43岁。白昼时时汗出近1年，动辄益甚者，心悸少寐，神疲气短，面色不华，舌质淡，脉细。此时的证候诊断是,邪热郁蒸证,脾胃虚弱证,肺卫不固证,心血不足证,阴虚火旺证,,,
C,患者干咳少痰，痰中带血，潮热盗汗，胸闷隐痛，身体逐渐消瘦，口燥咽干，近期曾有与肺痨病人接触史，舌红少苔，脉细数。其诊断是,虚劳,肺胀,肺痨,肺痿,咯血,,,
A,患者突然昏仆，不省人事，肢体软瘫，目合口张，鼻鼾息微，手撒肢冷，汗多，二便自遗，舌痿，脉微欲绝。其中风属,脱证,中经络,阳闭证,阴闭证,后遗症,,,
D,患者面浮肢肿，腹部胀满，咳嗽喘息，咳痰清稀，心悸，怕冷，纳差，尿少，便溏，舌胖苔白滑，脉沉细。其治法是,温肾补肺，化痰利水,补肺纳气，化瘀平喘,温脾补肺，化瘀利水,温脾补肾，以化水饮,温肺补肾，化瘀利水,,,
C,患者，男性，72岁。长期吸烟。反复咳嗽咳痰四十余年，胸闷胸痛近半年伴咯血。目前咳嗽不畅，胸痛有定处，如锥如刺，痰血暗红，口唇紫暗，舌质暗有瘀点、瘀斑，苔薄，脉细弦。诊断为肺癌，治法宜选用,活血化瘀，通络止痛,息风化痰，祛瘀通络,活血化瘀，理气散结,行气祛痰，解毒散结,益气养阴，活血止血,,,
B,张某，男性，42岁。呃声短促而不得续，口干咽燥，烦躁不安，不思饮食，食后饱胀，大便干结，舌质红，苔少而干，脉细数。治法宜选用,温补脾胃，降逆止呃,养胃生津，降逆止呃,顺气解郁，和胃降逆,清胃泄热，降逆止呃,温中散寒，降逆止呃,,,
E,赵某，男，75岁。吞咽困难1年，水饮不下，泛吐多量黏液白沫，面浮足肿，面色（白光）白，形寒气短，精神疲惫，腹胀，舌质淡，苔白，脉细弱。其证候诊断是,噎膈之脾胃气虚证,噎膈之痰气交阻证,噎膈之津亏热结证,噎膈之瘀血内结证,噎膈之气虚阳微证,,,
A,陆某，男性，30岁。昨日不慎受凉，今日突然呕吐，胸脘满闷，发热恶寒，头身疼痛，舌苔白腻，脉濡缓。其诊断是,呕吐外邪犯胃证,呕吐痰饮内阻证,呕吐脾胃阳虚证,感冒风寒证,痞满痰湿中阻证,,,
B,粟某，女性，65岁。反复呕吐、纳差2月，恶心呕吐，食欲不振，食入难化，脘部痞闷，大便不畅，舌淡胖，苔薄，脉细。此病证的证机概要是,肝气不疏，横逆犯胃，胃失和降,脾胃气虚，纳运无力，胃虚气逆,脾胃虚寒，失于温煦，运化失职,胃阴不足，胃失濡润，和降失司,痰饮内停，中阳不振，胃气上逆,,,
A,孙某，女，50岁。反复胃脘疼痛6年，胃脘隐隐灼痛，似饥而不欲食，口燥咽干，五心烦热，大便干结，舌红少津，脉细数。此病证的病机为,胃阴亏耗，胃失濡养,脾虚胃寒，失于温养,湿热蕴结，胃气痞阻,寒凝胃脘，阳气被遏，气机阻滞,肝气郁结，横逆犯胃，胃气阻滞,,,
A,王某，男，72岁。有健忘病史多年。如今计算力、定向力明显减退，神情呆钝，词不达意，头晕耳鸣，腰酸骨软，舌瘦色淡，苔薄白，脉沉细弱。其治法是,补肾益髓，填精养神,豁痰开窍，健脾化浊,补肾健脾，益气生精,活血化瘀，开窍醒脑,以上均非,,,
D,患者，女性，51岁。因恼怒致胃脘胀痛，嗳气，呕酸，舌苔薄白，脉弦。依据近部取穴的原则，治疗应首选,膻中,太冲,天枢,中脘,足三里,,,
A,患者，男性，45岁。自觉心慌，时息时作，健忘失眠。治疗应首选,神门,足三里,太溪,合谷,三阴交,,,
B,某患者。左上齿痛半年，隐隐作痛，时作时止，牙龈微红肿，舌红，少苔，脉细数。针灸治疗在合谷、颊车、下关的基础上，应加取,风池、侠溪,太溪、行间,太冲、二间,外关、风池,风池、太冲,,,
E,患者，45岁。肘关节外上方疼痛3周，肘关节活动时痛甚，局部怕凉。本病属于,手太阳经筋病,手少阳经筋病,手太阴经筋病,手少阴经筋病,手阳明经筋病,,,
D,某患者，25岁。食海鲜后皮肤出现大小不等、形状不一的风团，高起皮肤，边界清楚，色红，瘙痒，伴恶心，肠鸣泄泻，舌红，苔黄腻，脉滑数。除主穴外，应加取,足三里、脾俞,三阴交、风池,大椎、风门,足三里、天枢,风门、肺俞,,,
B,患者胁部皮肤灼热疼痛2天后，患部皮肤出现簇集粟粒大小丘状疱疹，呈带状排列，疱壁紧张，口苦，心烦，脉弦数。治疗本病除局部阿是穴、夹脊外，宜选取,阴陵泉、内庭,行间、侠溪,神门、大陵,合谷、列缺,血海、三阴交,,,
B,患者肘关节肌肉酸痛重着不移1个月，伴有肿胀，肌肤麻木不仁，阴雨天加重，苔白腻，脉濡缓。针灸治疗除主穴外，应加取,肾俞、关元,足三里、阴陵泉,膈俞、血海,曲池、尺泽,曲池、大椎,,,
C,患者，男性，耳中如蝉鸣，时作时止，按之鸣声减弱，听力亦下降，同时伴腰膝酸软，乏力，脉虚细。治疗主穴宜选取,侠溪、中渚、外关、合谷,太溪、照海、听宫、足三里,听宫、翳风、太溪、肾俞,太溪、照海、听宫、肾俞,侠溪、中渚、太冲、丘墟,,,
D,患者，男，62岁。眩晕5个月，久作不已，少寐健忘，耳鸣，腰酸膝软，舌红，脉弦细。治疗应在主穴基础上，配,百会、太阳、印堂,气海、脾俞、胃俞,风池、肝俞、肾俞,太溪、悬钟、三阴交,百会、上星、风池,,,
E,患者，女性，28岁。下肢弛缓无力年余，肌肉明显萎缩，功能严重受限，并感麻木，发凉，腰痛，头晕，舌红少苔，脉细数。治疗应选取何经穴为主,少阳经,厥阴经,督脉经,太阳经,阳明经,,,
D,患者，男，20岁。过度进食后，胃脘部胀满疼痛，噯腐吞酸，恶心欲呕，苔厚腻，脉滑。治疗除主穴外，还应选取的配穴是,胃俞、脾俞,太冲、期门,膈俞、胃俞,下脘、梁门,胃俞、三阴交,,,
E,患者，女，32岁。月经十余日一行经量较多，色红质稠，面红，时有心烦，舌红，苔黄，脉数。治疗除关元、三阴交外，还应选取的腧穴是,膈俞、然谷,膈俞、太溪,曲池、涌泉,血海、照海,血海、行间,,,
D,患者，女，21岁。经血非时暴下，量多势急，色红质稠，舌红，苔白，脉数。针灸治疗选取的主穴中，应采用灸法的腧穴是,关元,肾俞,三阴交,隐白,血海,,,
A,患者晨起觉项背强痛，低头时加重。病变涉及的主要经脉是,督脉、太阳经,太阴经、阳明经,阳明经、少阳经,太阴经、少阳经,少阳经、太阳经,,,
E,患者，女，53岁。肩部疼痛反复发作7月，3天前因受寒导致肩痛加重，尤以肩前外部疼痛为甚。治疗除主穴外，还应选取的配穴是,内关,列缺,后溪,外关,合谷,,,
A,患者，女，23岁。突发听力下降2天，耳闷胀，伴畏寒，发热，脉浮数。治疗除主穴外，还应选取的配穴是,外关、合谷,行间、侠溪,太溪、翳风,风池、太冲,太阳、太溪,,,
C,患者，男，42岁。下牙痛2天，疼痛剧烈，牙龈红肿，伴口臭，口渴，舌红苔黄，脉洪数。治疗应首选的经穴是,手、足太阴经穴,手、足厥阴经,手、足阳明经穴,手、足少阳经穴,手、足太阳经穴,,,
E,患者情志过激后突然昏仆，呼吸急促，牙关紧闭，舌淡，苔薄白，脉沉弦。治疗应选用的腧穴是,印堂、水沟、足三里、关元、膻中、太冲,内关、足三里、太阳、膻中、三阴交、涌泉,水沟、百会、外关、气海、太冲、涌泉,百会、中脘、阳陵泉、气海、合谷、三阴交,水沟、百会、内关、足三里、合谷、太冲,,,
D,黄疸最具特征的表现是,恶心纳呆,腹胀呕吐,面黄,目黄,小便黄,,,
C,中风之中脏腑与中经络的鉴别要点是,肢体软瘫,口舌歪斜,神志不清,半身不遂,语言不利,,,
E,治疗湿热痢表邪未解而里热已盛者，应首选,芍药汤,白头翁汤,藿香正气散,人参败毒散,葛根芩连汤,,,
D,痿证见手足痿弱，形体瘦削，肌肤甲错者为瘀血久留，可用,桃红四物汤,六味地黄丸,补阳还五汤,圣愈汤送服大黄蟅虫丸,身痛逐瘀汤,,,
E,肺胀晚期，主要病变的脏是,脾,肝,肾,肺,心,,,
E,治疗虚劳心阳虚者，应首选,炙甘草汤,人参养荣丸,桂枝甘草汤,苓桂术甘汤,保元汤,,,
C,治疗不寐痰热扰心证，应首选,黄连阿胶汤,甘麦大枣汤,黄连温胆汤,朱砂安神丸,安神定志丸,,,
D,尿血肾气不固者的中医治法是,清热利湿，凉血止血,滋阴降火，凉血止血,补中健脾，益气摄血,补益肾气，固摄止血,以上均非,,,
A,胃痞与鼓胀的相同症状是,腹部胀满,外有胀大之形,按之柔软,心下痞塞,以上均非,,,
D,呕吐的病位在,肺、胃、肾,肝、胃、肠,肠、肝、脾,胃、肝、脾,脾、胃、肺,,,
A,癌病热毒炽盛证的治疗方剂是,犀角地黄汤合犀黄丸,左归丸合败毒散,四妙勇安汤,知柏地黄丸,百合固金汤合黄连解毒汤,,,
E,下列各项，属着痹特点的是,关节肿胀局限，见皮下结节,关节肿胀，肌肤焮红,疼痛游走不定,痛势较剧，痛有定处,肌肉酸楚、重着、疼痛,,,
A,关于实证呕吐病因错误的是,胃阴不足,外邪犯胃,痰饮内停,肝气犯胃,饮食停滞,,,
D,水肿之脾阳虚衰证的主治方剂是,麻黄连翘赤小豆汤,越婢加术汤,五苓散合五皮饮,实脾饮,疏凿饮子,,,
C,头痛的病理因素有,风火、水湿、气滞,湿浊、气滞、血瘀,痰湿、风火、血瘀,风毒、水湿、气滞,血瘀、寒湿、气滞,,,
A,鼻衄气血亏虚证，应首选的方剂是,归脾汤,泻心汤,桑菊饮,玉女煎,清营汤,,,
A,阳黄的颜色特征是,黄色鲜明,黄色晦暗,淡黄色,深黄色,金黄色,,,
C,下列选项中，属于胁痛病理因素的是,热毒,风热,气滞,痰饮,水湿,,,
C,痢疾的病理因素主要是,湿邪,气滞,湿热疫毒,虚火,浊瘀,,,
D,对于内伤头痛的治疗，实证者应,清肺、化湿、涤痰,清心、平肝、化湿,清心、疏肝、化痰,平肝、化痰、行瘀,清心、疏肝、化湿,,,
A,下列关于厥证描述中，错误的是,伴有尖叫、抽搐、口吐涎沫、两目上视、小便失禁等,发病前或有精神刺激，或有大失血病史,突然昏倒，不省人事,昏厥时间较长，甚至一厥不复,短时内苏醒，醒后无偏瘫,,,
D,与胃痛关系密切的脏腑是,脾胃肾,脾胃心,肝脾肾,肝脾胃,肝胆胃,,,
A,下列各项中，符合自汗特点的是,不因外界环境因素的影响，昼日汗出溱溱，动则益甚,睡眠中汗出津津，醒后汗止,突然恶寒战栗，全身汗出，汗出之后，热退脉静,大汗淋漓，汗出如珠，声低息微，四肢厥冷,汗出色黄，染衣着色,,,
E,下列各项，不属于便秘病因的是,年老体虚,感受外邪,饮食不节,情志失调,外伤,,,
C,治疗胃痞痰湿中阻证，应首选的方剂是,柴平汤,三仁汤,二陈平胃汤,保和丸,枳术丸,,,
B,下列关于癫狂诊断依据的叙述中，错误的是,多发于青壮年女性，素日性格内向，近期情志不遂,突然昏仆，不省人事，半身不遂,神情抑郁，表情淡漠，喃喃自语为癫,突然狂奔，呼号打骂，不避亲疏为狂,有癫狂的家族史，或脑外伤史,,,
E,下列各项，不属痫病病因的是,饮食失调,脑部外伤,先天遗传,七情失调,劳欲过度,,,
A,关于胃痛特点，错误的是,以老年人居多,其疼痛有胀痛、刺痛、隐痛、剧痛等不同的性质,以上腹胃脘部近心窝处疼痛为主症,常伴食欲不振、恶心呕吐、嘈杂泛酸、嗳气吞腐等上消化道症状,多有反复发作病史,,,
D,不寐的辨证，应首辨的要点是,寒热,久暂,病位,虚实,标本,,,
A,关于肺痿的治疗，错误的是,重视调理肝肾,以补肺生津为原则,不可妄投燥热，以免助火伤津,忌苦寒滋腻碍胃,慎用祛痰峻剂,,,
C,胃痞胃阴不足的治法为,补气健脾，升清降浊,疏肝解郁，和胃消痞,养阴益胃，调中消痞,清热化湿，和胃消痞,除湿化痰，理气和中,,,
A,胃痞之肝胃不和证的治法为,疏肝解郁，和胃消痞,补气健脾，升清降浊,养阴益胃，调中消痞,消食和胃，行气消痞,除湿化痰，理气和中,,,
B,下列选项中，不属于痴呆诊断依据的是,无理由地欣快，易于激动或暴怒,精神错乱，语无伦次，静而多喜,记忆力减退，理解力下降,性情孤僻，表情淡漠，语言重复,抽象思维能力下降,,,
B,下列关于瘿病的说法不正确的是,以颈前喉结两旁结块肿大为其临床特征,多发于男性,早期多无明显的伴随症状,可伴有低热、多汗、心悸、眼突、手抖、多食易饥、面赤、脉数等表现,其病理因素有气滞、痰浊、瘀血,,,
A,在奇经八脉中，下列与后溪相通的奇经是,督脉,阳维脉,阳跻脉,冲脉,任脉,,,
E,治疗心胆虚怯型心悸，除主穴外，应加用,太冲,太溪,膻中,膈俞,胆俞,,,
E,针灸治疗癃闭，叙述不正确的是,可以取足太阳经穴,虚证癃闭，可用温针灸,实证癃闭，毫针用泻法,秩边穴针感要向会阴部放射,下腹部腧穴，应直刺，用泻法,,,
C,前额部及眉棱骨等处的头痛多为,太阳头痛,厥阴头痛,阳明头痛,少阳头痛,太阴头痛,,,
C,以下哪项是足少阳胆经的井穴,侠溪,足临泣,足窍阴,大敦,厉兑,,,
E,下列各组中，属于俞募配穴的是,厥阴俞、巨阙,三焦俞、京门,肝俞、章门,心俞、膻中,胆俞、日月,,,
C,根据针灸治疗原则，寒性病证应采用的治疗原则是,补之,泻之,留之,除之,疾之,,,
D,下列哪项为胃的募穴所属的经脉,脾经,肾经,肺经,任脉,胃经,,,
D,下列绕阴部的经是,手太阴经,足太阴脾经,足阳明胃经,足厥阴肝经,足少阳胆经,,,
A,治疗小儿疳积、百日咳，应首选,四缝,上巨虚,下脘,曲池,大椎,,,
C,下列灸法哪项常用于治疗脱证,白芥子灸,隔姜灸,隔盐灸,隔附子灸,隔蒜灸,,,
D,针灸治疗胃痛属肝气犯胃者除取主穴外，还应加,三阴交,胃俞,下脘、梁门,期门、太冲,膈俞,,,
D,被称为“十二经之海”的是,带脉,阴维脉,任脉,冲脉,督脉,,,
A,眉间至后发际正中的骨度分寸是,15寸,16寸,12寸,13寸,14寸,,,
E,下列何经循行“绕肩胛”,手少阳三焦经,足少阳胆经,手阳明大肠经,足太阳膀胱经,手太阳小肠经,,,
D,按十二经脉的流注次序，肝经向下流注的经脉是,胆经,三焦经,心经,肺经,膀胱经,,,
E,手太阴肺经的输土穴是,列缺,孔最,少商,鱼际,太渊,,,
A,手少阴心经的合穴是,少海,尺泽,曲池,小海,曲泽,,,
E,耻骨联合上缘至髌底的骨度分寸是,19寸,20寸,21寸,22寸,18寸,,,
D,治疗咽喉肿痛肺胃实热者，应加用以下哪穴,风池、外关,太渊、曲池,列缺、照海,内庭、鱼际,中渚、风池,,,
C,以下各项中，不属于天枢穴主治病证的是,腹痛、腹胀,便秘、腹泻,疝气,痛经,月经不调,,,
E,以下各项中，不属于解溪穴主治病证的是,头痛，眩晕,腹胀，便秘,癫狂,下肢痿痹,咽喉肿痛,,,
D,十二经脉中，阴经与阴经的交接部位在,胸腹部,指（趾）内侧端,腹部,胸部,四肢内侧,,,
D,悬钟穴位于,外踝前缘中点上3寸，腓骨前缘,外踝下缘中点上3寸，腓骨前缘,外踝高点上3寸，腓骨后缘,外踝高点上3寸，腓骨前缘,外踝上缘中点上3寸，腓骨前缘,,,
D,有关晕针处理方法的叙述，不正确的是,予以饮温开水或糖水,重者可刺人中、素髎、内关、足三里等穴,立即停止针刺，将针全部起出,使患者平卧，头部抬高,宽衣解带，注意保暖,,,
E,下列各项中，不属于灸法治疗作用的是,消瘀散结,防病保健,温经散寒,扶阳固脱,开窍泻热,,,
E,膀胱的下合穴是,上巨虚,下巨虚,合谷,曲池,委中,,,
A,少冲穴位于,手指小指末节桡侧，指甲根角侧上方0.1寸,手指拇指末节桡侧，指甲根角侧上方0.1寸,手指小指末节桡侧，指甲根角侧下方0.1寸,手指拇指末节桡侧，指甲根角侧下方0.1寸,手指拇指末节尺侧，指甲根角侧上方0.1寸,,,
A,针灸治疗鼻鼽的主穴为,迎香、印堂、风池、合谷、足三里,迎香、印堂、风池、合谷、三阴交,迎香、印堂、风池、合谷、外关,迎香、印堂、风池、合谷、内关,迎香、印堂、风池、合谷、太溪,,,
C,孙某，女，45岁。体型偏瘦，双膝关节疼痛，反复发作三年，诊断为痹证。现症见:双膝关节红肿明显，疼痛剧烈，痛如刀割，发热烦渴，舌红少津，苔黄，脉弦数。根据患者的症状辨证为,行痹,着痹,风湿热痹,痛痹,痰瘀痹阻,,,
A,孙某，女，45岁。体型偏瘦，双膝关节疼痛，反复发作三年，诊断为痹证。现症见:双膝关节红肿明显，疼痛剧烈，痛如刀割，发热烦渴，舌红少津，苔黄，脉弦数。该患者采用的最佳治疗方剂为：,白虎加桂枝汤,薏苡仁汤,乌头汤,防风汤,双合汤,,,
B,孙某，女，45岁。体型偏瘦，双膝关节疼痛，反复发作三年，诊断为痹证。现症见:双膝关节红肿明显，疼痛剧烈，痛如刀割，发热烦渴，舌红少津，苔黄，脉弦数。该患者宜采用以下哪项治疗方法,化痰行瘀，蠲痹通络,清热通络，祛风除湿,除湿通络，祛风散寒,温经散寒，祛风除湿,祛风通络，散寒除湿,,,
E,患儿男性，10岁，因“颜面、双下肢水肿伴尿检异常1周”来诊。患儿7天前无明显诱因出现颜面、双下肢水肿，在当地医院查尿常规:蛋白(+++)，隐血试验(-)，红细胞(0~1)个/HPF;血浆白蛋白23 g;血胆固醇11.50 mmo1。时症见:颜面、双下肢水肿，伴面白乏力，肢冷畏寒，纳差，神疲倦卧，小便短少不利，大便稀溏。查体:颜面、双下肢水肿，呈压凹性，咽不红，扁桃体无肿大，余无异常，舌质淡，苔白滑，脉濡。血常规:白细胞9.7x10几，中性粒细胞0.62，淋巴细胞0.34，血小板430x10:尿常规:隐血试红细胞(0~2)验(-)，蛋白(个/HPF;24小时尿蛋白定量36g;肝肾功能血白蛋白15 g，血球蛋白10.3 g，血胆固醇6.8 mmolL，肌酐、尿素氮在正常范围。其中医辨证为,气阴两虚证,脾虚湿困证,气滞血瘀证,湿热聚毒证,脾肾两虚证,,,
B,李某，男，50岁，左侧鼻衄2天。二天前患者与人争吵后，觉鼻内烘热，即发出血，量多色红，在医务室处理后，又出血2次。今日到我科就诊，就诊时仍有出血，伴头昏头痛，胸胁胀满，口苦咽干，大便干小便黄，既往有高血压病史。检查:急性病容BP 150100mmHg，填塞物有血染，仍渗血色深红。外院病历示出血来自鼻底后方，舌红苔黄，脉弦数。治法宜选用,清胃泄热，凉血止血,清肝泻火，凉血止血,疏风清热，凉血止血,滋养肝肾，凉血止血,健脾益气，摄血止血,,,
C,李某，男，50岁，左侧鼻衄2天。二天前患者与人争吵后，觉鼻内烘热，即发出血，量多色红，在医务室处理后，又出血2次。今日到我科就诊，就诊时仍有出血，伴头昏头痛，胸胁胀满，口苦咽干，大便干小便黄，既往有高血压病史。检查:急性病容BP 150100mmHg，填塞物有血染，仍渗血色深红。外院病历示出血来自鼻底后方，舌红苔黄，脉弦数。治疗方剂首选的是,玉女煎,犀角地黄汤,龙胆泻肝汤,知柏地黄丸,归脾汤,,,
B,患者心悸，自汗，神倦嗜卧，心胸憋闷疼痛，形寒肢冷，面色苍白，舌淡暗，脉细弱。其证候是,心气虚,心阳虚,心血虚,心肾阴虚,心脾阳虚,,,
D,患者心悸，自汗，神倦嗜卧，心胸憋闷疼痛，形寒肢冷，面色苍白，舌淡暗，脉细弱。其治法是,益气养心,益气养血,养心补肾,益气温阳,养心健脾,,,
E,患者心悸，自汗，神倦嗜卧，心胸憋闷疼痛，形寒肢冷，面色苍白，舌淡暗，脉细弱。治疗应首选,养心汤,七福饮,归脾汤,大补元煎,拯阳理劳汤,,,
A,患者，男，50岁。久嗜辛辣之品大便下血，色鲜红，便下不爽，伴有腹痛，口苦，舌质红，苔黄腻，脉濡数。其中医辨证为,肠道湿热证,胃热壅盛证,脾胃虚寒证,脾胃湿热证,胃肠积热证,,,
E,患者，男，50岁。久嗜辛辣之品大便下血，色鲜红，便下不爽，伴有腹痛，口苦，舌质红，苔黄腻，脉濡数。其中医治法宜选用,清肝泻火，凉血止血,清胃泻火，化瘀止血,健脾温中，养血止血,清热利湿，凉血止血,清化湿热，凉血止血,,,
E,患者，男，50岁。久嗜辛辣之品大便下血，色鲜红，便下不爽，伴有腹痛，口苦，舌质红，苔黄腻，脉濡数。治疗方剂首选的是,黄土汤,小蓟饮子,知柏地黄丸,无比山药丸,地榆散合槐角丸,,,
C,患者，女，52岁，近因操劳过度出现，心前区疼痛，症见心胸疼痛，如刺如绞痛有定处，甚则心痛彻背，背痛彻心，或痛引肩背，伴有胸闷，日久不愈，可因暴怒而加重，舌质紫暗，有瘀斑，舌下瘀筋，苔薄，脉弦涩。辨证为胸痹之,心肾阳虚,痰浊闭阻,心血瘀阻,气阴两虚,心肾阴虚,,,
C,患者，女，52岁，近因操劳过度出现，心前区疼痛，症见心胸疼痛，如刺如绞痛有定处，甚则心痛彻背，背痛彻心，或痛引肩背，伴有胸闷，日久不愈，可因暴怒而加重，舌质紫暗，有瘀斑，舌下瘀筋，苔薄，脉弦涩。治法为,滋阴清火，养心和络,滋阴降火，交通心肾,活血化瘀，通脉止痛,滋阴降火，养心安神,补血养心，益气安神,,,
C,患者，女，52岁，近因操劳过度出现，心前区疼痛，症见心胸疼痛，如刺如绞痛有定处，甚则心痛彻背，背痛彻心，或痛引肩背，伴有胸闷，日久不愈，可因暴怒而加重，舌质紫暗，有瘀斑，舌下瘀筋，苔薄，脉弦涩。代表方为,生脉散合人参养荣汤加减,六味地黄丸合交泰丸加减,血府逐瘀汤加减,柴胡疏肝散加减,天王补心丹合炙甘草汤加减,,,
E,气虚阳微型噎膈选用,大承气汤,沙参麦冬汤,启膈散,九味羌活汤,补气运脾汤,,,
C,痰气交阻型噎膈选用,大承气汤,沙参麦冬汤,启膈散,九味羌活汤,补气运脾汤,,,
E,上述哪项是治疗气淋实证的主方,六磨汤,柴胡疏肝散,大四七汤,小蓟饮子,沉香散,,,
D,上述哪项是治疗血淋的主方,六磨汤,柴胡疏肝散,大四七汤,小蓟饮子,沉香散,,,
D,虚喘肾虚不纳证，喘息渐平，善后调理可常服,丹参、远志、菖蒲,柴胡、郁金、青皮,百合、合欢皮、酸枣仁,紫河车、胡桃肉,麦门冬、龟板胶,,,
A,虚喘正虚喘脱证，神昧不清，应加用,丹参、远志、菖蒲,柴胡、郁金、青皮,百合、合欢皮、酸枣仁,紫河车、胡桃肉,麦门冬、龟板胶,,,
E,肺痿虚热证的特点是,咳吐涎沫，神疲体弱，气短懒言，唇面青紫,咳吐清稀涎沫，形寒，小便频数或遗尿,咳吐涎沫，咽干，下利泄泻，形寒肢凉,咳吐涎沫，短气，呼多吸少，动辄尤甚，脉虚而涩,咳吐黏稠涎沫，口渴咽燥，午后潮热，皮毛干枯,,,
B,肺痿虚寒证的特点是,咳吐涎沫，神疲体弱，气短懒言，唇面青紫,咳吐清稀涎沫，形寒，小便频数或遗尿,咳吐涎沫，咽干，下利泄泻，形寒肢凉,咳吐涎沫，短气，呼多吸少，动辄尤甚，脉虚而涩,咳吐黏稠涎沫，口渴咽燥，午后潮热，皮毛干枯,,,
B,呃逆胃火上逆证的主症是,呃逆连声，常因情志不畅而诱发或加重，胸胁满闷,呃声洪亮有力，冲逆而出，口臭烦渴，多喜冷饮,呃声低长无力，气不得续，泛吐清水，脘腹不舒,呃声短促而不得续，口干咽燥，烦躁不安，不思饮食,呃声沉缓有力，胸膈及胃脘不舒，得热则减，遇寒更甚,,,
A,呃逆气机郁滞证的主症是,呃逆连声，常因情志不畅而诱发或加重，胸胁满闷,呃声洪亮有力，冲逆而出，口臭烦渴，多喜冷饮,呃声低长无力，气不得续，泛吐清水，脘腹不舒,呃声短促而不得续，口干咽燥，烦躁不安，不思饮食,呃声沉缓有力，胸膈及胃脘不舒，得热则减，遇寒更甚,,,
D,夏令感受暑湿，呕吐而并见心烦口渴者，首选的方剂是,竹茹汤,黄连温胆汤,三仁汤,黄连香薷饮,五磨饮子,,,
A,呕吐食滞内停证，若胃中积热上冲，食已即吐，口臭而渴，苔黄脉数者，应合用的方剂是,竹茹汤,黄连温胆汤,三仁汤,黄连香薷饮,五磨饮子,,,
D,痴呆之痰浊蒙窍证，治法宜选用,补肾益髓，填精养神,活血化瘀，开窍醒脑,理气解郁，化痰醒神,豁痰开窍，健脾化浊,补肾健脾，益气生精,,,
B,痴呆之瘀血内阻证，治法宜选用,补肾益髓，填精养神,活血化瘀，开窍醒脑,理气解郁，化痰醒神,豁痰开窍，健脾化浊,补肾健脾，益气生精,,,
C,痫病之痰火扰神证，主治方剂是,左归丸合天王补心丹,六君子汤合归脾汤,龙胆泻肝汤合涤痰汤,定痫丸,通窍活血汤,,,
A,痫病之心肾亏虚证，主治方剂是,左归丸合天王补心丹,六君子汤合归脾汤,龙胆泻肝汤合涤痰汤,定痫丸,通窍活血汤,,,
C,病在腑者，治疗宜选,络穴,郄穴,下合穴,八脉交会穴,原穴,,,
A,表里两经同病者，治疗宜选,络穴,郄穴,下合穴,八脉交会穴,原穴,,,
D,厉兑穴位于,第4趾外侧趾甲根角旁约0.1寸,第3趾内侧趾甲根角旁约0.1寸,第2趾内侧趾甲根角旁约0.1寸,第2趾外侧趾甲根角旁约0.1寸,第4趾内侧趾甲根角旁约0.1寸,,,
A,足窍阴穴位于,第4趾外侧趾甲根角旁约0.1寸,第3趾内侧趾甲根角旁约0.1寸,第2趾内侧趾甲根角旁约0.1寸,第2趾外侧趾甲根角旁约0.1寸,第4趾内侧趾甲根角旁约0.1寸,,,
E,间使穴位于前臂前区，掌长肌腱与桡侧腕屈肌腱之间，腕掌侧远端横纹上,2寸,1寸,5寸,4寸,3寸,,,
A,内关穴位于前臂前区，掌长肌腱与桡侧腕屈肌腱之间，腕掌侧远端横纹上,2寸,1寸,5寸,4寸,3寸,,,
E,治疗局部皮肤麻木或功能减退常选用,刺血拔罐法,走罐法,留针拔罐法,留罐法,闪罐法,,,
A,治疗丹毒、扭伤常选用,刺血拔罐法,走罐法,留针拔罐法,留罐法,闪罐法,,,
D,偏历位于阳溪穴与曲池穴连线上，腕背侧远端横纹上,7寸,9寸,2寸,3寸,5寸,,,
C,手三里位于阳溪穴与曲池穴连线上，肘横纹下,7寸,9寸,2寸,3寸,5寸,,,
B,属于腧穴特殊作用的是,下脘治疗胃痛,大椎退热,合谷治疗五官病,听宫治疗耳鸣,睛明治疗眼病,,,
C,属于腧穴远治作用的是,下脘治疗胃痛,大椎退热,合谷治疗五官病,听宫治疗耳鸣,睛明治疗眼病,,,
E,不适合用清热法治疗的是,流痰后期，阴虚火旺，虚热不退者,药物性皮炎皮损色红灼热,局部红、肿、热、痛,热毒内传之走黄内陷,疮色晦暗不泽，皮温较低,,,
A,疮疡疾患中，部位表浅，范围较小的急性化脓性疾病是,疖,发,流注,有头疽,无头疽,,,
E,中医外科学中，温阳托毒法的代表方剂是,右归丸,托里消毒散,金匮肾气丸,六君子汤,神功内托散,,,
B,痈的病因病机,内郁湿火，外感风邪,湿热火毒，气血瘀滞,汗出不畅，湿热蕴蒸肌肤,搔抓痱子，破伤染毒,感受暑毒,,,
B,属于瘾疹的特点是,呈带状分布的红斑上成簇的水疱,大小不等的风团，色鲜红，骤起骤退,皮肤上浅在性脓疱和脓痂,皮肤油腻，出现红斑，覆有鳞屑,对称分布，多形损害，剧烈瘙痒,,,
B,桃红四物汤宜用于脱疽的哪一证型,气阴两虚证,血脉瘀阻证,热毒伤阴证,寒湿阻滞证,湿热毒盛证,,,
C,颜面疔的内治治疗大法，主要是,行瘀活血,透脓托毒,清热解毒,散风清热,调补气血,,,
D,关于白秃疮，说法错误的是,头皮有覆盖灰白色鳞屑的斑片,毛发干枯无光泽,发缘处一般不被累及,可形成永久性脱发,病发根部有白色菌鞘包绕,,,
E,脂瘤痰湿化热证最佳选方为,丹栀逍遥散,清肝芦荟丸,化痰开郁方,芩连二母丸合凉血地黄汤,龙胆泻肝汤合仙方活命饮,,,
E,脂溢性皮炎肠胃湿热证最佳方药为,五味消毒饮,通窍活血汤,四物汤合六味地黄汤,消风散合当归饮子,参苓白术散合茵陈蒿汤,,,
A,精癃脾肾气虚证，采用的治疗方药为,补中益气汤,八正散,沉香散,知柏地黄丸,济生肾气丸,,,
D,石瘿应首选的治疗原则是,早期，中药外敷,早期，中药内治,早期化学治疗,早期手术切除,早期放射治疗,,,
A,治疗阴痒肝经湿热证，应首选的方剂是,龙胆泻肝汤,止带方,易黄汤,托里消毒散,蛇床子汤,,,
D,下列各项，不属于异位妊娠已破损期不稳定型临床表现的是,腹部有压痛及反跳痛,腹部可触及界线不清的包块,腹痛拒按,一侧下腹撕裂样疼痛,阴道少量出血,,,
D,妇女月经三个月一潮者，称为,暗经,避年,激经,居经,并月,,,
C,下列各项，不属于妊娠生理现象的是,月经停闭,乳头变黑,腹胀便秘,脉滑,晨起恶心欲呕,,,
B,月经将至时月经常脉的表现是,弦脉,滑脉,数脉,浮脉,洪脉,,,
D,治疗闭经气滞血瘀证，应首选的方剂是,少腹逐瘀汤,桃红四物汤,乌药汤,血府逐瘀汤,柴胡舒肝散,,,
B,治疗绝经前后诸证肾阴阳俱虚证，应首选的方剂是,左归丸合二至丸,二仙汤合二至丸,右归丸合二至丸,金匮肾气丸,六味地黄丸,,,
B,下列各项，属胎萎不长常见病因的是,气血虚弱，气滞血瘀，血寒宫冷,气血虚弱，脾肾不足，血寒宫冷,脾肾不足，气血虚弱，肝经湿热,脾虚湿阻，肾阴亏损，血寒宫冷,脾肾不足，气血虚弱，气滞血瘀,,,
D,经间期出血肾阴虚证的治法是,健脾益气，固冲调经,滋肾养肝，固冲止血,补肾益气，摄血调经,滋肾养阴，固冲止血,健脾补肾，摄血固冲,,,
B,生理性带下的特点是,赤白相兼、质稠、有气味,经间期带下质清、透明、可拉长,清稀如水，淋漓不断,色白、质稀、无臭，绵绵不断,量少、色黄或赤白相兼、质稠,,,
E,可采用人工流产的是,妊娠9~16周,妊娠12~15周,妊娠10~14周,妊娠5~13周,妊娠6~10周,,,
D,皮肤黏膜淋巴结综合征好发于,学龄期,青春期,新生儿,婴幼儿,幼童期,,,
B,属于缺铁性贫血治疗原则的是,滋养肝肾，益精生血,培补脾肾，化生气血,健脾益气，滋生化源,健运脾胃，益气养血,补血养心，益气生血,,,
E,治疗口疳应首选的方剂是,防己黄芪汤,参苓白术散,肥儿丸,石斛夜光丸,泻心导赤散,,,
D,抽动障碍气郁化火证的治法是,疏肝清热，活血化瘀,清热解毒，行气解郁,疏肝解郁，息风镇惊,清肝泻火，息风镇惊,泻火解郁，活血通络,,,
B,小儿时邪感冒证应首选的方剂是,银翘散合清瘟败毒散,银翘散合普济消毒饮,荆防败毒散,新加香薷饮,银翘散合黄连解毒汤,,,
B,下列各项，不属于痫证特征的是,四肢抽搐,发作后留后遗症,突然仆倒,昏不知人,口吐涎沫,,,
C,治疗小儿哮喘风寒束肺证的首选方是,苏子降气汤,金匮肾气丸,小青龙汤合三子养亲汤,麻杏石甘汤合苏葶丸,人参五味子汤合玉屏风散,,,
B,急惊风的四证是指,热、惊、痰、火,热、痰、惊、风,热、痰、火、积,热、风、火、寒,热、痰、积、惊,,,
C,小儿前囟正常闭合时间,出生时已闭合,出生后的6～12个月,出生后的12～18个月,出生后的2～4个月,出生后的8～17个月,,,
A,最适合婴儿生长发育的喂养方式是,母乳喂养,代乳品人工喂养,乳制品人工喂养,辅食喂养,混合喂养,,,
A,眼睑浮肿，按之凹陷即起，尿少色赤，伴发热咽痛，舌淡苔薄白，脉浮。其治法是,疏风解表，利水消肿,通腑降浊，解毒利尿,平肝泻火，清心利水,清热利湿，凉血止血,泻肺逐水，温阳扶正,,,
A,腹痛气滞血瘀证选方为,少腹逐瘀汤,小建中汤,大建中汤,大承气汤,柴胡疏肝散,,,
B,细菌性痢疾的主要病变部位是,回肠末端,乙状结肠与直肠,升结肠,降结肠,小肠,,,
C,乙型病毒性肝炎的传播途径属于,土壤,呼吸道,血液和体液传播,虫媒传播,消化道,,,
B,下列哪项可以提高人群的被动性特异性免疫,早治疗,接种高效价免疫球蛋白,早隔离,切断传播途径,康复治疗,,,
B,下列属于脑膜炎球菌的描述的是,目前我国流行株以C群为主,对营养要求较高,革兰染色阳性，体外抵抗力很弱，能产生自溶酶,特异性荚膜多糖抗原与其致病作用无关,能产生毒力较强的外毒素,,,
C,下列各项哪项是确定传染病患者隔离期的主要依据,症状明显期,最长潜伏期,传染期,平均传染期,最短潜伏期,,,
E,属于提高非特异性免疫力的是,接种抗毒素,接种丙种球蛋白,计划免疫,接种疫苗,锻炼身体,,,
D,AIDS急性感染期最为常见的临床表现是,皮疹,淋巴结肿大,头痛,发热,腹泻,,,
B,下列有关流行性出血热的预防措施中，效果较差的是,注意灭螨,隔离患者,灭鼠防鼠,疫区内高危人群接种疫苗,防止食物被鼠类污染,,,
E,下列属于慢性败血症型流行性脑脊髓膜炎表现的一项为,低热,巴宾斯基征阳性,咽痛,轻咳,关节疼痛,,,
D,亚临床感染是指,感染后不但引起机体免疫应答，还导致组织损伤，引起病理改变和临床表现,病原体侵入人体某些部位后，机体免疫系统将病原体局限化，但又不能清除病原体，机体免疫功能下降时潜伏的病原体才引起显性感染,病原体侵入机体后，存在于机体的一定部位，并生长、繁殖，虽可有轻度的病理损害，但不出现疾病的临床症状，能排出病原体,病原体只引起特异性免疫应答，不引起或只引起轻微的组织损伤，无临床症状，只能通过免疫学检查发现,以上都不正确,,,
C,有关病毒性肝炎流行特征的叙述，除哪项外均正确,甲型肝炎在高发地区常呈周期性流行,乙型肝炎的发病无明显季节性，多为散发，但常有家庭集聚现象,丙型肝炎发病呈季节性,戊型肝炎存在流行和散发两种形式,甲型肝炎以冬春季为发病高峰,,,
E,一般来说不是狂犬病传染源的是,浣熊,臭鼬,病犬,蝙蝠,患者,,,
E,出疹性传染病，按发热后皮疹出现的时间先后次序排列，正确的是,猩红热、天花、水痘,猩红热、风疹、水痘,天花、水痘、猩红热,水痘、天花、猩红热,水痘、猩红热、天花,,,
D,下列关于细菌性痢疾的叙述，错误的是,由痢疾杆菌引起的肠道传染病,传染源为急、慢性菌痢患者和带菌者,传播途径为粪-口途径,春夏季节高发,中毒型菌痢多见于儿童,,,
E,遇下列情况应高度警惕结核病，除外,反复发作或迁延不愈的咳嗽咳痰,痰中带血或咯血,肩胛间区有湿啰音或局限性哮鸣音,长期低热或所谓“发热待查”,咳嗽，胸痛,,,
C,医疗机构从业人员基本行为规范应坚持的宗旨是,优质服务，医患和谐,遵纪守法，依法执业,救死扶伤，防病治病,救死扶伤，预防为主,尊重患者，关爱生命,,,
D,以下各项，属于药学技术人员行为规范的是,规范书写，妥善保存病历材料,不违规签署医学证明文件,使用适宜诊疗技术和药物,认真履行处方审核调配职责,严格执行医嘱,,,
A,未经批准擅自开办医疗机构行医的，由县级以上人民政府卫生行政部门予以取缔外，还应,吊销执业证书,给与行政处分,停产停业整顿,追究刑事责任,给与警告并停止执业活动,,,
B,发生传染病暴发时，要求有关单位向所在地县级人民政府卫生行政主管部门报告的时限为,1小时内,2小时内,3小时内,4小时内,5小时内,,,
C,患者男性，38岁。右足怕冷、疼痛、间歇性跛行1年余。近一个月足痛转为持续性静止痛，夜间痛剧，不能入睡，足背动脉搏动消失。其诊断是,痹证,糖尿病足,脱疽,闭塞性动脉硬化症,雷诺病（肢端动脉痉挛症）,,,
D,患者，女性，30岁。无意中发现背部肿块。大小不一，边界清楚，皮色不变，生长缓慢，触之柔软，呈扁平团块状，推之可移动。最可能的诊断是,脂瘤,血瘤,痈,肉瘤,以上均非,,,
B,患者王某，42岁。丹毒发于胸腹腰胯部，皮肤红肿蔓延，摸之灼手，肿胀疼痛，伴口干且苦。舌红，苔黄腻，脉弦滑数。治疗宜选用,犀角地黄汤,龙胆泻肝汤,黄连解毒汤,普济消毒饮,桃红四物汤,,,
C,王某，男，42岁。患有脂溢性皮炎，头面部生出淡红色斑片，干燥、脱屑、瘙痒，受风加重，头皮瘙痒，头屑多，毛发干枯脱落，伴口干口渴，大便干燥；舌质偏红，舌苔薄白或黄，脉细数。辨证为,风寒袭表证,气血虚弱证,风热血燥证,肠胃湿热证,以上均非,,,
D,患者王某，胸腹壁有条索状物，固定不移，刺痛，胀痛，或牵掣痛；伴胸闷、嗳气等；舌质淡红有瘀点，苔薄，脉弦涩。西医诊断为血栓性浅静脉炎，治疗宜选用,活血通脉汤,二妙散,柴胡清肝汤,血府逐瘀汤,以上均非,,,
E,患者，男，3岁；诊断为黄水疮，症见皮疹少而脓疱稀疏，色淡黄或淡白，四周红晕不显，破后糜烂面淡红；多有食少，面白无华，大便溏薄；舌淡，苔薄微腻，脉濡细，应采用的治法为,祛瘀生发,益气补血,滋补肝肾,清暑利湿解毒,健脾渗湿,,,
E,患者素有足癣史，1周前左第1、2趾缝间作痒，糜烂流脓加重，2天前左大趾至小腿内侧出现红丝1条，宽约3mm，色红灼热，边界清楚，压痛明显，并伴有左腹股沟结块疼痛，诊断是,丹毒,烂疔,类丹毒,附骨疽,丝红疔,,,
B,患者，男，35岁，现有尿道口红肿，轻度刺痛排尿不适，一天后症状加剧，尿道口溢脓，逐渐出现粘稠脓性分泌物，其诊断是,慢性尿路感染,急性淋病,慢性淋病,尖锐湿疣,前列腺炎,,,
B,患者，男，26岁。面部淡红色斑片，干燥，鳞屑，瘙痒，伴口干口渴，大便干燥，舌质偏红，苔薄白，脉细数。其治法是,清热解毒，养血润燥,祛风清热，养血润燥,祛风清热，利湿止痒,清热解毒，利湿止痒,健脾除湿，祛风止痒,,,
C,患者，女，55岁。双小腿筋脉色紫，盘曲如蚯蚓，瘤体紫暗，喜暖，久站后瘤体增大，双小腿肿胀加重，伴形寒肢冷，口淡不渴，小便清长，舌淡暗，苔白腻，脉弦细。其治法是,活血化瘀，行气散结,活血化瘀，和营消肿,暖肝散寒，益气通脉,补中益气，活血舒筋,清热除湿，活血化瘀,,,
C,患儿，男，13岁。右侧臀部结块红肿疼痛1周伴发热1天。患儿10天前曾因上感发热，肌肉注射青霉素4天后发现右臀部注射部位结块未消，逐渐出现红肿疼痛，范围扩大，约4cm×6cm，边界欠清，中央高突，触痛明显，伴恶寒发热，舌质红，苔黄腻，脉数。其治法是,散风清热，解毒消肿,散风清热，化痰解毒,清热解毒，和营化湿,清热利湿，和营活血,和营活血，消肿散结,,,
E,患者月经周期延后，量少，色黯淡，质清稀；腰膝酸软，头晕耳鸣，面色晦黯；舌淡，苔薄白，脉沉细。其治疗所用的方剂为,大补元煎,固阴煎,左归丸,肾气丸,当归地黄饮,,,
B,某产妇，29岁。产后恶露过期不尽，量多、色淡、质稀、无臭气，神疲懒言，四肢无力，舌淡，脉缓弱。辨证为,血瘀证,气虚证,血虚证,气滞证,以上均非,,,
A,患者，女性，30岁，已婚。1年来月经后期，40～50天一行，量少、色黯、时有血块，小腹胀痛，乳房胀痛，舌红苔薄白，脉弦。其证候是,气滞证,血瘀证,血寒证,血虚证,肾虚证,,,
D,某女性患者，34岁，已婚。曾孕4次均自然流产，平日头晕眼花，心悸气短，神疲乏力，现又妊娠40天，面色苍白，舌淡苔白，脉细弱。治法宜选用,补肾健脾，固冲安胎,补肾填精，固冲安胎,补肾健脾，养血安胎,益气养血，固冲安胎,清热养血，滋肾安胎,,,
D,患者新产后，低热不退，腹痛绵绵，喜按，恶露量少，色淡质稀，自汗，头晕心悸；舌质淡，苔薄白，脉细数。其治法是,清热解毒，凉血化瘀,解毒清营，凉血养阴,活血化瘀，和营退热,补血益气，和营退热,养血祛风，疏解表邪,,,
D,患者经前或经期，烦躁易怒，或抑郁不乐，头晕闷眩，口苦咽干，胸胁胀满，不思饮食，月经量多，色深红；舌红，苔黄，脉弦数。治疗应首选的方剂是,逍遥散,血府逐瘀汤,生铁落饮,丹栀逍遥散,甘麦大枣汤,,,
D,患者经行头痛，痛如锥刺，经色紫黯有块；伴小腹疼痛拒按，胸闷不舒；舌黯或尖边有瘀点，脉细涩。首选治疗方剂是,柴胡疏肝散,羚角钩藤汤,一贯煎,通窍活血汤,丹栀逍遥散,,,
A,患者，女性，24岁月经初潮15岁，痛经6年，每于第1天出现小腹冷痛，喜温喜按，经量少、色黯淡，腰腿酸软，小便清长，舌苔白润，脉沉迟。治疗应首选,温经汤（《金匮要略》）,金匮肾气丸,温经汤（《妇人大全良方》）,圣愈汤,调肝汤,,,
B,患者带下量多，赤白相兼，质稠，有气味，阴部灼热感，腰酸腿软，头晕耳鸣，五心烦热，咽干口燥，烘热汗出，失眠多梦；舌质红，苔少，脉细数。其证候是,肾阳虚证,阴虚夹湿证,肝经湿热下注,脾虚证,热毒蕴结证,,,
E,妊娠6月，腹部增大异常，胸膈满闷，呼吸短促，神疲体倦，四肢不温，小便短少，舌淡胖，苔白，脉沉滑无力。其治法是,逐水消肿，养血安胎,疏肝健脾，逐水消肿,理气行滞，除湿消肿,温肾健脾，泻肺利水,健脾利水，养血安胎,,,
E,患者，女，32岁，已婚。人流术后2周，出现下腹疼痛、发热、腰痛、阴道分泌物脓性；白细胞增高，以中性粒细胞为主；妇检子宫压痛，稍大而软，双侧附件增厚，有包块，压痛明显。其诊断是,子宫穿孔,人流综合征,人流不全,宫颈粘连,人流术后感染,,,
A,患儿，7岁。突然出现头面眼睑浮肿，并迅速波及全身，呈紧张性水肿，尿少，色如浓茶，伴发热，恶风，口渴，咽痛，苔薄白，脉浮。治法宜选用,疏风解表，利水消肿,活血化瘀，利水消肿,益气养阴，利水消肿,清热解毒，利水消肿,以上均非,,,
D,某患儿，面目皮肤发黄，色泽晦暗，持久不退，精神委靡，四肢欠温，纳呆，大便溏薄色灰白，小便短少，舌质淡，苔白腻。其治法是,平肝息风，利湿退黄,大补元气，温阳固脱,行气化瘀消积,温中化湿退黄,清热利湿退黄,,,
A,患儿，12个月。昨起舌上溃破，色红疼痛，进食哭闹，心烦不安，口干欲饮，小便短赤。治疗应首选,泻心导赤散,清胃散,泻心汤,六味地黄丸,凉膈散,,,
C,患儿，1岁3个月。近日不思乳食，嗳腐酸馊，脘腹胀满疼痛，大便酸臭，烦躁啼哭，夜眠不安，手足心热，舌质红，苔黄厚腻，指纹紫滞。治疗应首选的方剂是,八珍汤,肥儿丸,保和丸,疳积散,健脾丸,,,
A,患儿，6岁。患肾病综合征症见高度水肿，按之没指，腰腹下肢尤甚，面白无华，神疲畏寒，大便溏，舌淡胖，苔白滑，脉沉细。其证候是,脾肾阳虚证,风水相搏证,湿热内侵证,肝肾阴虚证,脾虚湿困证,,,
E,患儿，4岁，发热第2～3天，贴近臼齿处可见麻疹黏膜斑，周围红晕。发热咳嗽，微恶风寒，喷嚏流涕，咽喉肿痛，两目红赤，泪水汪汪，畏光羞明，神烦哭闹，纳减口干，小便短少，大便不调。舌质偏红，苔薄白，脉浮数。治疗宜首选,银翘散,桑菊饮,解肌透痧汤,柴胡葛根汤,宣毒发表汤,,,
B,患儿，2岁，语言发育迟滞，精神呆滞，智力低下，头发生长迟缓，发稀萎黄，四肢痿软，肌肉松弛，口角流涎，吮吸咀嚼无力，纳食欠佳，大便秘结，舌淡胖，苔少，脉细缓，指纹色淡。治疗宜选用,归脾汤,调元散,肾气丸,通窍活血汤,六味地黄丸,,,
D,患儿，8岁，寐中多遗，可达数次，小便清长，面白少华，神疲乏力，智力较同龄儿稍差，肢冷畏寒，舌质淡，苔白滑，脉沉无力。治疗宜选用的方剂为,导赤散,肾气丸,缩泉丸,菟丝子散,补中益气汤,,,
A,患儿为早产儿，啼哭无力，多卧少动，皮肤干皱，肌肉瘠薄，四肢不温，吮乳乏力，呛乳溢乳，腹胀腹泻，甚而水肿，指纹淡。治疗宜选用的方剂是,保元汤,归脾汤,温脾汤,肾气丸,左归丸,,,
E,患儿，2岁，易发腹泻，现体重9.5kg，面色少华，毛发稀疏，不思饮食，急躁易怒，大便稀溏，舌淡红，苔薄白，指纹淡红，其诊断是,厌食，脾胃气虚证,积滞，脾虚夹积证,疳证，干疳证,疳证，疳积证,疳证，疳气证,,,
C,患儿，5岁，突发脐周剧痛，频繁呕吐，呕吐物中可见一条蛔虫，腹部可扪及柔软可移动团块，大便干结，舌质红，苔白，脉弦数，治疗应首选的方剂是,乌梅汤,使君子散,驱蛔承气汤,附子理中汤,宣白承气汤,,,
D,患者，女性，39岁，甲状腺肿大20年，呈漫肿，无痛，随喜怒而消长，属中医的,石瘿,肉瘿,瘿痈,气瘿,失荣,,,
C,患者肉瘿，急躁易怒，汗出心悸，失眠多梦，消谷善饥，形体消瘦，手部震颤。辩证为,肝郁气滞证,肝肾不足证,气阴两虚证,气滞痰凝证,冲任失调证,,,
E,治疗气瘿应选代表方剂为,逍遥散,逍遥蒌贝散,海藻玉壶汤,开郁散,四海舒郁丸,,,
A,手术后长期卧床，容易出现的周围血管疾病是,股肿,血栓性浅静脉炎,筋瘤,臁疮,脱疽,,,
B,脱疽病人表现为面容憔悴、萎黄，消瘦五心烦热，渴不欲饮，患肢肌肉萎缩，皮肤干燥脱屑，趾甲干燥肥厚，创面生长缓慢。肉芽淡而不鲜。辩证为,寒湿阻络证,气阴两虚证,热毒伤阴证,湿热毒盛证,血脉瘀阻证,,,
D,治疗脱疽湿热毒盛证应选代表方剂为,黄芪鳖甲汤,顾步汤,桃红四物汤,四妙勇安汤,阳和汤,,,
A,某男，17岁。皮肤大片风团，色红瘙痒剧烈，伴有脘腹疼痛，嗳气恶心，神疲纳呆，大便秘结;舌红、薄黄，脉弦滑数。诊断为,瘾疹,牛皮癣,白疕,接触性皮炎,药毒,,,
C,某男，17岁。皮肤大片风团，色红瘙痒剧烈，伴有脘腹疼痛，嗳气恶心，神疲纳呆，大便秘结;舌红、薄黄，脉弦滑数。诊断为瘾疹。治法为,疏风散寒止痒,疏风清热止痒,疏风解表，通腑泄热,养血祛风，润燥止痒,清热利湿，解毒止痒,,,
C,某男，17岁。皮肤大片风团，色红瘙痒剧烈，伴有脘腹疼痛，嗳气恶心，神疲纳呆，大便秘结;舌红、薄黄，脉弦滑数。诊断为瘾疹。治疗首选,桂枝汤,消风散,防风通圣散,桑菊饮,银翘散,,,
E,患者经前或经期小腹冷痛拒按，得热痛减，月经或见推后，量少，经色黯而有瘀块面色青白，肢冷畏寒，舌黯，苔白，脉沉紧。根据患者症状此病辨证为,肾阳虚证,虚寒证,气血虚弱证,阳虚内寒证,寒凝血瘀证,,,
B,患者经前或经期小腹冷痛拒按，得热痛减，月经或见推后，量少，经色黯而有瘀块面色青白，肢冷畏寒，舌黯，苔白，脉沉紧。此病治疗时的治法是,温经扶阳，暖宫止痛,温经散寒，化瘀止痛,温经散寒，活血调经,温肾益气，固冲调经,活血化瘀，暖宫止痛,,,
C,患者经前或经期小腹冷痛拒按，得热痛减，月经或见推后，量少，经色黯而有瘀块面色青白，肢冷畏寒，舌黯，苔白，脉沉紧。治疗采用的代表方为,清热固经汤,逐瘀止血汤,少腹逐瘀汤,温经汤,固冲汤,,,
B,某女，18岁，一年前因盲目节食减肥，致月经延后，每40~60天一至。3个前又因主食不进，上次月经血量少色淡质稀，5天即净，经后头晕眼花持续3天，现症:面色苍白，唇甲色淡，脉细弱。诊断为,月经后期之肾虚证,月经后期之血虚证,月经后期之气滞证,月经后期之痰湿证,月经后期之血寒证,,,
A,某女，18岁，一年前因盲目节食减肥，致月经延后，每40~60天一至。3个前又因主食不进，上次月经血量少色淡质稀，5天即净，经后头晕眼花持续3天，现症:面色苍白，唇甲色淡，脉细弱。其治法是,补血益气调经,补肾养血调经,扶阳驱寒调经,理气行滞调经,燥湿化痰调经,,,
A,某女，18岁，一年前因盲目节食减肥，致月经延后，每40~60天一至。3个前又因主食不进，上次月经血量少色淡质稀，5天即净，经后头晕眼花持续3天，现症:面色苍白，唇甲色淡，脉细弱。治疗应首选,当归地黄饮,大补阴煎,温经汤,乌药汤,芎归二陈汤,,,
B,刘某，女，36岁，已婚，月经过多23年。患者13岁初潮开始，经量即过多，多则顺腿流，7~8天净，经前腰腹剧痛，小腹空坠，面色苍白，头晕乏力，浮肿渡频。舌苔薄白中剥，脉沉弦迟弱。辨证为,经期延长之气虚证,月经过多之气虚证,月经过多之血热证,月经过多之血瘀证,经期延长之虚热证,,,
C,刘某，女，36岁，已婚，月经过多23年。患者13岁初潮开始，经量即过多，多则顺腿流，7~8天净，经前腰腹剧痛，小腹空坠，面色苍白，头晕乏力，浮肿渡频。舌苔薄白中剥，脉沉弦迟弱。治法为,清热凉血，固冲止血,活血化瘀，固冲止血,补气摄血，固冲止血,养阴清热，固冲止血,清利湿热，固冲止血,,,
C,刘某，女，36岁，已婚，月经过多23年。患者13岁初潮开始，经量即过多，多则顺腿流，7~8天净，经前腰腹剧痛，小腹空坠，面色苍白，头晕乏力，浮肿渡频。舌苔薄白中剥，脉沉弦迟弱。治疗首选,保阴煎加减,失笑散加减,举元煎加减,固阴煎加减,当归地黄饮加减,,,
B,患儿男性，6岁，因“咳嗽、喘促反复发作3年，近作1天”来诊。现证见喘促气急咳嗽痰鸣，恶寒发热，鼻流清涕，咳痰黄稠口渴，大便干，舌红，苔白，脉滑数。根据患者症状此病辨证为,风寒束肺证,外寒内热证,肺实肾虚证,肺肾阴虚证,肺脾气虚证,,,
C,患儿男性，6岁，因“咳嗽、喘促反复发作3年，近作1天”来诊。现证见喘促气急咳嗽痰鸣，恶寒发热，鼻流清涕，咳痰黄稠口渴，大便干，舌红，苔白，脉滑数。治疗宜采用的治法为,补肺固表，健脾益气,温补脾肾，固摄纳气,解表清里，止咳定喘,养阴清热，敛肺补肾,温肺散寒，涤痰定喘,,,
D,患儿男性，6岁，因“咳嗽、喘促反复发作3年，近作1天”来诊。现证见喘促气急咳嗽痰鸣，恶寒发热，鼻流清涕，咳痰黄稠口渴，大便干，舌红，苔白，脉滑数。治疗采用的代表方为,麻黄汤,华盖散,麻杏石甘汤,大青龙汤,小青龙汤,,,
D,患儿，10个月。近半个月不思乳食，脘腹胀满，疼痛拒按，呕吐酸馊，烦躁哭吵，大便较干，臭秽，舌淡苔白腻。其诊断是,厌食,腹痛,疳证,积滞,呕吐,,,
A,患儿，10个月。近半个月不思乳食，脘腹胀满，疼痛拒按，呕吐酸馊，烦躁哭吵，大便较干，臭秽，舌淡苔白腻。辨证为,乳食内积证,脾虚夹积证,脾胃阴虚证,脾失健运证,脾胃气虚证,,,
A,患儿，10个月。近半个月不思乳食，脘腹胀满，疼痛拒按，呕吐酸馊，烦躁哭吵，大便较干，臭秽，舌淡苔白腻。首选方为,消乳丸,不换金正气散,益胃汤,健脾丸,人参乌梅汤,,,
B,患儿男性，3岁5个月，因“形体消瘦4个月”来诊。该患儿平素嗜食油腻食物及肉类。近4个月来，形体日渐消瘦，食欲不振困倦喜卧，易发脾气，腹胀，大便呈糊状，日行1次。查体:意识清，精神欠佳，形体略瘦，体重12kg，面色萎黄少华，毛发稍稀舌质淡，舌苔薄，指纹色淡。心肺听诊正常腹部胀大，无压痛，无包块，腹部皮下脂肪厚度0.5 cm。其证候为,疳肿胀,疳气,疳积,干疳,心疳,,,
C,患儿男性，3岁5个月，因“形体消瘦4个月”来诊。该患儿平素嗜食油腻食物及肉类。近4个月来，形体日渐消瘦，食欲不振困倦喜卧，易发脾气，腹胀，大便呈糊状，日行1次。查体:意识清，精神欠佳，形体略瘦，体重12kg，面色萎黄少华，毛发稍稀舌质淡，舌苔薄，指纹色淡。心肺听诊正常腹部胀大，无压痛，无包块，腹部皮下脂肪厚度0.5 cm。治疗方法为,补益气血,调脾健运,消积理脾,滋补肝肾,运脾和胃,,,
C,患儿男性，3岁5个月，因“形体消瘦4个月”来诊。该患儿平素嗜食油腻食物及肉类。近4个月来，形体日渐消瘦，食欲不振困倦喜卧，易发脾气，腹胀，大便呈糊状，日行1次。查体:意识清，精神欠佳，形体略瘦，体重12kg，面色萎黄少华，毛发稍稀舌质淡，舌苔薄，指纹色淡。心肺听诊正常腹部胀大，无压痛，无包块，腹部皮下脂肪厚度0.5 cm。治疗首选,八珍汤,肥儿丸,资生健脾丸,保和丸,健脾丸,,,
C,治疗乳岩正虚毒炽证，应首选的方剂是,神效瓜蒌散,二仙汤,八珍汤,人参养荣汤,参苓白术散,,,
A,治疗乳岩肝郁痰凝证，应首选的方剂是,神效瓜蒌散,二仙汤,八珍汤,人参养荣汤,参苓白术散,,,
C,患者排便时肛内脱出肿物，为环状浅红色黏膜皱襞，长3-5厘米，触之柔软，便后能自行回纳，其诊断是,二期内痔,三期内痔,一度直肠脱垂,二度直肠脱垂,三度直肠脱垂,,,
A,患者排便时肛内脱出肿物，分界清楚，便后能自行回缩，青紫色，易出血，其诊断是,二期内痔,三期内痔,一度直肠脱垂,二度直肠脱垂,三度直肠脱垂,,,
C,尖锐湿疣湿毒下注证选用的方剂是,龙胆泻肝汤,黄连解毒汤,萆薢化毒汤,萆薢渗湿汤,清瘟败毒饮,,,
B,尖锐湿疣湿热毒蕴证证选用的方剂是,龙胆泻肝汤,黄连解毒汤,萆薢化毒汤,萆薢渗湿汤,清瘟败毒饮,,,
E,患者颈前区弥漫性肿大，按之肿块柔软，皮色如常，并不疼痛。其诊断是,血瘿,瘿痈,肉瘿,石瘿,气瘿,,,
D,患者颈前肿块，表面高低不平，质地坚硬如石，随吞咽动作移动减少。其诊断是,血瘿,瘿痈,肉瘿,石瘿,气瘿,,,
A,癥瘕湿热瘀阻证，治疗应首选,大黄牡丹汤,苍附导痰丸合桂枝茯苓丸,大黄蟅虫丸,加味逍遥丸,散聚汤,,,
B,癥瘕痰湿瘀结证，治疗应首选,大黄牡丹汤,苍附导痰丸合桂枝茯苓丸,大黄蟅虫丸,加味逍遥丸,散聚汤,,,
B,月经先期阳盛血热证的治法是,疏肝清热调经,清热凉血调经,养阴清热调经,补肾疏肝调经,滋肾养阴调经,,,
C,月经先期阴虚血热证的治法是,疏肝清热调经,清热凉血调经,养阴清热调经,补肾疏肝调经,滋肾养阴调经,,,
D,屡孕屡堕；头晕目眩，神疲乏力，面色（白光）白，心悸气短；舌质淡，苔薄白，脉细弱。辨证为,小产肾阳亏虚证,滑胎血热证,小产肾气不足证,滑胎气血虚弱证,滑胎血瘀证,,,
B,屡孕屡堕，孕后阴道出血，色深红质稠；腰酸腹痛，面赤唇红，口干咽燥，便结尿黄，舌红苔黄，脉弦滑数。辨证为,小产肾阳亏虚证,滑胎血热证,小产肾气不足证,滑胎气血虚弱证,滑胎血瘀证,,,
B,治疗月经过少血瘀证，应首选,归肾丸,桃红四物汤,乌药汤,苍附导痰丸,滋血汤,,,
D,治疗月经过少痰湿证，应首选,归肾丸,桃红四物汤,乌药汤,苍附导痰丸,滋血汤,,,
A,小儿遗尿肝经湿热证的治法是,清热利湿，泻肝止遗,培元益气，安神固脬,清热利湿，通利膀胱,温补肾阳，固涩膀胱,温补脾肾，升提固摄,,,
D,小儿遗尿肾气不足证的治法是,清热利湿，泻肝止遗,培元益气，安神固脬,清热利湿，通利膀胱,温补肾阳，固涩膀胱,温补脾肾，升提固摄,,,
C,小儿视觉发育正常，可区别各种颜色的年龄是,3岁,4岁,5岁,6岁,7岁,,,
B,小儿正常听觉发育完善的年龄是,3岁,4岁,5岁,6岁,7岁,,,
C,连翘败毒散治疗紫癜的证候是,气不摄血证,血热妄行证,风热伤络证,阴虚火旺证,气滞血瘀证,,,
D,大补阴丸治疗紫癜的证候是,气不摄血证,血热妄行证,风热伤络证,阴虚火旺证,气滞血瘀证,,,
E,遗尿肺脾气虚证选用的方剂是,调元散,菟丝子散,交泰丸合导赤散,龙胆泻肝汤,补中益气汤合缩泉丸,,,
C,遗尿心肾失交证选用的方剂是,调元散,菟丝子散,交泰丸合导赤散,龙胆泻肝汤,补中益气汤合缩泉丸,,,
B,丙型肝炎的主要传播途径是,土壤,体液,吸血节肢动物,消化道,呼吸道,,,
B,人禽流感的主要传染源是,人,禽,猪,蚊,鼠,,,
E,流行性出血热的主要传染源是,人,禽,猪,蚊,鼠,,,
A,AIDS的主要传播途径是,性传播,母婴传播,器官移植,输血,蚊虫叮咬,,,
E,流行性乙型脑炎传播途径是,性传播,母婴传播,器官移植,输血,蚊虫叮咬,,,
D,流脑实验室检查首选,大便涂片镜检,痰涂片镜检,胸水涂片镜检,脑脊液涂片镜检,血液涂片镜检,,,
A,阿米巴痢疾实验室检查首选,大便涂片镜检,痰涂片镜检,胸水涂片镜检,脑脊液涂片镜检,血液涂片镜检,,,
B,医师在执业活动中，人格尊严及人身安全不受侵犯，此属于,医师的义务,医师的权利,医师的职责,医师的执业条件,医师的社会地位,,,
A,医师在执业活动中应不断提高专业技术水平，此属于,医师的义务,医师的权利,医师的职责,医师的执业条件,医师的社会地位,,,
D,血液的生成与何脏关系最密切,肺,心,肝,脾,肾,,,
E,与髓海空虚关系最密切的脏器是,肝,脾,肺,大肠,肾,,,
B,下列为伤科要药的是,地榆,三七,艾叶,炮姜,延胡索,,,
A,气的固摄作用主要表现在,维持血液在脉管内运行,维持体内水液代谢的相对平衡,维持脏腑组织器官位置的稳定,维持胎儿在胞宫内的安定和正常发育,维持体温的正常恒定,,,
B,咳声如犬吠样，可见于,百日咳,白喉,感冒,肺痨,肺痿,,,
A,下列哪项是六味地黄丸的组成药物,熟地黄、山萸肉、山药、泽泻、牡丹皮、茯苓,熟地黄、山萸肉、山药、人参、牡丹皮、茯苓,生地黄、山萸肉、山药、泽泻、牡丹皮、茯苓,熟地黄、山萸肉、山药、党参、牡丹皮、茯苓,熟地黄、山萸肉、山药、甘草、牡丹皮，茯苓,,,
A,下列哪一项属于女子胞的生理功能,主持月经,抵御外邪,天癸之源,主宰生命活动,气血化生之源,,,
D,在肾主闭藏的功能活动中，最具生理意义的是,固摄血液，防止血液流失,固摄水液，防止水液无故流失,固摄二便，防止二便失禁,固摄精气，防止精气无故散失,摄纳阳气，防止阳气浮越于上,,,
D,“行血气而营阴阳，濡筋骨，利关节”阐述了,津液的功能,气血的功能,阴阳的功能,经脉的功能,精气的功能,,,
A,下列药物中具有降逆止呕功效的为,旋覆花,白芥子,前胡,白前,桔梗,,,
A,预防哮喘发作应首选的药物是,吸入性糖皮质激素,茶碱缓释片,酮替芬,色甘酸钠,氯雷他定,,,
C,用于治疗久咳虚喘之证，最宜选择,桑白皮,葶苈子,白果,紫菀,前胡,,,
E,组成中不含黄芪、当归的方剂是,补中益气汤,归脾汤,补阳还五汤,当归补血汤,黄芪桂枝五物汤,,,
A,下列各项，与疼痛关系最密切的是,寒,风,湿,暑,燥,,,
A,真武汤用于,小便不利，四肢沉重疼痛，腹痛下利，苔白不渴，脉沉,胸胁支满，目眩心悸，舌苔白滑，脉弦滑,身半以下肿甚，手足不温，口中不渴，胸腹胀满，大便溏薄，舌苔白腻,小便频数，白如米泔，凝如膏糊，舌淡苔白，脉沉,汗出恶风，身重，小便不利，舌淡苔白，脉浮,,,
C,阴中之至阴的脏是,心,肝,脾,肺,肾,,,
A,舌的脏腑分部，舌尖属于,心肺,肺胃,肺肾,脾胃,肝胆,,,
D,伸舌偏左或偏右是,强硬舌,痿软舌,颤动舌,歪斜舌,吐弄舌,,,
E,下列属于母子关系的是,木和土,火和金,水和火,木和金,土和金,,,
C,芍药、五味子在小青龙汤中属,佐助药,引经药,佐制药,调和药,佐药,,,
D,半夏白术天麻汤主治证的病机是,阳虚阴盛，水饮内停,实热老痰，上蒙清窍,胆胃不和，痰浊内扰,脾湿生痰，风痰上扰,邪热内陷，痰热结胸,,,
D,下列各项，与血液和神志关系最密切的是,心与肾,心与脾,心与肺,心与肝,肝与肾,,,
B,以下哪味不是越鞠丸的组成药物,香附,白术,川芎,栀子,神曲,,,
C,"属于""子病犯母""的是",肾病及肝,肺病及肾,脾病及心,肝病及心,脾病及肺,,,
E,善饥多食的病机是,脾失健运,胃强脾弱,胃阴不足,胃气将绝,胃火炽盛,,,
B,声高有力，语无伦次，称为,郑声,谵语,错语,夺气,独语,,,
A,下列各项中不属龙胆泻肝汤的组成药物的是,通草,生地,黄芩,栀子,泽泻,,,
D,下列各项中属常色的是,枯槁晦暗,鲜明暴露,明润而不应时应位,红黄隐隐，荣润光泽,独呈色而无血色相间,,,
C,下列方剂中含有干姜、半夏的是,八珍汤,枳术丸,半夏泻心汤,桂枝汤,橘皮竹茹汤,,,
B,以下哪味是吴茱萸汤的组成药物,干姜,人参,甘草,党参,肉桂,,,
B,具有透疹消疮功效的药物是,紫苏,荆芥,香薷,白芷,防风,,,
B,舌根所候的脏腑一般是,肝胆,肾,脾胃,三焦,心肺,,,
B,下列气的作用，能维持人体正常体温恒定的是,推动,温煦,防御,固摄,气化,,,
D,反治法指的是,顺从疾病的本质而治的一种治疗方法,逆着疾病的本质而治的一种治疗方法,逆着疾病的假象而治的一种治疗方法,顺从疾病的假象而治的一种治疗方法,反常的治疗方法,,,
E,关于疾病的认识，不正确的是,是正气与邪气抗争引起机体阴阳失调、脏腑组织损伤或生理功能障碍的过程,疾病的过程体现了一个完整的生命过程,疾病一般都有一定的发病原因和病理演变规律,疾病的概念反映了某一种疾病全过程的总体属性,是疾病过程中某一阶段或某一类型的病理概括,,,
E,患者，男，30岁。寒战、高热、胸痛、咳嗽、痰中带血3天。听诊右肺中部可闻及湿啰音。应首先考虑的诊断是,急性支气管炎,肺结核,支气管扩张,胸膜炎,肺炎,,,
C,生化汤的作用为,补血益气，和营退热,养血祛风，疏解表邪,养血化瘀，温经止痛,清热解毒，凉血化瘀,养血健脾，疏肝清热,,,
D,太息多因,肺失宣降,肺气不足,脾气虚弱,肝气郁结,肾不纳气,,,
E,反映药物作用趋势的是,四气,五味,归经,毒性,升降浮沉,,,
C,普济消毒饮的功用是,疏风清热，祛痰散结,疏风凉血，泻火解毒,疏风散邪，清热解毒,疏散风热，消肿祛瘀,凉血解毒，散结消肿,,,
D,下列哪项属于中医学的基本特点,同病异治,异病同治,审因论治,辨证论治,标本同治,,,
D,肝肾不足所致之胎动不安，应首选,紫苏,狗脊,黄芩,桑寄生,五加皮,,,
C,在肝主疏泄的各种作用中，最根本的是,调畅情志,促进消化,调畅气机,调节血量,疏通水道,,,
B,既能退虚热，又能除疳热的药物是,柴胡、银柴胡,银柴胡、胡黄连,牡丹皮、赤芍,黄连、胡黄连,白薇、秦艽,,,
D,以下哪味药物不是麻子仁丸的组成药物,枳实,大黄,厚朴,芒硝,杏仁,,,
C,当归补血汤重用黄芪为君，意在,补气固表,补气行血,补气生血,补气行水,补气托毒,,,
C,交接于目内眦的经脉是,大肠经与胃经,脾经与心经,小肠经与膀胱经,三焦经与胆经,肝经与肺经,,,
D,能散风寒，通鼻窍功效的药物是,生姜,桂枝,紫苏,细辛,防风,,,
C,治疗肝肾阴虚所致胁痛的代表方剂是,逍遥散,痛泻要方,一贯煎,六味地黄丸,天台乌药散,,,
E,妇女怀孕后厌食，呕恶，称为,恶食,厌食,纳减,纳呆,恶阻,,,
D,下列各项，与痰饮形成关系不密切的是,肾,肺,脾,心,三焦,,,
E,既可用治水肿，又可用治肺痈、肠痈的药物是,泽泻,茯苓,猪苓,车前子,薏苡仁,,,
E,紫苏不具有的功效是,发汗解表,行气宽中,行气安胎,解鱼蟹毒,平喘利水,,,
D,阴虚阳亢头痛及肺燥伤阴咳嗽当忌用的药是,麻黄,桂枝,生姜,细辛,白芷,,,
C,疾病初期恶寒与发热同时并见，应属,疾病病症,表热里寒证,外感表证,半表半里证,表寒里热证,,,
D,下列哪项最常见舌绛少苔,热盛,血瘀,气虚,阴虚,痰火,,,
C,调节腠理之开合，将代谢后的津液化为汗液，排出体外，主要是由肺的哪项功能所完成,主呼吸之气,主一身之气,主宣发,主肃降,朝百脉,,,
D,下列能收敛固涩，治疗滑脱诸证的是,磁石,珍珠母,代赭石,龙骨,海蛤壳,,,
B,"""孤阴不生，独阳不长""主要说明了阴阳关系的哪一方面",对立,互根,消长,转化,动态平衡,,,
A,下列各药中常用治疗肝气郁结所致月经不调的药物是,香附,木香,枳实,橘皮,川楝子,,,
E,"""肺主一身之气""取决于",主宣发,主肃降,通调水道,主行水,主呼吸,,,
A,具有清肝明目功效的药物是,车前子,滑石,石韦,地肤子,木通,,,
B,下列药物用法不正确的是,青黛作散剂冲服或入丸剂服用,巴豆榨汁，冷开水调服,鸦胆子装胶囊服用,芦荟入丸剂服用,番泻叶开水泡服，入汤剂后下,,,
B,关于证候的认识，不正确的是,是疾病过程中某一阶段或某一类型的病理概括,病机是证候的外在反映,证候能够揭示病变的机制及发展趋势,证候可以反映疾病的阶段性本质,证候具有时相性和空间性特征,,,
E,中医基础理论中，下列不属于养生原则的是,顺应自然,形神兼养,调养脾胃,因人而异,因地制宜,,,
D,治疗中气下陷证的首选药是,太子参,柴胡,升麻,黄芪,人参,,,
C,桔梗具有的功效为,利气宽胸,燥湿化痰,宣肺祛痰,温肺祛痰,降气止呕,,,
E,患者，女，28岁。婚后2周突发寒战、发热、尿频、尿痛半天，来医院急诊。查体：肾区叩击痛（+），尿镜检白细胞增多，并见白细胞管型，尿细菌培养阳性，诊断为急性肾盂肾炎。应首先考虑的治疗是,庆大霉素,长效磺胺,红霉素,青霉素,头孢类抗生素,,,
D,大量久服引起水肿的是,山药,白术,黄芪,甘草,党参,,,
B,真武汤中配伍芍药的用意是,养肝阴以制亢阳,敛阴缓急利小便,和里缓急止痛,养血柔肝,凉血散瘀,,,
D,血府逐瘀汤的功效是,活血祛瘀，疏肝通络,温经散寒，养血止血,补气活血，通络止痛,活血祛瘀，行气止痛,活血化瘀，温经止痛,,,
D,下列不属于清燥救肺汤的功效的是,清肺,养阴,益气,降气,润燥,,,
D,机体的生长发育主要取决于,血液的营养,津液的滋润,水谷精微的充养,肾中精气的充盈,脾气的升清,,,
B,温病发斑，应属,气分热盛,热入营血,湿热蕴结,阳明经热,外感风热,,,
A,外感凉燥，治宜选用,杏苏散,桑杏汤,养阴清肺汤,麦门冬汤,清燥救肺汤,,,
E,联结心和肺两脏使其功能协调平衡的中心环节是,元气,心气,肝气,肺气,宗气,,,
D,"三焦被称为""孤腑""的原因是",无表里配合,形态似腑功能似脏,有名而无形,十二脏腑中惟它最大,总司人体气机与气化,,,
C,滋阴润燥剂较少配用,滋阴养血药,甘温益气药,辛香淡渗药,甘寒生津药,咸寒润肠药,,,
D,下列能祛风、通络，用治小儿惊风的是,络石藤,威灵仙,青风藤,蕲蛇,秦艽,,,
B,在血的生成中起主要作用的两脏是,心、肺,肺、脾,肝、脾,肾、脾,心、脾,,,
C,头两侧疼痛，属,太阳经,阳明经,少阳经,太阴经,少阴经,,,
D,大黄的功效不包括,泻下攻积,逐瘀通经,清热泻火,软坚散结,凉血解毒,,,
B,小承气汤与厚朴三物汤之间的变化属于,药味加减的变化,药量增减的变化,剂型更换的变化,药味加减与药量增减变化联合运用,药味加减与剂型更换变化联合运用,,,
A,具有利水消肿功效的药物是,益母草,鸡血藤,丹参,川芎,郁金,,,
B,三七具有的功效是,凉血消痈,活血定痛,养血安神,温经通脉,解毒敛疮,,,
E,以下哪味药物为麻子仁丸的组成药物,蔓荆子,赤芍,知母,麻黄,杏仁,,,
A,入汤剂宜包煎的药物是,蒲黄,麻黄,大黄,姜黄,雄黄,,,
B,下列可导致嗜睡的是,心脾两虚,心肾阳衰,营血亏虚,心肾不交,胆郁痰扰,,,
D,"下列配伍中属于""十九畏""的药物是",大戟与甘草,贝母与乌头,乌头与瓜蒌,官桂与赤石脂,芍药与藜芦,,,
B,甘温除热的代表方剂是,小建中汤,补中益气汤,四君子汤,黄芪桂枝五物汤,升阳益胃汤,,,
D,下列不符合五行生克规律的是,水为木之母,金为土之子,火为土之母,金为木之所胜,水为火之所不胜,,,
E,下列方剂具有益气固表、敛阴止汗功效的是,生脉散,玉屏风散,参苓白术散,桑螵蛸散,牡蛎散,,,
B,参苓白术散除益气健脾、止泻外，还具有的功用是,养心,渗湿,温胃,益阴,温阳,,,
A,归脾汤除益气健脾、补血外，还具有的功用是,养心,渗湿,温胃,益阴,温阳,,,
C,患者，男，30岁。结婚3年不育，脱发，腰软无力，舌质淡白，尺脉弱。其证候是,肾气不固,肾虚水泛,肾精不足,肾阳虚,肾阴虚,,,
A,患者，女，31岁。妊娠3个月，精神不振，今日突感腰痛难忍，小腹坠痛，舌质淡白，脉弱。其证候是,肾气不固,肾虚水泛,肾精不足,肾阳虚,肾阴虚,,,
C,易伤津耗气的病邪是,风,寒,火,湿,燥,,,
E,最易伤肺的病邪是,风,寒,火,湿,燥,,,
B,"""太仓""是指",胆,胃,大肠,膀胱,三焦,,,
E,"""决渎之官""是指",胆,胃,大肠,膀胱,三焦,,,
B,脘腹冷痛，喜温喜按，小便频数，淋沥涩痛，色黄。其证候是,上热下寒,上寒下热,真寒假热,真热假寒,表寒里热,,,
E,恶寒发热，头痛无汗，心中烦热，口渴，鼻塞流清涕。其证候是,上热下寒,上寒下热,真寒假热,真热假寒,表寒里热,,,
D,湿邪侵袭,胀痛,绞痛,刺痛,重痛,隐痛,,,
B,寒邪侵袭,胀痛,绞痛,刺痛,重痛,隐痛,,,
A,中医药专家学术经验和技术专长继承工作的继承人应当具备的条件是,具有大学本科以上学历和良好的职业品德,具有较高学术水平和丰富的实践经验、技术专长和良好的职业品德,从事中医药专业工作20年以上并担任高级专业职务10年以上,受聘于医疗卫生机构从事中医药工作，担任高级专业技术职务,具有中级以上专业技术职务,,,
B,承担中医药专家学术经验和技术专长继承工作的指导老师应当具备的条件是,具有大学本科以上学历和良好的职业品德,具有较高学术水平和丰富的实践经验、技术专长和良好的职业品德,从事中医药专业工作20年以上并担任高级专业职务10年以上,受聘于医疗卫生机构从事中医药工作，担任高级专业技术职务,具有中级以上专业技术职务,,,
D,寒热往来为,里证,半表半里证,表证,半表半里证或疟疾,疟疾,,,
A,肝胆湿热为,里证,半表半里证,表证,半表半里证或疟疾,疟疾,,,
D,正虚而邪不盛，其治则是,先祛邪后扶正,先扶正后祛邪,扶正与祛邪同用,单纯扶正,单纯祛邪,,,
C,正虚邪实，其治则是,先祛邪后扶正,先扶正后祛邪,扶正与祛邪同用,单纯扶正,单纯祛邪,,,
E,高热烦躁，神昏谵语，舌红或绛，脉数有力。治宜,紫雪,至宝丹,苏合香丸,羚角钩藤汤,安宫牛黄丸,,,
C,突然昏倒，牙关紧闭，不省人事，苔白，脉迟。治宜,紫雪,至宝丹,苏合香丸,羚角钩藤汤,安宫牛黄丸,,,
A,一种药物的毒烈性，能被另一种药物消除的配伍关系是,相畏,相须,相使,相恶,相杀,,,
E,一种药物能减轻另一种药物的毒烈性，这种配伍关系是,相畏,相须,相使,相恶,相杀,,,
C,主决断的是,心,肝,胆,脾,胃,,,
B,主谋略的是,心,肝,胆,脾,胃,,,
C,"""气血生化之源""是指",心,肺,脾,肝,肾,,,
B,"""水之上源""是指",心,肺,脾,肝,肾,,,
E,"称为""气之根""的脏是",心,肺,脾,肝,肾,,,
B,"称为""气之主""的脏是",心,肺,脾,肝,肾,,,
D,"""将军之官，谋虑出焉""指的脏腑是",心,肺,脾,肝,肾,,,
B,处方开具的药物，一般不得超过的用量是,10日用量,7日用量,5日用量,3日用量,1日用量,,,
D,急诊处方开具的药物，一般不得超过的用量是,10日用量,7日用量,5日用量,3日用量,1日用量,,,
A,肺炎链球菌性肺炎的常见热型是,稽留热,弛张热,间歇热,回归热,不规则热,,,
B,败血症的常见热型是,稽留热,弛张热,间歇热,回归热,不规则热,,,
C,肝火犯肺，属于,相克,相乘,相侮,母病及子,子病及母,,,
B,脾病传肾，属于,相克,相乘,相侮,母病及子,子病及母,,,
E,诸厥固泄，皆属于,风,火,燥,心,下,,,
D,诸痛痒疮，皆属于,风,火,燥,心,下,,,
B,白带清稀量多，食少腹胀，畏寒怕冷，舌质淡胖，舌苔白滑，脉沉迟无力。其中医证候是,脾气虚,脾阳虚,脾虚气陷,寒湿困脾,湿热蕴脾,,,
D,白带量多，脘腹胀闷，纳呆便溏，头身困重，舌淡苔白腻，脉濡缓。其中医证候是,脾气虚,脾阳虚,脾虚气陷,寒湿困脾,湿热蕴脾,,,
A,患者突然昏倒，颈项强直，四肢抽搐，角弓反张，醒后如常，属,痫病,痴呆,中风,癫证,狂证,,,
C,患者猝然昏倒，口眼歪斜，半身不遂，属,痫病,痴呆,中风,癫证,狂证,,,
E,外感风邪头痛，治宜选用,天麻钩藤饮,消风散,半夏白术天麻汤,二陈汤,川芎茶调散,,,
C,风痰上扰头痛、眩晕，治宜选用,天麻钩藤饮,消风散,半夏白术天麻汤,二陈汤,川芎茶调散,,,
E,组成药物中含有生龙骨、生牡蛎的方剂是,固经丸,固冲汤,地黄饮子,羚角钩藤汤,镇肝息风汤,,,
B,方剂组成中含有煅龙骨、煅牡蛎的方剂是,固经丸,固冲汤,地黄饮子,羚角钩藤汤,镇肝息风汤,,,
A,肾精不足证的表现是,男子精少不育，女子经闭不孕,男子阳痿早泄，女子宫寒不孕,男子遗精早泄，女子经少经闭,男子滑精早泄，女子月经淋漓,男子遗精早泄，女子胎动易滑,,,
B,肾阳虚证的表现是,男子精少不育，女子经闭不孕,男子阳痿早泄，女子宫寒不孕,男子遗精早泄，女子经少经闭,男子滑精早泄，女子月经淋漓,男子遗精早泄，女子胎动易滑,,,
D,五苓散中桂枝的作用是,助卫阳，通经络，解肌发表而祛在表之风邪,温中阳而祛虚寒,温经散寒，养血通脉,外解太阳之表，内助膀胱气化,温通血脉，行滞消瘀,,,
B,小建中汤中桂枝的作用是,助卫阳，通经络，解肌发表而祛在表之风邪,温中阳而祛虚寒,温经散寒，养血通脉,外解太阳之表，内助膀胱气化,温通血脉，行滞消瘀,,,
B,大定风珠的组成中含有的药物是,龙骨、牡蛎、龟板,鳖甲、牡蛎、龟板,龙骨、牡蛎、鳖甲,龙骨、龟板、鳖甲,牡蛎、鳖甲、石决明,,,
A,镇肝息风汤组成中含有的药物是,龙骨、牡蛎、龟板,鳖甲、牡蛎、龟板,龙骨、牡蛎、鳖甲,龙骨、龟板、鳖甲,牡蛎、鳖甲、石决明,,,
A,具有推动和调控各脏腑、经络、形体和官窍生理活动功能的气是,元气,宗气,营气,卫气,脏腑之气,,,
B,具有行气血作用的气是,元气,宗气,营气,卫气,脏腑之气,,,
E,风湿热属于,稽留热,间歇热,波状热,回归热,弛张热,,,
E,《执业医师法》明确规定，医师在执业过程中应当履行的职责是,以病人为中心，实行人道主义精神,防病治病，救死扶伤,遵守职业道德，保护患者隐私,树立敬业精神，尽职尽责为患者服务,防病治病，救死扶伤，保护人民健康,,,
D,患者肺功能显示50%>FEV1%≥30%，COPD严重程度分级是,不能分级,Ⅰ级,Ⅱ级,Ⅲ级,Ⅳ级,,,
C,不属于肾阴虚证临床表现的是,腰膝酸软,五心烦热,小便清长,潮热盗汗,遗精早泄,,,
E,下列属于代脉特征的是,缓而时止，止无定数,数而时止，止无定数,迟而时止，止有定数,数而时止，止有定数,脉来迟而中止，止有定数,,,
D,下列可见精神萎靡、疲乏少力、面色惨淡的是,喜,怒,忧思,悲恐,惊,,,
C,下列不属于表证的临床表现的是,头身疼痛,咽喉痒痛,但寒不热,喷嚏鼻塞,咳嗽气喘,,,
D,下列不属于麻子仁丸组成的药物是,大黄,厚朴,芍药,甘草,杏仁,,,
C,大补阴丸的组成药物中含有,黄连,黄芪,黄柏,甘草,黄芩,,,
B,患者咳嗽。查体：右上肺叩诊出现鼓音，并闻及支气管呼吸音和湿啰音。应首先考虑的是,肺炎,肺结核,肺水肿,肺癌,肺不张,,,
D,诊断霍乱不需要做的辅助检查是,增菌培养,血清学检查,粪便涂片染色,特异性核酸检测,悬滴检查,,,
D,下列属于心肌梗死溶栓绝对禁忌证的是,颈内动脉或椎基底动脉颅内段的血栓形成或栓塞性脑梗死,插管术中意外造成的血栓或栓塞性脑梗死,急性心肌梗死、肺梗死、肝肾静脉血栓形成、动静脉造瘘闭塞,近三个月内发生脑出血的患者,动脉内膜切除术后血栓形成或有难以切除的浮动血栓,,,
A,卧位查体时，大量腹水的腹部外形呈,蛙状腹,舟状腹,下腹部局限性隆起,一侧腰部膨隆,腹部平坦,,,
A,关于急性出血坏死型胰腺炎的诊断，下列哪项是错误的,血钙显著升高,无糖尿病史而血糖升高,血清淀粉酶突然下降,烦躁不安，四肢厥冷，有休克表现,范围广泛的剧烈腹痛伴高热与腹膜刺激征象,,,
D,高血压合并心肌梗死宜选用,苄胺唑啉,哌唑嗪,肼屈嗪,美托洛尔,巯甲丙脯酸,,,
D,"流行性出血热的""三痛""是",头痛、全身痛和腰痛,头痛、关节痛和腰痛,头痛、腓肠肌痛和腰痛,头痛、眼眶痛和腰痛,头痛、腹痛和腰痛,,,
E,医务人员的医学道德荣誉是以下哪项的统一,个人荣誉与社会荣誉,集体荣誉与局部荣誉,整体荣誉与社会荣誉,个人荣誉与局部荣誉,个人荣誉与集体荣誉,,,
B,下列各项中，除哪项外，均是肾病综合征的临床表现,大量蛋白尿,高血压,高胆固醇血症,低血浆白蛋白,水肿,,,
C,器质性二尖瓣狭窄的杂音性质为,吹风样,叹气样,隆隆样,乐音样,机器样,,,
A,空腹时，听诊出现振水音，可见于,幽门梗阻,肾病综合征,结核性腹膜炎,肝硬化,急性肠炎,,,
D,房室结内折返性心动过速发作时先行治疗应选用的是,静脉注射毛花苷C,静脉注射利多卡因,给予升压药,刺激迷走神经方法,胆碱酯酶抑制药,,,
B,随着年龄的增长，可通过少量感染获得天然主动免疫的是,甲型肝炎,乙型肝炎,丙型肝炎,丁型肝炎,庚型肝炎,,,
A,肺癌压迫喉返神经可引起,声音嘶哑,上腔静脉综合征,哮鸣音,吸气性呼吸困难,刺激性干咳,,,
E,五色主病中黄色主,寒证,血瘀,水饮,疼痛,湿证,,,
A,治疗五更泄泻的首选方剂是,四神丸,金匮肾气丸,吴茱萸汤,理中丸,真人养脏汤,,,
C,理中丸的功用是,健脾益气，渗湿止泻,温中健脾，和里缓急,温中祛寒，补气健脾,温中补虚，降逆止呕,健脾益气，养胃和中,,,
D,女性，40岁。低热半年，牙龈易出血，全身浅表淋巴结肿大，肝右肋缘下3cm，脾肋下10cm，化验：血红蛋白110g/L，白细胞计数200×109/L，原粒及早幼粒为6%，骨髓原粒为2%，Ph染色体（+）。诊断为,慢粒急变,类白血病反应,急性粒细胞性白血病,慢性粒细胞性白血病,慢性淋巴细胞性白血病,,,
B,患者，女，30岁。有风湿热病史，近半年来咳嗽，痰中带血，活动后气短，检查：两肺（-），心尖部听到舒张期隆隆样杂音，×线显示左心房增大。应首先考虑的是,风心病，二尖瓣关闭不全,风心病，二尖瓣狭窄,肺结核,肺癌,支气管扩张症,,,
A,人类免疫缺陷病毒（HIV）在人体内作用的靶细胞是,CD4+T淋巴细胞,CD8+T淋巴细胞,B淋巴细胞,NK细胞,CTL细胞,,,
A,发热伴有眼结膜充血多见于,流行性出血热,肺炎球菌肺炎,中暑,疟疾,流行性感冒,,,
B,《希波克拉底誓言》蕴涵了医学伦理学的,不伤害原则、为病人利益原则和尊师原则,不伤害原则、为病人利益原则和保密原则,尊师原则、为群众利益原则和保密原则,尊师原则、整体医学理念和保密原则,不伤害原则、尊师原则和保密原则,,,
C,流脑与其他细菌引起的化脓性脑膜炎最主要的区别是,发病季节,发病年龄,皮肤黏膜瘀点、瘀斑,脑膜刺激征,脑脊液呈化脓性改变,,,
E,急性心肌梗死发热的机制是,变态反应,代谢障碍,体温调节中枢失常,神经功能障碍,吸收热,,,
E,在下列哪个部位闻及支气管呼吸音属于病理性呼吸音,喉部,胸骨上窝,背部6、7颈椎附近,背部1、2胸椎附近,右下肺,,,
B,下列血液学改变符合再障诊断的是,网织红细胞绝对数正常,中性粒细胞碱性磷酸酶积分增加,凝血时间延长,凝血酶原时间延长,骨髓涂片可见幼红细胞有巨幼样变,,,
D,下列疾病不出现语颤减弱或消失的是,支气管阻塞,胸壁与肺组织距离加大,体质衰弱,语调低,肺泡内含气量增多,,,
A,颈部淋巴结肿大，疑为癌肿转移时，应首先考虑的是,鼻咽癌,食道癌,结肠癌,肺癌,肝癌,,,
B,下列疾病会出现杵状指的是,缺铁性贫血,支气管肺癌,结核性关节炎,风湿热,类风湿关节炎,,,
B,浅感觉障碍检查时可有,痛温觉正常，触觉丧失,痛温觉丧失，触觉减退,痛温觉丧失，触觉正常,痛温觉减退，位置觉丧失,运动、振动觉丧失,,,
A,溃疡病最常见的并发症是,上消化道出血,胃肠穿孔,幽门梗阻,胃溃疡恶变,溃疡病急性穿孔,,,
E,浅反射不包括下列哪项,腹壁反射,提睾反射,角膜反射,跖反射,桡反射,,,
A,晚期肝硬化患者肝浊音区可出现的变化是,缩小,扩大,上升,消失,下移,,,
E,呕血与黑便最常见于,胃底、食管静脉曲张破裂,十二指肠炎,慢性胃炎,急性胃黏膜病变,消化性溃疡,,,
D,腰穿进行脑脊液检查的禁忌证是,颈强直,克尼格征阳性,布鲁津斯基征阳性,双侧瞳孔不等大伴有视乳头水肿,昏迷,,,
A,甲亢危象的治疗，下列哪组最理想,丙硫氧嘧啶+碘剂+普萘洛尔+泼尼松,丙硫氧嘧啶+泼尼松,他巴唑+普萘洛尔+泼尼松,丙硫氧嘧啶+普萘洛尔+他巴唑,碘剂+他巴唑,,,
D,长期咳白色黏液或泡沫痰的疾病是,支气管扩张,肺癌,肺脓肿,慢性支气管炎,肺炎球菌肺炎,,,
E,患者，男，40岁。咳嗽多痰10年余，痰经放置出现分层现象。查体：有杵状指（趾）。应首先考虑的是,先天性心脏病,左心功能不全,慢性阻塞性肺气肿,支气管哮喘,支气管扩张,,,
B,某患者对奎尼丁过敏，房颤复律后最好选用何种药物预防复发,普萘洛尔,胺碘酮,维拉帕米,地高辛,普鲁卡因胺,,,
D,李某，男，24岁。2周前患扁桃体炎，近日心悸，气短，发热，出汗，疲乏，踝、膝关节游走性疼痛。查体：第一心音减弱，上肢内侧皮肤有环形红斑。应首先考虑的是,类风湿性关节炎,病毒性心肌炎,心包炎,风湿热,特发性血小板减少性紫癜,,,
A,"下列哪项不是采录""既往史""所要求的内容",是否到过传染病流行地区,过去手术史,预防接种情况,传染病史,过敏史,,,
A,下列除哪项外，均是《执业医师法》中规定的医师在执业活动中享有的权利,放弃救治不缴纳医疗费用的患者,在执业范围内进行医学诊查,在执业范围内出具相应的医学证明文件,人格尊严、人身安全不受侵犯,享受国家规定的福利待遇,,,
B,腹痛位于右下腹部，应首先考虑的是,急性胆囊炎,急性阑尾炎,急性胰腺炎,急性膀胱炎,急性胃炎,,,
A,下列哪项可引起变态反应性发热,血型不合的输血,重度脱水,大面积烧伤,心肌梗死,中暑,,,
C,胃癌的首要转移途径是,直接蔓延，可直接侵犯相邻器官和组织，以大网膜、肝、胰、横结肠为常见,空肠、膈肌以至腹壁,左锁骨上淋巴结转移,右锁骨上淋巴结转移,血行转移,,,
D,有形实邪闭阻气机所致的疼痛，其疼痛性质是,胀痛,灼痛,冷痛,绞痛,隐痛,,,
A,2型糖尿病患者空腹血糖正常，餐后血糖12.2，治疗宜选用,阿卡波糖,二甲双胍,胰岛素,格列本脲,格列喹酮,,,
C,腰椎穿刺的常规部位是,第2～3腰椎棘突间隙,第1～2腰椎棘突间隙,第3～4腰椎棘突间隙,第4～5腰椎棘突间隙,以上均为常规穿刺部位,,,
D,肝掌的出现可能与下列哪项有关,毛细血管扩张,胆盐刺激皮肤,血管通透性改变,雌激素过多,以上都不是,,,
C,下列各项中急性左心衰的典型表现是,胸痛,发热,急性肺水肿,咳嗽,咯血,,,
B,中腹壁反射的反射中枢位于,胸髓7～8节段,胸髓9～10节段,胸髓11～12节段,腰椎1～2节段,腰椎3～4节段,,,
C,不属于肝阳上亢证临床表现的是,面红目赤,眩晕耳鸣,口苦口干,急躁易怒,腰膝酸软,,,
D,下列各项中不属于少阴热化证临床表现的是,口燥咽干,舌尖红,脉细数,小便不利,心烦不得眠,,,
B,患者，男，50岁。肝硬化病史3年，近1个月来肝脏进行性肿大，肝区疼痛，食欲减退，黄疸，消瘦。查体：肝肋下3cm，质硬，表面凹凸不平，有压痛。应首先考虑的是,肝脓疡,原发性肝癌,肝淤血,继发性肝癌,胰腺癌,,,
A,患者，女，26岁。婚后2周突发畏寒，高热，尿频，尿痛。检查：肾区有叩击痛。尿镜检白细胞增多，并见白细胞管型，尿细菌培养阳性。其诊断是,急性肾盂肾炎,急性膀胱炎,急性肾炎,慢性肾炎,肾结石,,,
C,王某，男，53岁。有乙肝病史，近1个月右上腹胀痛加重，时有牙龈出血。查体：有肝掌，胸部有蜘蛛痣，肝腹缘下3cm，质硬，有压痛，脾肿大，腹水征阳性，腹壁静脉曲张，应首先考虑的是,慢性乙肝活动期,原发性肝癌,肝硬化,疟疾,肝脓肿,,,
B,患者，男，28岁。高度水肿近1年，血压140/90mmHg。检查：尿蛋白（++++），镜检红细胞0～8个/高倍视野。白蛋白/球蛋白=2.2/2.0，酚红排泄率42%，血胆固醇7mmol/L。其诊断是,慢性肾炎普通型,慢性肾炎肾病型,慢性肾炎高血压型,慢性肾炎急性发作型,慢性肾盂肾炎,,,
D,关于医学伦理学的内涵描述错误的是,以医学领域中的道德现象和道德关系为其研究对象,以医德的产生和发展为研究对象,以医德的规范体系为研究对象,以医德的强制标准为研究对象,以医德的修养与评价为研究对象,,,
B,缺铁性贫血的主要原因是,溶血,慢性失血,慢性肾炎,慢性肝病,慢性感染,,,
A,患者不能被叫醒，但压其眶上孔尚有反应，此种意识障碍称为,浅昏迷,深昏迷,嗜睡,意识模糊,昏睡,,,
D,下列哪项不属于吸气性呼吸困难,喉头水肿,气管受压,气管异物,支气管哮喘,喉癌,,,
C,感染病原体后，仅引起机体发生特异性免疫应答而临床上不出现特异性症状和体征，称为,显性感染,潜伏性感染,隐性感染,病原携带状态,病原体被清除,,,
D,舌淡白胖嫩，苔白滑者，常提示的是,阴虚夹湿,脾胃湿热,气分有湿,阳虚水停,瘀血内阻,,,
E,下列属于气分证分型的是,温热在肺,热郁胸膈,热入于胃,热郁肝胆,以上均正确,,,
C,在感染过程的5种结局中最不常见的表现是,病原体被清除,隐性感染,显性感染,病原携带状态,潜伏性感染,,,
C,有关SARS病原学检查错误的是,血清SARS-CoV抗体由阴性转变为阳性提示为近期感染,急性期到恢复期血清SARS-CoV抗体滴度升高4倍及以上，提示为近期感染,SARS-CoVPCR测定结果阴性可除外SARS,SARS-CoVPCR测定结果阳性可确诊SARS,SARS-CoV分离培养阳性结果可确诊SARS,,,
C,主动脉狭窄听诊最响的部位,左锁骨中线内侧第5肋间,胸骨左缘第2肋间,胸骨右缘第2肋间,在胸骨体下端近剑突稍偏右或稍偏左处,胸骨右缘第3、4肋间,,,
A,引起中性粒细胞减少最常见的疾病是,流行性感冒,阑尾炎,狂犬病,肺炎,肝癌,,,
B,对肺炎的病原学诊断中，以下哪种方法可提高细菌的检出率,午后深咳留痰,PCR检测,行咽拭子培养,留取痰的浆液部分培养,同时进行需氧菌和厌氧菌的培养,,,
E,急性白血病完全缓解的标准，下列哪项是错误的,症状、体征消失,血象恢复正常,血红蛋白>100g/L,外周血中无幼稚白细胞,骨髓中原始细胞加幼细胞小于10%,,,
C,慢性肺心病心力衰竭时应用强心剂，正确的是,因易发生中毒属禁忌证,应选用长效强心剂,选用作用快、排泄快的强心剂,剂量宜大,以心率快慢作为衡量强心药疗效的指标,,,
E,下列哪项不属于正虚失神的表现,精神萎靡,反应迟钝,目无光彩,呼吸微弱,喉中痰鸣,,,
C,舌根部多反映的是何脏腑的病变,心,肝,肾,脾,肺,,,
E,葛根芩连汤适应的病证是,热毒血痢,暑湿吐泻,脾虚泄泻,湿热血痢,协热下利,,,
C,骨蒸潮热，盗汗遗精，咳嗽咯血，心烦易怒，足膝疼热，舌红少苔，尺脉数而有力者，治宜选用,清骨散,一贯煎,大补阴丸,知柏地黄丸,六味地黄丸,,,
D,具有解表化湿，理气和中功用的方剂是,麻黄汤,三仁汤,平胃散,藿香正气散,九味羌活汤,,,
B,地黄饮子中不含有的药物是,熟地,生地,麦冬,远志,生姜,,,
D,下列各项，除哪项外，均可引起血钾降低,严重呕吐、腹泻,大量应用盐皮质激素,大量应用胰岛素,代谢性酸中毒,代谢性碱中毒,,,
B,流行性脑脊髓膜炎时的脓液主要聚集于,软脑膜与脑皮质之间的腔隙,蛛网膜与软脑膜之间的腔隙,蛛网膜与硬脑膜之间的腔隙,蛛网膜本身的疏松纤维组织间,软脑膜本身的疏松纤维组织间,,,
B,肝昏迷的患者常出现,水肿,肝臭,肝大,蜘蛛痣,毛细血管扩张,,,
C,血小板计数的参考值是,（100～300）×1010/L,（100～300）×108/L,（100～300）×109/L,>400×109/L,小于100×109/L,,,
A,流行性出血热三红三痛见于哪一期,发热期,低血压休克期,少尿期,多尿期,恢复期,,,
D,风湿性心瓣膜病左房室瓣狭窄最重要的体征是,二尖瓣面容,肺动脉瓣区第二心音亢进,心尖区第一心音增强,心尖区舒张中晚期隆隆样杂音,肺动脉瓣区第二心音分裂,,,
D,下列各项中诊断尿路感染最没有意义的是,畏寒、高热、白细胞增高,尿中大量红细胞,尿中白细胞>5个/HP,尿培养菌落计数>10个/ml,肾区叩击痛,,,
D,下列各项，引起胸痛常沿一侧肋间神经分布的是,胸肌劳损,流行性胸痛,颈椎病,带状疱疹,蜂窝织炎,,,
A,干啰音的听诊特点是,呼气时清楚，性质多变，部位不定,吸气时清楚，性质不定，易变性小,呼气时清楚，部位不定，易变性小,吸气时清楚，部位固定，易变性小,呼气时清楚，部位固定，易变性小,,,
E,肺炎球菌肺炎患者病变发展，可闻及湿啰音的是,充血期,病变高峰期,红色肝变期,灰色肝变期,病变消散期,,,
A,典型心绞痛发作时疼痛持续时间多是,1～5分钟,5～15分钟,15～30分钟,20～30分钟,30分钟以上,,,
D,抢救糖尿病酮症酸中毒时，静脉应用胰岛素的剂量是,每小时0.01U/kg,每小时1U/kg,每天0.1U/kg,每小时0.1U/kg,每小时0.5U/kg,,,
C,做头部CT检查诊断脑梗死阳性率较高的时间是,发病6小时以后,发病12小时以后,发病48小时以后,发病18小时以后,发病1周以后,,,
C,道德的特点不包括,稳定性,规范性,自律性,社会性,层次性,,,
B,强调以社会公众利益为原则，社会公益与个人健康利益相统一的医学伦理理论是,道义论,公益论,后果论,公正论,价值论,,,
C,对因患炭疽死亡的患者尸体，法定的处理方式为,将尸体立即深埋，并先告知死者家属,将尸体移人太平间，征求死者家属意见后处理,将尸体立即进行卫生处理，就近火化,对尸体进行解剖，然后火化,将尸体立即进行卫生处理，然后深埋,,,
B,尤其适用于夜间哮喘及多痰的哮喘患者的药物是,色甘酸钠,溴化异丙托拖品,孟鲁斯特,特布他林,氨茶碱,,,
E,下列各题，可见水肿伴呼吸困难的是,肾源性水肿,营养不良性水肿,内分泌源性水肿,肝源性水肿,心源性水肿,,,
C,浆膜腔渗出液,相对密度>1.018，蛋白定量,相对密度小于1.018，蛋白定量,相对密度大于1.018，蛋白定量大于30g/L，白细胞大于500×106/L,相对密度小于1.018，蛋白定量小于25g/L，白细胞小于100×106/L,相对密度大于1.018，蛋白定量大于30g/L，白细胞小于100×106/L,,,
D,浆膜腔漏出液,相对密度>1.018，蛋白定量,相对密度小于1.018，蛋白定量,相对密度大于1.018，蛋白定量大于30g/L，白细胞大于500×106/L,相对密度小于1.018，蛋白定量小于25g/L，白细胞小于100×106/L,相对密度大于1.018，蛋白定量大于30g/L，白细胞小于100×106/L,,,
E,长期服用糖皮质激素,嗜酸性粒细胞减少,嗜酸性粒细胞增多,中性粒细胞增多,淋巴细胞增多,淋巴细胞减少,,,
D,结核病,嗜酸性粒细胞减少,嗜酸性粒细胞增多,中性粒细胞增多,淋巴细胞增多,淋巴细胞减少,,,
B,奈非雷平属,核苷类反转录酶抑制剂,非核苷类抑制剂,蛋白酶抑制剂,免疫调节剂,β-内酰胺酶抑制剂,,,
A,齐多夫定属,核苷类反转录酶抑制剂,非核苷类抑制剂,蛋白酶抑制剂,免疫调节剂,β-内酰胺酶抑制剂,,,
C,解除伤寒患者隔离应选用,骨髓培养,血培养,粪便培养,胆汁培养,尿培养,,,
B,伤寒患者入院时常规培养应选用,骨髓培养,血培养,粪便培养,胆汁培养,尿培养,,,
E,与雌激素增加有关肝硬化临床表现，可见,贫血,出血倾向,腹水,肝性脑病,蜘蛛痣,,,
D,与血氨升高有关的肝硬化临床表现，可见,贫血,出血倾向,腹水,肝性脑病,蜘蛛痣,,,
D,治疗高血压病伴有外周动脉疾病的患者，不宜使用的药物是,钙离子拮抗剂,血管紧张素转换酶抑制剂,袢利尿剂,β受体阻滞剂,α受体阻滞剂,,,
D,治疗高血压病伴有房室传导阻滞的患者，不宜使用的药物是,钙离子拮抗剂,血管紧张素转换酶抑制剂,袢利尿剂,β受体阻滞剂,α受体阻滞剂,,,
C,传染性单核细胞增多症,抗HIV阳性,抗HAV阳性,抗EBV阳性,抗HBc阳性,"抗""O""阳性",,,
A,艾滋病,抗HIV阳性,抗HAV阳性,抗EBV阳性,抗HBc阳性,"抗""O""阳性",,,
B,甲肝感染,抗HIV阳性,抗HAV阳性,抗EBV阳性,抗HBc阳性,"抗""O""阳性",,,
A,支气管哮喘可见,呼气性呼吸困难，双肺哮鸣音,慢性咳嗽、咳痰或伴喘息，双肺干、湿啰音,端坐呼吸，双肺底湿啰音,进行性呼吸困难，右上肺固定哮鸣音,突然发生的胸痛及呼吸困难,,,
B,喘息型慢性支气管炎可见,呼气性呼吸困难，双肺哮鸣音,慢性咳嗽、咳痰或伴喘息，双肺干、湿啰音,端坐呼吸，双肺底湿啰音,进行性呼吸困难，右上肺固定哮鸣音,突然发生的胸痛及呼吸困难,,,
A,流行性脑脊髓膜炎可见,发热、剧烈头痛、皮肤瘀斑,休克、惊厥、呼吸衰竭,发热、出血、肾损害,眼红、腿痛、淋巴结肿大,相对缓脉,,,
C,流行性出血热可见,发热、剧烈头痛、皮肤瘀斑,休克、惊厥、呼吸衰竭,发热、出血、肾损害,眼红、腿痛、淋巴结肿大,相对缓脉,,,
D,心绞痛与急性心肌梗死的主要鉴别依据是,胸痛的部位,胸痛的性质,胸痛持续的时间,心电图检查,血沉,,,
C,心绞痛与心脏神经官能症的主要鉴别依据是,胸痛的部位,胸痛的性质,胸痛持续的时间,心电图检查,血沉,,,
A,因二尖瓣、三尖瓣关闭时的振动而致的是,第一心音,第二心音,第三心音,第四心音,心包拍击音,,,
B,因主动脉瓣、肺动脉瓣关闭时的振动而致的是,第一心音,第二心音,第三心音,第四心音,心包拍击音,,,
B,复合性溃疡的部位是,胃体部和胃窦部都有溃疡,胃和十二指肠都有溃疡,十二指肠降部和食管下段都有溃疡,十二指肠球部和食管下段都有溃疡,胃窦部和食管下段都有溃疡,,,
A,多发性溃疡的部位是,胃体部和胃窦部都有溃疡,胃和十二指肠都有溃疡,十二指肠降部和食管下段都有溃疡,十二指肠球部和食管下段都有溃疡,胃窦部和食管下段都有溃疡,,,
A,柏油样便见于,上消化道出血,阿米巴痢疾,痔或肛裂,急性细菌性痢疾,急性出血性坏死性肠炎,,,
D,黏液脓血便见于,上消化道出血,阿米巴痢疾,痔或肛裂,急性细菌性痢疾,急性出血性坏死性肠炎,,,
D,提示肝癌结节破裂的症状是,胸痛、气短,呕血、黑便,意识障碍,突发急腹痛,腹胀满,,,
E,医疗机构未依照本条例的规定履行报告职责，隐瞒、缓报或者谎报，造成传染病传播、流行或者对社会公众健康造成其他严重危害后果，构成犯罪的，将追究,赔偿责任,行政责任,违约责任,民事责任,刑事责任,,,
E,执业医师收受药品生产企业、药品经营企业或者其代理人给予的财物或者其他利益的，违法行为情节严重的，可以追究,赔偿责任,行政责任,违约责任,民事责任,刑事责任,,,
C,直肠触诊触及质地坚硬，表面凹凸不平的包块，应考虑的是,直肠息肉,肛裂,直肠癌,直肠周围脓肿,直肠炎,,,
A,直肠触诊触及柔软光滑而有弹性的包块，应考虑的是,直肠息肉,肛裂,直肠癌,直肠周围脓肿,直肠炎,,,
A,劳力型心绞痛的诊断标准是,增加心肌需氧量为因素诱发的心绞痛,无明显心肌需氧增加的条件下发生的心绞痛,心绞痛发作时，心电图某些导联ST段抬高,心尖部针刺样疼痛，发作时心电图异常,心前区压迫样疼痛15分钟以上，心电图有病理性Q波,,,
C,变异型心绞痛的诊断标准是,增加心肌需氧量为因素诱发的心绞痛,无明显心肌需氧增加的条件下发生的心绞痛,心绞痛发作时，心电图某些导联ST段抬高,心尖部针刺样疼痛，发作时心电图异常,心前区压迫样疼痛15分钟以上，心电图有病理性Q波,,,
D,属于三级医疗事故的是,造成患者中度残疾,造成患者重度残疾,造成患者死亡,造成患者轻度残疾,造成患者器官组织损伤,,,
A,属于二级医疗事故的是,造成患者中度残疾,造成患者重度残疾,造成患者死亡,造成患者轻度残疾,造成患者器官组织损伤,,,
C,流行性出血热的病理变化主要涉及,肺部、胃肠系统、神经系统,肺部、循环系统、神经系统、皮肤黏膜、眼部,血管、肾脏、心脏、脑垂体,肝、肾、神经、皮肤黏膜,全身各脏器,,,
B,艾滋病常表现哪些器官的症状,肺部、胃肠系统、神经系统,肺部、循环系统、神经系统、皮肤黏膜、眼部,血管、肾脏、心脏、脑垂体,肝、肾、神经、皮肤黏膜,全身各脏器,,,
C,猩红热可见的舌改变是,牛肉舌,毛舌,草莓舌,裂纹舌,镜面舌,,,
A,恶性贫血可见的舌改变是,牛肉舌,毛舌,草莓舌,裂纹舌,镜面舌,,,
B,流行性出血热确诊,血培养,检测特异性抗体,检测特异性抗原,大便培养,活体组织检查,,,
A,败血症确诊,血培养,检测特异性抗体,检测特异性抗原,大便培养,活体组织检查,,,
D,霍乱确诊,血培养,检测特异性抗体,检测特异性抗原,大便培养,活体组织检查,,,
E,下列哪项是急性心肌梗死最早期的心电图特征,ST段弓背向上抬高,频发室性早搏,病理性Q波,T波压低,T波高耸,,,
B,肺气肿时，心脏浊音界,向左扩大,缩小,向右扩大,向两侧扩大,以上均非,,,
B,关于人类胚胎干细胞研究和应用的伦理原则叙述，错误的是,禁止买卖人体胚胎,15天的人体胚胎可用于研究,不允许将捐献胚胎重新植入子宫,贯彻知情同意的原则,爱惜和尊重胚胎,,,
C,患者心悸而痛，胸闷、汗出，畏寒，肢冷，腰酸，乏力，面色苍白，舌质淡苔白，脉沉微欲绝。其证候是,心血瘀阻,心肾阴虚,心肾阳衰,寒凝心脉,气阴两虚,,,
A,患者，女，18岁。头痛1天，以后头部为重，痛如锥刺，舌淡。治疗除用阿是穴外，应选取,天柱、后顶、昆仑,上星、头维、合谷,百会、通天、行间,率谷、太阳、悬钟,血海、合谷、申脉,,,
E,患者风心病二尖瓣狭窄病史10年，现呼吸困难加重，查体心尖区闻及舒张期杂音，主动脉瓣第二听诊区闻及舒张期吹风样杂音，据此可诊断为风心病,二尖瓣狭窄,二尖瓣关闭不全,三尖瓣狭窄,主动脉瓣关闭不全,联合瓣膜病变,,,
E,某女，素有高血压史，晨五时起床小便，突然左侧上肢肢体麻木，活动不利，并伴有头晕目眩，苔白腻，脉弦滑，治疗应选取,曲池、外关、合谷、尺泽,阳陵泉、曲泉、大敦、太溪,廉泉、太阳、支沟、劳宫,足三里、三阴交、阴陵泉、风池,内关、水沟、三阴交、极泉、尺泽、委中,,,
D,手足三阳经在头身、四肢的分布规律一般是,太阳在前，少阳在中，阳明在后,少阳在前，阳明在中，太阳在后,太阳在前，阳明在中，少阳在后,阳明在前，少阳在中，太阳在后,阳明在前，太阳在中，少阳在后,,,
A,既能治疗局部病证，又能治疗本经循行所属远隔部位病证的腧穴是,全身所有腧穴,头面部腧穴,躯干部腧穴,四肢部腧穴,十二经脉肘、膝关节以下的腧穴,,,
B,手阳明大肠经的手三里穴位于,曲池穴下1寸处,曲池穴下2寸处,曲池穴下3寸处,阳溪穴上8寸处,阳溪穴上9寸处,,,
D,肺心病急性加重期治疗的关键是,抢救呼吸衰竭,控制心衰,防止肺性脑病,控制呼吸道感染,持续低流量吸氧,,,
C,下列除哪项外，均为呕吐胃阴不足证的主症,呕吐反复或时作干呕,似饥不欲食,嗳气吞酸,口干咽燥,舌红少津脉细,,,
D,颜面部发作性搏动样头痛多见于,脑供血不足,脑外伤,三叉神经痛,血管性头痛,高血压,,,
E,泄泻与痢疾主要的鉴别点是,有无腹泻,有无腹痛,有无发热,有无大便不成形,有无便下赤白脓血,,,
B,患者，男，35岁，干咳，连声作呛，喉痒，咽喉干痛，唇鼻干燥，痰少而粘连成丝，不宜咯出，初起或伴鼻塞、头痛、微寒、身热等，口干，舌苔薄，质红，干而少津，脉浮数。其证候是,凉燥伤肺,风燥伤肺,风热犯肺,风寒袭肺,肺阴虚,,,
C,患者，男，35岁。胃脘灼热疼痛，痛势急迫，易怒，口苦，泛吐酸水，舌红苔薄黄，脉弦数。其治法是,疏肝理气止痛,清肝泄热化湿,疏肝泄热和胃,疏肝理气和胃,理气和胃止痛,,,
E,患者，男，75岁。大便艰涩，排出困难，小便清长，面色白，四肢不温，腹中冷痛，腰脊酸冷，舌淡苔白，脉沉迟。其治法是,清热润肠,顺气行滞,益气润肠,养血润燥,温阳通便,,,
D,患者，男，42岁。患慢性阑尾炎3年，经常反复发作，发时右下腹隐隐疼痛，痛处固定不移，腹皮微急，伴轻度恶心欲吐，便干溲黄，舌苔薄黄，脉弦。治疗应首选,中脘、天枢、足三里、三阴交,气海、关元、合谷、阑尾穴,天枢、曲池、外关、合谷,天枢、上巨虚、地机、阑尾穴,曲池、内庭、中脘、阑尾穴,,,
C,癫证的治疗应以下列哪项为主,清心泻火，涤痰醒神,理气化痰，活血化瘀,理气解郁，化痰醒神,镇心祛痰，安神定志,健脾养心，益气安神,,,
B,下列哪项不属于阴水的特点是,多由下而上，继及全身,肿处皮肤绷急光亮,按之凹陷不起,多逐渐发病,小便少赤涩,,,
B,对哮与喘，下列哪项有鉴别意义,有无宿根,喉中有无哮鸣音,哮必兼喘,喘未必兼哮,呼吸急促,,,
A,急性中毒者，瞳孔扩大，可见于,阿托品中毒,有机磷农药中毒,安眠药中毒,吗啡中毒,甲醇中毒,,,
A,下列十二经脉的流注次序中，错误的是,肝经-胆经,心经-小肠经,脾经-心经,肺经-大肠经,肾经-心包经,,,
A,位于脐下3寸的穴位为,关元,石门,气海,阴交,中极,,,
B,足少阴肾经的原穴为,照海,太溪,阴谷,复溜,然谷,,,
E,脘腹痞闷，食少难消，大便溏薄，倦怠乏力，苔腻萎黄，脉虚弱者，治宜选用,越鞠丸,健脾丸,半夏泻心汤,参苓白术散,厚朴温中汤,,,
C,地仓位于,目正视，瞳孔直下，当眶下孔凹陷处,在下颌角前上方约1横指，按之凹陷处，当咀嚼时咬肌隆起最高点,口角旁0.4寸，瞳孔直下,目外眦直下，颧骨下缘凹陷处,鼻翼外缘中点旁开5寸，当鼻唇沟中,,,
D,治疗慢性泄泻，天枢穴应采用的刺灸法是,毫针泻法,毫针补法,灸法,平补平泻法,先泻后补法,,,
B,乙类传染病中可采取甲类传染病预防、控制措施的是,鼠疫,炭疽中的肺炭疽,病毒性肝炎,狂犬病,流行性出血热,,,
D,医师开具处方时，除特殊情况外必须注明的是,患者体重,药品的拉丁文,处方药或非处方药,临床诊断,患者是否为过敏体质,,,
B,支饮，饮邪停留的部位是,胁下,胸肺,肢体,胃,肠,,,
C,下列关于痢疾治疗的叙述中，错误的是,忌过早补涩,热痢清之，寒痢温之,分利小便,痢下赤白脓血，白多者重用气药,初痢实则通之，久痢虚则补之,,,
C,下列哪项疾病可见湿性咳嗽,急性咽喉炎,急性支气管炎初期,慢性咽喉炎,轻症肺结核,胸膜炎,,,
D,胸痹的病理变化主要表现为本虚标实，下列哪项不是标实所指,气滞,寒凝,痰浊,阳虚,血瘀,,,
C,下列哪一项不属于内伤发热的诊断要点,起病缓慢，病程长,多为低热,多为高热,自觉发热，体温并不高,有反复发热史,,,
B,郁证的主要治法是,调理阴阳,疏通气机,滋养气血,调和营卫,调理气血,,,
C,听宫穴归属的经脉是,足少阳胆经,足阳明胃经,手太阳小肠经,手阳明大肠经,手厥阴心包经,,,
D,经脉循行联系上齿的为,足少阴肾经,手阳明大肠经,足少阳胆经,足阳明胃经,足太阳膀胱经,,,
C,以下不属任脉的穴位是,气海,关元,长强,中脘,神阙,,,
C,治疗盗汗或热病汗不出的腧穴是,大椎,风池,复溜,太溪,合谷,,,
E,治疗肾虚腰痛除主穴外应选配穴是,命门、腰阳关,膈俞、次髎,大肠俞、申脉,后溪、委中,肾俞、太溪,,,
A,痢疾的特异性表现是,里急后重,腹部疼痛,恶心呕吐,大便溏泻,肛门灼热,,,
E,下列各项，除哪项外，均是腹痛的常见病因,外感时邪,饮食不节,情志失调,阳气素虚,外感风燥,,,
B,下列何经直通于脑,足少阴肾经,足太阳膀胱经,手少阳三焦经,足少阳胆经,手太阳小肠经,,,
C,高血压合并下列哪种情况最适合使用β受体阻滞剂,急性心衰,支气管哮喘,冠心病,糖尿病,高脂血症,,,
B,对考核不合格的医师，县级以上卫生行政部门可以责令其暂停执业活动,1个月至3个月,3个月至6个月,6个月至9个月,1年,2年,,,
B,诊断肝细胞癌最特异的实验室指标是,GGT-Ⅱ,AFP,ALT,γ球蛋白,AFU,,,
B,下列降糖药服法，错误的是,磺脲类药物在餐前半小时服用,二甲双胍在餐前半小时服用,噻唑烷二酮可每天一次服用,瑞格列奈餐前15分钟内服用,葡萄糖苷酶抑制剂在进餐时与第一口饭一起嚼服,,,
C,急性腹膜炎病人为减轻疾病所致的痛苦，所采取的体位是,辗转体位,角弓反张位,强迫仰卧位,强迫俯卧位,强迫坐位,,,
A,恶心与呕吐伴眩晕及眼球震颤见于,前庭器官疾病,颅内高压,偏头痛,青光眼,肾功能不全,,,
D,治疗积聚气机阻滞证，应首选,柴胡疏肝散,五磨饮子,六磨汤,木香顺气散,大承气汤,,,
D,治疗中风后遗症半身不遂，气虚血瘀证，治疗应选用,天麻钩藤饮,半夏白术天麻汤,镇肝熄风汤,补阳还五汤,局方至宝丹,,,
D,治疗膏淋实证，应首选,八正散,沉香散,小蓟饮子,程氏萆薢分清饮,无比山药丸,,,
A,宜点刺出血，应首选,少商,鱼际,太渊,经渠,列缺,,,
A,典型心绞痛含化硝酸甘油片后，疼痛缓解时间多在,1～3分钟,20～30分钟,几秒钟内,15分钟内,半小时以上,,,
B,足之三阳都能治疗的是,胸部,头面部,四肢部,背部,腹部,,,
C,耳尖直上，当入发际5寸处的腧穴是,曲鬓,完骨,率谷,角孙,风池,,,
B,下列哪项不属于胁痛的病理因素,肝气郁结,胃气上逆,肝胃不和,肝胆湿热,肝阴不足,,,
C,下列各项中属于α受体阻滞药的是,降压灵,普萘洛尔,哌唑嗪,硝苯地平,硝普钠,,,
A,十二指肠溃疡发病的最主要因素是,胃酸分泌增高,胃黏膜屏障减弱,遗传因素,免疫因素,饮食不节,,,
A,既可治疗脾胃病，又多用于生殖泌尿系统疾病的穴位为,三阴交,梁丘,公孙,阴陵泉,胃俞,,,
D,治疗中风中脏腑之痰火郁闭证，应选用,天麻钩藤饮,半夏白术天麻汤,镇肝熄风汤,羚角钩藤汤,局方至宝丹,,,
D,治疗心悸心血不足证，应首选,天王补心丹,安神定志丸,桂枝甘草龙骨牡蛎汤,归脾汤,朱砂安神丸,,,
B,下列各项中，不属省级人民政府在接到报告1小时内，向国务院卫生行政主管部门报告的情形是,发生或者可能发生传染病暴发、流行的,发生或者可能发生重大畜类传染病暴发、流行的,发生或者发现不明原因的群体性疾病的,发生传染病菌种、毒种丢失的,发生或者可能发生重大食物和职业中毒事件的,,,
A,黄疸辨证以何为纲,阴阳,表里,寒热,虚实,气血,,,
C,治疗心悸瘀阻心脉证的代表方为,血府逐瘀汤,膈下逐淤汤,桃仁红花煎合桂枝甘草龙骨牡蛎汤,保元汤合血府逐瘀汤,桃核承气汤,,,
A,下列选项中，属于痴呆病因的是,七情内伤,劳欲过度,饮食不节,跌仆损伤,感受外邪,,,
D,患者×线下见两肺上部有多发的厚壁空洞，周围有较广泛的纤维条索影。应首先考虑的疾病为,肺大泡,肺脓肿,浸润型肺结核空洞形成,慢性纤维空洞型肺结核,周围型肺癌空洞形成,,,
B,哪项不是医学道德教育过程的内容,提高医德认识,树立医德品质,培养医德情感,锻炼医德意志,坚定医德信念,,,
C,患者表情淡漠，神志痴呆，喃喃独语，精神抑郁，不思饮食，舌苔白腻，脉弦滑。其治法是,养心健脾，益气安神,理气化痰，活血通络,理气解郁，化痰开窍,镇心涤痰，安神定志,化痰健脾，养心宁神,,,
E,脾胃虚寒型胃痛的疼痛特点是,胃脘疼痛暴作，畏寒喜暖，温熨胃脘部疼痛可减轻,胃脘胀满，攻撑作痛，脘痛连胁，每因情志因素而痛作,胃脘隐隐灼痛,胃脘灼痛，痛势急迫,胃痛隐隐，喜暖喜按,,,
A,气滞腹痛宜选方,柴胡疏肝散,半夏厚朴汤,大四七汤,金铃子散,香连丸,,,
A,治疗阳虚便秘的最佳选方是,济川煎,右归丸,半硫丸,温脾汤,麻子仁丸,,,
D,合谷在调汗方面的作用常与何穴配伍,大椎,陶道,太溪,复溜,曲池,,,
C,内伤咳嗽的病理因素有痰、湿、饮、火、虚等，其中主要是,痰与湿,痰与饮,痰与火,湿与虚,痰与瘀,,,
E,阵发性室性心动过速绝大多数发生在,正常人,风湿热患者,代谢性酸中毒,病因不明,有严重心肌损害的患者,,,
B,下列哪种为长针的最佳进针方法,指切进针法,挟持进针法,舒张进针法,提捏进针法,针管进针法,,,
B,位于肘横纹外侧端的穴位为,曲泽,曲池,尺泽,小海,天井,,,
B,治疗不寐的主穴是,照海、申脉、神门、行间、安眠,照海、申脉、神门、印堂、四神聪、安眠,神门、印堂、四神聪、安眠、太溪、合谷,神门、公孙、内关、外关、四神聪、安眠,印堂、安眠、四神聪、内关、足三里,,,
A,下列各项中治疗产后乳少，应首选,少泽,少商,中冲,涌泉,至阴,,,
A,既可治疗口苦、胁肋疼痛，又善于治疗筋脉失养病证的穴位为,阳陵泉,支沟,丘墟,光明,间使,,,
A,虚脱病人用神阙灸宜,隔盐灸,隔姜灸,隔蒜灸,温针灸,天灸,,,
C,足太阳膀胱经在躯干部的循行部位是,前面,侧面,后背,上部,下部,,,
D,主要治疗心、胸、胃、神志病证的经脉是,手太阴肺经,手少阴心经,足阳明胃经,手厥阴心包经,足太阴脾经,,,
A,呕吐寒邪客胃除主穴外应选配穴是,上脘,内关,太冲,内庭,三阴交,,,
A,"下列五输穴中，属""荥""的是",内庭,厉兑,足三里,解溪,陷谷,,,
C,悬钟的定位,外踝前下方凹陷处,在小腿外侧，当外踝尖上3寸，腓骨后缘,在小腿外侧，当外踝尖上3寸，腓骨前缘,外踝上8寸，相当外膝眼与外踝尖连线处的中点,足背第二、三趾缝间，趾蹼缘后5分处,,,
B,治疗中风中经络的主穴是,委中、尺泽、内关、水沟、极泉、太溪,委中、尺泽、内关、三阴交、水沟、极泉,委中、尺泽、内关、水沟、极泉、合谷,内关、水沟,内关、水沟、关元、气海、神阙,,,
A,循行于下肢外侧中线的经脉是,胆经,脾经,胃经,膀胱经,三焦经,,,
B,下列可引起中性粒细胞病理性增多的是,麻疹,急性溶血,恶性组织细胞病,系统性红斑狼疮,脾功能亢进,,,
A,不寐的病位主要在,心,脑,肝,脾,肾,,,
C,下列对白血病的描述，错误的是,在我国，急性白血病比慢性白血病多见,成人患者中，急性粒细胞白血病多见,白细胞计数多数低于正常范围,急性白血病约半数以上以发热起病,中枢神经系统白血病多见于儿童,,,
B,肺痈溃脓期若气虚不能托脓，可在辨证用药的基础上加入,潞党参,生黄芪,柴胡,升麻,薏苡仁,,,
A,加味桔梗汤治疗下列何证,肺痈溃脓期,肺痈成痈期,咳嗽痰热郁肺证,实喘痰热郁肺证,肺胀痰热壅肺证,,,
B,下列不属于胁痛病理因素的是,肝气郁结,肝阳上亢,气滞血瘀,肝胆湿热,肝阴不足,,,
E,下列哪一项不是噎膈初期的治法,开郁启膈,和胃降逆,理气,化痰,散寒,,,
E,石淋的治法为,清热泻火，利湿通淋,滋阴清热，补虚止血,化瘀通淋，凉血止血,清热通淋，凉血止血,清热利湿，排石通淋,,,
D,下列关于哮病的各项叙述中，错误的是,多有过敏史,发时喉中哮鸣有声，呼吸气促困难，甚至喘息不能平卧,可见鼻痒、喷嚏、咳嗽、胸闷等先兆症状,与先天禀赋有关，全体家族都有哮病史,常因气候突变、环境因素、饮食不当、情志失调等诱发,,,
C,痹证日久出现关节周围结节、关节肿大畸形的病机是,痰浊阻滞经络,肝肾气血大伤,瘀血痰浊痹阻经络,风寒湿留滞经脉,风湿热壅滞经脉,,,
C,可出现周围血管征的是,三尖瓣狭窄,二尖瓣狭窄,主动脉瓣关闭不全,脉压差减小,心动过速,,,
D,下列各项中，不属于痰饮病因的是,劳欲太过,久病体虚,外感寒湿,外感风热,饮食不当,,,
D,溶血性黄疸的主要特点是,尿胆红素阳性,尿胆原阴性,血中结合胆红素增高,血中非结合胆红素增高,血中两种胆红素均增高,,,
B,消渴的病变脏腑主要是,肺、脾、肾,肺、胃、肾,肝、脾、肾,脾、胃、肾,心、肝、肾,,,
D,郁证的主要病位是,肺,肾,心,肝,脾,,,
C,癃闭的基本病机是,肾失封藏,肾脏分清泌浊失常,膀胱气化失调,小肠泌别失调,大肠传到失司,,,
D,下列引起血清钾增高的常见情况不包括,静脉滴注大量钾盐,严重溶血,代谢性酸中毒,代谢性碱中毒,急、慢性肾衰竭,,,
B,针刺头面，胸腹部及四肢部的部分腧穴宜选,仰靠坐位,仰卧位,站立位,侧卧位,俯卧位,,,
A,针刺头面、前颈、上胸、肩臂、腿膝、足踝等部腧穴宜选,仰靠坐位,仰卧位,站立位,侧卧位,俯卧位,,,
A,治疗胃痛肝气犯胃证，应首选,柴胡疏肝散,逍遥散,越鞠保和丸,四七汤,橘皮竹茹汤,,,
D,治疗呕吐肝气犯胃证，应首选,柴胡疏肝散,逍遥散,越鞠保和丸,四七汤,橘皮竹茹汤,,,
D,肺痈初期的治法是,清热养阴，益气补肺,排脓解毒,清热解毒，化瘀消痈,疏风散热，清肺化痰,清肺解毒，化瘀排脓,,,
C,肺痈成痈期的治法是,清热养阴，益气补肺,排脓解毒,清热解毒，化瘀消痈,疏风散热，清肺化痰,清肺解毒，化瘀排脓,,,
D,郁证属于肝郁化火者，治疗应首选,二阴煎合琥珀养心丹,当归龙荟丸,柴胡疏肝散,丹栀逍遥散,朱砂安神丸,,,
B,狂证属于肝胆火热偏盛者，治疗应首选,二阴煎合琥珀养心丹,当归龙荟丸,柴胡疏肝散,丹栀逍遥散,朱砂安神丸,,,
C,治疗中风中经络，肝肾阴虚，风阳上扰证，应首选,天麻钩藤饮,半夏白术天麻汤,镇肝熄风汤,补阳还五汤,地黄饮子,,,
B,治疗眩晕痰浊中阻证，应首选,天麻钩藤饮,半夏白术天麻汤,镇肝熄风汤,补阳还五汤,地黄饮子,,,
C,心悸不安，胸闷不舒，心痛时作，痛如针刺，唇甲青紫，舌质紫暗或有瘀斑，脉涩或结或代。证属,心虚胆怯证,心血不足证,瘀阻心脉证,痰火扰心证,水饮凌心证,,,
E,心悸眩晕，胸闷痞满，渴不欲饮，小便短少，或下肢浮肿，形寒肢冷，伴恶心，欲吐，流涎，舌淡胖，苔白滑，脉象弦滑或沉细而滑。证属,心虚胆怯证,心血不足证,瘀阻心脉证,痰火扰心证,水饮凌心证,,,
E,无比山药丸主治,阴虚肺热咳血,胃热壅盛吐血,阴虚火旺尿血,肝火犯肺咳血,肾虚不固尿血,,,
A,百合固金汤主治,阴虚肺热咳血,胃热壅盛吐血,阴虚火旺尿血,肝火犯肺咳血,肾虚不固尿血,,,
D,上消化道出血时可见,水样便,米泔样便,鲜血便,柏油样便,灰白色便,,,
B,霍乱病人可见,水样便,米泔样便,鲜血便,柏油样便,灰白色便,,,
B,急性胆囊炎可出现的是,麦氏点压痛阳性,墨菲征阳性,液波震颤阳性,振水音阳性,移动性浊音阳性,,,
D,幽门梗阻可出现的是,麦氏点压痛阳性,墨菲征阳性,液波震颤阳性,振水音阳性,移动性浊音阳性,,,
C,肝脾血瘀型臌胀可见,腹大按之不坚，胁下胀满或痛，纳食减少,腹膨大如鼓，按之坚满，脘闷纳呆,腹大坚满，青筋暴露，胁腹攻痛，可触及肿块,腹大胀满，入暮尤甚，面色萎黄或（白光）白，肢冷浮肿,腹大坚满，胁腹疼痛拒按，烦热口苦，渴不欲饮,,,
B,水湿内停型臌胀可见,腹大按之不坚，胁下胀满或痛，纳食减少,腹膨大如鼓，按之坚满，脘闷纳呆,腹大坚满，青筋暴露，胁腹攻痛，可触及肿块,腹大胀满，入暮尤甚，面色萎黄或（白光）白，肢冷浮肿,腹大坚满，胁腹疼痛拒按，烦热口苦，渴不欲饮,,,
C,温和灸属于,直接灸,间接灸,艾条灸,温针灸,实按灸,,,
A,瘢痕灸属于,直接灸,间接灸,艾条灸,温针灸,实按灸,,,
A,急性重型肝炎诊断的重要依据是,凝血酶原活动度小于40%,胆红素>17.1μmol/L,碱性磷酸酶明显升高,丙氨酸转氨酶明显升高,甲胎蛋白升高,,,
E,急性重型肝炎预后良好的标志是,凝血酶原活动度小于40%,胆红素>17.1μmol/L,碱性磷酸酶明显升高,丙氨酸转氨酶明显升高,甲胎蛋白升高,,,
D,上半身前倾坐位听诊更明显的是,二尖瓣狭窄舒张中晚期隆隆样杂音,二尖瓣关闭不全收缩期吹风样杂音,主动脉狭窄收缩期吹风样杂音,主动脉瓣关闭不全舒张期叹气样杂音,胸骨左缘第2肋间机器声样连续性杂音,,,
A,左侧卧位听诊更明显的是,二尖瓣狭窄舒张中晚期隆隆样杂音,二尖瓣关闭不全收缩期吹风样杂音,主动脉狭窄收缩期吹风样杂音,主动脉瓣关闭不全舒张期叹气样杂音,胸骨左缘第2肋间机器声样连续性杂音,,,
D,属于手少阴心经的腧穴是,曲池,曲泽,尺泽,少海,小海,,,
C,属于手太阴肺经的腧穴是,曲池,曲泽,尺泽,少海,小海,,,
C,急性前间壁心肌梗死心电图表现是,病理性Q波或QS波，ST段抬高，T波倒置,心电图除aVR导联外，其他导联均呈弓背向下型抬高、T波倒置，无异常Q波出现,V1、V2、V3导联呈QS型，ST段抬高，T波双向,病理性Q波已发生半年，ST段仍持续抬高,Ⅱ、Ⅲ、aVF、Ⅴ5-6导联中Q波深而不宽,,,
A,急性心肌梗死的心电图表现是,病理性Q波或QS波，ST段抬高，T波倒置,心电图除aVR导联外，其他导联均呈弓背向下型抬高、T波倒置，无异常Q波出现,V1、V2、V3导联呈QS型，ST段抬高，T波双向,病理性Q波已发生半年，ST段仍持续抬高,Ⅱ、Ⅲ、aVF、Ⅴ5-6导联中Q波深而不宽,,,
C,患者泄泻腹痛，泻下急迫，粪色黄褐，气味臭秽，肛门灼热，烦热口渴，舌质红，苔黄腻，脉滑数。治疗应首选,白头翁汤,不换金正气散,葛根芩连汤,芍药汤,驻车丸,,,
B,患者腹痛拘急，痢下赤白黏冻，白多赤少，里急后重，脘腹胀满，舌苔白腻，脉濡缓。治疗应首选,白头翁汤,不换金正气散,葛根芩连汤,芍药汤,驻车丸,,,
B,治疗虚证耳聋的主穴是,听官、风池、行间、太溪,听官、翳风、太溪、肾俞,听会、阳池、胆俞、翳风,听会、外关、阴陵泉、肾俞,听会、翳风、中渚、侠溪,,,
E,治疗实证耳聋的主穴是,听官、风池、行间、太溪,听官、翳风、太溪、肾俞,听会、阳池、胆俞、翳风,听会、外关、阴陵泉、肾俞,听会、翳风、中渚、侠溪,,,
E,咳嗽频剧，咳痰不爽，痰黏稠，常伴有鼻流黄涕，口渴，头痛，恶风，身热，舌苔薄黄，脉浮数。其治法是,清热肃肺，润燥止咳,宣肺清热，平肝化痰,清热化痰，滋阴润肺,肃肺化瘀，化瘀通络,疏风清热，肃肺化痰,,,
A,干咳，连声作呛，痰少而黏，不易咳出，口干咽燥，初起鼻塞，头痛，微寒，身热，舌红少津，苔薄黄，脉浮数。其治法是,清热肃肺，润燥止咳,宣肺清热，平肝化痰,清热化痰，滋阴润肺,肃肺化瘀，化瘀通络,疏风清热，肃肺化痰,,,
C,治疗阴黄，应首选,茵陈蒿汤,茵陈五苓散,茵陈术附汤,鳖甲煎丸,黄芪建中汤,,,
B,治疗阳黄湿重于热，应首选,茵陈蒿汤,茵陈五苓散,茵陈术附汤,鳖甲煎丸,黄芪建中汤,,,
E,大肠俞的主治病证是,遗尿、遗精,肩背痛,胃脘痛,胸痛暴作,便秘、泄泻,,,
A,肾俞的主治病证是,遗尿、遗精,肩背痛,胃脘痛,胸痛暴作,便秘、泄泻,,,
C,治疗呕吐之脾胃虚寒证，除中脘、足三里、内关外，应配用,上脘、胃俞,合谷、金津、玉液,脾俞、胃俞,期门、太冲,丰隆、膻中,,,
A,治疗呕吐之寒吐者，除中脘、足三里、内关外，应配用,上脘、胃俞,合谷、金津、玉液,脾俞、胃俞,期门、太冲,丰隆、膻中,,,
C,治疗月经后期虚寒证，应首选,温经汤（《妇人大全良方》）,桂枝茯苓丸,艾附暖宫丸,寿胎丸,归肾丸,,,
E,治疗阴痒肝肾阴虚证，应首选,左归丸,归肾丸,保阴煎,固阴煎,知柏地黄汤,,,
E,龙胆泻肝汤所代表的治法是,疏肝理气解郁,凉血养血柔肝,疏肝理气清热,清热凉血柔肝,疏肝清热利湿,,,
A,虚劳以气虚为主时，主要病变的脏是,肺、脾,心、肾,肺、肾,脾、肾,心、肺,,,
D,"""无虚不作眩""，出自的医著是",《素问·六元正纪大论》,《金匮要略》,《丹溪心法》,《景岳全书》,《医学正传》,,,
C,下列各项中属着痹特点的是,疼痛游走不定,痛势较剧，痛有定处,关节酸痛、重着、漫肿,关节肿胀局限，见皮下结节,关节肿胀僵硬，疼痛不移,,,
B,以下哪项不属于胎萎不长的病因,血寒宫冷,气滞血瘀,气血不足,脾虚,肾虚,,,
C,桑毛虫皮炎应外用,50%百部酊,1%薄荷三黄洗剂,5%碘酒,紫金锭,青黛散油剂,,,
D,股肿之血脉瘀阻证，选方宜,血府逐瘀汤加减,桃红四物汤加减,四妙勇安汤加减,活血通脉汤加减,阳和汤加减,,,
E,患者，男性，58岁。耳聋10余年，耳中如蝉鸣，伴五心烦热，遗精盗汗，腰膝酸软，舌红少津，脉细数。治疗宜在太溪、照海、听宫的基础上，加取,气海、血海,外关、合谷,脾俞、足三里,肾俞、气海,肾俞、肝俞,,,
C,患者，男，45岁。1周前突发高热，热退后出现四肢软弱无力，舌红，苔黄，脉细数。治疗应主选的是,手足少阳经穴、夹脊穴,手足太阳经穴、夹脊穴,手足阳明经穴、夹脊穴,手足太阴经穴、夹脊穴,手足厥阴经穴、夹脊穴,,,
A,时邪疫毒由口鼻而入导致手足口病，下列错误阐述其病机的选项是,内侵肺胃,气化失司,水湿内停,与毒相搏,外透肌表,,,
E,治疗痉咳期百日咳的首选方剂是,桑菊饮,杏苏散,参苏饮,清金化痰汤,桑白皮汤,,,
A,"""产后三病""指",病痉、郁冒、大便难,潮热、盗汗、大便难,头晕、发热、小便难,呕吐、泄泻、尿闭,下血、寒热、便秘,,,
B,妊娠初期，恶心呕吐，呕吐酸苦水，胸胁满闷，口苦咽干，舌红苔黄，脉弦滑。应治以,调气和中、降逆止呕,抑肝和胃、降逆止呕,益气养阴、和胃止呕,健脾和胃、降逆止呕,养阴清热、和胃止呕,,,
C,经血非时暴下不止或淋漓不尽，最恰当的称谓是,经崩,经漏,崩漏,漏下,崩中,,,
B,产后病是指,产后百日发生与分娩或产褥有关的疾病,在新产后及产褥期内发生与分娩或产褥有关的疾病,产后3个月发生与分娩有关的疾病,产后2个月发生与分娩有关的疾病,以上都不是,,,
B,我国现存最早论述妇女解剖、生理、病理等的医书是,《经效产宝》,《内经》,《胎产书》,《金匮要略》,《诸病源候论》,,,
A,岩的主要病因病机是,正气不足,情志郁结,饮食不节,瘀血阻滞,脏腑失调,,,
B,下列哪项是产后血瘀发热最佳选方,解毒活血汤,生化汤,桃红四物汤,少腹逐瘀汤,失笑散,,,
B,泄泻的病理因素，最为多见的是,寒,湿,热,滞,脾虚,,,
E,下列哪项不属于经间期出血湿热证的临床表现,阴道出血量稍多,色深红，质黏腻,平时带下量多色黄,小腹时痛,神疲体倦,,,
A,治疗经行乳房胀痛肝肾亏虚证，应首选的方剂是,一贯煎,逍遥散,四物汤合二陈汤,沙参麦冬汤,二至丸,,,
C,臀部突然发红成片、色如涂丹，焮热肿胀，边界清楚，迅速扩大，属于,抱头火丹,流火,赤游丹毒,痈,发,,,
E,某女，小腹包块，带多色黄、臭秽，少腹及腰骶部疼痛而胀，经期加重，尿少色黄，月经量多，舌红，苔黄腻，脉弦滑数。其治法,活血散结消癥,清热解毒凉血,化痰除湿、活血消癥,行气活血，化瘀消癥,清热利湿，化瘀消癥,,,
D,患儿，见喘促气急，咳嗽痰鸣，鼻塞喷嚏，流清涕，或恶寒发热，咯痰黏稠色黄，口渴，大便干结，尿黄，舌红，苔白，脉滑数。应诊断为,肺炎喘嗽，风热闭肺型,肺炎喘嗽，毒热闭肺型,热性哮喘,哮喘，外寒内热型,痰热咳嗽,,,
A,患者，女，50岁。肩周疼痛，以肩后部为重，疼痛拒按。治疗除取肩部穴外，还应选用的是,手太阳小肠经穴,手少阳三焦经穴,足太阳膀胱经穴,足少阳胆经穴,足阳明胃经穴,,,
C,小儿不能自主控制排尿，熟睡时经常尿床，这种情况要诊断为遗尿，还应具备年龄超过,1岁,2岁,3岁,4岁,5岁,,,
D,痛经气血虚弱证的治法是,益气养血，化瘀止痛,养血益精，调经止痛,健脾益气，养血调经,益气养血，调经止痛,滋肾益精，养血止痛,,,
D,小儿肺炎喘嗽痰热闭肺证的治法是,辛温宣肺，化痰止咳,辛凉宣肺，清热化痰,开肺化痰，止咳平喘,清热涤痰，开肺定喘,清热解毒，泻肺开闭,,,
E,下列各项中皮损范围为2cm左右的是,无头疖,痈,有头疽,颜面部疔疮,有头疖,,,
D,一般不出现便血症状的疾病是,内痔,混合痔,息肉痔,外痔,肛裂,,,
C,泄泻的病变脏腑主要是,肝、胆,心、小肠,脾、胃,肺、大肠,肾、膀胱,,,
D,紫癜气不摄血证的治法是,益气养阴，内清虚热,养阴润肺，益气健脾,清暑益气，养阴生津,健脾养心，凉血止血,滋阴降火，凉血止血,,,
C,猫眼疮的特点是,群集水疱，带状分布,皮损呈多形性，对称发作，反复发作易转为慢性,皮损为具有虹膜样特征性红斑,好发于肢端，黏膜无损害，红斑浸润显著,皮损为暗红、淡紫色或皮肤色多角形扁平丘疹,,,
D,慢性前列腺炎以少腹、会阴、睾丸、腰骶隐痛者，其证候是,湿热壅阻证,阴虚火动证,肾阳不足证,气滞血瘀证,心肾不交证,,,
E,不属于疥疮的临床特点的是,皮损好发于皮肤薄嫩和皱褶处,本病传染性极强,皮疹主要为红色小丘疹、丘疱疹、小水疱、隧道、结节和结痂,夜间瘙痒剧烈,常可累及掌跖部,,,
A,皮损表现为米粒到黄豆大小的半球形丘疹，中央有脐凹，表面有蜡样光泽，破后可挤出白色乳酪样物质的疾病是,鼠乳,疣目,扁瘊,跖疣,丝状疣,,,
C,热疮的西医病名是,带状疱疹,脓疱疮,单纯疱疹,湿疹,接触性皮炎,,,
E,下列各项中不属经腹输卵管结扎术禁忌证的是,全身性急性感染性疾病、急慢性盆腔炎、腹壁皮肤感染等,身体虚弱不能胜任手术者,严重的神经官能症或对绝育手术有顾虑者,24h内测体温2次高于37.5℃,由于疾病因素，不宜生育者,,,
C,下列关于肛肠疾病好发部位的叙述，错误的是,内痔好发于齿状线上3、7、11点处,赘皮性外痔好发于肛缘6、12点处,血栓性外痔好发于肛缘6、12点处,混合痔好发于齿状线上下3、7、11点处,肛裂好发于肛管6、12点处,,,
C,治疗小儿脾虚食积首选,消乳丸,保和丸,健脾丸,异功散,不换金正气散,,,
D,蛔虫证的治疗，除驱蛔杀虫外，还应,健脾理气,补气养血,调和气血,调理脾胃,消食导滞,,,
D,下列说法哪一项是错误的,月经初潮约14岁,月经周期约28天,带经期为3～7天,经血总量为50～80ml,经血无臭味，夹少量血块,,,
E,下列属于疏肝清热利湿法的代表方剂的是,丹栀逍遥散,柴胡疏肝散,宣郁通经汤,乌药汤,清肝止淋汤,,,
A,下列各项，属于痛经气滞血瘀证临床表现的是,经行小腹胀痛拒按，乳胀胁痛，经行量少，淋沥不畅,经行小腹冷痛拒按，得热痛减，月经推后，量少,经行小腹疼痛，有灼热感，或伴有低热起伏，小便黄赤,经行小腹隐隐作痛，喜按，头晕心悸，神疲乏力,经行小腹绵绵作痛，腰骶酸痛，头晕耳鸣，面色晦暗,,,
E,患儿，3岁。8月18日急诊住院。发热4天，第1天曾见皮肤少量皮疹，次日隐退。体温40.1℃，神识昏糊，谵语妄动，抽风2次，大便3日未解。最可能的诊断是,癫痫,疫毒痢,感冒夹惊,麻疹邪陷心肝,流行性乙型脑炎,,,
C,患者，女，30岁。因心情紧张，出现大便溏稀，每日2～3次，无里急后重。胸胁胀闷，嗳气食少，舌质淡红，脉弦。治疗宜首选,四逆散,柴胡疏肝散,痛泻要方,四神丸,藿香正气散,,,
E,患者吐血量多，面色苍白，四肢厥冷，汗出，脉微。治疗首选方为,回阳救急汤,生脉饮,附子理中丸,大补元煎,独参汤,,,
B,不属于猩红热临床表现的是,咽峡炎,麻疹黏膜斑,杨梅舌,帕氏线,环口苍白圈,,,
A,下列哪项不是闭经的临床常见证型,湿热下注,痰湿阻滞,肝肾不足,气血虚弱,气滞血瘀,,,
E,月经周期提前，或经血量多，色淡红，质稀，伴有气短懒言，小腹空坠，纳少便溏，舌淡红，脉细弱，应选用的方剂是,清经散,固阴煎,丹栀逍遥散,两地汤,补中益气汤,,,
D,下列关于乳癖疼痛特点的描述，错误的是,多以胀痛为主,多在经前加重,可随情绪变化,多为隐隐作痛,可涉及肩背部,,,
D,下列各项不属典型血瘀为病的是,痔,痈肿,脱疽,漆疮,肾岩,,,
E,哪种情况可以放置宫内节育器,顺产3月后,剖宫产3月后,顺产1月后,剖宫产1月后,剖宫产半年后,,,
D,下列各项中不属肉瘿特点的是,如肉之团,发展缓慢,柔韧而圆,漫肿质软,结喉一侧或两侧结块,,,
E,下列哪项不是月经先期肝郁化热证的主症,经量或多或少,色鲜红或紫红,胸闷，乳胀,小腹疼痛拒按,精神抑郁,,,
D,对注销注册有异议的执业医师，申请复议的期限为自收到注销注册通知之日起,6个月内,3个月内,1个月内,15日内,7日内,,,
C,治疗慢性再生障碍性贫血的常用药物是,铁剂,甲泼尼松,雄激素,一叶秋碱,环孢素,,,
C,左心衰竭时，最早出现的症状是,咳嗽、咳痰、咯血,夜间阵发性呼吸困难,劳力性呼吸困难,端坐呼吸,乏力、疲倦、头昏、心慌,,,
A,关于阴疮，下列哪项是正确的,妇女外阴结块肿痛，或溃烂成疮，黄水淋沥，称为“阴疮”，又称“阴蚀”,主要病机是热毒炽盛，侵蚀外阴肌肤,病因为热毒、寒湿、气滞,只要及时治疗，可在短期内治愈,金黄散适用于阴疮已破溃者,,,
C,崩漏的常见病因是,脾虚、肾虚、肝郁、血瘀,湿热、肾虚、痰饮、血瘀,脾虚、肾虚、血热、血瘀,脾虚、肾虚、血热、气滞,气虚、肾虚、血寒、血虚,,,
C,治疗绝经妇女骨质疏松症阴虚内热证，应首选的方剂是,左归丸,大补元煎,知柏地黄丸,二仙汤,安老汤,,,
C,下列各项，不属于外热导致的妇科疾病是,月经先期,产后发热,恶阻,盆腔炎,子淋,,,
A,月经量多，经色淡红，质稀，其辨证是,气虚证,阴虚证,血虚证,阳虚证,肾虚证,,,
B,治疗经间期出血脾气虚证，应首选的方剂是,八珍汤,归脾汤,补中益气汤,人参养营丸,举元煎,,,
A,下列月经病中，除哪项外，均可由肝气郁结所致,经行身痛,经行吐衄,经行乳房胀痛,经行浮肿,经行头痛,,,
E,患者，女，40岁，已婚。每值经前1天出现大便溏泻。脘腹胀满，面浮肢肿、神疲肢软，经净渐止，舌淡红苔白，脉濡缓。治疗应首选,健固汤,香砂六君子汤,补中益气汤,白术散,参苓白术散,,,
D,患者胃脘疼痛，痛处拒按，饥时痛减，纳后痛增，兼嗳腐吞酸，矢气后疼痛减轻，大便不爽，苔厚腻、脉滑。治疗除取中脘、足三里主穴外，还宜选用,胃俞、脾俞,期门、阳陵泉,三阴交、膈俞,梁门、天枢,合谷、太冲,,,
E,治疗积滞乳食内积证的首选方是,健脾丸,七味白术散,枳实导滞丸,肥儿丸或疳积散,消乳丸或保和丸,,,
B,气滞血瘀型痛经的特点是,经前、经期小腹冷痛,经前、经期小腹胀痛,经前、经期小腹坠痛,经期、经后小腹隐痛,经期、经后小腹灼痛,,,
E,顺经汤的组成药物有,白芍、生地黄、当归、麦冬、沙参、枸杞子,白芍、当归、牡丹皮、川芎、牛膝、莪术,白芍、熟地黄、牡丹皮、茯苓、青蒿、黄柏,白芍、生地黄、地骨皮、麦冬、玄参、阿胶,白芍、熟地黄、牡丹皮、茯苓、沙参、当归,,,
B,治疗带下病肾阳虚证，应首选,完带汤,内补丸,六味地黄汤,左归丸合二至丸,止带方,,,
A,一期梅毒和三期梅毒分别又称为,硬下疳、杨梅结毒,硬下疳、杨梅疮,杨梅疮、杨梅结毒,杨梅结毒、杨梅疮,杨梅结毒、硬下疳,,,
D,治疗小儿肺炎喘嗽毒热闭肺证的首选方剂是,银翘散,清金化痰丸,麻杏甘石汤,黄连解毒汤合三拗汤,五虎汤合葶苈大枣泻肺汤,,,
D,治疗伤寒应首选的药物是,头孢唑啉,氯霉素,链霉素,环丙沙星,庆大霉素,,,
B,与月经、胎孕关系密切的经脉主要是,冲脉、督脉,冲脉、任脉,冲脉、带脉,任脉、督脉,任脉、带脉,,,
E,热疮的皮损特点是,带状分布,对称分布，多形损害，剧烈瘙痒,皮肤上浅在性脓疱和脓痂,瘙痒性风团，发无定处，骤起骤退,皮肤黏膜交界处成群的水疱,,,
C,经行泄泻肾虚证的腹泻特点是,大便溏薄，每至天亮前而泻,大便清稀，腹痛而泻,大便清稀如水，每至天亮前而泻,大便溏薄，脘腹胀满,大便清稀如水，脘腹胀满,,,
C,治疗蛔虫证的首选方剂是,追虫丸,化虫丸,使君子散,乌梅丸,驱虫粉,,,
D,下列各项中不属子淋心火偏亢证临床表现的是,妊娠期间小便频数，尿少色黄,排尿艰涩刺痛,口舌生疮，面赤心烦,面色垢黄,舌红，脉细数,,,
B,乳痈的主要病因病机中，错误的是,乳汁淤积，阻塞乳络,肝郁痰凝，积聚乳络,肝郁胃热，闭阻乳络,感受外邪，郁滞乳络,胎气上冲，蕴阻乳络,,,
D,刺四缝疗法，常用于治疗的小儿病证是,婴儿泄泻,呕吐,腹痛,疳证,积滞,,,
D,经来先期，量多，色深红或紫红，质黏稠，伴心烦，面红口干，小便黄短，大便干结，舌质红，苔黄，脉滑数，应选用的方剂是,当归地黄饮,大补元煎,丹栀逍遥散,清经散,乌药汤,,,
D,哮喘发病的内因，主要与何脏之不足关系密切,肺肾,肺脾,脾肾,肺脾肾,肺气不足,,,
A,最早记载用水银治疗皮肤病的著作是,《刘涓子鬼遗方》,《肘后备急方》,《千金方》,《霉疮秘录》,《外台秘要》,,,
A,妊娠恶阻是指,妊娠早期，出现以严重恶心呕吐为主症者,妊娠早期，出现以心中烦乱为主症者,妊娠早期，以按月仍有少量月经为主症者,妊娠早期，出现以腰酸腹痛为主症者,妊娠期，出现以小腹疼痛为主症者,,,
C,继发性闭经指,月经周期已建立后又中断6个月以下,女子年逾16周岁，月经尚未来潮,月经周期己建立后又中断6个月以上,月经不行，伴有厌食、择食、恶心呕吐，甚恶闻食气,女子已满12周岁，月经尚未来潮,,,
B,下列不属慢性心衰利尿剂应用原则的是,间歇使用,快速利尿,轻症用噻嗪类,排钾、保钾类利尿剂合用,伴肾功能不全时用袢利尿剂,,,
A,下列哪一项不属于月经病,身体无病，月经每两个月一行,月经周期紊乱，或先或后,经行小腹冷痛拒按，月经量少,经前乳房胀痛，不能触衣,月经周期正常，带经时间10天,,,
C,带下过多的主要发病机制是,外感湿邪，损及任、带，约固无力,肾气不足，封藏失职，阴液滑脱而下,湿邪影响任、带，任脉不固，带脉失约,冲任不足，湿邪下注,脾虚湿盛，流注下焦,,,
B,下列疼痛表现中，属阴的是,疼痛剧烈,隐痛,痛势迅速,疼痛游走不定,痛有定处,,,
C,患者，女性，42岁。乳房肿块，界限不清，经前乳房胀痛。应首先考虑的诊断是,乳岩,乳核,乳癖,乳痈,乳疬,,,
B,患者，22岁。月经提前8天，量多、色淡、质稀，神疲，肢软，少腹空坠，纳少便溏，舌淡苔薄，脉缓弱。其诊断是,月经过多气虚证,月经先期气虚证,崩漏脾虚证,经行泄泻脾虚证,以上均非,,,
C,患儿，见高热持续，咳嗽剧烈，气急鼻煽，甚至喘憋，涕泪俱无，鼻孔干燥如烟煤，面赤唇红，烦躁口渴，溲赤便秘，舌红而干，舌苔黄腻，脉滑数。治疗首选方剂是,羚角钩藤汤合牛黄清心丸加减,参附龙牡救逆汤加减,黄连解毒汤合三拗汤加减,五虎汤合葶苈大枣泻肺汤,银翘散合麻杏甘石汤加减,,,
A,患者，妊娠期间少量阴道出血，色淡红质稀，小腹空坠而痛，腰酸，心悸气短，神疲肢倦，舌淡苔薄白，脉细弱略滑。应选用下列哪方,胎元饮,寿胎丸,三仁汤,滋肾育胎丸,当归散,,,
E,患者，女，23岁。每至经期第3、4天出现腹痛，痛势绵绵，按则痛减，月经色淡，量少，伴面色苍白，倦怠无力，舌淡，脉细弱。治疗除三阴交外，宜选取,中极、次髎、太冲、地机,中极、次髂、归来、地机,中极、气海、悬钟、归来,足三里、气海、太溪、肾俞,足三里、气海、脾俞、关元,,,
D,下列哪项不是月经先期气虚证的主症,月经量多,色淡质稀,神疲肢软,小腹疼痛拒按,纳少便溏,,,
C,产后腹痛的分型,气虚型、血虚型,血虚型、血瘀型、虚寒型,气血两虚型、瘀滞子宫型,气血两虚型、瘀滞子宫型、虚寒型,气虚型、虚寒型,,,
D,关于冲脉，下列哪项是错误的,冲为十二经之海,冲为血海,是气血运行的要冲,是人体妊养之本,冲脉为月经之本,,,
B,异位妊娠已破损期的包块型选用下列哪方治疗,宫外孕Ⅰ号方,宫外孕Ⅱ号方,宫外孕Ⅰ号方加党参、黄芪,宫外孕Ⅱ号方加蜈蚣、全蝎、紫草,桂枝茯苓丸,,,
E,瘾疹的诊断依据错误的是,发病突然，皮损可发生于任何部位,皮损为形态不一、大小不等的红色或白色风团,自觉灼热、瘙痒剧烈,皮肤划痕试验阳性,皮损常发展成对称性,,,
E,湿疮也有不同的名称，浸淫全身、滋水较多者，其称谓是,乳头风,血风疮,粟疮,脐疮,浸淫疮,,,
C,白庀的皮损特点是,红斑边界不清，鳞屑多呈油腻状,椭圆形红斑，上覆较薄细碎鳞屑，长轴与皮纹走向一致,红斑上银白色鳞屑，有薄膜及露水样出血点,与毛囊一致的角化性红丘疹及播散性淡红色鳞屑性斑片,色素减退性圆形或椭圆形的斑片,,,
E,下列各项中不属带下过多肾阳虚证临床表现的是,带下量多，质清稀如水，终日淋漓不断,腰酸如折，小腹冷感,小便频数清长，夜间尤甚，大便溏薄,畏寒肢冷，面色晦暗,烘热汗出，头晕耳鸣,,,
C,治疗肾阴虚不孕症，应首选,毓麟珠,右归丸,养精种玉汤,开郁种玉汤,苍附导痰丸,,,
C,内痔的主要症状是,便血，排便疼痛,便血，有分泌物,便血，脱出,便血，肛门潮湿,便血，异物感,,,
B,阴痒之肝肾阴虚证的代表方是,逍遥散,知柏地黄丸,四逆散,龙胆泻肝汤,以上都不是,,,
D,治疗阴痒之肝经湿热证的代表方是,逍遥散,知柏地黄丸,四逆散,龙胆泻肝汤,以上都不是,,,
E,咳嗽伴有低热、盗汗、咯血多见于,上呼吸道感染,胸膜炎,喉头水肿,支气管扩张,肺结核,,,
D,咳嗽伴有杵状指（趾）主要见于,上呼吸道感染,胸膜炎,喉头水肿,支气管扩张,肺结核,,,
D,感冒夹滞的病变脏腑在,心、肺,肺、胃,肺、肾,脾、肺,肝、肺,,,
E,感冒夹惊的病变脏腑在,心、肺,肺、胃,肺、肾,脾、肺,肝、肺,,,
C,妊娠肿胀，又称,子病,脆脚,子肿,子气,胞阻,,,
A,妊娠恶阻，又称,子病,脆脚,子肿,子气,胞阻,,,
D,慢性肾功能衰竭主要表现除肾功能减退，代谢产物潴留外还表现,尿白细胞增多或尿菌（+）,腰痛和下腹部疼痛，寒战发热，肾区叩痛（+）,间歇性无症状性细菌尿和间歇性尿频、尿急,水、电解质及酸碱平衡紊乱,有多尿期，达3000～5000ml/天,,,
C,慢性肾盂肾炎更为常见的临床表现是,尿白细胞增多或尿菌（+）,腰痛和下腹部疼痛，寒战发热，肾区叩痛（+）,间歇性无症状性细菌尿和间歇性尿频、尿急,水、电解质及酸碱平衡紊乱,有多尿期，达3000～5000ml/天,,,
A,贫血或甲亢患者常有心尖区收缩期杂音，其产生的主要机理是,血流加速,瓣膜口狭窄,瓣膜关闭不全,异常通道,心脏内有漂浮物,,,
E,心内膜炎时心脏杂音产生的主要机理是,血流加速,瓣膜口狭窄,瓣膜关闭不全,异常通道,心脏内有漂浮物,,,
D,皮损对称分布，多形损害，剧烈瘙痒，易转为慢性。其诊断是,脓疱疮,疥疮,蛇串疮,湿疮,瘾疹,,,
C,一侧腰部皮肤有成簇状的丘疱疹，呈带状分布，疼痛剧烈。其诊断是,脓疱疮,疥疮,蛇串疮,湿疮,瘾疹,,,
B,气滞血瘀型痛经的首选方是,调肝汤,膈下逐瘀汤,少腹逐瘀汤,桃红四物汤,通窍活血汤,,,
B,气滞血瘀型闭经的首选方是,调肝汤,膈下逐瘀汤,少腹逐瘀汤,桃红四物汤,通窍活血汤,,,
B,治疗崩漏虚热证，应首选,右归丸,上下相资汤,固本止崩汤,清热固经汤,左归丸,,,
C,治疗崩漏脾虚证，应首选,右归丸,上下相资汤,固本止崩汤,清热固经汤,左归丸,,,
C,终生不来月经而能受孕者称,居经,激经,暗经,暗产,避年,,,
B,受孕初期仍按月行少量月经而无损于胎儿者称,居经,激经,暗经,暗产,避年,,,
D,可出现甲状腺肿大伴声音嘶哑的是,单纯性甲状腺肿,甲状腺功能亢进症,甲状腺腺瘤,甲状腺癌,慢性淋巴细胞性甲状腺炎,,,
B,可出现甲状腺肿大伴震颤及血管杂音的是,单纯性甲状腺肿,甲状腺功能亢进症,甲状腺腺瘤,甲状腺癌,慢性淋巴细胞性甲状腺炎,,,
D,在执业地点取得相应处方权的是,试用期的医师,实习医师,见习医师,经注册的执业医师,经注册的执业助理医师,,,
E,开具的处方须经所在执业地点执业医师签字或加盖专用签章后方有效的是,试用期的医师,实习医师,见习医师,经注册的执业医师,经注册的执业助理医师,,,
E,直接损伤冲任，导致妇科疾病的是,气血失调，脏腑功能失常,情志不畅，肝气郁结,思虑过度，劳伤心脾,阴虚肺燥，虚火内生,经期产时，感染邪毒,,,
A,间接损伤冲任，导致妇科疾病的是,气血失调，脏腑功能失常,情志不畅，肝气郁结,思虑过度，劳伤心脾,阴虚肺燥，虚火内生,经期产时，感染邪毒,,,
B,治疗麻疹初热期应首选的方剂是,黄连解毒汤,宣毒发表汤,清咽下痰汤,清解透表汤,羚角钩藤汤,,,
D,治疗麻疹出疹期应首选的方剂是,黄连解毒汤,宣毒发表汤,清咽下痰汤,清解透表汤,羚角钩藤汤,,,
D,丘脑出血（内囊内侧型）的体征是,高热,脑膜刺激征明显,脑脊液大多正常,"""三偏""征",抽搐,,,
B,蛛网膜下腔出血的体征是,高热,脑膜刺激征明显,脑脊液大多正常,"""三偏""征",抽搐,,,
B,温经汤（《妇人大全良方》）的组成成分有,生地、当归、麦冬、沙参、枸杞子,当归、丹皮、川芎、牛膝、莪术,熟地黄、丹皮、茯苓、青蒿、黄柏,生地黄、地骨皮、麦冬、玄参、阿胶,熟地黄、丹皮、茯苓、沙参、当归,,,
E,顺经汤的组成成分有,生地、当归、麦冬、沙参、枸杞子,当归、丹皮、川芎、牛膝、莪术,熟地黄、丹皮、茯苓、青蒿、黄柏,生地黄、地骨皮、麦冬、玄参、阿胶,熟地黄、丹皮、茯苓、沙参、当归,,,
E,流行性出血热可出现的症状是,黏液脓血便,米泔水样便,酒醉貌,皮肤巩膜黄染,皮肤黏膜出血点,,,
E,流行性脑脊髓膜炎的典型表现是,黏液脓血便,米泔水样便,酒醉貌,皮肤巩膜黄染,皮肤黏膜出血点,,,
B,脱疽表现为患肢酸胀疼痛加重，夜难入寐，皮色暗红或紫暗，下垂更甚，皮肤发凉干燥，肌肉萎缩，趺阳脉搏动消失。其证候是,寒湿阻络,血脉瘀阻,湿热毒盛,热毒伤阴,气阴两虚,,,
C,脱疽表现为患肢剧痛，日轻夜重，局部肿胀，皮肤紫暗，浸淫蔓延，溃破腐烂，肉色不鲜。其证候是,寒湿阻络,血脉瘀阻,湿热毒盛,热毒伤阴,气阴两虚,,,
A,具有清利头目功效的药物是,蔓荆子,葛根,柴胡,升麻,白芷,,,
D,复元活血汤中有,鳖甲,地黄,银柴胡,大黄,益母草,,,
C,哮与喘的主要鉴别点是,呼吸困难,短促急迫,喉中痰鸣,鼻翼煽动,张口抬肩,,,
B,根据藏象理论，肝其华在,面,爪,唇,毛,发,,,
E,"在""五轮学说""中，黑睛为",血轮,气轮,水轮,肉轮,风轮,,,
B,苏子降气汤用于,虚寒呃逆。呃逆不已，胸脘痞闷，舌淡苔白，脉沉迟,上实下虚之咳喘证。痰涎壅盛，咳喘短气，胸膈满闷，或腰疼脚软，或肢体浮肿，舌苔白滑或白腻，脉弦滑,胃虚有热之呃逆。呃逆或干呕，舌红嫩，脉虚数,胃气虚弱，痰浊内阻证。心下痞硬，噫气不除，或反胃呕逆，吐涎沫，舌淡，苔白滑，脉弦而虚,哮喘。咳嗽痰多气急，痰稠色黄，微恶风寒，舌苔黄腻，脉滑数,,,
B,清营汤主治证的热型是,夜热早凉,身热夜甚,日晡潮热,往来寒热,皮肤蒸热,,,
E,下列关于五脏与血液关系的叙述，错误的是,肝主藏血,脾主统血,肾精化生血,肺气助心行血,心调节血流量,,,
B,栀子具有的功效是,清热除烦，泻火解毒，利尿,泻火除烦，清热利湿，凉血解毒,泻火解毒，利尿,清热燥湿，泻火解毒，止血,清热解毒，除烦止渴，消肿止痛,,,
D,具有平肝潜阳、降逆、止血功效的药是,石决明,珍珠母,刺蒺藜,代赭石,牡蛎,,,
B,大肠的主要生理功能是,受盛,传化糟粕,化物,泌别清浊,通行元气,,,
B,肺炎链球菌肺炎胸部×线早期仅见,多数阴影需6周才完全吸收,肺纹理增粗、紊乱,早期可见病变部位的密度均匀影,肺实变期呈叶、段状密度均匀影,消散期阴影密度逐渐升高,,,
B,进展期胃癌最多见的病理类型是,弥漫浸润型,浸润溃疡型,息肉型,胃炎型,溃疡型,,,
B,水气有余，而致土气衰弱，属于下列何种关系,制己所胜,侮所不胜,侮而乘之,轻而侮之,母病及子,,,
B,具有加强足三阴、足三阳经脉与心脏联系作用的是,别络,经别,奇经,经筋,手少阴心经,,,
C,十二经脉气血充盛有余时，则渗注于,经别,别络,奇经,督脉,浮络,,,
E,中风先兆的舌态是,舌短,舌痿,弄舌,吐舌,舌强,,,
B,下列何种药物是治疗一切内外痈的要药,连翘,金银花,穿心莲,大青叶,板蓝根,,,
C,莪术与三棱共同的功效是,破血逐瘀，续筋接骨,破血续伤，补肾强骨,破血行气，消积止痛,破血通经，逐瘀消癥,破血行气，补肾强骨,,,
B,医生为门诊癌症疼痛患者开具的麻醉药品每张处方不得超过,1日常用量,3日常用量,5日常用量,7日常用量,10日常用量,,,
D,患者大便溏泻，完谷不化，畏寒肢冷，今又午后潮热，夜间盗汗。其病机是,阴盛格阳,阳盛格阴,阴损及阳,阳损及阴,阴阳亡失,,,
B,痰浊蒙蔽心窍的神志改变的特点,狂言、谵语,神昏、痴呆,悲伤欲哭,烦躁不安,以上均不是,,,
C,增液汤主治便秘的病机是,胃热肠燥,肾虚精亏,津液不足,热结阴亏,血虚肠燥,,,
C,大黄炭多用于治疗,湿热泻痢,水火烫伤,出血证,湿热黄疸,瘀血经闭,,,
C,冲任虚寒，瘀血阻滞的久不受孕，可选用,四物汤,桃红四物汤,温经汤,生化汤,桂枝茯苓丸,,,
D,银翘散组成的药物中，除银花、连翘、荆芥穗、桔梗、牛蒡子、鲜苇根外，其余的药物是,竹叶、杏仁、淡豆豉、甘草,苏叶、淡豆豉、杏仁、甘草,薄荷、杏仁、淡豆豉、甘草,薄荷、竹叶、淡豆豉、甘草,薄荷、杏仁、竹叶、甘草,,,
D,由石膏、知母、粳米、甘草组成的方剂是,玉女煎,黄连解毒汤,蒿芩清胆汤,白虎汤,竹叶石膏汤,,,
A,牛膝用于引火下行时，用法宜选用,生用,炒用,煨用,酒炙,醋炙,,,
A,神曲的功效是,消食和胃,消食化积，行气散瘀,消食除胀，降气化痰,消食健胃，回乳消胀,消食健胃，疏肝解郁,,,
A,患者，女，30岁。因月经量多1年，出现贫血表现，拟诊断为缺铁性贫血，做血清铁蛋白测定，出现哪项数值可作为缺铁的依据,小于12μg/L,大于12μg/L,小于15μg/L,小于150μg/L,小于200μg/L,,,
D,张某，男性，56岁。呕吐反复发作，或时作干呕，似饥而不欲食，口燥咽干，舌红少津，脉细数。此病证的证机概要是,肝气不疏，横逆犯胃，胃失和降,脾胃气虚，纳运无力，胃虚气逆,脾胃虚寒，失于温煦，运化失职,胃阴不足，胃失濡润，和降失司,痰饮内停，中阳不振，胃气上逆,,,
C,以下哪味是半夏泻心汤和苏子降气汤都含有的药物,厚朴,生甘草,半夏,干姜,生姜,,,
A,积于胸中之气，称为,宗气,中气,元气,营气,卫气,,,
B,组成药物中不含有当归的方剂是,消风散,泻白散,一贯煎,清胃散,黄龙汤,,,
A,辛凉解表平剂代表方为,银翘散,桑菊饮,白虎汤,麻黄杏仁甘草石膏汤,小青龙汤,,,
C,下列哪个方剂中使用了碧玉散,清暑益气汤,桂苓甘露饮,蒿芩清胆汤,甘露消毒丹,鸡苏散,,,
D,肾气丸组成中含有而六味地丸组成中不含有的药物是,地黄,茯苓,山茱萸,桂枝,牡丹皮,,,
C,凡两经或三经的病证同时出现者为,卒发,伏发,合病,并病,直中,,,
C,热极生风的特点是,手足蠕动,肢麻震颤,角弓反张,肢体麻木，手足拘挛,上重下轻,,,
D,"""壮水之主，以制阳光""，属于下列何种治法",阳中求阴,热者寒之,阴中求阳,阳病治阴,寒者热之,,,
C,功效为养血敛阴、柔肝止痛、平抑肝阳的药物是,当归,人参,白芍,阿胶,熟地黄,,,
D,在《传染病防治法》中属于乙类传染病分类，但依法采取甲类传染病的预防、控制措施的是,梅毒,艾滋病,肺结核,肺炭疽,病毒性肝炎,,,
C,患者，男，75岁。喘促气短，声低气怯，咳声低弱，咳痰稀白，自汗畏风，烦热而渴，面颧潮红，舌淡红苔薄白，脉弱无力。其治法为,清热化痰宣肺,祛痰降逆宣肺,补肺益气养阴,开郁降气平喘,以上均非,,,
D,久病气虚，不能运化水湿而致痰饮内生，辨证属于,因实致虚,实中夹虚,上实下虚,因虚致实,以上均不对,,,
E,咳而少痰，甚则咯血，伴胸胁灼痛，烦热口苦，证属,肝火上炎,肺阴虚,热邪壅肺,燥邪犯肺,肝火犯肺,,,
B,在下列症状中，哪项不符合脾肺气虚的临床表现,咳喘短气，痰稀色白,胸闷，善太息,食欲不振，腹胀便溏,倦怠乏力，少气懒言,舌质淡，苔白，脉弱,,,
B,以下哪项是清燥救肺汤含有的药物,桑叶、杏仁、沙参,阿胶、人参、麦冬,桑叶、杏仁、浙贝母,半夏、人参、麦冬,玄参、麦冬、枇杷叶,,,
C,血府逐瘀汤中有,白芍,熟地,牛膝,三棱,水蛭,,,
B,甘露消毒丹除清热解毒外，还具有的功用是,利水通淋,利湿化浊,分清化浊,利水消肿,利水渗湿,,,
A,下列不属于地黄饮子主治的是,风痰阻络,下元虚衰,痰浊上泛之喑痱证,舌强不能言,足废不能用,,,
E,以疏肝解郁、行气止痛为功用的方剂是,左金丸,半夏泻心汤,丹参饮,失笑散,柴胡疏肝散,,,
D,下列各项除哪项外，均为八正散的组成药物,大黄、山栀子,瞿麦、萹蓄,木通、灯心草,茯苓、泽泻,滑石、车前子,,,
B,下列各项除哪项外，均是暖肝煎的组成药物,沉香,木香,肉桂,当归,枸杞,,,
B,清气化痰丸的主治证候不包括,咳嗽气促,舌苔白腻,气急呕恶,咳嗽痰黄,脉象滑数,,,
E,由飞滑石、淡黄芩、绵茵陈、石菖蒲、川贝母、木通、藿香、连翘、白蔻仁、薄荷、射干组成的方剂是,平胃散,三仁汤,茵陈蒿汤,藿香正气散,甘露消毒丹,,,
D,下列何项与肝的疏泄关系最不密切,情志,消化,血行,呼吸,生殖,,,
C,"所以称""肝肾同源""，是因为",水能涵木,津血同源,精血互化,金水相生,气血相生,,,
A,《素问·宣明五气篇》提出：久卧伤,气,血,肉,精,筋,,,
B,戴阳证的病机是,阴虚内热,虚阳浮越,脏腑实热,外感风热,阴虚火旺,,,
C,痰饮停胃而吐，其呕吐物的特征是,秽浊酸臭,清稀无臭,清水痰涎,黄绿苦水,酸腐食臭,,,
A,独活与威灵仙均具有的功效是,祛风湿，止痛,祛风湿，止痉,祛风湿，消骨鲠,祛风湿，退虚热,祛风湿，清湿热,,,
C,艾叶除了具有温经止血、散寒调经之功效外，还兼有,止痢,截疟,安胎,补虚,利尿,,,
A,患者，女，40岁。反复低热半年余，伴双手腕关节及掌指关节肿痛，晨起关节有胶黏着样感觉。近日症状加重。查体：脚踝部可见大小不一、无压痛的皮下结节。伴心包炎及肺间质病变。实验室检查：血白细胞8.5×109/L，血红蛋白80g/L，红细胞沉降率98mm/h，ANA（-），RF(+)。已应用布洛芬、甲氨蝶呤、雷公藤多苷等药物规范治疗。进一步治疗措施是,加用糖皮质激素,加用环磷酰胺,关节成形术,关节置换术,滑膜切除术,,,
D,患者，女，62岁。久喘不愈，平素短气息促，动则为甚，吸气不利，心慌，脑转耳鸣，腰酸膝软，劳累后喘哮易发。治疗宜首选,温补肾阳,健脾益肾,滋阴益肾,补肺益肾,补益精血,,,
A,"""动极者，镇之以静；阴亢者，胜之以阳""是",阴阳对立制约,阴阳互根互用,阴阳消长平衡,阴阳相互转化,阴阳相互交感,,,
A,"""肾者，胃之关也""主要是针对",肾主宰水液代谢的作用,肾中精气的蒸腾气化作用,肾司二便的作用,肾的固摄作用,以上都不是,,,
B,"""见痰休治痰而治气""的理论基础是",气能生津,气能行津,气能摄津,津能载气,津能生气,,,
E,与舌体无直接联络的经脉是,手少阴心经,足太阴脾经,足少阴肾经,足厥阴肝经,手太阴肺经,,,
A,热甚伤津，气血壅滞，其舌质可见,绛紫而干枯,青紫而湿润,青紫而晦暗,舌绛而津润,红绛有芒刺,,,
D,下列脉象，脉位不偏沉的是,弱脉,伏脉,牢脉,芤脉,沉脉,,,
D,"""津血同源""的理论依据是",同为营气化生,同为元气化生,同为宗气化生,同为水谷精微化生,可属阴液，生理功能相同,,,
D,"""元气""又称",正气,营气,卫气,真气,宗气,,,
B,苦杏仁的归经是,肺经、心经、大肠经,肺经、大肠经,胃经、肺经,脾经、大肠经、心经,肺经、脾经,,,
B,牡蛎散中功专收敛止汗的药物是,煅牡蛎,麻黄根,五味子,小麦,生黄芪,,,
A,三焦的生理功能是,通行元气,传化水谷,化生精气,调畅气机,宣发肃降,,,
C,下列药物除哪项以外均有止呕作用,半夏,藿香,佩兰,白豆蔻,竹茹,,,
D,对全身水液的调节起着主宰作用的是,胃的游溢精气,肺的通调水道,脾的运化水液,肾的蒸腾气化,肝的疏泄条达,,,
C,属阳中之阳的脏是,肺,肝,心,脾,肾,,,
D,五苓散中桂枝的作用是,发汗解表,温心阳，通心脉,温经通脉,温阳化气,调和营卫,,,
C,"从""虚里""处的搏动状况，可诊察何种气的盛衰",营气,卫气,宗气,肺气,中气,,,
D,下列各药，既能运脾消食、又能化坚消石的药物是,山楂,神曲,麦芽,鸡内金,莱菔子,,,
D,真武汤的组成药物中含有,熟地黄,阿胶,当归,芍药,生地黄,,,
E,消风散的组成药物中含有,防风、羌活,荆芥、白芷,防风、细辛,白芍、木通,知母、石膏,,,
A,黄连解毒汤中泻心火、清中焦湿热的药物是,黄连,黄芩,黄柏,栀子,金银花,,,
E,炙甘草汤中具有补血作用的药物是,熟地黄,白芍,龙眼肉,当归,阿胶,,,
C,越鞠丸所治郁证的成因包括,风、寒、暑、湿、燥、火,风、寒、痰、湿、燥、食,气、血、痰、火、食、湿,气、血、痰、热、食、湿,气、血、痰、火、暑、燥,,,
C,当归补血汤原方中，当归与黄芪的配伍用量比例是,1:01,1:02,1:05,1:07,2:01,,,
E,具有滋补肝肾，益精明目功效的药物为,天冬,麦冬,玉竹,北沙参,枸杞子,,,
A,患者，男，25岁。呕吐吞酸，嗳气频繁，胸胁胀痛，舌淡红，苔薄，脉弦。其治疗应选用,四七汤,香砂六君子汤,七味白术散,理中汤,黄芪建中汤,,,
C,孙某，男性，38岁，遍体浮肿，皮肤绷急光亮，胸脘痞闷，烦热口渴，小便短赤，大便干结，舌红，苔黄腻，脉濡数。其诊断是,癃闭膀胱湿热证,淋证劳淋,水肿湿热壅盛证,水肿脾阳虚衰证,癃闭脾气不升证,,,
C,精气生万物的机制是天地阴阳二气的,互根互用,对立制约,交感合和,消长平衡,相互转化,,,
B,"""五志相生""中的""怒""所胜的志是",恐,思,惊,悲,忧,,,
E,五脏关系中具有阴阳互资的两脏是,心与肺,心与肾,肺与脾,脾与肾,肺与肾,,,
A,上肢内侧经脉循行正确的是,太阴经、厥阴经、少阴经,太阴经、少阴经、厥阴经,厥阴经、太阴经、少阴经,阳明经、少阳经、太阳经,阳明经、太阳经、少阳经,,,
B,桑杏汤证的病因病机是,凉燥外袭，肺失宣降,温燥外袭，肺津被灼,温燥伤肺，气阴两伤,肺肾阴虚，虚火上炎,肝肾阴虚，虚火上炎,,,
C,清燥救肺汤证的病因病机是,凉燥外袭，肺失宣降,温燥外袭，肺津被灼,温燥伤肺，气阴两伤,肺肾阴虚，虚火上炎,肝肾阴虚，虚火上炎,,,
C,太阴之为病,脉微细，但欲寐也,消渴，气上撞心，心中疼热，饥而不欲食，食则吐蛔，下之利不止,腹满而吐，食不下，自利益甚，时腹自痛,口苦，咽干，目眩也,胃家实是也,,,
B,厥阴之为病,脉微细，但欲寐也,消渴，气上撞心，心中疼热，饥而不欲食，食则吐蛔，下之利不止,腹满而吐，食不下，自利益甚，时腹自痛,口苦，咽干，目眩也,胃家实是也,,,
B,功能解表兼能除烦的药物是,牛蒡子,淡豆豉,栀子,葛根,芦根,,,
A,功能透疹兼能解毒的药物是,牛蒡子,淡豆豉,栀子,葛根,芦根,,,
C,患者壮热面赤，烦渴引饮，汗出恶热，脉洪大有力。治宜选用,竹叶石膏汤,清营汤,白虎汤,凉膈散,银翘散,,,
A,患者身热多汗，心胸烦闷，气逆欲呕，口干喜饮，气短神疲，舌红少苔，脉虚数者。治宜选用,竹叶石膏汤,清营汤,白虎汤,凉膈散,银翘散,,,
A,肺的募穴是,中府,巨阙,膻中,中极,中脘,,,
D,膀胱的募穴是,中府,巨阙,膻中,中极,中脘,,,
B,善温中降逆止呃者是,附子,丁香,干姜,吴茱萸,细辛,,,
D,善暖肝散寒者是,附子,丁香,干姜,吴茱萸,细辛,,,
A,治疗湿热或饮食积滞，泻痢腹痛，里急后重，宜选用,木香,香附,乌药,沉香,川楝子,,,
C,治疗肾阳不足，膀胱虚寒，遗尿、尿频，宜选用,木香,香附,乌药,沉香,川楝子,,,
D,"治疗""太阳膀胱蓄血""证的代表方剂是",大承气汤,败毒散,补中益气汤,桃核承气汤,麻子仁丸,,,
B,"被喻嘉言称为""逆流挽舟""之法的方剂是",大承气汤,败毒散,补中益气汤,桃核承气汤,麻子仁丸,,,
E,普济消毒饮的配伍含有,透热转气,凉血散血,泻下清上,补泻兼施,火郁发之,,,
C,凉膈散的配伍含有,透热转气,凉血散血,泻下清上,补泻兼施,火郁发之,,,
D,具有“主津”功能的是,胆,胃,小肠,大肠,膀胱,,,
C,具有“主液”功能的是,胆,胃,小肠,大肠,膀胱,,,
B,具有“通降”作用的是,胆,胃,小肠,大肠,膀胱,,,
A,患者咳嗽无力，呼多吸少，气短而喘，自汗耳鸣，舌淡脉弱。其证候是,肺肾气虚,肺气虚,脾肺气虚,心肺气虚,肾气不固,,,
D,患者胸闷咳嗽，心悸，神疲乏力，自汗声低，舌淡脉弱。其证候是,肺肾气虚,肺气虚,脾肺气虚,心肺气虚,肾气不固,,,
D,参苏饮的功用是,解肌发表，透疹解毒,益气解表，祛风散寒,散寒祛湿，益气解表,益气解表，理气化痰,扶正解表，祛风除湿,,,
C,败毒散的功用是,解肌发表，透疹解毒,益气解表，祛风散寒,散寒祛湿，益气解表,益气解表，理气化痰,扶正解表，祛风除湿,,,
B,治疗气虚发热的代表方剂是,四君子汤,补中益气汤,参苓白术散,当归补血汤,生脉散,,,
D,治疗血虚发热的代表方剂是,四君子汤,补中益气汤,参苓白术散,当归补血汤,生脉散,,,
C,主泌别清浊的是,胆,胃,小肠,大肠,三焦,,,
C,"被称为""受盛之官""的是",胆,胃,小肠,大肠,三焦,,,
E,具有凉血止血功效的药物是,仙鹤草,白及,三七,炮姜,侧柏叶,,,
D,具有温经止血功效的药物是,仙鹤草,白及,三七,炮姜,侧柏叶,,,
C,车前子、旋覆花入汤剂宜,久煎,先煎,包煎,溶化,另煎,,,
D,蜂蜜、饴糖入汤剂宜,久煎,先煎,包煎,溶化,另煎,,,
E,既能祛风湿，又能强腰膝的药物是,防己,威灵仙,木瓜,独活,狗脊,,,
B,既能祛风湿，又能消骨鲠的药物是,防己,威灵仙,木瓜,独活,狗脊,,,
C,具有发散作用的药物其药味一般是,苦味,咸味,辛味,甘味,酸味,,,
E,具有收敛固涩作用的药物其药味一般是,苦味,咸味,辛味,甘味,酸味,,,
D,提示肝癌伴有上消化道出血的表现是,胸痛、气短,右上腹部血管杂音,突发急性腹痛,呕血、黑粪,意识障碍,,,
B,发生职业中毒事件时，要求有关单位向所在地县级人民政府卫生行政主管部门报告的时限为,1小时内,2小时内,3小时内,4小时内,5小时内,,,
B,发生不明原因的群体性疾病时，要求有关单位向所在地县级人民政府卫生行政主管部门报告的时限为,1小时内,2小时内,3小时内,4小时内,5小时内,,,
B,医疗卫生机构和有关单位发生或者可能发生重大食物和职业中毒事件的，向所在地卫生行政主管部门报告的时限是,1小时内,2小时内,3小时内,4小时内,5小时内,,,
B,"""益火之源，以消阴翳""的治法，适用于",阴虚则热,阳虚则寒,通因通用,塞因塞用,寒因寒用,,,
A,"""壮水之主，以制阳光""的治法，适用于",阴虚则热,阳虚则寒,通因通用,塞因塞用,寒因寒用,,,
B,郁金具有的功效是,活血行气，祛风止痛,活血行气，清心凉血,活血调经，除烦安神,活血通经，清热解毒,活血通经，祛瘀止痛,,,
E,红花具有的功效是,活血行气，祛风止痛,活血行气，清心凉血,活血调经，除烦安神,活血通经，清热解毒,活血通经，祛瘀止痛,,,
C,脾在志为,怒,喜,思,悲,恐,,,
D,肺在志为,怒,喜,思,悲,恐,,,
C,濡养肌肉，与四肢强健与否关系密切的是,肝的功能,心的功能,脾的功能,肺的功能,肾的功能,,,
E,能够推动和调节脏腑气化是,肝的功能,心的功能,脾的功能,肺的功能,肾的功能,,,
A,慢性肾衰竭时最常见的电解质紊乱是,代谢性酸中毒、高血磷、低血钙,代谢性碱中毒、低血磷、低血钙,代谢性酸中毒、高血钾、高血钙,代谢性酸中毒、高血磷、高血钙,代谢性碱中毒、低血钾、低血钙,,,
B,下列哪项不符合胸壁疾患所致胸痛的特点,疼痛部位较固定,因情绪激动而诱发,高举双臂时可加剧,局部有压痛,深呼吸或咳嗽可加剧,,,
E,对传染病实施医疗救治活动，医疗机构应当实行传染病,检疫制度,预警制度,监测制度,情况通报制度,预检、分诊制度,,,
C,二陈汤的功用是,清热化痰，宽胸散结,燥湿行气，软坚化痰,燥湿化痰，理气和中,理气化痰，清胆和胃,清热化痰，理气止咳,,,
D,小儿泄泻脾肾阳虚型的治法为,健脾益气，酸甘敛阴,挽阴回阳，救逆固脱,健脾温阳，助运止泻,温补脾肾，固涩止泻,补肾滋阴，平肝降火,,,
B,患者，男，25岁。患糖尿病3年，在家中使用胰岛素治疗，1小时前患者昏迷。检查：皮肤湿冷，血压110/70mmHg，尿素氮4.3mmol/L，二氧化碳结合力21mmol/L。应首先考虑的是,糖尿病酮症酸中毒,低血糖反应,糖尿病高渗性昏迷,急性脑血管病,尿毒症,,,
D,患儿，3岁。患乙脑第8天，低热不退，颧红盗汗，失语，手足蠕动，舌红绛苔无，脉细数。临床辨证是,心阴虚,肾阴虚,肝阳化风,阴虚动风,血虚动风,,,
D,下列各项，可引起血压升高的是,肾上腺皮质功能减退,心包填塞,缩窄性心包炎,肾上腺髓质肿瘤,急性心肌梗死,,,
A,肺结核原发综合征的原发灶早期是,渗出性病变,纤维条索,肿块,增殖性病灶,空洞,,,
A,EHF少尿期的治疗应特别注意,限制静脉输液量,使用利尿剂,纠正低血钠,出血的处理,纠正心力衰竭,,,
E,急性心肌梗死发生心脏破裂的部位是,左心房游离壁,右心房游离壁,室间隔,房间隔,心室游离壁,,,
B,肾病综合征患者的大量蛋白尿是指24小时一的尿蛋白定量大于,3g,3.5g,2g,2.5g,4g,,,
C,糖尿病慢性并发症中，属于微血管病变的是,糖尿病性冠心病,糖尿病性脑血管病,糖尿病肾病,糖尿病足,糖尿病下肢动脉硬化闭塞症,,,
B,动脉粥样硬化性脑梗死最常发生的动脉是,大脑前动脉,颈内动脉及大脑中动脉,基底动脉,大脑后动脉,椎-基底动脉,,,
D,在自然疫源地计划兴建水利、交通等大型建设项目，应事先对施工环境进行卫生调查的机构是,省级以上卫生监督部门,省级以上卫生行政部门,省级以上环境保护部门,省级以上疾病预防控制机构,省级以上医疗机构,,,
D,COPD急性加重期控制性氧疗应达到的满意的氧合水平是,"PaO2>40mmHg,SaO2>70%","PaO2>50mmHg,SaO2>80%","PaO2>60mmHgg,SaO2>80%","PaO2>60mmHg,SaO2>90%,","PaO2>65mmHg,SaO2>95%",,,
B,关于热型的说法错误是,伤寒常为稽留热,弛张热是指体温在39℃以上，一天内波动不超过2℃,间歇热是发热期和无热期交替出现,肺结核常为不规则热,发热不一定是感染引起的,,,
A,上腹部可见到明显蠕动波，可能为,幽门梗阻,小肠梗阻,结肠梗阻,胃肠胀气,胆道蛔虫症,,,
E,医患沟通的重要意义不是,医学目的的需要,医学诊断、临床治疗的需要,医学人文精神的需要,减少纠纷的需要,增加经济效益的需要,,,
D,至宝丹主治,热闭证,热盛动风证,邪热内陷心包证,痰热内闭心包证,瘀热内闭心包证,,,
E,胸部满痛，甚至胸痛彻背，喘息咳唾，短气，舌苔白腻，脉沉弦者，宜选用的方剂为,温经汤,炙甘草汤,血府逐瘀汤,半夏泻心汤,瓜蒌薤白白酒汤,,,
C,右归丸功用为,补肾助阳,温补肾阴，填精益髓,温补肾阳，填精益髓,温补肾阳，滋补肝肾,补肾助阳，开窍化痰,,,
B,患者，男，64岁。头晕、心悸4～5年，心尖搏动向左下移位，呈抬举性搏动，于胸骨左缘第3、4肋间闻及叹气样舒张期杂音，为递减型，向心尖传导，在心尖区闻及隆隆样舒张早期杂音，股动脉可闻及射枪音。首先考虑的诊断为,二尖瓣狭窄,主动脉瓣关闭不全,二尖瓣关闭不全,主动脉瓣狭窄,室间隔缺损,,,
B,病毒性乙肝炎抗病毒治疗常用药物是,阿卡明,干扰素,白细胞介素-2,强力宁,猪苓多糖,,,
C,对于消化道传染病起主导作用的预防措施是,隔离、治疗患者,发现治疗带菌者,切断传播途径,疫苗预防接种,接触者预防用药,,,
C,哮喘持续状态是指严重哮喘持续时间在,12小时以上,20小时以上,24小时以上,48小时以上,72小时以上,,,
B,洋地黄中毒引起的心律失常最常见的是,房性期前收缩,室性期前收缩,室上性心动过速,室性心动过速,房室传导阻滞,,,
C,尿路感染多发于,女婴,老年妇女,已婚育龄妇女,男性,老年男性,,,
D,诊断癫痫主要依靠,神经系统检查,头颅×线片,脑脊液检查,病史,脑电图检查,,,
A,椎-基底动脉系统短暂性脑缺血发作时不可能出现的症状是,失写,眩晕,构音障碍,复视,交叉瘫,,,
A,对口服有机磷农药中毒的患者，清除其未被吸收毒物的首要方法是,洗胃和导泻,利尿和导泻,腹膜透析,血液净化,静注50%葡萄糖溶液,,,
A,血管紧张素转换酶抑制剂治疗慢性心力衰竭的机制足,阻断心肌重塑,减慢心率,增强心肌收缩力,增加排尿量,心肌β受体密度上调,,,
A,可反应类风湿关节炎活动性的实验室检查是,C反应蛋白检测,血液一般检查,类风湿因子测定,抗核抗体测定,免疫蛋白抗体测定,,,
E,奥美拉唑治疗消化性溃疡的机制是,拮抗H2受体作用,拮抗胆碱能受体作用,拮抗胃泌素受体作用,促进胃黏液分泌作用,抑制H+-K+-ATP酶活性,,,
B,诊断慢性阻塞性肺疾病(COPD)的必要条件是,胸部×线片示肺纹理增粗紊乱,肺功能检查示阻塞性通气功能障碍,长期大量吸烟史,高分辨CT示肺气肿改变,肺总量下降,,,
A,类风湿关节炎的基本病理改变是,滑膜炎,浆膜炎,血管炎,皮下结节,关节囊炎,,,
C,腹部叩诊出现移动性浊音，应首先考虑诊断为,急性胃炎,幽门梗阻,肝硬化门静脉高压症,巨大卵巢囊肿,尿潴留,,,
A,医患关系出现“人机化”趋势的最主要原因是,医生对物理、化学等检测诊断手段的依赖性,医院分科越来越细，医生日益专科化,医患双方相互交流的机会减少,医生降低了对患者的重视,医患交流中出现了屏障,,,
E,不属于医生义务的内容是,承担诊治的义务,解释说明的义务,保密的义务,对患者进行健康教育的义务,医学管理的义务,,,
D,下列各项，不属于艾滋病典型表现的是,口腔念珠菌感染,长期发热,头痛，进行性痴呆,皮肤黏膜出血,慢性腹泻,,,
A,我国制定颁布基本法律的立法机关是,全国人民代表大会,全国人民代表大会常委会,最高人民法院,中华人民共和国国务院,中华人民共和国国务院法制局,,,
B,医疗用毒性药每次处方剂量不得超过,1日极量,2日极量,3日极量,5日极量,7日极量,,,
D,夜啼的主要病变脏腑是,心、肝,心、肾,肝、脾,心、脾,肝、肾,,,
B,患者，男，32岁。牙龈肿痛已3天，烦热，口渴饮冷，大便干，3日未行，小便黄少，舌红苔黄，脉弦。临床诊断最可能是,心火亢盛证,胃火亢盛证,大肠热结证,阳明腑实证,小肠实热证,,,
D,患者，男，50岁。患慢性肾炎已7年，今年入冬以来，水肿明显，下肢肿甚，按之凹陷不起，腰膝发冷，小便不利，面色苍白，神疲倦卧，畏寒肢冷，大便稀，舌淡胖有齿痕，苔白润，脉沉迟，尺部甚。辨证是,脾气虚,脾阳虚,肾气不固,肾阳虚,肾不纳气,,,
C,下列各项，属非感染性发热的是,结核病,腮腺炎,风湿热,回归热,猩红热,,,
C,胆道蛔虫病引起腹痛的特征是,上腹部灼痛,右上腹部绞痛,剑突下钻顶样痛,上腹部锐痛,节律性上腹隐痛,,,
C,下列各项，不属现病史中主要症状特点描述范围的是,部位,性质,发展与演变,持续时间,程度,,,
C,黄疸较轻时，首先出现的部位是,手掌皮肤,足掌皮肤,巩膜及软腭黏膜,胸部皮肤,腹部皮肤,,,
C,移动性浊音阳性，提示腹水量,500ml以上,800ml以上,1000ml以上,1200ml以上,1500ml以上,,,
B,胃肠穿孔应采取,卧位腹×线片,立位腹透或立位腹×线片,卧位腹透,盆腔相,腹侧×线片,,,
E,下列有关传染病基本特征的叙述，错误的是,有病原体,有传染性,有流行病学特征,有感染后免疫,有易感人群,,,
C,艾滋病患者最常见的肿瘤是,白血病,卡波济肉瘤,卡波济肉瘤和淋巴瘤,霍奇金淋巴瘤,结肠癌和肺癌,,,
C,下列各项，不属艾滋病诊断依据的是,反复出现带状疱疹,间歇或持续发热1个月以上,大便隐血持续阳性,口腔念珠菌感染,播散性单纯性疱疹感染,,,
C,十二指肠溃疡并发症不包括,急性穿孔,慢性穿孔,癌变,幽门梗阻,出血,,,
B,可出现于所有急性肾小球肾炎病例的临床表现是,尿常规检查尿蛋白阳性,肉眼或镜下血尿,高血压,水肿,肾功能损害,,,
A,慢性肾功能不全氮质血症期多有的症状是,轻度乏力、食欲减退、轻度贫血,高血钾,高血磷,低血钙,酸中毒,,,
E,下列食物中含铁量最低的是,豆类,蛋类,动物肝,海带,奶类,,,
D,利用智商、诊断学的标准来测定智能、生理方面的人性质量，属于生命质量标准中的,主要质量,根本质量,核心质量,操作质量,理论质量,,,
A,在辅助检查中，临床医师的道德要求不包括,消毒隔离、防止感染,需要出发、目的纯正,知情同意、尽职尽责,综合分析、切忌片面,密切联系、加强合作,,,
A,"医患关系出现""物化""趋势的最主要原因是",医师对物理、化学等检测诊断手段的依赖性,医院分科越来越细，医师日益专科化,医患双方相互交流的机会减少,医师降低了对患者的重视,医患交流中出现了屏障,,,
D,受理执业医师注册申请的卫生行政部门，对应当准予注册的，准予注册期限是,自收到申请之日起7天内,自收到申请之日起10天内,自收到申请之日起15天内,自收到申请之日起30天内,自收到申请之日起60天内,,,
D,中医药教育机构临床教学基地标准的制定部门是,国务院,国务院卫生行政部门,国务院教育行政部门,国务院中医药管理部门,国务院卫生行政部门会同国务院各部门,,,
B,COPD患者长期家庭氧疗的氧流量是,0.5～1L/min,1～2L/min,1.5～2.5L/min,2～3L/min,3.5～4.5L/min,,,
D,下列各项除哪项外，均可出现肝颈静脉回流征阳性,右心衰竭,缩窄性心包炎,心包积液,上腔静脉阻塞综合征,肺心病,,,
B,下述各项中属于医生违背医学道德原则的是,医生对患者的呼叫或提问给予应答,医生的行为使某个患者受益，但却给别的患者带来了损害,妊娠危及母亲的生命时，医生给予引产,医生给患者实施必要的检查或治疗,医生尊重患者不是指满足患者的一切要求,,,
C,突发公共卫生事件是指突然发生，造成或者可能造成社会公众健康严重损害的重大,公众安全事件,领导责任事件,传染病疫情,医疗机构事故,矿山安全事件,,,
A,组成药物中不含当归的方剂是,定喘汤,苏子降气汤,暖肝煎,温经汤,生化汤,,,
D,以热退疹出为特征的疾病是,丹痧,手足口病,麻疹,奶麻,风痧,,,
E,口疮风热乘脾证，治疗首选,桑菊饮,泻白散,导赤散,白虎汤,银翘散,,,
D,患者，女，15岁。春季去公园赏花后，突然鼻痒、打喷嚏，继之出现带哮鸣音的呼气性呼吸困难，喉中发出哮鸣音。诊断应考虑,喘息型慢性支气管炎,心源性哮喘,慢性鼻炎,支气管哮喘,支气管扩张,,,
D,下列各项，属脑膜刺激征的是,拉塞格征,巴宾斯基征,奥本海姆征,凯尔尼格征,霍夫曼征,,,
D,近年来痢疾杆菌较敏感的抗菌药物是,卡那霉素,庆大霉素,四环素,喹诺酮类,氨苄青霉素,,,
D,肝硬化患者出现全血细胞减少的最主要原因是,造血功能抑制,营养吸收障碍,血容量增加，血液稀释,脾功能亢进,肝肾综合征,,,
D,被《生命伦理学百科全书》列为世界古典医药道德文献之一的是,《伤寒杂病论》序言,《大医精诚》,《医门法律》,《医家五戒十要》,《医说》,,,
A,从总的方面来说，患者享有的保密权有两大内容,为自己保密和向自己保密,疾病情况和治疗决策,躯体缺陷和心理活动,个人隐私和家庭隐私,不良诊断和不良预后,,,
D,慢性肺源性心脏病的首要死亡原因是,休克,消化道出血,功能性肾衰竭,肺性脑病,心律失常,,,
B,患儿胸骨下部显著前突，左、右胸廓塌陷，肋骨与肋软骨交界处变厚增大，上下相连呈串珠状。其诊断是,肺结核,佝偻病,肺气肿,肺不张,肋软骨炎,,,
C,脑脊液检验的适应证应除外,有脑膜刺激征,疑有颅内出血,疑有颅内压显著增高,疑有脑膜白血病,有剧烈头痛、昏迷、抽搐或瘫痪等症状及体征而考虑为神经系统疾患时,,,
D,病理性蛋白尿，可见于,剧烈活动后,严重受寒,精神过度紧张,妊娠高血压,假性蛋白尿,,,
E,医学伦理学作为一门独立的学科出现的标志是,《黄帝内经》,《妙闻集》,《备急千金要方》,《希波克拉底誓言》,《医学伦理学》,,,
A,中医四诊的道德要求是,安神定志,认真负责,保守医密,知情同意,尊重患者,,,
C,提出生物-心理-社会医学模式的医学家是,奥斯勒,巴甫洛夫,恩格尔,佛莱明,班廷,,,
D,下列关于暴发型流脑的叙述，错误的是,休克型常短期内出现广泛皮肤黏膜瘀斑,休克型的特征是循环衰竭,休克型患者脑膜刺激征大多缺如,脑膜脑炎型患者锥体束征阴性,休克型患者易并发DIC,,,
B,引起霍乱泻吐的原因是,内毒素,外毒素,菌群失调,细菌的侵袭力,细菌的直接作用,,,
E,霍乱的病理变化为,肠黏膜有炎症性改变，表浅溃疡,肾有变性及炎症性改变,心、肝、脾无变化,胆囊无胆汁,严重脱水现象，皮肤干燥，脏器缩小,,,
A,流行性脑脊髓膜炎的主要传播方式是,飞沫直接从空气传播,密切接触间接传播,通过消化道传播,通过日常生活用品等间接传播,通过吸血节肢动物传播,,,
C,中止医师执业活动几年以上应当重新申请注册,半年,1年,2年,3年,4年,,,
A,朱砂安神丸的功效为,镇心安神，清热养血,滋阴清热，养血安神,养血安神，清热除烦,镇肝息风，滋阴潜阳,镇心安神，滋阴养血,,,
C,阳和汤的组成药物中不包括,熟地,肉桂,独活,麻黄,鹿角胶,,,
D,苇茎汤的功用是,降气平喘，祛痰止咳,宣利肺气，疏风止咳,解表散寒，温肺化饮,清肺化痰，逐瘀排脓,辛凉宣肺，清肺平喘,,,
B,顿咳的好发季节是,夏秋,冬春,春秋,春夏,秋冬,,,
B,临床诊断病毒性肝炎，采用最可靠的依据是,症状及体征,病原学及肝功能检查结果,接触史,传播途径,起病方式,,,
B,下述各项，属低效消毒剂的是,碘类,苯扎溴铵,酚类消毒剂,电离辐射,戊二醛,,,
B,有关流行性出血热发热期的治疗，叙述不正确的是,发病3日内可给予利巴韦林,使用血管活性药静脉滴注,预防DIC给予低分子右旋糖酐,发热后期给予20％甘露醇,减轻外渗应早期卧床休息,,,
B,患者，男，25岁。饱餐后突发剧烈中上腹刀割样疼痛，板状腹。最可能的诊断是,急性阑尾炎,消化性溃疡穿孔,急性肠梗阻,急性胆囊炎,急性腹膜炎,,,
E,患者，男，30岁。持续高热，突然体温下降，面色苍白，四肢厥冷。其病理变化为,真热假寒,重阴必阳,真寒假热,阳盛格阴,热极生寒,,,
B,胸闷，咳喘痰多者，多属,心阳不足,痰饮停肺,痰热壅肺,寒邪客肺,肾气亏虚,,,
C,舌面的脏腑分部中属上脘的是,舌根,舌苔,舌尖,舌中,舌两侧,,,
D,乌梅丸证可出现的临床表现是,里急后重,渴欲饮冷,赤多白少,久泻久痢,肛门灼热,,,
C,功用为温经散寒，养血通脉的方剂为,四逆汤,四物汤,当归四逆汤,当归补血汤,补中益气汤,,,
A,“天覆地载，万物悉备，莫贵于人”出自的著作是,《黄帝内经》,《备急千金要方》,《外科正宗》,《本草纲目》,《迈蒙尼提斯祷文》,,,
E,“启我爱医术，复爱世间人，愿绝名利心，尽力为患者，无分爱与憎，不问富与贫，凡诸疾病者，一视如同仁”出自的著作是,《黄帝内经》,《备急千金要方》,《外科正宗》,《本草纲目》,《迈蒙尼提斯祷文》,,,
D,显著胰岛素抵抗的2型糖尿病应选用的口服降糖药是,二甲双胍,格列本脲,阿卡波糖,吡格列酮,瑞格列奈,,,
A,伴有超重的2型糖尿病应首选的口服降糖药是,二甲双胍,格列本脲,阿卡波糖,吡格列酮,瑞格列奈,,,
A,医疗机构发现甲类传染病时，应采取的措施为,对患者、病原携带者隔离治疗,应当根据病情采取必要的治疗和控制传播措施,只对患者隔离治疗,只对病原携带者隔离治疗,对患者、病原携带者进行普通治疗,,,
B,医疗机构发现乙类或者丙类传染病患者时，应采取的措施为,对患者、病原携带者隔离治疗,应当根据病情采取必要的治疗和控制传播措施,只对患者隔离治疗,只对病原携带者隔离治疗,对患者、病原携带者进行普通治疗,,,
B,上述各项，体现我国当今医患关系法制化趋势的是,医患交往的社会性日益突出为社会所关注,将部分医德规范、观念纳入《中华人民共和国执业医师法》,医患交往在经济条件、文化背景方面日显重要,指导患者就医，自主选择医生、护士、治疗小组的做法,部分医务人员在诊疗工作中过于依靠仪器检测,,,
D,上述各项，在医患关系中体现患者自主性的是,医患交往的社会性日益突出为社会所关注,将部分医德规范、观念纳入《中华人民共和国执业医师法》,医患交往在经济条件、文化背景方面日显重要,指导患者就医，自主选择医生、护士、治疗小组的做法,部分医务人员在诊疗工作中过于依靠仪器检测,,,
C,恶性贫血可见,草莓舌,镜面舌,牛肉舌,舌体震颤,舌色紫红,,,
C,糙皮病可见,草莓舌,镜面舌,牛肉舌,舌体震颤,舌色紫红,,,
B,急性左心衰竭，可见,咯铁锈色痰,咯粉红色泡沫痰,睑结膜、口唇黏膜、甲床苍白,潮热，盗汗,高热，巩膜黄染,,,
A,肺炎球菌肺炎，可见,咯铁锈色痰,咯粉红色泡沫痰,睑结膜、口唇黏膜、甲床苍白,潮热，盗汗,高热，巩膜黄染,,,
E,黄疸伴上腹部钻顶样疼痛,疟疾,胆总管癌,病毒性肝炎,急性胆管炎,胆道蛔虫症,,,
B,黄疸伴进行性消瘦,疟疾,胆总管癌,病毒性肝炎,急性胆管炎,胆道蛔虫症,,,
C,消瘦，眼裂增大，眼球突出，呈惊恐貌，兴奋不安，多见于,苦笑面容,伤寒面容,甲亢面容,二尖瓣面容,慢性病面容,,,
D,面色晦暗，两颧紫红，口唇轻度发绀，多见于,苦笑面容,伤寒面容,甲亢面容,二尖瓣面容,慢性病面容,,,
B,P-P规则，P-R固定，QRS波间歇性或周期性脱落，其诊断是,二度Ⅰ型传导阻滞,二度Ⅱ型传导阻滞,三度房室传导阻滞,干扰性房室分离,二度Ⅰ型窦房传导阻滞,,,
A,P波规律出现，P-R间期逐渐延长，直至1个P波后1个QRS波群脱落，周而复始，其诊断是,二度Ⅰ型传导阻滞,二度Ⅱ型传导阻滞,三度房室传导阻滞,干扰性房室分离,二度Ⅰ型窦房传导阻滞,,,
A,前间壁心梗心电图改变出现在,V1、V2、V3,V7、V8、V9,V3、V4,Ⅰ、aVL,Ⅱ、Ⅲ、aVF,,,
E,下壁心梗心电图改变出现在,V1、V2、V3,V7、V8、V9,V3、V4,Ⅰ、aVL,Ⅱ、Ⅲ、aVF,,,
B,属DNA病毒的是,甲型肝炎病毒,乙型肝炎病毒,丙型肝炎病毒,丁型肝炎病毒,戊型肝炎病毒,,,
C,转为慢性肝炎比例最高的是,甲型肝炎病毒,乙型肝炎病毒,丙型肝炎病毒,丁型肝炎病毒,戊型肝炎病毒,,,
C,流行性出血热少尿期常发生在,病程的第3～5日,病程的第4～6日,病程的第5～8日,病程的第6～10日,病程的第7～14日,,,
B,流行性出血热低血压休克期常发生在,病程的第3～5日,病程的第4～6日,病程的第5～8日,病程的第6～10日,病程的第7～14日,,,
B,产生外毒素能力最强的志贺菌菌群是,福氏志贺菌,痢疾志贺菌,宋内志贺菌,舒氏志贺菌,鲍氏志贺菌,,,
C,抵抗力最强的志贺菌菌群是,福氏志贺菌,痢疾志贺菌,宋内志贺菌,舒氏志贺菌,鲍氏志贺菌,,,
B,符合左心功能不全的体征是,水冲脉,交替脉,重搏脉,奇脉,无脉,,,
A,符合甲状腺功能亢进症的体征是,水冲脉,交替脉,重搏脉,奇脉,无脉,,,
A,候首面的是,前额,眉间,鼻,颊侧,耳门,,,
E,龙胆泻肝汤主治,脾胃不和证,肝火犯胃证,肝郁血虚胁痛证,肝郁阴虚胁痛证,肝胆实火上炎证,,,
B,左金丸主治,脾胃不和证,肝火犯胃证,肝郁血虚胁痛证,肝郁阴虚胁痛证,肝胆实火上炎证,,,
D,咳嗽气喘，咽喉不利，咯痰不爽，口干咽燥，手足心热，舌红少苔，脉虚数，应选用,桑杏汤,泻白散,止嗽散,麦门冬汤,桑菊饮,,,
D,治疗气虚发热的最佳选方是,当归建中汤,当归补血汤,黄芪建中汤,补中益气汤,当归六黄汤,,,
B,治疗血虚阳浮发热的最佳选方是,当归建中汤,当归补血汤,黄芪建中汤,补中益气汤,当归六黄汤,,,
B,上述哪项是清燥救肺汤中所用的养阴药,白芍、阿胶、麦冬、当归,胡麻仁、阿胶、麦冬,胡麻仁、当归、生地,生地、玄参、麦冬、白芍,北沙参、麦冬、生地,,,
E,一贯煎中养阴药为,白芍、阿胶、麦冬、当归,胡麻仁、阿胶、麦冬,胡麻仁、当归、生地,生地、玄参、麦冬、白芍,北沙参、麦冬、生地,,,
D,肌力分级分为6级，3级的表现为,无肢体活动，也无肌肉收缩，为完全性瘫痪,可见肌肉收缩，但无肢体活动,肢体能在床面上做水平移动，但不能抬起,肢体能抬离床面，但不能抵抗阻力,能做抵抗阻力的动作，但较正常差,,,
C,肌力分级分为6级，2级的表现为,无肢体活动，也无肌肉收缩，为完全性瘫痪,可见肌肉收缩，但无肢体活动,肢体能在床面上做水平移动，但不能抬起,肢体能抬离床面，但不能抵抗阻力,能做抵抗阻力的动作，但较正常差,,,
D,喘证患者，女，43岁。与人吵架后突发上气而喘，咽中如窒，但喉中痰声不著，气憋，心悸，舌苔薄白，脉弦。其证候是,风寒束肺,风热袭肺,痰浊壅肺,肺气郁闭,肝火犯肺,,,
D,患者，男，30岁。昨日起胃脘胀痛，饮食不下，今天见呕吐频频。治疗应首选,内庭,丰隆,太冲,内关,合谷,,,
C,患者，男，55岁。因天气骤冷，突发心前区疼痛，胸痛彻背，面色青白，痛则肢冷，舌苔白，脉紧。诊断为胸痹。其证候是,痰浊痹阻,心肾阳衰,寒凝心脉,气滞血瘀,气阴两虚,,,
B,女，48岁。近日吞咽梗阻，胸膈痞闷，情志舒畅时可稍减轻，口干咽燥，舌质偏红，苔薄腻，脉弦。诊断为,梅核气,噎膈,郁证,反胃,呃逆,,,
B,患者，男，52岁。心烦不寐，心悸不宁，头晕耳鸣，健忘，腰酸遗精，手足心热，咽干口燥，舌红少津，脉细数。其病理变化为,水气凌心,心肾不交,肺脾气虚,心脾两虚,心肝血虚,,,
C,患者，女，58岁。患风湿痹痛多年，现腰膝酸痛，筋骨痿软无力，脉弦细。用药宜首选,桑枝,秦艽,五加皮,威灵仙,独活,,,
A,患者，女，30岁。骨蒸盗汗，心烦易怒，消渴多食，遗精尿赤，足膝热痛，舌红少苔，脉细数。治宜选用,大补阴丸,清胃散,六味地黄丸,龙胆泻肝汤,当归六黄汤,,,
B,患者，男，42岁。腹大胀满，按之如囊裹水，甚则颜面微浮，下肢水肿，脘腹痞胀，得热则舒，精神困倦，怯寒懒动，小便少，大便溏，舌苔白腻，脉缓。其治疗首选,柴胡疏肝散合胃苓汤,实脾饮,中满分消丸合茵陈蒿汤,调营饮,附子理苓汤,,,
C,患者，女，30岁。经血淋沥不净30天，色淡质稀，面色萎黄，神疲肢倦，舌淡，苔白，脉沉弱。治疗除取主穴外，还应选用的是,中极、血海,然谷、太溪,百会、脾俞,血海、膈俞,隐白、地机,,,
B,患者，女，34岁。右面部疼痛3年，间断发作，呈闪电样剧痛，痛时面部抽搐，伴流泪，有灼热感，舌红，苔薄黄，脉浮数。治疗除取主穴外，还应配用,丝竹空、阳白、外关,曲池、外关,风池、列缺,行间、内庭,风池、太溪,,,
B,肺胀的病因主要是,情志失调,久病肺虚,饮食失调,肺气上逆,以上都不是,,,
A,哮病发作时的病理性质在于,痰阻气闭,肺失宣降,伏痰,肺气不清,肺气虚寒,,,
B,患者平时情绪急躁，心烦失眠，咳痰不爽，口苦而干，便秘。发作时昏仆，抽搐吐涎，两目上视，如做猪羊叫声，舌红苔黄腻，脉弦滑数。其治法是,涤痰息风，开窍定痫,清肝泻火，化痰开窍,豁痰开窍，清心定痫,理气解郁，化痰开窍,化痰息风，安神定志,,,
C,患者，女，30岁。平素形体消瘦，性情急躁，现胁痛口苦，纳呆泛恶，目黄溲赤，苔黄而腻，脉弦数。此治法为,疏肝理气,祛瘀通络,清热利湿,养阴柔肝,养血柔肝,,,
A,女，62岁。身肿1个月，以腰以下为甚，脘腹胀闷，纳呆便溏，面色萎黄，神倦，肢冷畏寒，尿少，舌淡苔白腻，脉沉弱。应辨证为,脾阳虚衰,水湿浸淫,脾气虚弱，水湿不运,肾气虚衰,脾肾两虚,,,
C,患者，女，60岁。咳嗽数年，痰黏量多，伴见食欲不振，舌苔白腻，脉滑。为加强化痰作用，应首选,肺俞,列缺,丰隆,合谷,足三里,,,
C,患者胁肋部疱疹呈带状排列，疹色鲜红，灼热疼痛，口苦，心烦，舌红，脉弦数。治疗除主穴外，还应选用的配穴是,劳宫、神门、心俞,少府、少冲、曲池,行间、大敦、阳陵泉,内庭、隐白、血海,侠溪、照海、阴陵泉,,,
B,"女，49岁。因患""急性肾绞痛""半小时，针灸治疗时选",足三里、合谷、三阴交、阴陵泉,肾俞、三阴交、三焦俞、阴陵泉,肾俞、足三里、中渚、三阴交,三阴交、曲池、昆仑、肾俞,肾俞、阳陵泉、日月、三阴交,,,
C,某人身体强壮、胖瘦适中，饮食无偏嗜，二便通调，面色红润.性格开朗随和，精力充沛，举动灵活，睡眠良好。属于,偏阳质,偏阴质,阴阳平和质,阳亢质,瘀血质,,,
B,患者，女，30岁。新婚第3天，出现发热，腰痛，尿频尿急，尿道灼痛，小便黄少，舌红苔黄腻，脉数。其证候是,小肠实热证,膀胱湿热证,热结膀胱证,肝胆湿热证,脾胃湿热证,,,
D,患者，女，38岁。胁肋胀痛，脘腹灼热疼痛，口苦，舌质红，脉弦数。用药宜首选,青皮,香附,乌药,川楝子,薤白,,,
B,患者身灼肢温，汗热味咸而黏、如珠如油，虚烦躁扰，舌红而干，脉疾无力。其证型是,亡阳,亡阴,阴虚,里热,以上均非,,,
B,患者，女，29岁。妊娠3月余，不慎跌跤，小腹刺痛，阴部渗红。宜首选的药物是,白术,续断,桑寄生,菟丝子,杜仲,,,
D,患者，男，18岁。咳嗽，咳黄稠痰，咳时汗出，口渴身热，恶风肢楚，舌苔薄黄，脉浮数。治法宜采用,疏风散寒，宣肺止咳,健脾燥湿，化痰止咳,清肺化痰，肃肺降气,疏风清热，宣肺止咳,疏风清热，润燥止咳,,,
C,患者，男，57岁。因失眠多梦2周就诊。现夜难入眠，兼头重如裹，胸脘满闷，心烦口苦，头晕目眩，痰多质黏，大便不爽，舌红苔黄腻，脉滑。其治法为,疏肝泻火，镇心安神,补养心脾，以生气血,清化痰热，和中安神,化痰理气，宁心安神,滋阴降火，养心安神,,,
D,患者，男，50岁。眩晕，头重如蒙，胸闷恶心，食少多寐，舌苔白腻，脉滑。治疗应首选,黄连温胆汤,天麻钩藤饮,黄连上清丸,半夏白术天麻汤,半夏厚朴汤,,,
E,患者，男，40岁。口干唇燥，口渴多饮，尿频量多，混浊如脂膏，时或烦躁，遗精，舌质红，脉象细数。治疗应首选,右归丸,玉女煎,消渴方,白虎加人参汤,知柏地黄丸,,,
D,患者，女，31岁。腰部、臀部、大腿后侧、小腿后外侧及足外侧呈放射样疼痛，疼痛以下肢后侧为主。治疗应选取的主穴是,腰夹脊、后溪、肾俞、命门,腰夹脊、委中、大肠俞、次髎,腰夹脊、环跳、阳陵泉、悬钟、丘墟,腰夹脊、秩边、委中、承山、昆仑,腰夹脊、环跳、肾俞、申脉,,,
D,患者，男，28岁，农民。患者发热恶寒，咳嗽，咯白黏痰，痰量由少渐多，胸痛剧烈，呼吸不利，苔薄黄，脉浮滑数。其诊断是,风热咳嗽,痰热咳嗽,肺痈成痈期,肺痈初期,肺痈恢复期,,,
E,消渴“下消”的突出症状是,口渴多饮,多食易饥,腰膝酸软,大便干燥,尿频量多,,,
E,痰饮饮留胃肠证，首选,黄芩温胆汤,大半夏汤,小半夏加茯苓汤,木防己汤,甘遂半夏汤,,,
A,治疗耳鸣虚证，应选用以下哪组经脉为主,足少阴经,足少阳经,手少阴经,足太阳经,手少阳经,,,
C,悬钟位于外踝尖上,1寸,2寸,3寸,4寸,5寸,,,
B,针灸治疗近视的主穴为,风池、悬钟、太冲、光明,睛明、承泣、风池、光明,风府、太冲、合谷、睛明,风府、太溪、光明、承泣,太阳、太溪、合谷、太冲,,,
C,男，24岁。病发热已五六天，热减退，突然出现肢体软弱无力，步履艰难，心烦口渴，咳呛不爽，咽喉干燥，小便黄少，大便干燥，舌质红苔黄，脉细数。证属,初期肺痈,风热犯肺型喘证,肺热津伤型痿证,虚热型肺痿,燥热咳嗽,,,
C,患者丁某，男，30岁。劳累过后，加之饮食不慎，突然出现身目俱黄，其色如金，高热口渴，小便深黄，腹胀胁痛，烦躁不安，随之神昏谵语，舌质红绛，苔黄燥，脉弦滑数。应诊断为,湿热并重型黄疸,胆道阻滞型黄疸,热毒炽盛型黄疸,湿热蕴蒸，热重于湿型黄疸,湿热蕴蒸，湿重于热型黄疸,,,
B,患者，男，40岁。1年来皮肤常见青紫点，2天前饮酒后出现双下肢青紫斑块，心烦口渴，手足心热，盗汗，形体消瘦，舌红少苔，脉细数。治疗应首选,清胃散,茜根散,归脾汤,玉女煎,地榆散,,,
D,患者，男，68岁。患消渴病20余年，现多食、多饮诸症不明显，唯小便频数，饮一溲一，面色黧黑，腰膝酸软，形寒怕冷，舌淡苔白，脉沉无力。治疗应首选,消渴方,玉女煎,左归饮,金匮肾气丸,六味地黄丸,,,
B,患者，男，42岁。哮喘反复发作5年，本次发作喘促不能平卧，咳痰清稀，无汗，头痛，脉浮紧。治疗应首选,膻中、太渊、太溪、肾俞,膻中、列缺、肺俞、尺泽,肺俞、风门、丰隆、太渊,天突、定喘、尺泽、膻中,膏肓、肾俞、太溪、丰隆,,,
A,患儿，女，8岁。遗尿3个月余，每隔3～5夜1次，面色萎黄，纳食不多，舌淡苔薄，脉细弱。治疗应首选,中极、关元、三阴交、膀胱俞,中极、天枢、足三里、阴陵泉、太冲,关元、太溪、三阴交、至阴,气海、太冲、行间、昆仑、曲池,曲骨、内庭、太溪、肾俞、气海,,,
A,患者，男，69岁。听力下降，耳鸣如蝉，时作时止，遇劳则剧，按之减轻，伴腰膝酸软，乏力，舌淡红，脉虚细。治疗除主穴外，还应选用的配穴是,肾俞、气海,肝俞、太冲,脾俞、足三里,心俞、神门,肺俞、命门,,,
B,患儿，8岁。因恶寒发热、咳嗽就诊，脉搏98次/分，轻按能及。其脉象是,常脉,浮数,浮迟,沉数,沉迟,,,
D,患者，女，28岁。妊娠8周，下列药物除哪组外，均不宜服用,轻粉、甘遂、大戟,三棱、莪术、水蛭,斑蝥、麝香、虻虫,当归、阿胶、丹参,附子、干姜、肉桂,,,
D,患者，女，28岁。因流产而失血过多，导致月经不调，久不怀孕。其病在何经,阴跷脉、阳跷脉,阴维脉、阳维脉,督脉、任脉,冲脉、任脉,阴跷脉、阴维脉,,,
B,患者，男，21岁。腹中拘急疼痛，得温按则痛减，神疲乏力，虚怯少气，舌淡苔白，脉细弦而缓。治宜选用,大承气汤,小建中汤,木香顺气散,少腹逐瘀汤,保和丸,,,
A,患者，男，52岁。既往有“冠心病”病史，正值正月发病，症见心痛如绞，手足不温，冷汗自出，心悸气短，舌薄白，脉沉紧。其治法应为,辛温散寒，宣通心阳,疏调气机，和血舒脉,通阳泄浊，豁痰开窍,活血化瘀，通脉止痛,温振心阳，补益心气,,,
D,患者，男，22岁。3日来头痛如裹，痛无休止，肢体困重，苔白腻，脉濡。针灸治疗除百会、太阳、风池、合谷外，还应取,风门、列缺,曲池、大椎,丰隆、中脘,阴陵泉、头维,太溪、太冲,,,
C,治疗脾胃虚弱泄泻，应首选,保和丸,香砂六君子汤,参苓白术散,理中丸,补中益气汤,,,
E,下列不属于腹痛常见病因的是,阳气素虚,跌仆损伤,情志失调,外感时邪,外感风燥,,,
C,鼻衄热邪犯肺证的治法为,凉血止血，清胃泻火,凉血止血，滋阴降火,凉血止血，清泄肺热,凉血止血，清肝泻火,凉血止血，清化湿热,,,
D,三角灸穴的主治病证是,哮喘、咳嗽,心悸、失眠,虚劳、腰痛,疝气、奔豚,小儿遗尿,,,
A,常用于治疗皮肤瘙痒等皮肤病证的腧穴是,膈俞,脾俞,肾俞,风门,中府,,,
D,患者，女，38岁。因咽痒咳嗽，痰中带血3天余。伴有咽干鼻燥，身微热，舌红少津液，苔薄黄，脉数。方剂宜选用,桑菊饮,银翘散,杏苏散,桑杏汤,百合固金汤,,,
C,女，46岁。近日洗头后渐出现头痛如裹，肢体困重，纳呆胸闷，小便不利，大便溏泻，苔白腻，脉濡。治则宜,疏散风寒,疏风清热,祛风胜湿,化痰降逆,平肝潜阳,,,
D,女，61岁。中风后经治半年，左侧肢体偏瘫好转，现遗留音喑失语，心悸，气短及腰膝酸软。方药宜选,左归丸,右归丸,镇肝熄风汤,地黄饮子,六味地黄丸,,,
E,女，44岁。心悸失眠，烦躁，潮热，盗汗，面色潮红，舌红少津，脉细数。治法以下列何者为宜,养血安神,补气养心,滋补心肾,益气补血，健脾养心,滋阴养心,,,
A,女，低热3月余，时觉身热心烦，热势随情绪好坏而起伏，平素急躁易怒，胸胁胀闷，两乳胀痛，月经不调，口苦，舌略红，苔薄黄，脉弦略数。中医辨证为,气郁发热,气滞血瘀,血瘀发热,阴虚火旺,郁热伤阴,,,
A,患者外感风寒不愈，现症见身热不退，咽红肿痛，大便于结，脉略数。其舌苔变化是,由白转黄,由腻转松,由厚转薄,由腐转剥,由燥转润,,,
C,患者，男，34岁。昨日突然仆倒，不省人事，两目上视，四肢抽搐，口吐白沫。现心烦失眠，口苦咽干，便秘，舌红，苔黄腻，脉弦滑而数。宜选用,定痫丸,龙胆泻肝汤合导痰汤,龙胆泻肝汤合涤痰汤,当归龙荟丸,黄连解毒汤,,,
C,患者，男，45岁。腹大坚满，脘腹胀急，烦热口苦，渴不欲饮，小便短赤，便溏不爽，舌红苔黄腻，脉滑数。其证候是,气滞湿阻,水湿困脾,水热蕴结,瘀结水留,阳虚水盛,,,
E,患者肘关节肌肉酸痛重着不移2个月，伴有肿胀，肌肤麻木不仁，阴雨天加重，苔白腻，脉濡缓。针灸治疗除主穴外，应加取,膈俞、血海,曲池、尺泽,曲池、大椎,肾俞、关元,足三里、阴陵泉,,,
C,患者，女，30岁。颈项强痛，活动受限，头向患侧倾斜，项背牵拉痛，颈项部压痛明显，兼见恶风畏寒。治疗除取主穴外，还应选用的穴位是,内关、外关,肩井、后溪,风池、合谷,血海、膈俞,肩髃、天宗,,,
E,诸多因素均能引起咳嗽，下列不属于咳嗽病因的是,外邪袭肺,脾湿犯肺,肝火犯肺,肺脏虚损,肾气亏虚,,,
C,肺痈一般分为四期论治，下列不属四期之列的是,初期,成痈期,消散期,溃脓期,恢复期,,,
D,下列关于十枣汤的服用方法，错误的是,剂量均从小量递增,注意顾护胃气，中病即止,一般连服3～5日,药后出现呕吐、腹痛可续服,必要时停两三日再服,,,
C,治疗阴阳两虚型肺痨的主方为,月华丸,百合固金汤,补天大造丸,保真汤,生脉散,,,
B,针灸治疗遗尿的主穴是,关元、气海、肾俞、三阴交,关元、中极、膀胱俞、三阴交,肾俞、志室、气海、三阴交,关元、中极、三焦俞、三阴交,肝俞、肾俞、太冲、太溪,,,
A,治疗瘾疹的主穴是,曲池、合谷、血海、膈俞、三阴交,曲池、太冲、大椎、风池、中脘,大椎、太冲、血海、内庭、三阴交,血海、内庭、气海、天枢、足三里,外关、风池、大椎、膈俞、三阴交,,,
A,既可治疗肺系实热证，又可治疗昏迷、癫狂的穴位是,少商,鱼际,尺泽,太渊,孔最,,,
B,患者赵某，男，24岁，身热，微恶风，头胀痛，汗出不畅，鼻塞涕黄，咳嗽痰黏，咽喉肿痛，口渴喜饮，舌尖红，苔薄黄，脉浮数者，治法宜,辛温解表,辛凉解表,清暑祛湿,益气解表,滋阴解表,,,
A,患者反复心悸半年，加重1天。现症：心烦少寐，头晕目眩，手足心热，耳鸣腰酸，舌质红，少苔，脉细数。其中医治法是,滋阴清火，养心安神,益气养阴，养心安神,清热化痰，宁心安神,补血养心，益气安神,镇惊安志，养心安神,,,
B,患者，男，20岁。胃痛暴作，疼痛较剧，喜热敷，口不渴，舌苔薄白，脉弦紧。治疗应首选,理中丸,良附丸,藿香正气散,人参健脾丸,黄芪建中汤,,,
C,患者，男，患肝病多年，近1周出现腹大，按之不坚，胁下胀满，时有疼痛，纳食欠佳，小便短少，嗳气不爽，食后作胀，舌苔白腻，脉弦。此属何病证,水湿浸渍型水肿,寒湿困脾型臌胀,气滞湿阻型臌胀,肝郁气滞型臌胀,肝气郁结型胁痛,,,
B,患者久痢不愈，下痢稀薄，带有白冻，滑脱不禁，腹痛隐隐，口淡不渴，食少神疲，四肢不温，舌淡苔薄白，脉细弱。治疗应首选,连理汤合参苓白术散,桃花汤合真人养脏汤,良附丸合温脾汤,芍药汤合四君子汤,驻车丸合温脾汤,,,
A,某患者平素体虚，近日劳累后出现肢体萎软无力，且逐渐加重，食少，便溏，腹胀，面浮而色不华，气短，神疲乏力，苔薄白，脉细。此时治法宜,补脾益气，健运升清,清热利湿，通利筋脉,补益肝肾，滋阴清热,清热润燥，养肺生津,祛风散寒，燥湿和营,,,
B,患者，男，60岁。3天前受凉，突然恶寒发热，无汗，咳嗽，夜间加剧，痰稀色白，舌苔薄白腻，脉浮紧。其证候是,寒邪客肺证,风寒犯肺证,寒痰阻肺证,风邪袭卫证,饮邪停肺证,,,
C,患者，男，25岁。症见自汗，多尿，滑精。这是因气的何种作用失常所致,推动,温煦,固摄,防御,气化,,,
E,患者，女，35岁。孕5产2流3，近来腰膝无力，牙齿摇动欲脱，记忆力明显减退，白带清稀，咳嗽则小便失禁，舌淡，脉沉细。临床辨证为,肾精不足,肾阳虚,肝肾阴虚,心脾两虚,肾气不固,,,
C,患者，男，50岁。患慢性支气管炎15年。近日因受寒，使咳喘加重，并见胸闷痰多，痰稀白，易咳出，肢冷，舌淡苔白滑，脉滑。其证候是,寒痰阻肺证,风寒犯肺证,寒饮停肺证,饮停胸胁证,肺气虚证,,,
C,患儿，男，9岁。自觉发热轻微，遇风则冷，自汗，脉浮缓。应诊断为,风寒表证,风热表证,伤风表证,伤湿表证,伤暑证,,,
B,患者，女，37岁。小便频数，尿如米泔色，心神恍惚，健忘神疲，舌淡苔白，脉细弱。治宜选用,金锁固精丸,桑螵蛸散,济生肾气丸,金匮肾气丸,六味地黄丸,,,
D,患儿，3岁。高热神昏，痉厥抽搐，尿赤便秘，舌红绛苔干黄，脉数有力。治宜选用,安宫牛黄丸,至宝丹,苏合香丸,紫雪,牛黄清心丸,,,
D,患者，男，25岁。肢体关节疼痛较剧，痛有定处，得热痛减，遇寒痛增，疼痛局部皮色不红，触之不热，舌苔薄白，脉弦紧。治疗应首选,独活寄生汤,蠲痹汤,薏苡仁汤,乌头汤,白虎加桂枝汤,,,
B,患者，男，75岁。反复咳喘20余年。胸部膨满，喘息气粗，烦躁，目胀睛突，痰黄，黏稠难咳，身热微恶寒，有汗不多，口渴欲饮，溲赤，便干，舌边尖红，苔黄腻，脉滑数。其治疗应首选的方剂是,苏子降气汤,越婢加半夏汤,三子养亲汤,二陈平胃散,清金化痰汤,,,
E,患者，男，40岁。平素性情急躁，近日因工作压力大，突然头痛，两目怒视，面红耳赤，突然狂乱无知，逾垣上屋，不避亲疏，不食不眠，舌红绛，苔黄腻，脉弦大滑数。治疗宜首选,礞石滚痰丸,涤痰汤,黄连温胆汤,龙胆泻肝汤,生铁落饮,,,
B,患者，女，26岁。症见腹内结块，或左或右，走窜不定，胸脘满闷，嗳气频频。应诊断为,痞满,积聚,虫积,食积,鼓胀,,,
A,患者，女，36岁。头痛时作，痛连项背，遇风尤甚，恶风寒，肢体酸楚，口不渴，舌苔薄白，脉浮。治疗应首选,川芎茶调散,芎芷石膏汤,羌活胜湿汤,天麻钩藤饮,半夏白术天麻汤,,,
A,患者，男，20岁。因暴饮暴食诱发腹痛，脘腹胀满，按之不舒，嗳腐吞酸，大便夹有不消化食物，苔厚腻，脉滑实。中医辨证为,饮食积滞,气滞食阻,寒积食阻,热结食滞,食滞痰阻,,,
A,患者，男，20岁。左踝部扭伤疼痛肿胀，活动不利。治疗应首选,申脉、解溪、阿是穴、丘墟,悬钟、照海、丘墟、三阴交,太溪、昆仑、阳陵泉、解溪,太冲、太溪、照海、悬钟,昆仑、悬钟、阴陵泉、申脉,,,
E,患者，女，62岁。腰部隐隐作痛2年，下肢酸软乏力，腰冷，脉细。治疗除选取主穴外，应加用的腧穴是,命门、腰阳关,膈俞、次髂,申脉、腰夹脊,后溪、腰夹脊,肾俞、太溪,,,
E,"""其在皮者，汗而发之""出自下列何书",《仁斋直指方》,《伤寒论》,《诸病源候论》,《丹溪心法》,《素问》,,,
A,胃痛主要与哪些脏腑有关,胃、肝、脾,胃、脾、肾,胃、肝、心,胃、肝、肾,胃、心、肾,,,
B,心悸心血不足证的选方为,天王补心汤,归脾汤,朱砂安神丸,苓桂术甘汤,安神定志丸,,,
C,肢体关节重着、酸痛、痛有定处，手足沉重，肌肤麻木不仁者，可诊断为,尪痹,痛痹,着痹,行痹,热痹,,,
E,胸痹总属本虚标实，下列哪项除外均为常见标实,气滞,痰浊,血瘀,阴寒,火邪,,,
C,具有截疟作用的中药是,百部、槟榔,使君子、南瓜子,常山、青蒿,乌梅、南瓜子,丹参、苦参,,,
A,阳池与外关均能治疗的疾病是,耳聋,瘰疬,腕痛,热病,消渴,,,
D,捻转补泻法中，补法的操作手法是,捻转角度小，用力轻，频率快,捻转角度小，用力重，频率快,捻转角度大，用力轻，频率快,捻转角度小，用力轻，频率慢,捻转角度大，用力重，频率慢,,,
B,拔罐时若需留罐，留罐的时间一般为,5～10分钟,10～15分钟,15～20分钟,20～25分钟,25～30分钟,,,
B,患者咳嗽，咳痰色黄黏稠，咳之不爽，伴鼻流黄涕，汗出恶风，舌苔薄黄，脉浮数。治疗应首选,杏苏散,桑菊饮,止嗽散,二陈汤,清金化痰汤,,,
C,下列对于胸痹的主要病机阐述正确的是,阳气虚衰,气滞血瘀,心脉痹阻,寒凝气滞,痰瘀交阻,,,
A,足太阴脾经的终止穴是,大包,章门,隐白,大敦,厉兑,,,
A,下列有关提插法的叙述，错误的是,频率应较快，每分钟100次左右,保持针身垂直,将针刺入腧穴一定深度后，施以上提下插的操作,幅度不宜过大，一般以3～5分为宜,指力一定要均匀一致,,,
E,经络的生理功能,抗御病邪,营养全身,联系脏腑,沟通内外,以上均是,,,
D,除下列哪项外均是三仁汤的药物组成,滑石,白蔻仁,薏苡仁,郁李仁,杏仁,,,
A,患者，女，45岁。头痛隐隐，缠绵不休，时时昏晕，心悸失眠，面色少华，神疲乏力，遇劳加重，舌质淡，苔薄白，脉细弱。其治法是,养血滋阴，和络止痛,疏散风寒止痛,养阴补肾，填精生髓,疏风清热和络,益气养血，化瘀通络,,,
C,善于治疗遗尿、癃闭等泌尿系病证的腧穴是,下脘,建里,中极,气海,膻中,,,
D,保健灸常用的腧穴是,下脘,建里,中极,气海,膻中,,,
D,真心痛正虚阳脱证，若出现阴竭阳亡，可在四逆加人参汤基础上加用,苏合香丸,真武汤,保元汤,生脉散,当归四逆汤,,,
A,真心痛寒凝心脉证，若痛剧者，即刻给予,苏合香丸,真武汤,保元汤,生脉散,当归四逆汤,,,
B,鼓胀水湿困脾证可见,腹大按之不坚，胁下胀满或痛，纳食减少,腹大胀满，按之如囊裹水，脘腹痞胀，大便溏,脘腹坚满，青筋显露，胁下癥结痛如针刺，口干不欲饮,腹大胀满，入暮尤甚，面色萎黄或（白光）白，肢冷水肿,腹大坚满，胁腹疼痛拒按，烦热口苦，渴不欲饮,,,
C,鼓胀瘀结水留证可见,腹大按之不坚，胁下胀满或痛，纳食减少,腹大胀满，按之如囊裹水，脘腹痞胀，大便溏,脘腹坚满，青筋显露，胁下癥结痛如针刺，口干不欲饮,腹大胀满，入暮尤甚，面色萎黄或（白光）白，肢冷水肿,腹大坚满，胁腹疼痛拒按，烦热口苦，渴不欲饮,,,
A,狂证属于痰火扰神者，治疗应首选,生铁落饮,癫狂梦醒汤,朱砂安神丸,丹栀逍遥散,柴胡疏肝散,,,
D,郁证属于肝郁化火者，治疗应首选,生铁落饮,癫狂梦醒汤,朱砂安神丸,丹栀逍遥散,柴胡疏肝散,,,
C,治疗疝气、阴缩、阴中痛、癫痫，应选用的腧穴是,期门,曲泉,大敦,隐白,太白,,,
B,治疗阴痒、遗精、小便不利、下肢痿痹，应选用的腧穴是,期门,曲泉,大敦,隐白,太白,,,
A,痫病的表现为,突然仆倒，昏不知人，口吐涎沫，两目上视，四肢抽搐，醒后头昏乏力,突然仆倒，昏不知人，呼吸气粗，四肢厥冷，移时苏醒，醒后如常人,项背强直，角弓反张，四肢抽搐，或见昏迷,狂乱无知，喧扰不宁，躁妄打骂，不食不眠,精神抑郁，沉默痴呆，语无伦次，喜怒无常,,,
E,癫证的表现为,突然仆倒，昏不知人，口吐涎沫，两目上视，四肢抽搐，醒后头昏乏力,突然仆倒，昏不知人，呼吸气粗，四肢厥冷，移时苏醒，醒后如常人,项背强直，角弓反张，四肢抽搐，或见昏迷,狂乱无知，喧扰不宁，躁妄打骂，不食不眠,精神抑郁，沉默痴呆，语无伦次，喜怒无常,,,
A,实喘的特点是,呼吸深长有余，呼出为快，气粗声高,呼吸短促难续，深吸为快，气粗声高,呼吸短促难续，深吸为快，气怯声低,呼吸深长有余，呼出为快，气怯声低,呼吸短促难续，呼出为快，气怯声低,,,
C,虚喘的特点是,呼吸深长有余，呼出为快，气粗声高,呼吸短促难续，深吸为快，气粗声高,呼吸短促难续，深吸为快，气怯声低,呼吸深长有余，呼出为快，气怯声低,呼吸短促难续，呼出为快，气怯声低,,,
A,腰痛固定不移，触之僵硬，舌暗。治疗应选取,大肠俞、膈俞、次谬、阿是穴、委中,大肠俞、志室、腰夹脊、阿是穴、委中,肾俞、志室、申脉、阿是穴、委中,大肠俞、命门、腰阳关、阿是穴、委中,肾俞、太溪、后溪、阿是穴、委中,,,
D,腰部冷痛重着，俯仰受限，舌淡红。治疗应选取,大肠俞、膈俞、次谬、阿是穴、委中,大肠俞、志室、腰夹脊、阿是穴、委中,肾俞、志室、申脉、阿是穴、委中,大肠俞、命门、腰阳关、阿是穴、委中,肾俞、太溪、后溪、阿是穴、委中,,,
C,胃痛寒邪客胃证的治法为,疏肝解郁，理气止痛,化瘀通络，理气和胃,温胃散寒，行气止痛,清化湿热，理气和胃,养阴益胃，和中止痛,,,
A,胃痛肝气犯胃证的治法为,疏肝解郁，理气止痛,化瘀通络，理气和胃,温胃散寒，行气止痛,清化湿热，理气和胃,养阴益胃，和中止痛,,,
E,痰浊头痛的特点是,刺痛、痛点固定,头痛且空，腰膝酸软,头昏胀痛,头痛如裹,头痛昏蒙，胸脘满闷,,,
A,瘀血头痛的特点是,刺痛、痛点固定,头痛且空，腰膝酸软,头昏胀痛,头痛如裹,头痛昏蒙，胸脘满闷,,,
B,治疗劳疟，应首选,加味不换金正气散,何人饮,柴胡截疟饮,白虎加桂枝汤,柴胡桂枝干姜汤,,,
C,治疗正疟，应首选,加味不换金正气散,何人饮,柴胡截疟饮,白虎加桂枝汤,柴胡桂枝干姜汤,,,
A,痰气郁结型郁证，在主方的基础上加,丰隆、阴陵泉、天突,心俞、脾俞、足三里、三阴交,膻中、期门,通里、心俞、三阴交、太溪,行间、侠溪、外关,,,
C,肝气郁结型郁证，在主方的基础上加,丰隆、阴陵泉、天突,心俞、脾俞、足三里、三阴交,膻中、期门,通里、心俞、三阴交、太溪,行间、侠溪、外关,,,
C,经络系统中，具有维持人体正常运动功能的是,十五络脉,十二经别,十二经筋,十二皮部,十二经脉,,,
B,经络系统中，从十二正经中离入出合的是,十五络脉,十二经别,十二经筋,十二皮部,十二经脉,,,
E,治疗头痛肝阳上亢证，应首选,太溪、太冲,中脘、丰隆,百会、通天,率谷、太阳,风池、太冲,,,
B,治疗痰浊头痛，应首选,太溪、太冲,中脘、丰隆,百会、通天,率谷、太阳,风池、太冲,,,
A,治疗风热型面瘫可在基本处方上加,外关、关冲,足三里、气海,环跳、秩边,照海、太溪,百会、神门,,,
B,治疗气血不足型面瘫可在基本处方上加,外关、关冲,足三里、气海,环跳、秩边,照海、太溪,百会、神门,,,
D,治疗面痛肝胃郁热者，应在主方的基础上加,颧髎、迎香,阳白、外关,内关、三阴交,行间、内庭,太冲、三阴交,,,
C,治疗面痛气血瘀滞者，应在主方的基础上加,颧髎、迎香,阳白、外关,内关、三阴交,行间、内庭,太冲、三阴交,,,
D,太溪在五输穴中，属,合,井,荥,输,经,,,
A,曲池在五输穴中，属,合,井,荥,输,经,,,
E,不寐痰热扰心证，若伴胸闷嗳气，脘腹胀满，大便不爽，苔腻，脉滑，应加用,归脾汤,涤痰汤,左归丸,天王补心丹,半夏秫米汤,,,
D,不寐心肾不交证，若心阴不足为主者，可用,归脾汤,涤痰汤,左归丸,天王补心丹,半夏秫米汤,,,
C,真心痛寒凝心脉证，若痛剧者，即刻给予,乌头赤石脂丸,黄连温胆汤,苏合香丸,真武汤,生脉散,,,
E,真心痛正虚阳脱证，若出现阴竭阳亡，可在四逆加人参汤基础上加用,乌头赤石脂丸,黄连温胆汤,苏合香丸,真武汤,生脉散,,,
D,咳嗽痰热郁肺证，其痰的特点是,脓血相兼浊痰、有腥臭味,痰少、质黏、夹有血丝,痰中带血、质浊、有腥臭味,痰多、色黄、质稠,痰白、质稀,,,
B,咳嗽肺阴亏耗证，其痰的特点是,脓血相兼浊痰、有腥臭味,痰少、质黏、夹有血丝,痰中带血、质浊、有腥臭味,痰多、色黄、质稠,痰白、质稀,,,
B,在八脉交会穴中，通阴跷脉的是,公孙,照海,列缺,足临泣,后溪,,,
E,在八脉交会穴中，通督脉的是,公孙,照海,列缺,足临泣,后溪,,,
D,风寒泻与脾虚泻的鉴别诊断，以下各项中最重要的是,食欲不振,大便稀薄,大便不臭,腹痛较重,形体偏瘦,,,
B,不属于期门穴主治病证的是,乳痈,癃闭、遗尿,胸胁胀痛,呕吐、腹胀,奔豚气,,,
E,治疗气秘，除选取主穴外，应加用的腧穴是,气海、神阙,关元、命门,脾俞、胃俞,合谷、曲池,太冲、中脘,,,
B,心包经的原穴是,间使,大陵,内关,太渊,神门,,,
C,乳痈、乳少等乳疾，针灸治疗选用,少冲,养老,少泽,天井,少海,,,
B,某女，30岁。近半年来月经量明显增多，或持续难净，色黑，有块；伴见小腹疼痛，拒按，小便黄，大便干；舌质黯红，脉弦涩，现正值经期第2天，治疗应首选,少腹逐瘀汤,逐瘀止血汤,清热固经汤,血府逐瘀汤,通窍活血汤,,,
B,患者，女，28岁。产后第3周出现恶寒发热，右乳肿胀疼痛，体温38.7℃。检查见右乳红肿，无波动感。舌红，苔薄黄，脉弦数。此时的治疗方法是,切开引流,疏肝清胃，通乳消肿,清热解毒，托里透脓,益气和营托毒,调补气血，清热解毒,,,
B,患者，女，26岁。右乳房内单个肿块，无疼痛，边界清楚，表面光滑，活动度好。应诊断为,乳痈,乳核,乳癖,乳岩,乳疬,,,
B,患儿，8岁。皱眉眨眼，摇头耸肩，嘴角抽动，抽动时可出现异常发声。抽动能受意志遏制，可暂时不发作。查脑电图正常，智力测试正常。其诊断是,注意力缺陷多动障碍,抽动障碍,癫痫局限性发作,风湿性舞蹈病,痉证,,,
D,患者，女，29岁。月经周期先后不定，量多如注，持续十余日不净。婚后1年半，未避孕未孕。可诊断为,月经先后无定期,月经过多,经期延长,崩漏,不孕症,,,
E,患者，女，28岁。因妊娠2个月行人工流产术，在术中出现腹痛、出冷汗、血压下降。下列哪项不可能是发生上述情况的原因,人工流产综合征,子宫穿孔,手术操作粗暴,出血性休克,感染性休克,,,
D,患者，男，73岁。进行性排尿困难3年。症见精神不振，面色（白光）白，畏寒喜暖，腰酸膝冷，夜尿3～4次，舌苔薄白，脉沉细。其证候是,肾精不足，膀胱失约,中气下陷，膀胱失约,肾阴不足，水液不利,肾阳不足，气化无权,下焦蓄血，瘀阻膀胱,,,
A,患儿，9岁。头部有黄癣痂堆积，癣痂呈蜡黄色，肥厚，富黏性，边缘翘起，中心微凹，上有毛发贯穿，质脆易粉碎，有特殊的鼠尿臭。治疗应首选,消风散加减,五神汤加减,凉血消风散加减,龙胆泻肝汤加减,萆薢渗湿汤加减,,,
E,肛管、直肠黏膜、直肠全层、部分乙状结肠向下移位的疾病称为,肛漏,肛周脓肿,内痔脱出,肛裂,脱肛,,,
A,下列关于泄泻的叙述，错误的是,冬春季节发病率高,2岁以下小儿发病率高,大便次数增多，粪质稀薄,一年四季均可发生,久泻迁延不愈者，易转为疳证,,,
A,百日咳的临床特征是,阵发性痉挛性咳嗽，咳末伴有较长的鸡鸣样吸气性吼声，最后倾吐痰沫,连声干咳，咳声高亢，无痰,阵发性咳嗽，咳声重浊，痰液黏稠,呛咳不已，咽痛无痰,喉间哮鸣气促，呼气延长,,,
E,对于硬肿症的临床表现，描述错误的是,硬肿为对称性,腋温一肛温差由正值变为负值,低体温，体温小于35℃，严重者小于30℃,硬肿出现顺序依次为双下肢、臀、面颊、两上肢、背、腹、胸部等,可有紧张性水肿,,,
C,胎黄气滞血瘀证的主治方剂为,茵陈理中汤,茵陈蒿汤,血府逐瘀汤,桃仁承气汤,以上均非,,,
C,井穴多位于,掌指、跖趾关节之前,掌指、跖趾关节之后,指、趾末端,肘膝关节附近、,掌指、跖趾关节附近,,,
B,心经的郄穴是,神门,阴郄,灵道,通里,中府,,,
E,患者，女，30岁，已婚。尿妊娠试验阳性。2小时前因与爱人吵架出现左下腹撕裂样剧痛，伴肛门坠胀，面色苍白。查体：血压80/50mmHg，左下腹压痛、反跳痛明显，有移动性浊音，阴道有少量出血。应首先考虑的是,堕胎,滑胎,胎动不安,胎漏,异位妊娠,,,
C,患儿，2岁。发热2天，咽喉肿痛，两目红赤，泪水汪汪，畏光羞明，口腔两颊黏膜红赤，贴近臼齿处可见针尖大小的白色小点，周围红晕。其诊断是,口疮,鹅口疮,麻疹,痄腮,发颐,,,
B,患儿，出生后7天。出生时体重2000g，现全身冰凉，体温小于35℃，腋-肛温差为正值，双下肢及臀部硬肿，医生将其放入暖箱中复温，暖箱的初始温度为,32℃,34℃,35℃,36℃,37℃,,,
A,患儿，出生3天，体重2100g，身长42cm，头大囟张，头发稀黄，耳壳软，哭声低微，肌肤不温，指甲软短，骨弱肢柔，指纹淡。其证候是,肾精薄弱,脾肾两虚,心肾两虚,肝脾两虚,心脾不足,,,
B,某孕妇小便频数，淋沥涩痛，量少色淡黄，午后潮热，大便干结，舌红少苔，脉细滑数。治疗应首选,八正散,知柏地黄丸,导赤散,龙胆泻肝汤去木通,二妙丸,,,
B,患者，女，26岁。背部有圆形块物，中央有一黑头，近1周局部结块增大，红肿疼痛，按之中软应指，伴有发热，舌红苔黄，脉数。外治应首选,手术切除,切开排脓,挂线疗法,金黄散水调外敷,青黛散油调外敷,,,
E,患者，女，52岁。左乳癌晚期，破溃外翻如菜花，疮口渗流血水，面色苍白，动则气短。身体瘦弱，不思饮食，舌淡红，脉沉细无力。其治法是,疏肝解郁,扶正解毒,调理冲任,化痰散结,调补气血,,,
C,患者，女，25岁。左乳胀痛10天，局部红肿热痛，中软应指，伴壮热不退，口渴喜饮，舌红苔黄，脉弦数。治疗应首选的外治法是,乳房按摩，并用黄金散外敷,切开引流，行弧形切口,切开引流，行放射切口,切开引流，行十字切口,应用砭镰法,,,
E,患者，男，32岁。患急性子痈3天，恶寒发热，左侧睾丸肿大疼痛，疼痛引及子系（精索），舌红苔黄腻，脉滑数。治疗应首选,透脓散,橘核丸,萆薢化毒汤,阳和汤,枸橘汤,,,
D,患儿，9岁。学习成绩差，遇事好忘，好动不安，冲动任性，难以自控，口干唇红，形瘦颧红，舌质红，舌苔少，脉细数。其治法是,清热涤痰，安神定志,泻心平肝，养心安神,补益心脾，养血安神,滋养肝肾，潜阳定志,养阴清肺，清心安神,,,
C,患者，女，36岁。心悸不宁反复发作，心烦少寐，头晕目眩，手足心热，耳鸣腰酸，舌红少苔，脉细数。其证候是,心血瘀阻,痰火扰心,阴虚火旺,心阳不振,水饮凌心,,,
D,患者，女，35岁。带下过少，阴中干涩，头晕眼花，心悸失眠，神疲乏力，经行腹痛，舌质暗淡，边有瘀斑，脉细涩。治疗应首选,左归丸加知母、肉苁蓉、紫河车、麦冬,血府逐瘀汤,少腹逐瘀汤,小营煎加丹参、桃仁、牛膝,左归饮加三棱、莪术,,,
E,患者，女，32岁。产后乳汁分泌由少至无，乳房胀硬、疼痛，伴胸胁胀满，情志抑郁，食欲不振，时有微热；舌质正常，苔薄黄，脉弦。其治法为,补肾健脾，佐以通乳,舒肝补肾，通络下乳,养血柔肝，通络下乳,补气养血，佐以通乳,疏肝解郁，通络下乳,,,
A,患儿，10个月。高热烦躁，气急鼻煽，张口抬肩，喉中痰鸣，声如拽锯，口唇发绀。其治法是,清热宣肺，涤痰定喘,辛凉宣肺，化痰止咳,清热解毒，泻肺开闭,清热活血，泻肺化痰,泻肺镇咳，清热化痰,,,
C,下列各项，由于禀赋不耐而发病的是,红丝疔,疔疮,药毒,流注,脱疽,,,
C,下列哪项不是失荣的特点,质地坚硬,表面凹凸不平,多发于青少年,肿块联结成串,预后不良,,,
B,下列哪项不符合白疕的皮损特点,点状出血现象,搔抓后易糜烂，继发感染,表面覆盖多层干燥银白色鳞屑,薄膜现象,指甲甲板可呈顶针状凹陷,,,
D,确诊为肠痈的主要依据是,右侧腹痛，伴恶寒、发热,突发剧烈右下腹痛，放射至同侧腹股沟,突发性右下腹绞痛，腹软，肾区叩痛,转移性右下腹疼痛,阵发性右侧腹疼痛，伴恶心欲呕,,,
D,小儿出生后前囟正常关闭的时间是,2～4个月,4～6个月,6～12个月,12～18个月,18～24个月,,,
A,与哮喘发病关系最密切的脏腑是,肺脾肾,肺心肝,肺脾心,肺肝脾,肝脾肾,,,
B,分布于胸腹第二侧线的经脉是,足少阴肾经,足阳明胃经,足厥阴肝经,足少阳胆经,足太阴脾经,,,
C,某女，产时失血较多，分娩后突发手足抽搐，头项强直，牙关紧闭，面色苍白，舌淡无苔，脉虚细。方用,撮风散加味,天麻钩藤汤加味,三甲复脉汤加味,羚角钩藤汤加味,镇肝熄风汤加味,,,
B,男，6个月。近日精神萎靡，不思乳食，口舌满布白屑，大便稀溏，舌淡，苔腻，指纹淡红显于风关。其治法是,清心泻脾，解毒泻火,健脾益气，和胃渗湿,滋阴降火，引火归原,清心泻火，解毒除烦,清热渗湿，解毒泻火,,,
D,患者，女，28岁，新产后。产时损伤膀胱，现小便点滴而下，尿色略混浊带血，小腹胀满疼痛，舌正常或暗，脉涩。治疗应首选,补中益气汤,春泽汤,济生肾气丸,加味四物汤,沉香散,,,
C,患者，男，35岁。入院时诊断为肠痈。现腹皮挛急，全腹压痛、反跳痛，腹胀，恶心呕吐，大便不爽，次数增多，小便频数，时时汗出，皮肤甲错。双目下陷，口干而臭，舌红苔黄糙，脉细数。其证候是,寒湿内蕴，瘀血凝滞,湿热内蕴，气血瘀滞,阳明腑实，热盛伤阴,积热不散，热胜肉腐,邪毒内蕴，瘀血凝滞,,,
D,患者，男，68岁。进行性排尿困难3年，夜尿3～4次/日，尿线变细，余沥不尽，精神萎靡，面色无华，畏寒喜暖，腰膝冷。舌苔薄白，脉沉细。其病机为,湿热下注，膀胱涩滞,中气下陷，膀胱失约,肾阴不足，水液不利,肾阳不足，气化无权,下焦蓄血，瘀阻膀胱,,,
B,患儿，5岁。睡中遗尿，每夜1～2次，甚则数次，醒后方觉，面色少华，神疲乏力，肢冷畏寒，腰腿酸软，小便清长，舌质较淡，苔白滑，脉沉细无力。其治法是,补肺益脾，固涩膀胱,温补肾阳，固涩膀胱,清心滋肾，安神固脬,清热利湿，泻肝止遗,滋阴补肾，固涩膀胱,,,
A,患者，女，28岁。月经提前，量多，经色深红，质稠，经行不畅，有块；时有少腹胀痛，乳房胀痛，口苦咽干，经期烦躁易怒，舌红，苔薄黄，脉弦数。治疗应首选,丹栀逍遥散,归肾丸,保阴煎,固阴煎,两地汤,,,
B,患儿，8岁。左颈项结肿疼痛3天，皮色未变，肿块如鸽卵大，活动度存在，伴咽喉红肿，恶寒发热，头痛，舌苔薄黄，脉细数。内治应首选,柴胡清肝汤,牛蒡解肌汤,黄连解毒汤,五味消毒饮,五神汤,,,
B,患者，男，36岁。身热较著，时时振寒，咳嗽气急，胸痛烦闷，咳时尤甚，痰色黄绿，有腥味，舌红苔黄腻，脉滑数。辨证应属肺痈何期,初期,成痈期,溃脓期,恢复期,发作期,,,
C,烧伤面积的计算按中国九分法，躯干前后包括外阴部分面积占,9%,18%,27%,36%,45%,,,
D,蛇头疔的成脓时间约为,2天,5天,8天,10天,14天,,,
E,关于肛漏手术的注意事项，下列错误的是,探针由外口探入时，不能用力，以免造成假道,高位肛漏通过肛尾韧带，不能横行切断肛尾韧带,肛管直肠环已纤维化者，可一次全部切开,漏管通过肛管直肠环的上方，必须加用挂线疗法,不可一次全部切开漏管,,,
E,下列关于大黄法祛除胎毒的用法中不正确的是,用生大黄,略煮,胎粪通下后停服,脾虚气弱者勿用,用量一般为10g,,,
E,小儿痰热咳嗽的主要特点是,咳嗽频作，声重咽痒，咳痰清稀,咳嗽不爽，痰黄黏稠,咳声重浊，痰多壅盛，色白而稀,干咳无痰，咽痒声嘶,咳嗽痰多，痰黄黏稠，咳痰不易,,,
B,小儿时邪感冒证的治法是,消食导滞,清瘟解表消毒,辛温解表,辛凉解表,清暑解表,,,
A,患者目赤肿痛，应首选,行间,大敦,丘墟,曲泉,期门,,,
D,针灸治疗近视的主穴除睛明、承泣外，还包括,风府、太溪,太阳、合谷,风池、悬钟,风池、光明,风府、太冲,,,
B,女，30岁。术后7天发现切口肿热高突，疼痛剧烈，痛如鸟啄，发热持续不退，中软应指。舌红，苔黄腻，脉洪数。中医治疗其治法是,补益气血,托毒透脓,消肿止痛,养血生肌,活血化瘀,,,
A,患者，男，41岁。头面丹毒，红肿，恶寒发热，口渴，便秘溲黄，舌红苔黄，脉洪数。其证型是,风热毒蕴,气血两燔,湿热化火,热毒蕴结,热毒入营,,,
B,患者，女，23岁，未婚。患带下病3个月，带下量多，色黄质稠，有臭气，少腹痛，阴痒，口腻纳呆，舌红苔黄腻，脉弦数。其证候是,脾虚,湿热,瘀热,热毒,阴虚,,,
B,某女，孕5个月，小便不通，小腹胀急疼痛，心烦不得卧。应诊断为,子烦,转胞,子满,胞阻,子淋,,,
E,患者，女，30岁，已婚。3年前因患子宫肌瘤自然流产1次，现妊娠43天，阴道不时少量下血，腰酸，胎动下坠，口干不欲饮，舌暗红，脉沉弦。其证候是,气虚,肾虚,血热,血虚,血瘀,,,
B,患者，女，25岁。经血过期不净，量多，色淡，质稀，倦怠乏力，气短懒言，小腹空坠，面色（白光）白，舌淡，苔薄，脉缓弱。其治法是,补脾益气，摄血调经,补气摄血，固冲调经,补肾益气，固冲调经,补气摄血，固冲止崩,健脾固冲，养血止血,,,
A,患者，男，40岁。手术后1周突然出现右下肢疼痛肿胀，皮肤色泽发绀，皮温增高，浅静脉怒张，大腿内侧有明显压痛，并伴有低热。应首先考虑的是,股肿,血栓性浅静脉炎,臁疮,脱疽,筋瘤,,,
A,患者，男，40岁。腰痛，尿流突然中断，尿频，尿急，尿痛，小便混赤，口干欲饮。舌红，苔黄腻，脉弦数。可以服用如下哪种方剂,三金排石汤加减,金铃子散加减,石韦汤加减,济生肾气丸加减,六味地黄丸,,,
D,患者，女，26岁。双手背起黄豆般大小的结节1年，结节坚硬粗糙，表面蓬松枯槁，色黄。皮损范围有扩大趋势，无任何不适，舌红，苔薄，脉弦数。其诊断为,扁瘊,鼠乳,线瘊,疣目,丝状疣,,,
D,患儿，2岁。嘴痛2天，舌边溃烂，色赤疼痛，饮食困难，心烦不安，口干，舌红，苔薄黄，指纹紫。其证候是,风热乘脾证,心脾积热证,虚火上浮证,心火上炎证,心肾不交证,,,
C,患者，女，53岁。月经不规律，精神萎靡，头晕耳鸣，腰痛如折，腹冷阴坠，形寒肢冷，舌淡苔白滑，脉沉细而迟。其治法是,滋肾益阴,滋阴潜阳,温肾扶阳,温中健脾，养血调肝,温肾壮阳，填精养血,,,
E,患者，男，32岁。肛门部剧痛3天，肛缘可扪及肿物，表面色紫，触痛明显。应首先考虑的是,肛裂,肛痈,内痔嵌顿,肛管癌,血栓性外痔,,,
A,患者，女，55岁。经断1年，近半月阴道出血，量较多，色紫红，平日带下色黄有味，阴痒，疲惫无力，口苦咽干，大便不爽，小便短赤，舌红，苔黄腻，脉弦细数。治疗应首选,易黄汤,安老汤,益阴煎,知柏地黄汤,龙胆泻肝汤,,,
B,患者，男，30岁。患腿痈1周，溃腐3天，脓腐稠厚且多，不易脱落。外用掺药应首选,阳毒内消散,八二丹,红灵丹,八宝丹,冲和膏,,,
E,患者，男，58岁。左耳后肿块溃破年余，只流血水，其味臭秽，疮口凹凸不平，肿硬如岩石，形体消瘦，面色无华，唇舌淡红，脉细无力。治疗应首选,和营散坚丸,化痰开郁方,香贝养荣汤,阳和汤,八珍汤,,,
E,以下哪项不是牛皮癣的症状特点,易形成苔藓样变,扁平丘疹,皮损肥厚,瘙痒剧烈,严重时可见汁水淋沥,,,
D,乳癖属乳腺何种类型疾病,乳腺炎症,乳腺肿瘤,乳腺恶性病变,乳腺增生病,以上都不是,,,
C,关于尖锐湿疣，以下哪项不正确,好发于阴部皮肤黏膜交界处,基本损害为淡红或灰褐色赘生物,表面粗糙而坚硬,易触破出血,少数可能发展为癌,,,
E,下列哪项不属于良性前列腺增生症的临床症状,夜尿次数增多、排尿困难,慢性尿潴留,尿失禁,血尿,尿频、尿急、尿痛,,,
E,毛细血管瘤最显著的特点是,软似棉，肿似馒,瘤体巨大,质地坚硬,压缩性大,皮色鲜红,,,
A,治疗肠虫证，应首选,使君子散,乌梅丸,驱蛔承气汤,驱虫粉,百部散,,,
A,小儿遗尿的病机主要是,肾气不足，膀胱虚寒,肺脾气虚，制约无权,心肾失交，水火不济,肝经郁热，疏泄失司,虚火客于膀胱，膀胱失约,,,
B,小儿正常会用拇指、示指拾东西的年龄是,7～8个月,9～10个月,10～12个月,12～14个月,1岁半,,,
D,关于胎怯的调护，错误的是,胎怯儿阳气不足，应注意保暖,按体重、日龄计算热量,接触患儿者应戴口罩、帽子,尽量延迟母乳喂养，喂足奶量,一切用品均应消毒后使用,,,
B,灸隐白主要用于,止痛,止崩,止带,调经,安胎,,,
C,间接灸包括的是,化脓灸,无瘢痕灸,隔附子饼灸,温针灸,温灸器灸,,,
E,患者，男，56岁。颈后部肿块，红肿热痛，上有多个脓头，溃破后形似蜂窝，腐肉阻塞，脓液积蓄难出，肿痛难消。外治应首选,八二丹、金黄膏,玉露散箍围,垫棉法,生肌散、白玉膏,切开引流术,,,
E,女，37岁。自然流产3次，此次孕后头晕耳鸣，腰膝酸软，夜尿频多，目眶黯黑；舌淡苔薄白，脉沉弱。治疗应首选,滋阴清热，凉血安胎,清热解毒，活血化瘀,活血祛瘀，佐以益气,益气养血，固肾安胎,补肾健脾，调理冲任,,,
B,孕2个月余，不慎摔伤，轻度腰酸腹坠痛，阴道少许出血，脉滑无力。治法是,补肾固摄，止血安胎,调气和血安胎,补血养血，止血安胎,健脾益气，止血安胎,以上都不是,,,
D,女，2岁。腹泻2天，泄泻清稀，夹有泡沫，臭气不甚，恶心呕吐，发热，鼻塞流涕，苔薄白。其证型是,脾虚泻,湿热泻,伤食泻,风寒泻,湿热痢,,,
D,女，1岁。诊断为营养性缺铁性贫血。症见面色萎黄，神疲乏力，食欲缺乏，少气懒言，舌淡，苔薄白，指纹淡红，中医辨证是,脾肾气虚,气血不足,肝肾阴虚,脾胃虚弱,心脾两虚,,,
C,患者，男，45岁。左侧腰周出现绿豆大水疱，簇集成群，累累如串珠，排列成带状，疼痛较重，舌苔薄黄，脉弦数。其诊断是,湿疮,黄水疮,蛇串疮,药物性皮炎,接触性皮炎,,,
D,患者，女，42岁。便干，便后出血并疼痛1周。检查：肛门外观可见截石位6点有一梭形裂口通向肛内，创面浅而色鲜红，边缘整齐。其分类应是,内痔,外痔,混合痔,早期肛裂,陈旧性肛裂,,,
A,患者，女，42岁。在农村劳动，10天前被利刃扎伤足底，不治自愈。近日出现头痛头晕，全身不适，乏力多汗，烦躁不安。病情延续，估计还可出现哪些症状,张口困难，牙关紧闭,恶寒发热，腹痛腹泻,周身乏力，食入即吐,发热较高，喷射性呕吐,看见水或听到水声，便发生吞咽肌痉挛,,,
C,患者，女，35岁。脱发病程较长，头发脱落前先有头痛或胸胁疼痛等症；伴夜多噩梦，烦热难眠，舌质暗红，有瘀点、瘀斑，舌苔薄，脉沉细。其诊断为,油风血热风燥证,油风热毒蕴结证,油风气滞血瘀证,油风气血两虚证,油风肝肾不足证,,,
E,患儿，出生26天。面目皮肤发黄，晦暗无华，肚腹膨胀，全身散在瘀斑，大便溏薄灰白，舌有瘀点，苔黄。治疗应首选的方剂是,茵陈蒿汤,茵陈理中汤,茵陈五苓散,茵陈术附汤,血府逐瘀汤,,,
D,患儿，8岁。饮食不节，脘腹胀满，嗳腐酸臭，时有呕恶，舌苔厚腻。其治疗应选用的外治法是,熏洗法,涂敷法,热熨法,罨包法,擦拭法,,,
C,患者，女，44岁。月经不规律9个月，现阴道出血40天，量时多时少，近3天量极多，色淡，质稀，伴气短神疲，面浮肢肿，纳呆便溏，舌淡苔白，脉沉弱。治疗应首选,举元煎,补中益气汤,固本止崩汤,清热固经汤,滋阴固气汤,,,
D,患者，女，32岁，已婚。1年来月经后期，40～50天一行，量少，色黯，时有血块，小腹较胀，乳房胀痛，舌略暗苔薄，脉弦。其治法为,温经散寒调经,补血益气调经,活血化瘀调经,理气行滞调经,扶阳祛寒调经,,,
C,患者，男，23岁。一个月前左上肢突然疼痛，检查局部光软无头，红、肿、热、痛，范围在6～9cm左右，易肿、易溃、易脓、易敛。应诊断为,疖,疔,痈,发,有头疽,,,
B,患者，女，38岁。颈前结喉右侧可触及3cm×3cm×3cm肿物，表面光滑，质韧，无压痛，随吞咽上下移动。应首先考虑的是,气瘿,肉瘿,血瘿,石瘿,瘿痈,,,
E,患者，男，24岁。吃芒果7小时后口周皮肤鲜红肿胀，其上有水疱或大疱，大疱破裂后则有糜烂渗液，灼热，瘙痒，伴发热，口渴，大便干结，小便黄，舌红，苔黄，脉弦数。治疗应首选,凉膈散,黄连解毒汤,龙胆泻肝汤,化斑汤,化斑解毒汤合龙胆泻肝汤,,,
A,患儿，6岁。发热1天，恶寒，无汗，头痛，鼻塞流清涕，喷嚏咳嗽，口不渴，咽不红，舌苔薄白，脉浮紧。其证候是,风寒感冒,风热感冒,暑邪感冒,时邪感冒,感冒挟痰,,,
A,患者，女，30岁。下腹部肿块，疼痛2月余，伴低热，经行量多，赤白带下。妇检盆腔右侧触及鸭卵大包块，形不整，触压痛(+)；舌红，苔黄厚，脉弦滑数。治疗应首选,大黄牡丹汤,益肾调经汤,桂枝茯苓丸,香棱丸,银甲丸,,,
A,患者，男，25岁。全身起皮疹2天，皮损潮红，对称分布，有丘疱疹，灼热瘙痒剧烈，抓破渗水；伴心烦口渴，身热不扬，大便干，小便短赤；舌红，苔黄，脉滑数。其诊断是,湿疮,瘾疹,黄水疮,热疮,蛇串疮,,,
B,厌食的基本治疗法则是,消食导滞,运脾开胃,健脾助运,理气醒脾,养胃育阴,,,
A,哮喘肺肾阴虚证的治法是,养阴清热，敛肺补肾,温补脾肾，固摄纳气,补肺固表，健脾益气,泻肺平喘，补肾纳气,解表清里，止咳定喘,,,
E,流脑脑脊液的改变是,白细胞减少，蛋白升高，糖含量正常,白细胞增多，蛋白降低，糖含量正常,白细胞减少，蛋白正常，糖含量正常,白细胞增多，蛋白升高，糖含量轻度降低,白细胞增多，蛋白升高，糖含量明显降低,,,
C,下列有关SARS临床表现的叙述，错误的是,严重者出现呼吸窘迫,常以发热为首发和主要症状,常伴有呼吸道卡他症状,肺部体征不明显,部分患者出现消化道症状,,,
D,好发于学龄儿童的癣是,花斑癣,体癣,手癣,白癣,以上均非,,,
E,骨疳的病位在,肝,心,脾,肺,肾,,,
B,口疳的病位在,肝,心,脾,肺,肾,,,
C,以身体困重、肢体酸痛、腹胀腹泻、纳呆、苔滑脉濡为主要表现的证候是,寒淫证,暑淫证,湿淫证,燥淫证,火淫证,,,
B,以发热口渴、神疲气短、心烦头晕、汗出、小便短黄、舌红苔黄干为主要表现的证候是,寒淫证,暑淫证,湿淫证,燥淫证,火淫证,,,
A,血瘀恶露不绝最佳选方是,生化汤,失笑散,血府逐瘀汤,桃红四物汤,少腹逐瘀汤,,,
A,血瘀产后发热最佳选方是,生化汤,失笑散,血府逐瘀汤,桃红四物汤,少腹逐瘀汤,,,
A,治疗湿疮湿热蕴肤证，应首选,龙胆泻肝汤合萆薢渗湿汤,大分清饮,加味五苓散,当归四逆汤,当归饮子,,,
E,治疗湿疮血虚风燥证，应首选,龙胆泻肝汤合萆薢渗湿汤,大分清饮,加味五苓散,当归四逆汤,当归饮子,,,
E,好发于20～25岁青年妇女的乳房良性肿瘤是,乳痈,乳癖,乳岩,乳疬,乳核,,,
A,多见于产后哺乳期妇女的乳腺疾病是,乳痈,乳癖,乳岩,乳疬,乳核,,,
E,表现为步履不稳、眩晕欲仆、头胀头痛，舌红苔腻，脉弦细有力，辨证为,阴虚动风证,血虚生风证,热极生风证,肝阳上亢证,肝阳化风证,,,
B,表现为眩晕、肢体震颤、面白无华，舌质淡白，脉细，辨证为,阴虚动风证,血虚生风证,热极生风证,肝阳上亢证,肝阳化风证,,,
A,恶寒，头痛项强，脉浮，证属,太阳病证,阳明经证,阳明腑证,少阳病证,少阴病证,,,
D,寒热往来，胸胁苦满，脉弦，证属,太阳病证,阳明经证,阳明腑证,少阳病证,少阴病证,,,
A,肛痈与血栓外痔的共有症状是,肿痛,流脓,脱出,便秘,便血,,,
B,肛痈与肛漏的共有症状是,肿痛,流脓,脱出,便秘,便血,,,
E,中医称之为屡孕屡堕者，是指,先兆流产,难免流产,不全流产,完全流产,习惯性流产,,,
B,中医称之为胎动欲堕者，是指,先兆流产,难免流产,不全流产,完全流产,习惯性流产,,,
D,属支饮的是,局部圆滑包块,肠间水声辘辘,胸胁饱满胀痛,胸闷心悸气短,肢体沉重酸痛,,,
C,属悬饮的是,局部圆滑包块,肠间水声辘辘,胸胁饱满胀痛,胸闷心悸气短,肢体沉重酸痛,,,
C,尖锐湿疣湿热下注证选用的方剂是,龙胆泻肝汤,黄连解毒汤,萆薢化毒汤,萆薢渗湿汤,清瘟败毒饮,,,
B,治疗哮喘之外寒内热证应首选的方剂是,黄连解毒汤合麻杏石甘汤,大青龙汤,小青龙汤,麻杏石甘汤合葶苈大枣泻肺汤,麻杏石甘汤合苏葶丸,,,
E,治疗哮喘痰热阻肺证应首选的方剂是,黄连解毒汤合麻杏石甘汤,大青龙汤,小青龙汤,麻杏石甘汤合葶苈大枣泻肺汤,麻杏石甘汤合苏葶丸,,,
D,慢惊风阴虚风动证的治法是,滋阴潜阳，柔肝息风,补益肝肾，平肝息风,滋阴潜阳，镇肝息风,育阴潜阳，滋肾养肝,滋阴养血，柔肝息风,,,
A,抽动障碍阴虚风动证的治法是,滋阴潜阳，柔肝息风,补益肝肾，平肝息风,滋阴潜阳，镇肝息风,育阴潜阳，滋肾养肝,滋阴养血，柔肝息风,,,
A,小儿贫血脾肾阳虚证的治法是,温补脾肾，益阴养血,调和肝胃，健脾益气,健运脾胃，益气养血,补脾养心，益气生血,滋养肝肾，益精生血,,,
E,小儿贫血肝肾阴虚证的治法是,温补脾肾，益阴养血,调和肝胃，健脾益气,健运脾胃，益气养血,补脾养心，益气生血,滋养肝肾，益精生血,,,
D,AIDS最常见的恶性肿瘤是,隐孢子虫感染,隐球菌感染,肺孢子菌感染,卡波西肉瘤,恶性淋巴瘤,,,
C,AIDS呼吸系统常见的并发症是,隐孢子虫感染,隐球菌感染,肺孢子菌感染,卡波西肉瘤,恶性淋巴瘤,,,
B,月经量少，色淡红，质黏腻如痰；形体肥胖，胸闷呕恶，带多黏腻；舌淡，苔白腻，脉滑。其证候是,血瘀证,痰湿证,气滞证,血虚证,虚寒证,,,
D,经来血量渐少，或点滴即净，色淡，质稀；或伴小腹空坠，头晕眼花，心悸怔忡，面色萎黄；舌淡红，脉细。其证候是,血瘀证,痰湿证,气滞证,血虚证,虚寒证,,,
A,甲类传染病是,鼠疫、霍乱,狂犬病、流行性乙型脑炎,登革热、炭疽,阿米巴性痢疾、肺结核,黑热病、包虫病,,,
E,丙类传染病是,鼠疫、霍乱,狂犬病、流行性乙型脑炎,登革热、炭疽,阿米巴性痢疾、肺结核,黑热病、包虫病,,,
C,关于四时阴阳的消长变化，以下哪项属于从冬至到立春的阴阳变化,由阳转阴,阴长阳消,阴消阳长,重阳必阴,重阴必阳,,,
C,具有藏而不泻特点的是,五官,五体,五脏,六腑,奇恒之腑,,,
C,五行关系中，金是水的,所不胜,相生,母,子,所胜,,,
E,不属于蝉蜕功效的是,疏散风热,利咽开音,明目退翳,息风止痉,宣肺祛痰,,,
E,下列各项中不属于苍术主治病证的是,湿阻中焦证,风湿痹证,风寒夹湿表证,夜盲症,暑湿或湿温初起,,,
D,白茅根的功效是,凉血止血，散瘀解毒消痈,凉血止血，解毒敛疮,凉血止血，化痰止咳，生发乌发,凉血止血，清热利尿，清肺胃热,化瘀止血，活血定痛,,,
B,下列不属于硫黄主治病证的是,湿疹,疟疾,疥癣,虚喘冷哮,虚寒便秘,,,
E,为治疗湿热泻痢里急后重之要药的是,青皮,陈皮,枳实,乌药,木香,,,
B,治疗胃热呕秽，宜选用,知母,芦根,天花粉,夏枯草,石膏,,,
A,发作时心电图ST段呈弓背向上抬高的心绞痛是,变异型心绞痛,卧位型心绞痛,劳累性心绞痛,稳定型心绞痛,恶化型心绞痛,,,
D,癫痫持续状态患者经治疗抽搐停止后，维持治疗常用的药物是,10％水合氯醛保留灌肠,异戊巴比妥静注,地西泮静注,苯巴比妥肌注,苯妥英钠静注,,,
B,上窍不通则下窍不利，说明了,脾与胃的关系,肺与大肠的关系,肝与胆的关系,心与小肠的关系,肾与膀胱的关系,,,
E,心肾不交的治法是,佐金平木,扶土抑木,滋水涵木,培土生金,泻南补北,,,
D,根据十二经脉流注次序，小肠经下交的经脉是,足少阳经,足少阴经,手少阳经,足太阳经,足厥阴经,,,
A,"针对""阳虚则寒""产生的虚寒证治疗应",阴中求阳,阳中求阴,阴阳互补,寒热平调,寒者热之,,,
C,推动人体生长发育及脏腑功能活动的气是,卫气,中气,元气,宗气,营气,,,
D,治疗无汗骨蒸和有汗骨蒸的药物分别是,地骨皮、牡丹皮,柴胡、牡丹皮,地骨皮、胡黄连,牡丹皮、地骨皮,青蒿、地骨皮,,,
B,两种功效相似的药物配合应用，可以增强原有药物的疗效，这种配伍属于,相使,相须,相反,相畏,相恶,,,
A,功效为行气利水，杀虫截疟的药物是,槟榔,雷丸,使君子,莱菔子,苦楝皮,,,
C,金钱草具有的功效是,清肺化痰,泄热通便,解毒消肿,清热解暑,清肺润燥,,,
A,百部的主要功效是,止咳,平喘,利咽,排脓,化痰,,,
B,对于咽喉红肿疼痛，更兼有肺热咳嗽痰多者，治疗首选,鱼腥草,射干,山豆根,板蓝根,马勃,,,
E,最易发生幽门梗阻的溃疡是,球后溃疡,胃多发溃疡,胃角溃疡,胃窦溃疡,幽门管溃疡,,,
E,肺炎链球菌致病力最强的血清型是,第9型,第12型,第1型,第2型,第3型,,,
B,具有高等学校医学专业本科以上学历，需在执业医师指导下在医疗机构中试用期满几年方有资格参加执业医师考试,6个月,1年,2年,3年,5年,,,
C,不属于医疗事故的情况是,医务人员因技术过失造成的医疗技术事故,药房等非临床科室过失导致的患者损害,医疗过程中病员及其家属不配合诊疗导致不良后果,医护人员在护理中违反诊疗护理规范造成患者人身损害后果,医务人员缺乏经验，在诊疗中违反规章造成患者一般性功能障碍,,,
D,下列各项属于护士行为规范的是,不过度医疗,不违规签署医学证明文件,使用适宜诊疗技术和药物,竭诚协助医生诊治，密切观察患者病情,严格遵循临床诊疗规范和技术操作规范,,,
E,气概念的产生，源于,阴阳说,水地说,五行说,元气说,云气说,,,
A,脉象分阴阳，属阳的是,浮脉、数脉、洪脉,滑脉、沉脉、迟脉,洪脉、滑脉、细脉,数脉、洪脉、涩脉,浮脉、数脉、细脉,,,
A,依据五行相克规律确定治法，不包括,培土生金,抑木扶土,培土制水,佐金平木,泻南补北,,,
B,中医学理论体系的主要特点是,整体观念和阴阳五行,整体观念和辨证论治,同病异治和异病同治,四诊八纲和辨证论治,阴阳学说和五行学说,,,
C,"""寒者热之""治则，所体现的阴阳关系是",阴阳交感,阴阳互根,阴阳对立,阴阳消长,阴阳转化,,,
C,"内生""五邪""包括",内风、内暑、内湿、内燥、内火,内风、内寒、内暑、内燥、内火,内风、内寒、内湿、内燥、内火,内风、内寒、内湿、内暑、内热,内风、内寒、内湿、内燥、内暑,,,
B,下列五行相侮正确的是,火侮金,木侮金,木侮土,木侮水,土侮金,,,
A,"""髓之海""指的是",脑,脊柱,骨,脉,胆,,,
D,七情内伤致病容易损伤的脏腑是,心脾肾,心肝肾,肺脾肾,心肝脾,脾肾肝,,,
C,下列药物中具有补肾助阳，祛风除湿功效的是,鹿茸,紫河车,巴戟天,肉苁蓉,补骨脂,,,
C,下列具有平肝疏肝功效的是,薄荷,柴胡,刺蒺藜,菟丝子,钩藤,,,
D,酸枣仁的功效，下列错误的是,养心安神,生津止渴,收敛止汗,润肠通便,补益肝血,,,
E,乌梅炒炭后可用于治疗,肺虚久咳,久泻久痢,蛔厥腹痛,虚热消渴,崩漏不止,,,
A,下列方剂组成药物中含有地黄的是,一贯煎,芍药汤,归脾汤,当归补血汤,当归四逆汤,,,
B,能泻火除烦，并善于清泻三焦火邪的药物是,石膏,栀子,芦根,夏枯草,金银花,,,
A,能祛风散寒止痛，善治巅顶头痛的药物是,藁本,白芷,细辛,吴茱萸,苍耳子,,,
D,下列药物中可用于治疗失音的是,半夏,贝母,瓜蒌,桔梗,前胡,,,
B,具有开窍醒神，化湿和胃，宁神益志功效的药物是,苏合香,石菖蒲,牛黄,冰片,麝香,,,
C,目前用于心脏骤停心脏复苏的首选药物为,阿托品,多巴胺,肾上腺素,去甲肾上腺素,利多卡因,,,
C,我国高血压病患者最主要并发症是,肾脏损害,高血压性心脏病,脑出血与脑梗死,冠心病,主动脉夹层,,,
C,糖尿病并发感染最常见的是,泌尿系感染,败血症,化脓性细菌感染,寄生虫感染,胆管感染,,,
C,与足太阳经相表里的经脉是,足厥阴经,足太阴经,足少阴经,足阳明经,足少阳经,,,
B,肝藏血与脾统血共同发挥的生理功能是,统摄血液,防止出血,贮藏血液,化生血液,调节血量,,,
C,下述哪两脏之间的关系表示的是气血关系,心与肾,肺与肝,心与肺,心与脾,心与肝,,,
A,下列与脑、髓、肾关系密切的是,督脉,带脉,任脉,冲脉,维脉,,,
A,三七、蒲黄和茜草共同的功效是,止血化瘀,散寒痛经,活血定痛,理气止痛,消肿生肌,,,
C,下列药物中为治命门火衰之要药的是,附子,干姜,肉桂,人参,吴茱萸,,,
D,治疗食积气滞，咳喘痰多，应选用的药物是,山楂,神曲,麦芽,莱菔子,鸡内金,,,
B,牵牛子的功效是,泻水逐饮，消肿散结,泻下逐水，去积杀虫,峻下冷积，逐水退肿,祛痰利咽，外用蚀疮,润肠通便，润肺止咳,,,
C,治疗气滞血瘀痛证，风湿痹痛，牙痛，应选用,丹参,红花,姜黄,益母草,桃仁,,,
A,具有补血调经，活血止痛，润肠通便功效的药物是,当归,白芍,三七,何首乌,阿胶,,,
A,驱虫药的服用时间是,空腹服,饭后服,定时服,睡前服,饭前服,,,
B,长于治疗胸满胁痛，寒痰咳喘的药物是,紫苏子,白芥子,桔梗,葶苈子,杏仁,,,
C,白术的功效是,养血安神,补肾固精,健脾燥湿,益卫固表,补气升阳,,,
D,急性白血病常见的首发表现是,关节疼痛,脾肿大,发热及感染,贫血、出血,淋巴结肿大,,,
C,十二指肠溃疡发病的主要机制是,细胞更新能力减弱,胃排空延迟,胃酸、胃蛋白酶等侵蚀因素增强,黏膜屏障减弱,黏膜血流量减低,,,
A,在调整脏腑全身气机中起着重要作用的脏腑是,肺、肝、脾胃,肝、肾、肺,脾、肺、肝,肾、心、肺,肺、肝、心,,,
D,瘀血的致病特点叙述错误的是,易于阻滞气机,影响血脉运行,影响新血形成,病位游走不定,病症繁多,,,
C,"《素问·上古天真论》说的""筋骨坚，发长极，身体盛壮""等生理表现，所指女子的年龄段是",二七,三七,四七,五七,六七,,,
C,因气虚统摄无力，以致血溢脉外，而导致出血的病理状态是,气滞血瘀,气虚血瘀,气不摄血,气随血脱,气血两虚,,,
D,喜润恶燥的脏腑为,脾,肺,胆,胃,肝,,,
C,六淫的共同致病特点不包括,外感性,季节性,传染性,地域性,相兼性,,,
B,下列哪项是大肠的主要生理功能,主液,主津,主腐熟水谷,主泌别清浊,主运化,,,
E,下列属于火的特性的是,稼穑,曲直,从革,润下,炎上,,,
E,下列各项，不属肝主疏泄功能的是,促进脾胃的运化,促进血液运行,调畅气机,调畅情志,促进骨骼发育,,,
B,暑邪伤人出现气短乏力的症状主要是由于,暑为阳邪，其性炎上,暑性升散，伤津耗气,暑多夹湿，阻遏气机,暑性升发，易扰心神,暑性干涩，易伤津液,,,
A,牡丹皮与赤芍均具有的功效是,清热凉血，活血散瘀,清热凉血，解毒定惊,清热凉血，解毒透疹,清热凉血，泻火解毒,清热凉血，养阴生津,,,
A,石膏与知母均有的功效是,除烦止渴,消肿排脓,清热利湿,凉血解毒,清热明目,,,
C,琥珀的功效是,镇惊安神，平肝潜阳，聪耳明目,镇惊安神，平肝潜阳，纳气平喘,镇惊安神，活血散瘀，利尿通淋,镇惊安神，平肝潜阳，收敛固涩,镇惊安神，平肝潜阳，清热解毒,,,
D,腔隙性梗死最主要的病因为,缺血性心脏病,脑瘤,脑动脉瘤,高血压性小动脉硬化,高血压危象,,,
C,再生障碍性贫血的主要发病机制是,免疫功能紊乱,遗传因素,骨髓造血功能衰竭,缺乏造血原料,造血微环境缺陷,,,
D,急性心肌梗死最多见的心律失常是,束支传导阻滞,心房颤动,房性早搏,室性心律失常,房室传导阻滞,,,
C,慢性肾衰竭各系统表现中最常见的死亡原因是,消化系统,神经系统,心血管系统,血液系统,呼吸系统,,,
C,卫生行政机关在职权范围内对违反卫生行政管理秩序而尚未构成犯罪的公民、法人和其他组织实施的一种卫生行政制裁是,行政行为,行政处分,行政处罚,行政复议,行政责任,,,
D,下列情形中，不属于按劣药论处的是,超过有效期的药品,不注明或者更改生产批号的药品,未标明有效期或者更改有效期的药品,国务院药品监督管理部门规定禁止使用的药品,直接接触药品的包装材料和容器未经批准的药品,,,
D,两经病证同时出现的发病类型是,感邪即发,徐发,继发,合病,并病,,,
C,“至虚有盛候”的证候性质为,实中夹虚,虚中夹实,真虚假实,真实假虚,虚实夹杂,,,
C,“肾为气之根”与肾的下述功能相关的是,藏精,主水,主纳气,化生元气,温煦全身,,,
D,应于餐前半小时服用的降糖药是,吡格列酮,瑞格列奈,二甲双胍,格列本脲,阿卡波糖,,,
E,应于进餐时服用的降糖药是,吡格列酮,瑞格列奈,二甲双胍,格列本脲,阿卡波糖,,,
B,造成患者中度残疾、器官组织损伤导致严重功能障碍属于,一级医疗事故,二级医疗事故,三级医疗事故,四级医疗事故,以上均不是,,,
D,造成患者明显人身损害的其他后果属于,一级医疗事故,二级医疗事故,三级医疗事故,四级医疗事故,以上均不是,,,
D,具有维络腰腹，提系胞胎，固护胎儿的作用的经脉是,阴维脉、阳维脉,督脉,任脉,带脉,阴跷脉、阳跷脉,,,
A,维系联络全身阴经和阳经的经脉是,阴维脉、阳维脉,督脉,任脉,带脉,阴跷脉、阳跷脉,,,
C,具有镇惊安神、收敛固涩功效的药物是,琥珀,远志,龙骨,朱砂,磁石,,,
D,具有清心镇惊、安神解毒功效的药物是,琥珀,远志,龙骨,朱砂,磁石,,,
E,上述称“中精之腑”的是,脑,脉,髓,骨,胆,,,
A,"上述称“元神之府""的是",脑,脉,髓,骨,胆,,,
E,阴偏衰所形成的病理变化是,虚寒,真寒假热,实热,实寒,虚热,,,
D,阴偏胜所形成的病理变化是,虚寒,真寒假热,实热,实寒,虚热,,,
D,关于浙贝母的功效说法正确的是,既能清肺，又能和胃降逆,既能化痰，又能润肺下气,既能化痰，又能清热解毒,既能化痰，又能清热散结,既能化痰，又能利水渗湿,,,
A,关于枇杷叶的功效说法确切的是,既能清肺，又能和胃降逆,既能化痰，又能润肺下气,既能化痰，又能清热解毒,既能化痰，又能清热散结,既能化痰，又能利水渗湿,,,
D,具有解郁安神，活血消肿功效的药物是,石菖蒲,龙骨,酸枣仁,合欢皮,远志,,,
B,具有镇惊安神，平肝潜阳作用的药物是,石菖蒲,龙骨,酸枣仁,合欢皮,远志,,,
B,治疗湿热黄疸的最佳选药是,茯苓,茵陈,薏苡仁,猪苓,石韦,,,
C,用以治疗肺痈，肠痈的药物是,茯苓,茵陈,薏苡仁,猪苓,石韦,,,
D,医师在执业活动中，人格尊严、人身安全不受侵犯体现了,医师的社会地位,医师的执业条件,医师的职责,医师的权利,医师的义务,,,
E,医师在执业活动中遵守法律规定和技术操作规范体现了,医师的社会地位,医师的执业条件,医师的职责,医师的权利,医师的义务,,,
D,生痰之源为,肝,肺,肾,脾,胃,,,
C,主水之脏为,肝,肺,肾,脾,胃,,,
E,急性左心功能不全，常伴有,干咳无痰,咳铁锈色痰,咳吐大量鲜血,咳大量脓痰,咳粉红色泡沫痰,,,
E,导致3人以上人身伤害过失行为时，医疗机构应当在几个小时内向所在地卫生行政部门报告,2小时,3小时,6小时,8小时,12小时,,,
C,因抢救危及患者，未能及时书写病历时，要求医务人员应当在抢救结束后几小时内进行补写病历并给予说明,2小时,3小时,6小时,8小时,12小时,,,
A,不宜与细辛同用的药物是,藜芦,贝母,三棱,芒硝,半夏,,,
C,不宜与牙硝同用的药物是,藜芦,贝母,三棱,芒硝,半夏,,,
A,用温热药治疗寒证的方法属于,治寒以热,热者寒之,热因热用,塞因塞用,通因通用,,,
E,用消食导滞的药物治疗食积腹泻属于,治寒以热,热者寒之,热因热用,塞因塞用,通因通用,,,
E,脉微细，但欲寐，证属,太阳病证,阳明经证,阳明腑证,少阳病证,少阴病证,,,
D,口苦，咽干，目眩，证属,太阳病证,阳明经证,阳明腑证,少阳病证,少阴病证,,,
B,柏子仁除养心安神外，还具有的功效是,祛痰,通便,敛汗,解郁,利尿,,,
C,酸枣仁除养心安神外，还具有的功效是,祛痰,通便,敛汗,解郁,利尿,,,
C,“水寒射肺”属于,母病及子,相乘传变,子病犯母,相侮传变,制化传变,,,
B,“见肝之病，知肝传脾”属于,母病及子,相乘传变,子病犯母,相侮传变,制化传变,,,
C,小肠者,仓廪之官，五味出焉,中正之官，决断出焉,受盛之官，化物出焉,相傅之官，治节出焉,作强之官，伎巧出焉,,,
D,肺者,仓廪之官，五味出焉,中正之官，决断出焉,受盛之官，化物出焉,相傅之官，治节出焉,作强之官，伎巧出焉,,,
D,头面先肿，继而波及全身，小便短少，发热恶风者，多因,心阳虚衰,湿邪困脾,脾虚气陷,外邪侵袭,脾胃湿热,,,
B,全身水肿，肿势较缓，肢体困重，脘闷纳呆，苔白腻者，多因,心阳虚衰,湿邪困脾,脾虚气陷,外邪侵袭,脾胃湿热,,,
A,治疗阳痿肾阳不足证，应选用,丁香,吴茱萸,小茴香,花椒,高良姜,,,
C,治疗寒疝腹痛，睾丸偏坠胀痛，应选用,丁香,吴茱萸,小茴香,花椒,高良姜,,,
B,虚热证的面色是,满面通红,两颧潮红,面色青灰,面红如妆,面黄带晦,,,
A,实热证的面色是,满面通红,两颧潮红,面色青灰,面红如妆,面黄带晦,,,
E,具有加强十二经脉表里两经在体内的联系的经络是,别络,经筋,皮部,跷脉,经别,,,
E,具有“离、合、出、入”特点的经脉是,别络,经筋,皮部,跷脉,经别,,,
E,"仙方活命饮中，被前人称之为""疮疡圣药""的药物是",没药,皂角刺,天花粉,穿山甲,金银花,,,
A,主治为脾阳不足，脾不统血证的方剂是,黄土汤,槐花散,四生丸,小蓟饮子,咳血方,,,
C,小建中汤的功用为,养阴复脉，柔肝缓急,益气养阴，缓急止痛,温中补虚，和里缓急,养阴补血，活血通脉,益气养血，复脉定悸,,,
C,带状疱疹的疼痛为,重痛,酸痛,灼痛,闷痛,绞痛,,,
C,根据甲状腺肿大的临床分度，超过胸锁乳突肌者为,Ⅰ度,Ⅱ度,Ⅲ度,Ⅳ度,Ⅴ度,,,
D,高血压性心脏病左心室增大，其心脏浊音界呈,普大型,右位心,梨形,靴形,烧瓶形,,,
D,可引起姿势性脊柱侧凸的为,先天性斜颈,胸膜肥厚,一侧腰肌瘫痪,儿童发育期坐姿或立姿不良,佝偻病,,,
C,主动脉瓣关闭不全时，左心室扩大，心影外形是,里横位,心腰部突出,靴形,梨形,烧瓶形,,,
B,除哪项外均是医德品质的内容,奉献,精诚,仁爱,严谨,诚挚,,,
D,以固定刺痛、肿块、出血、瘀血色脉征为主要表现，其辨证为,血虚证,血寒证,血热证,血瘀证,血脱证,,,
D,关于小儿指纹望诊叙述错误的是,指纹仅显于风关者，是邪气入络，邪浅而病轻,指纹达于气关者，是邪气入经，邪深而病重,指纹达于命关者，是邪入脏腑，病情严重,指纹深浓而暗滞者，多属虚证，是正气虚衰,指纹直达指端者，为透关射甲，病多凶险，预后不佳,,,
E,人中满唇反见于,脾胃积热,虚火上炎,心脾积热,燥热伤津,脾阳已绝,,,
D,下列属于脾肾亏虚的目态是,目睛凝视,瞳孔散大,瞳孔缩小,胞睑下垂,闭目障碍,,,
A,不属于八纲辨证的是,病变吉凶,病性寒热,病变部位,病变类别,邪正盛衰,,,
B,患部红肿高大，根盘紧束，伴有焮热疼痛，易于成脓者，属阳证的是,疹,痈,疽,疔,疖,,,
D,犀角地黄汤主治为,阳证痈疡,大头瘟,气分热盛证,热入血分证,热入营分证,,,
E,逍遥散所主证候的病机要点是,营血虚滞，肝失疏泄,阴虚肝郁，横犯脾胃,肝血不足，疏泄失常,肝气郁滞，耗伤阴血,肝郁血虚，脾失健运,,,
C,下列属于大黄牡丹汤组成药物的是,枳实,麻仁,桃仁,厚朴,赤芍,,,
A,固冲汤除固冲摄血外，还具有的功效是,益气健脾,补肾涩精,温经止痛,温补脾肾,补气生血,,,
A,胃内蓄积血量达300ml可出现,呕血,嗜睡,头昏,大便隐血试验阳性,周围循环衰竭,,,
B,粒细胞缺乏症是指,白细胞总数小于4×109/L,中性粒细胞数小于0.5×109/L,中性粒细胞数小于1.5×109/L,中性粒细胞数小于2×109/L,中性粒细胞数小于1×109/L,,,
E,网织红细胞减少的疾病为,急性失血性贫血,糖尿病酮症酸中毒,真性红细胞增多症,大面积烧伤,急性白血病,,,
D,暴饮暴食后出现的急性腹痛多为,肝破裂,脾破裂,胆石症,急性胰腺炎,十二指肠溃疡,,,
A,医学科研的道德准则是,实事求是，真诚协作,实事求是，脚踏实地,实事求是，互相合作,实事求是，团结合作,实事求是，务实协作,,,
A,中医临床诊断中对四诊的道德要求是,安神定志,认真负责,态度端正,审慎保密,严谨细致,,,
D,医患沟通的意义中不包括,是医学人文精神的需要,是医学诊断的需要,是医学目的的需要,是提高医生技术水平的需要,是临床治疗的需要,,,
C,肝火犯肺证、燥邪犯肺证、热邪壅肺证、肺阴虚证四证的共同表现是,胁肋灼痛,急躁易怒,咳嗽咳血,潮热盗汗,五心烦热,,,
D,不属于湿淫证临床表现的是,头重如裹,口腻不渴,胸脘痞闷,气短神疲,纳呆恶心,,,
A,主要候五脏病变的是,舌质,舌苔,舌尖,舌中,舌根,,,
E,舌淡白湿润，舌体胖嫩者，常提示的是,脾胃湿热,气分有湿,阴虚夹湿,瘀血内阻,阳虚水湿内停,,,
E,下列哪种证型可见舌绛少苔有裂纹,气血两虚,热邪内盛,脾虚湿侵,瘀血内阻,阴虚火旺,,,
D,舌苔出现剥脱在舌中部多为,肝经气滞,脾失健运,心火上炎,胃阴不足,肾阴虚,,,
D,脉之大会为,尺,关,趺阳,寸口,人迎,,,
D,见微知著主要指的是,将病人与其所处环境结合起来综合地判断病情,四诊并重，诸法参用，综合收集病情资料,通过诊察其反映于外部的现象，揣测内在的变动,通过微小的变化，测知整体的情况,在认识正常的基础上，发现太过、不及的异常变化,,,
B,干咳无痰，气逆而喘，头痛身热，咽喉干燥，鼻燥，胸满胁痛，舌干少苔，脉虚大或数。首选用方为,麦门冬汤,清燥救肺汤,桑杏汤,定喘汤,杏苏散,,,
B,济川煎的组成药物中含有,熟地,牛膝,生地,玄参,麦冬,,,
C,下列哪项是旋覆花、代赭石在旋覆代赭汤中的配伍意义,化痰消食和胃,平冲降逆和胃,除噫气，镇冲逆,祛痰降逆和胃,温胃化痰止呕,,,
E,长骨结核好发于,颈椎,胸椎,腰椎,膝关节,骺和干骺端,,,
B,严重下肢动脉硬化患者常采取的步态是,痉挛性偏瘫步态,间歇性跛行,鸭步,慌张步态,剪刀步态,,,
A,急性左心衰竭常有,咳粉红色泡沫痰,唇色、睑结膜苍白,午后潮热，盗汗,弛张热，巩膜黄染,咳铁锈色痰,,,
C,正常人呼吸与脉搏之比为,1:02,1:03,1:04,1:05,1:01,,,
B,评价和衡量医务人员医疗行为是否符合道德以及道德水平高低的重要标志是,服务标准,疗效标准,社会标准,科学标准,技术标准,,,
D,以下哪项是清营汤的功用,清营养阴，宁心安神,清营凉血，养阴生津,清营透热，养阴活血,清营解毒，透热养阴,清营养阴，凉血散瘀,,,
D,下列不属于上焦病证的是,邪袭肺卫证,湿蒙心包证,邪陷心包证,阳明热结证,湿热阻肺证,,,
B,睡后易醒，醒后不易入睡多见于,心肾不交,心脾两虚,胆郁痰扰,食滞内停,以上均不是,,,
B,痛无定处，按之无形，聚散不定者为,积,聚,结胸,鼓胀,痞满,,,
A,瘀血久停所致的面色特点是,面色黧黑,面色（白光）白,黄如烟熏,面色紫黑,眼眶黑黧,,,
C,口角、唇边、鼻旁出现成簇粟米大小水泡，灼热痒痛为,麻疹,风疹,热疮,湿疹,水痘,,,
D,口干但欲漱水不欲咽，兼见面色黧黑者，多属,阴虚证,湿热证,痰饮内停,瘀血内停,温病营分证,,,
C,患者口唇赤肿而干，提示,血虚,热盛,热极,血瘀,寒盛,,,
E,治疗虚热肺痿宜用,一贯煎,桑杏汤,玉液汤,六味地黄丸,麦门冬汤,,,
C,头目眩晕，目胀耳鸣，脑部热痛，面色如醉，心中烦热；口眼渐形歪斜，甚或眩晕颠扑，醒后不能复元，脉弦长有力，宜用,川芎茶调散,小活络丹,镇肝息风汤,消风散,天麻钩藤饮,,,
E,羌活胜湿汤与九味羌活汤的组成药物中均含有的是,黄芩、川芎,羌活、藁本,羌活、独活,羌活、蔓荆子,防风、川芎,,,
E,双侧上眼睑下垂见于,脑炎,脑脓肿,蛛网膜下腔出血,脑出血,重症肌无力,,,
C,下列哪项疾病引起的是前庭障碍性呕吐,胃肠神经症,癔症,梅尼埃病,急性心肌梗死,异位刺激,,,
B,引起心源性呼吸困难的主要疾病为,重症肺炎,左心衰竭,重症肺结核,右心衰竭,以上均非,,,
D,脑出血引起发热的主要原因是,皮肤散热量的减少,感染性发热,植物神经功能紊乱,体温调节中枢的功能失常,无菌性坏死物质的吸收,,,
C,下列情况可见病理性蛋白尿的是,严重受寒,肾结核,妊娠中毒,剧烈活动后,选项均非,,,
A,在胸骨左缘第3、4肋间触及收缩期震颤，应考虑为,室间隔缺损,二尖瓣狭窄,三尖瓣狭窄,肺动脉瓣狭窄,主动脉瓣关闭不全,,,
B,生命质量的衡量标准不包括的是,个体的身体状态,个体生命优化条件,个体的智力状态,生命的意义和目的,操作质量,,,
E,病室有蒜臭气味多见于,肾衰,失血,消渴病,瘟疫类疾病,有机磷中毒,,,
D,按之疼痛，固定不移，多为内有,瘀血肿块,脾胃气虚,内痈,瘀血,气滞,,,
E,心阳虚脱证的表现为,心悸,胸痛,冷汗,脉微,以上都是,,,
A,属于假神表现的是,除中,厌食,饥不欲食,消谷善饥,食欲减退,,,
B,痰白而清稀，或有灰黑点者多属,热痰,寒痰,湿痰,燥痰,肺痈,,,
A,口角歪斜兼半身不遂者见于,中风病,破伤风,狂犬病,慢惊风,急惊风,,,
C,以益气生津，敛阴止汗为功用的方剂是,四逆汤,四物汤,生脉散,当归补血汤,补中益气汤,,,
B,清气化痰丸的功效为,润肺清热，理气化痰,清热化痰，理气止咳,化痰息风，健脾祛湿,燥湿化痰，理气和中,益气祛风，健脾利水,,,
E,咽中如有物阻，咯吐不出，吞咽不下，胸膈满闷，脉弦滑，选方为,越鞠丸,柴胡疏肝散,定喘汤,苏子降气汤,半夏厚朴汤,,,
C,阴虚火旺，发热盗汗，面赤心烦，口干唇燥，便结溲黄，舌红，脉数者，治疗宜选方剂是,知柏地黄丸,六味地黄丸,当归六黄汤,牡蛎散,大补阴丸,,,
B,治疗心热移于小肠，小便短赤，溲时热涩刺痛者，应选用,败毒散,导赤散,玉女煎,竹叶石膏汤,黄连解毒汤,,,
E,苏子降气汤组成中不包含的药物是,肉桂,前胡,厚朴,当归,葶苈子,,,
C,下列组成药物中含有白果的是,固冲汤,固经丸,易黄汤,桑杏汤,失笑散,,,
A,白术与苍术并用的方剂是,完带汤,健脾丸,藿香正气散,九味羌活汤,参苓白术散,,,
E,真武汤与实脾散均含有的药物是,白术、干姜、附子,茯苓、干姜、附子,甘草、茯苓、附子,甘草、茯苓、干姜,白术、茯苓、附子,,,
B,下列组成药物中不含有甘草的方剂是,杏苏散,猪苓汤,八正散,小蓟饮子,蒿芩清胆汤,,,
A,下列哪项不是散剂的特点,吸收缓慢,节省药材,便于携带,制作简便,不易变质,,,
D,下列一般不出现气管移位的是,气胸,肺不张,胸腔积液,腹膜粘连,纵隔肿瘤,,,
A,黄疸伴有右上腹绞痛多见于,胆道结石,胆道蛔虫症,肝脓肿,病毒性肝炎,中毒性肝炎,,,
B,药物引起的头痛一般出现在用药后,10～15分钟,15～30分钟,30～35分钟,35～40分钟,40～45分钟,,,
B,下列常出现血沉明显增快的情况，应除外,结核病,心绞痛,心肌梗死,慢性肾炎,多发性骨髓瘤,,,
C,不属于气分证临床表现的是,舌红苔黄,脉数有力,身热夜甚,大便秘结,发热不恶寒,,,
B,治疗太阳伤寒证的代表方剂是,桂枝汤,麻黄汤,二陈汤,银翘散,桑杏汤,,,
C,亡阳证病人的面色表现是,面白无华,面色淡白,面色苍白,面色青紫,面色青黑,,,
B,下列不属于消法适应证的是,行气,止血,活血,化痰,利水,,,
B,枳实导滞丸的组成药物中不含,黄连、白术,木香、半夏,大黄、泽泻,枳实、黄芩,神曲、茯苓,,,
D,以肝胃虚寒，浊阴上逆证为主治证候的方剂是,乌梅丸,小建中汤,小柴胡汤,吴茱萸汤,大建中汤,,,
E,三仁汤除清利湿热外，还具有的功用是,通阳化气,升清降浊,行气和胃,理气和中,宣畅气机,,,
B,多由气血亏虚，阴寒凝滞所致的是,痈,疽,疔,疖,痰,,,
D,多由外感火热毒邪或湿热内蕴所致的是,痈,疽,疔,疖,痰,,,
D,热盛伤津重症多见,润苔,滑苔,燥苔,糙苔,厚苔,,,
A,风寒表证初起可见,润苔,滑苔,燥苔,糙苔,厚苔,,,
A,脉象表现为浮大中空，如按葱管的是,芤脉,革脉,散脉,牢脉,结脉,,,
C,浮取散漫，中候似无，沉取不应，伴节律不齐的脉象是,芤脉,革脉,散脉,牢脉,结脉,,,
B,心血充足，胃气旺盛可见,淡白舌,淡红舌,红舌,降舌,青紫舌,,,
C,阴液亏虚多见,淡白舌,淡红舌,红舌,降舌,青紫舌,,,
B,应用政治军事压力从事违背伦理原则的实验，称为,临床实验,强迫实验,天然实验,自我实验,志愿实验,,,
C,由于战争可形成大面积的研究样本群的实验，称为,临床实验,强迫实验,天然实验,自我实验,志愿实验,,,
D,连朴饮的组成药物中含有,炒苍术、炒黄柏,石菖蒲、飞滑石,白通草、飞滑石,石菖蒲、制半夏,石菖蒲、益智,,,
C,三仁汤的组成药物中含有,炒苍术、炒黄柏,石菖蒲、飞滑石,白通草、飞滑石,石菖蒲、制半夏,石菖蒲、益智,,,
E,大柴胡汤中配伍大黄的主要意义是,活血祛瘀,和解清热,泻火除湿,缓急止痛,内泻热结,,,
D,大柴胡汤中配伍芍药的主要意义是,活血祛瘀,和解清热,泻火除湿,缓急止痛,内泻热结,,,
A,膝内翻见,直立时两踝并拢而两膝分离,两膝并拢而两踝分离,踝关节呈固定型内收位,踝关节呈固定型外展位,膝部肿大而股胫消瘦,,,
B,膝外翻见,直立时两踝并拢而两膝分离,两膝并拢而两踝分离,踝关节呈固定型内收位,踝关节呈固定型外展位,膝部肿大而股胫消瘦,,,
B,主里热亢盛、阴虚火旺及瘀血的舌质表现是,红舌,绛舌,淡红舌,淡白舌,青紫舌,,,
D,主气血两虚、阳虚的舌质表现是,红舌,绛舌,淡红舌,淡白舌,青紫舌,,,
D,主治下焦蓄血证的方剂是,复元活血汤,血府逐瘀汤,补阳还五汤,桃核承气汤,桂枝茯苓丸,,,
B,主治胸中血瘀证的方剂是,复元活血汤,血府逐瘀汤,补阳还五汤,桃核承气汤,桂枝茯苓丸,,,
B,上述为皮下出血的几种体检所见，请写出紫癜相对应的体征名称,皮下出血直径小于2mm,皮下出血直径3～5mm,皮下出血直径＞5mm,片状出血伴有皮肤显著隆起,片状出血伴有皮下握雪感,,,
C,上述为皮下出血的几种体检所见，请写出瘀斑相对应的体征名称,皮下出血直径小于2mm,皮下出血直径3～5mm,皮下出血直径＞5mm,片状出血伴有皮肤显著隆起,片状出血伴有皮下握雪感,,,
D,脘痞伴见胃脘有振水声者，多见于,脾胃虚弱,痰湿中阻,食滞胃脘,饮邪停胃,肾虚水泛,,,
C,脘痞伴见嗳腐吞酸者，多见于,脾胃虚弱,痰湿中阻,食滞胃脘,饮邪停胃,肾虚水泛,,,
D,鼻为（ ）之外候所在,肝,肺,心,脾,肾,,,
A,左颊候,肝,肺,心,脾,肾,,,
A,手足瘛疭，形瘦神倦，舌绛少苔，脉气虚弱，时时欲脱者，治宜选用,大定风珠,羚角钩藤汤,镇肝息风汤,川芎茶调散,天麻钩藤饮,,,
B,高热不退，烦闷躁扰，手足抽搐，舌绛而干，发为痉厥，脉弦数者，治宜选用,大定风珠,羚角钩藤汤,镇肝息风汤,川芎茶调散,天麻钩藤饮,,,
B,胆石症所见疼痛是,钝痛,绞痛,胀痛,烧灼痛,针刺痛,,,
B,泌尿系结石所见疼痛是,钝痛,绞痛,胀痛,烧灼痛,针刺痛,,,
C,患部初起如粟如米，根脚坚硬较深，麻木或发痒，顶白而痛属于,痈,疽,疔,疖,疡,,,
A,患部红肿高大，根盘紧束，伴有焮热疼痛属于,痈,疽,疔,疖,疡,,,
C,食少便溏，面色萎白，语声低微，四肢乏力，舌质淡，脉虚弱。治疗应首选,归脾汤,炙甘草汤,四君子汤,六味地黄丸,四物汤,,,
A,心悸怔忡，健忘失眠，盗汗，体倦食少，面色萎黄，舌淡，苔薄白，脉细弱。治疗应首选,归脾汤,炙甘草汤,四君子汤,六味地黄丸,四物汤,,,
D,羚角钩藤汤的组成中含有的药物是,钩藤、生龟板,钩藤、川牛膝,钩藤、生龙骨,钩藤、京川贝,钩藤、生牡蛎,,,
B,天麻钩藤饮的组成中含有的药物是,钩藤、生龟板,钩藤、川牛膝,钩藤、生龙骨,钩藤、京川贝,钩藤、生牡蛎,,,
A,患者，女，26岁。月经淋沥不净，色淡质稀，面色萎黄，神疲肢倦，气短懒言，纳呆便溏，舌质淡而胖，苔白。脉沉细无力。应选取,气海、三阴交、足三里、百会、脾俞、胃俞,关元、三阴交、隐白、血海,关元、三阴交、隐白、膻中,三阴交、足三里、肾俞、命门,三阴交、隐白、脾俞、胃俞、公孙,,,
C,患者，女，33岁，腰部疼痛，重着而热，暑湿阴雨天气症状加重，活动后或可减轻，身体困重，小便短赤，苔黄腻，脉濡数。治宜选用,右归丸,白虎汤,四妙丸,甘姜苓术汤,身痛逐瘀汤,,,
E,下列各项，不属痞满病理性质的是,食积,痰湿,外邪,气滞,瘀血,,,
A,疟疾的基本病机是,疟邪伏于少阳，出入营卫，邪正交争,暑湿伏于半表半里，邪正交争,暑湿伏于少阳，出入营卫，邪正交争,湿毒伏于阳明，出入营卫，邪正交争,疟邪伏于阳明，出入营卫，邪正交争,,,
D,患者，女，68岁。突发右侧肢体活动不利，言语不清，口角流涎，伸舌右偏、口角（口呙）斜，血压180/100mmHg，腹胀，便秘3日未行，脉弦，舌暗红苔黄腻。应在主穴的基础上加用,太溪、风池,丰隆、合谷,气海、血海,曲池、内庭、丰隆,太冲、太溪,,,
B,患者王某，胃脘疼痛，胀满拒按，嗳腐吞酸，呕吐不消化食物，其味腐臭，吐后痛减，不思饮食，大便不爽，得矢气及便后稍舒，舌苔厚腻，脉滑。治疗宜选用,失笑散,保和丸,良附丸,柴胡疏肝散,清中汤,,,
C,患者王某，湿热浸淫导致痿证，症见肢体困重肿胀，痿软无力，麻木不仁，尤以双下肢为甚，治宜,参苓白术散,羌活胜湿汤,加味二妙散,五苓散,猪苓汤,,,
A,某患者胃痛暴作，恶寒喜暖，脘腹得温则痛减，口淡不渴，喜热饮，舌苔薄白，脉弦紧。治疗应首选,良附丸,理中汤,藿朴夏苓汤,小建中汤,黄芪建中汤,,,
C,肺痨的治疗原则是,温肾健脾，抗痨杀虫,补益肺脏，抗痨杀虫,补虚培元，抗痨杀虫,补益肺脏，兼顾脾肾,养阴清热，抗痨杀虫,,,
A,下列各项中，不正确的是,阳池属于手太阳小肠经,后溪属于手太阳小肠经,肩髎属于手少阳三焦经,养老属于手太阳小肠经,肩髃属于手阳明大肠经,,,
D,"循行""入下齿中""的经脉是",脾经,肝经,小肠经,大肠经,胃经,,,
D,下列属于行针基本手法的内容是,提捅法，弹针法,震颤法，弹针法,提插法，刮柄法,提插法，捻转法,捻转法，震颤法,,,
D,手太阴肺经的起止穴是,中府、商阳,商阳、迎香,少商、中府,中府、少商,商阳、中府,,,
D,患者，女，35岁。低热3个月，热势常随情绪波动而起伏，烦躁易怒，口干而苦，舌红苔黄，脉弦数。诊断为内伤发热，其证候是,血虚,气虚,痰湿,肝郁,瘀血,,,
E,患者，女，45岁。7月发病，身热，微恶风，汗出，肢体酸重疼痛，头昏胀痛，咳嗽痰黏，鼻流浊涕，胸闷泛呕，心烦口渴，不欲多饮，舌苔薄黄而腻，脉濡数。治宜选用,藿香正气散,银翘散,川芎茶调散,玉枢丹,新加香薷饮,,,
B,腹痛之寒邪内阻证，首选的方剂是,小建中汤,良附丸合正气天香散,大承气汤,正气天香散,枳实导滞丸,,,
E,元气素虚，清阳不升，神明失养出现的气厥虚证，应首选,四君子汤,安宫牛黄丸,通瘀煎,补中益气汤,四味回阳饮,,,
A,下列有关针刺深度的叙述，不正确的是,久病宜浅刺,头面、胸背部的腧穴宜浅刺,年老体弱者宜浅刺,形瘦体弱者宜浅刺,阳证宜浅刺,,,
A,雀啄灸属于,艾条灸,温灸器灸,天灸,温针灸,艾炷灸,,,
B,针灸治疗肝郁气滞而致缺乳，在乳根、膻中、少泽方基础上加,中脘、足三里,太冲、内关,足三里、内关,脾俞、胃俞,外关、足临泣,,,
E,高血压性脑出血，出血部位多为,丘脑,脑桥,小脑,基底节,以上都是,,,
B,患者，女，50岁。近3个月来，多食易饥，形体消瘦，体重减轻3kg，大便干燥，舌苔黄，脉滑有力。其诊断是,消渴上消肺热津伤,消渴中消胃热炽盛,消渴中消气阴亏虚,消渴下消肾阴亏虚,消渴下消阴阳两虚,,,
C,患者，男，36岁。症见喘促短气，言语无力，咳声低弱，自汗畏风，咽喉不利，口干面红，舌质淡红，脉象细弱。当属何种证候,肺阴亏虚之喘证,肺脾气虚之喘证,肺气阴两虚之喘证,肺肾阴亏之喘证,脾肾两虚之喘证,,,
B,患者，女，32岁。午后及夜间潮热，手足心热，骨蒸颧红，心烦盗汗，失眠多梦，口干咽燥，大便干结，尿少色黄，舌红而干，或有裂纹，无苔或少苔，脉象细数。治疗应取何法,益气生血，甘温除热,滋阴清热,益气养阴,养血解表,温阳补肾,,,
D,患者恶寒较甚，发热，无汗，身楚倦怠，咳嗽，咳痰无力，舌淡苔薄白，脉浮无力。治法是,辛温解表,辛凉解表,祛湿解表,益气解表,以上均非,,,
D,患者头部空痛8年，头痛隐隐，遇劳发作，兼头晕，神疲乏力，面色不华，舌淡，脉细弱。针灸治疗宜配用,血海、膈俞,后溪、昆仑,太溪、太冲,脾俞、足三里,中脘、丰隆,,,
D,呃逆胃阴不足证的病机概要是,肝气郁滞，横逆犯胃，胃气上逆,热积胃肠，腑气不畅，胃火上冲,寒蓄中焦，气机不利，胃气上逆,阴液不足，胃失濡养，气失和降,中阳不足，胃失和降，虚气上逆,,,
D,属于心悸病因的是,先天遗传,久病入络,跌仆损伤,七情所伤,以上均非,,,
B,肺痨的基本病机是,虚体虫侵，血虚不足,虚体虫侵，阴虚火旺,虚体虫侵，瘀血内停,虚体虫侵，阳气虚衰,虚体虫侵。气虚不足,,,
D,下列各项，不属于痢疾主症的是,腹痛,里急后重,痢下赤白黏冻,呕吐,大便次数增多,,,
C,气病可取八会穴中的哪穴,章门,悬钟,膻中,中脘,太渊,,,
A,治疗外感风热面痛，除主穴外应加用,曲池、外关,太冲、三阴交,血海、膈俞,太溪、肾俞,列缺、风门,,,
E,"下列何经循行""绕肩胛""",手少阳三焦经,足少阳胆经,手阳明大肠经,足太阳膀胱经,手太阳小肠经,,,
B,下列哪项不属于脑脊液检查的禁忌证,颅内压明显增高或伴显著视乳头水肿者,疑有中枢神经系统恶性肿瘤,处于休克、衰竭或濒危状态者,局部皮肤有炎症者,颅后窝有占位性病变者,,,
D,可引起网织红细胞增多的贫血为,再生障碍性贫血,骨髓病性贫血,急性白血病,缺铁性贫血,脾功能亢进,,,
A,患者，男，55岁。既往有胃病二十余年，每次均因饮食不慎，出现呕吐，时作时止，倦怠乏力，口干不欲饮，四肢不温，大便溏薄，舌质淡，脉濡弱。最佳治疗方剂为,理中汤,香砂六君子汤,麦门冬汤,补气运脾汤,藿香正气散,,,
E,患者，女，28岁。近来时常鼻衄，或兼齿衄。血色鲜红，牙龈红肿疼痛，口臭便秘。鼻干口干，舌红苔黄，脉洪数。其治法是,清泻肺热，凉血止血,清肝泻火，凉血止血,滋阴降火，凉血止血,清热润肺，宁络止血,清胃泻火，凉血止血,,,
D,王某，男性，55岁。反复呕吐1月，呕吐清水痰涎，脘闷不食，头眩心悸，舌苔白腻，脉滑。治法宜选用,疏肝理气，和胃降逆,健脾益气，和胃降逆,温中健脾，和胃降逆,温中化饮，和胃降逆,滋养胃阴，降逆止呕,,,
C,患者，女，48岁。胃脘隐隐灼痛，似饥而不欲食，口燥咽干，五心烦热，消瘦乏力，口渴引饮，大便干结，舌红少津，脉细数。治疗选用,失笑散合丹参饮,黄芪建中汤,一贯煎合芍药甘草汤,香苏散合良附丸,沙参麦冬汤,,,
D,患者头痛而晕，心悸不宁，神疲乏力，面色无华，舌淡苔薄白，脉细弱。治疗应首选,大定风珠,大补元煎,半夏白术天麻汤,加味四物汤,六君子汤,,,
A,患者，男性，32岁。2天前因食不洁水果，出现腹痛腹泻，下痢赤白，里急后重，肛门灼热，心烦口渴，小便短赤，舌苔黄腻，脉滑数。治疗除取主穴外，还应加,曲池、内庭,脾俞、肾俞,中脘、气海,中脘、内关,行间、足三里,,,
B,患者，男性，31岁。口角歪向右侧，左眼不能闭合2天，左侧额纹消失，治疗应选取何经穴为主,手、足厥阴经,手、足阳明经,手、足少阳经,手、足太阴经,手、足太阳经,,,
C,下列各项，不属于噎膈变证的是,积聚,水肿,黄疸,关格,虚劳,,,
B,与噎膈发病相关的主要脏腑是,胃、脾、肺、肝,胃、脾、肝、肾,脾、胃、肾、胆,脾、肝、胆、肾,脾、肾、肝、肺,,,
A,甘温除热治法的代表方剂是,补中益气汤,人参养荣汤,大建中汤,小建中汤,黄芪建中汤,,,
A,积聚病证是指结块出现在,腹腔内,腹壁上,身体任何部位,颈部,胸腔内,,,
A,最新国家标准规定的经穴数是,362个,365个,354个,359个,361个,,,
E,位于腕背横纹桡侧，当拇短伸肌腱与拇长伸肌腱之间的凹陷中的穴位是,神门,阳池,大陵,太渊,阳溪,,,
B,针灸下面哪组穴位来治疗痢疾,大肠俞、天枢、小肠俞、上巨虚、下巨虚,天枢、上巨虚、合谷、三阴交,足三里、上巨虚、中脘、大肠俞、胃俞,神阙、百会、气海、关元,天枢、上巨虚、下巨虚、大肠俞,,,
B,三棱针的常用操作方法，不包括,散刺法,透刺法,刺络法,挑刺法,点刺法,,,
B,下列哪项不是关元穴的主治病证,中风脱证、虚劳冷惫,癫狂痫、失眠,少腹疼痛、疝气,遗精、阳痿、早泄,月经不调、痛经,,,
A,生化汤除养血祛瘀外，还具有的功用为,温经止痛,祛风散寒,祛湿除痹,疏肝理气,行气宽中,,,
B,FBG＞9.0mmol/L时为,高糖血症,尿糖阳性,血糖减低,低糖血症,空腹血糖过高,,,
A,患者，男，40岁。肢体关节酸痛，游走不定，屈伸不利，恶风发热，舌苔薄白，脉浮。治疗应首选,防风汤,乌头汤,双合汤,白虎加桂枝汤,薏苡仁汤,,,
D,患者，男，72岁。有健忘病史多年。如今计算力、定向力明显减退，神情呆钝，词不达意，头晕耳鸣，腰酸骨软，舌瘦色淡，苔薄白，脉沉细弱。治疗应首选,还少丹,补阳还五汤,人参养荣汤,七福饮,转呆汤,,,
C,胸痹的主症是,胸胁胀痛，持续不解，多伴有咳唾,心下有气攻冲作痛,胸部闷痛甚则胸痛彻背,自觉心中悸动不安，心搏异常,咳嗽，胸痛，脓血痰,,,
D,胸痹的辨证要点，应首辨,脉象变化,外感内伤,标本虚实,病情轻重,寒热虚实,,,
D,下列各项中，不是虚劳病因的是,饮食不节,大病久病,禀赋薄弱,情志失调,烦劳过度,,,
A,下列各项，不属关格诱因的是,经常憋尿,劳欲过度,外感风寒,饮食不节,情志不畅,,,
E,下列各项，不属水肿病理因素的是,疮毒,瘀血,风邪,水湿,痰浊,,,
C,鼓胀的基本病机是,肺、脾、肾受损，水、瘀、饮停腹中,脾、肾受损，瘀、水停腹中,肝、脾、肾受损，气、瘀、水停腹中,肝、脾、肾受损，痰、瘀、水停腹中,肝、脾受损，气、瘀、水停腹中,,,
D,胁痛的基本病机是,脾胃不和,胃气不降,肝气犯胃,肝络失和,胆经湿热,,,
C,患者，男，42岁。身发疮痍，甚者溃烂已半年，久治不效。近1周眼睑突然水肿，延及全身，伴见恶风发热，小便不利，舌质红，苔薄黄，脉浮数。治疗宜选,麻黄连翘赤小豆汤,越婢加术汤,麻黄连翘赤小豆汤合五味消毒饮,五苓散合五味消毒饮,防己黄芪汤合麻黄连翘赤小豆汤,,,
B,患者，男，49岁。失眠日久，兼头晕耳鸣，腰膝酸软，五心烦热，遗精盗汗，舌质红，脉细数。针灸治疗除取主穴外，应配取,心俞、脾俞、厥阴俞,心俞、肾俞、太溪,心俞、胆俞、丘墟,心俞、肝俞、太冲,心俞、胃俞、足三里,,,
D,王某，男性，75岁。反复咳喘30年多。现症：咳吐涎沫，其质清稀量多，不渴，短气不足以息，头眩，神疲乏力，食少，形寒，小便数，舌质淡，脉虚弱。其治疗应首选,七味都气丸,麦门冬汤,麻黄升麻汤,生姜甘草汤,清燥救肺汤,,,
C,患者，男性，27岁。3日来头痛如裹，痛无休止，肢体困重，苔白腻，脉濡。针灸治疗除列缺、百会、太阳、风池外，宜取,曲池,丰隆,阴陵泉,足临泣,风门,,,
D,呃逆气机郁滞证的治法是,温中散寒，降逆止呃,清胃泄热，降逆止呃,温补脾胃，降逆止呃,顺气解郁，和胃降逆,养胃生津，降逆止呃,,,
B,下列各项，不属淋证病因的是,禀赋不足,瘀浊内停,外感湿热,饮食不节,情志内伤,,,
C,肾虚型喘证不宜选用,金匮肾气丸,参蛤散,定喘汤,七味都气丸,生脉散,,,
A,中脘配胃俞治疗胃痛，应属于,前后配穴,左右配穴,表里经配穴,同名经配穴,上下配穴,,,
D,有关扭伤的针灸辨证论治，叙述不正确的是,以受伤局部腧穴为主,可配合循经远取,可在扭伤部位上下循经邻近取穴,陈旧性损伤不宜用灸法,扭伤多为关节伤筋，属经筋病,,,
A,善于治疗体重节痛的是,输穴,合穴,背俞穴,五输穴,下合穴,,,
D,胃火牙痛，除取主穴外，还应加,太溪、行间,太溪、外关,太冲、曲池,内庭、二间,外关、风池,,,
C,若辨证为痛痹，应配用,合谷、曲池,阴陵泉、足三里,肾俞、关元,气海、神阙,肝俞、太冲,,,
A,大肠的下合穴是,上巨虚,下巨虚,合谷,曲池,天枢,,,
D,患者呕吐清水痰涎，脘闷不食，头晕心悸，舌苔白腻，脉滑。治疗宜选用,保和丸,四七汤,香砂六君子汤,小半夏汤合苓桂术甘汤,以上均非,,,
A,患者，男性，41岁。呼吸气促，喉中哮鸣有声，胸闷如窒，口不渴，形寒怕冷，面色晦暗，舌苔白滑，脉弦紧。治疗应首选,射干麻黄汤,平喘固本汤,二陈汤,麻黄汤,定喘汤,,,
C,与中风密切相关的脏腑是,心、肺、肝、肾,心、肺、脾、肾,心、肝、脾、肾,心、肺、肝、脾,肺、脾、肾、肝,,,
A,治疗阴黄寒湿阻遏证的治法是,温中化湿，健脾和胃,清热解毒，凉血开窍,健脾养血，利湿退黄,利湿化浊，运脾和胃,以上均非,,,
A,下列除哪项外，均是气机郁滞呃逆的主症,得热则减，遇寒愈甚,舌苔薄，脉弦,呃逆连声，胸胁胀闷,常因情志不畅而诱发或加重,嗳气纳减，肠鸣矢气,,,
E,治疗狂证火盛伤阴者，应首选,温胆汤,养心汤,二至丸,六磨汤,二阴煎合琥珀养心丹,,,
E,肺胀晚期，病变为主的脏是,脾、肾、心,肺、肝、肾,肺、脾、肾,肺、脾、心,肺、肾、心,,,
E,治疗气虚感冒，应首选,加减葳蕤汤,杏苏散,玉屏风散,再造散,参苏饮,,,
E,虚喘的治疗要点是,宣肺,化痰,补肺,健脾,培补摄纳,,,
D,治疗肺痈溃脓期，应首选,桔梗杏仁煎,桔梗白散,千金苇茎汤,加味桔梗汤,如金解毒散,,,
D,足阳明胃经的起始穴是,大敦,内庭,厉兑,承泣,迎香,,,
E,治疗正疟首选,白虎加桂枝汤,柴胡桂枝干姜汤,加味不换金正气散,何人饮,截疟七宝饮,,,
A,治疗温疟首选,白虎加桂枝汤,柴胡桂枝干姜汤,加味不换金正气散,何人饮,截疟七宝饮,,,
A,耻骨联合上缘至髌底的骨度分寸是,18寸,19寸,3寸,13寸,16寸,,,
C,内踝尖至足底的骨度分寸是,18寸,19寸,3寸,13寸,16寸,,,
D,胸痹气阴两虚证，其临床特点是,胸闷气短，畏寒肢冷,胸痛彻背，感寒痛甚,胸部刺痛，入夜尤甚,胸闷隐痛，时作时止,胸闷如窒，气短喘促,,,
B,胸痹寒凝心脉证，其临床特点是,胸闷气短，畏寒肢冷,胸痛彻背，感寒痛甚,胸部刺痛，入夜尤甚,胸闷隐痛，时作时止,胸闷如窒，气短喘促,,,
A,治疗热哮发作期，应首选,定喘汤,泻白散,桑白皮汤,麻杏石甘汤,苏子降气汤,,,
C,治疗喘证痰热郁肺证，应首选,定喘汤,泻白散,桑白皮汤,麻杏石甘汤,苏子降气汤,,,
E,八会穴中骨会是,绝骨,太渊,膈俞,膻中,大杼,,,
B,八会穴中脉会是,绝骨,太渊,膈俞,膻中,大杼,,,
D,络穴主治的是,五脏病证,六腑病证,急性病证,表里经脉病证,慢性病证,,,
B,下合穴主治的是,五脏病证,六腑病证,急性病证,表里经脉病证,慢性病证,,,
C,患者，女，39岁，咳嗽喉痒，痰中带血，口干鼻燥，或身热，舌红少津苔薄黄，脉数。治疗应首选,麦门冬汤,百合固金汤,桑杏汤,杏苏散,沙参麦冬汤,,,
B,患者，女，37岁，咳嗽痰少，痰中带血或反复咯血，血色鲜红，口干咽燥，颧红，潮热盗汗，舌质红，脉细数。治疗应首选,麦门冬汤,百合固金汤,桑杏汤,杏苏散,沙参麦冬汤,,,
A,手阳明大肠经的原穴是,合谷,阳池,后溪,内关,太渊,,,
E,既是原穴，又是八会穴的腧穴是,合谷,阳池,后溪,内关,太渊,,,
B,大敦主治,咳嗽,疝气,月经过多,头痛眩晕,阴痒,,,
D,行间主治,咳嗽,疝气,月经过多,头痛眩晕,阴痒,,,
A,胃痛暴作，恶寒喜暖，得温痛减，遇寒加重，口淡不渴，或喜热饮，舌淡苔薄白，脉弦紧。证属,寒邪客胃证,饮食伤胃证,肝气犯胃证,湿热中阻证,瘀血停胃证,,,
C,胃脘胀痛，痛连两胁，遇烦恼则痛作或痛甚，嗳气、矢气则痛舒，胸闷嗳气，喜长叹息，大便不畅，舌苔多薄白，脉弦。证属,寒邪客胃证,饮食伤胃证,肝气犯胃证,湿热中阻证,瘀血停胃证,,,
D,患者腹部积块明显，质地较硬，固定不移，刺痛，形体消瘦，纳谷减少，面色晦暗黧黑，舌质紫，脉细涩。治疗应首选,柴胡疏肝散合失笑散,六磨汤,八珍汤合化积丸,膈下逐瘀汤合六君子汤,木香顺气散,,,
B,患者腹胀，腹部时有条索状物聚起，按之胀痛更甚，便秘，纳呆，舌苔腻，脉弦滑。治疗应首选,柴胡疏肝散合失笑散,六磨汤,八珍汤合化积丸,膈下逐瘀汤合六君子汤,木香顺气散,,,
A,治疗紫斑阴虚火旺证，应首选,茜根散,小蓟饮子,龙胆泻肝汤,十灰散,地榆散合槐角丸,,,
C,治疗吐血肝火犯胃证，应首选,茜根散,小蓟饮子,龙胆泻肝汤,十灰散,地榆散合槐角丸,,,
D,特定穴中，多用于急救的是,原穴,郄穴,络穴,井穴,募穴,,,
C,特定穴中，多用于治疗表里两经病证的是,原穴,郄穴,络穴,井穴,募穴,,,
B,治疗癃闭湿热下注证，应在主穴的基础上配用,尺泽,委阳,太冲,气海、足三里,太溪、命门,,,
E,治疗癃闭肾气不足证，应在主穴的基础上配用,尺泽,委阳,太冲,气海、足三里,太溪、命门,,,
A,治疗悬饮之络气不和证，应首选的方剂是,香附旋覆花汤,椒目瓜蒌汤合十枣汤,己椒苈黄丸,小青龙汤,柴枳半夏汤,,,
B,治疗悬饮之饮停胸胁证，应首选的方剂是,香附旋覆花汤,椒目瓜蒌汤合十枣汤,己椒苈黄丸,小青龙汤,柴枳半夏汤,,,
A,肺痨气阴耗伤证选用的方剂是,保真汤,月华丸,补天大造丸,补肺汤,百合固金汤,,,
E,肺痨虚火灼肺证选用的方剂是,保真汤,月华丸,补天大造丸,补肺汤,百合固金汤,,,
D,属于暑邪的性质和致病特点是,生风动血,易袭阳位,性开泄,性升散，伤津耗气,最易伤肺,,,
A,属于火邪的性质和致病特点是,生风动血,易袭阳位,性开泄,性升散，伤津耗气,最易伤肺,,,
E,邪热炽盛，燔灼津液，劫伤肝阴，筋脉失养，可以形成,虚寒之象,湿浊内生,津伤化燥,火热内生,热极生风,,,
A,久病累及脾肾，以致脾肾阳虚，温煦气化失司，可以形成,虚寒之象,湿浊内生,津伤化燥,火热内生,热极生风,,,
E,肝肾亏虚之胎动不安宜选用的药物是,淫羊藿,肉苁蓉,黄芩,鹿茸,杜仲,,,
D,疮疡久溃不敛，阴疽疮肿内陷不起，宜选用的药物是,淫羊藿,肉苁蓉,黄芩,鹿茸,杜仲,,,
E,气淋的主症特点是,尿道热涩疼痛，尿色如米泔水,小便量少，排出不畅，点滴而短少,小便频数短涩，灼热刺痛,小便窘急不能卒出，尿道刺痛，痛引少腹,少腹满闷胀痛，小便涩滞，淋沥不宣,,,
C,热淋的主症特点是,尿道热涩疼痛，尿色如米泔水,小便量少，排出不畅，点滴而短少,小便频数短涩，灼热刺痛,小便窘急不能卒出，尿道刺痛，痛引少腹,少腹满闷胀痛，小便涩滞，淋沥不宣,,,
C,关于外科疾病的发病机理，说法错误的是,邪正盛衰,气血凝滞,燥邪犯肺,经络阻塞,脏腑失和,,,
B,关于肥疮，说法错误的是,病变四周约1cm左右头皮不易受损,皮损处不会形成永久性脱发,头发干燥，穿过皮损，易折断,皮损处可闻及鼠尿臭,皮损处有黄癣痂堆积,,,
D,患者王某，患有筋瘤，久站久行或劳累时瘤体增大，下坠不适感加重；常伴气短乏力，脘腹坠胀，腰酸；舌淡，苔薄白，脉细缓无力。辨证为,寒湿凝筋证,外伤瘀滞证,湿热下注证,劳倦伤气证,血瘀阻滞证,,,
E,患儿，1岁，患有奶麻，现身热已退，肌肤出现玫瑰红色小丘疹，皮疹始见于躯干部，很快延及全身，约经1～2天皮疹消退，肤无痒感，舌质偏红，苔薄少津，指纹淡紫。其治法为,辛凉解表，清宣肺卫,清热解毒，解表透疹,疏风清热，解表透疹,清热解毒，凉血透疹,清热生津，以助康复,,,
A,阳证肿疡宜选用,金黄膏,回阳玉龙膏,冲和膏,疯油膏,生肌玉红膏,,,
A,发于肾子的疮痨性疾病指的是,子痰,子痈,阴茎痰核,脱囊,囊痈,,,
C,丹痧西医的病名为,奶麻,水痘,猩红热,丹毒,风痧,,,
B,下列哪项不是急性细菌性痢疾的典型临床表现,发热,呕吐,里急后重,黏液便,腹痛,,,
C,蛇串疮，相当于西医的,扁平疣,脂肪瘤,带状疱疹,白癣,以上均非,,,
D,确诊为急性阑尾炎的主要依据是,右侧腹痛，伴恶寒、发热,右下腹痛突然而剧烈，检查发现右侧囊性肿物,突发性右下腹绞痛，腹软，肾区叩痛,转移性右下腹疼痛，麦氏点压痛,阵发性右侧腹疼痛，伴恶心欲呕,,,
E,下列关于股肿发病特点的叙述，不正确的是,肢体疼痛,肢体肿胀,浅静脉怒张,局部皮温升高,足背动脉搏动减弱,,,
E,属β受体阻滞剂类的抗高血压药物是,氯沙坦,卡托普利,苄胺唑啉,哌唑嗪,美托洛尔,,,
B,患者，被毒蜂叮咬后引发皮炎，皮疹较多，成片红肿，水疱较大，瘀斑明显，皮疹附近臖核肿大；伴畏寒，发热，头痛，恶心，胸闷；舌红，苔黄，脉数。治疗方剂为,龙胆泻肝汤,五味消毒饮,萆薢化毒汤,萆薢渗湿汤,清瘟败毒饮,,,
C,患者下腹部肿块，疼痛月余，伴低热，经行量多，带下量多，色黄如脓；身热口渴，心烦不宁，大便秘结，小便黄赤。妇检盆腔右侧触及鸭卵大包块，形不整，触压痛阳性；舌红苔黄，有瘀斑，脉弦滑数。其治法是,清热利湿，缓急止痛,清热解毒，利湿止带,清热利湿，化瘀消癥,清热利湿，消癥止血,清热利湿，止血调经,,,
B,患儿，3岁。啼哭时哭声较响，见灯尤甚，哭时面赤唇红，烦躁不宁，身腹俱暖，大便秘结，小便短赤，舌尖红，苔薄黄，指纹多紫。治疗应首选,养心汤,导赤散,葛根黄芩黄连汤,炙甘草汤,桂枝甘草汤,,,
C,急性湿疮的主要病因病机是,血虚风燥,脾虚湿恋,湿热浸淫,气血阻滞,气虚血弱,,,
B,下列关于肛痈的描述，不正确的是,浅部脓肿全身症状不明显,高位脓肿多采用一次切开法,多与肛门腺感染有关,溃后多形成肛漏,青壮年人多见,,,
A,颈痈风热痰毒证，治疗可选用,牛蒡解肌汤,黄连解毒汤,仙方活命饮,五味消毒饮,普济消毒饮,,,
D,下列不属于疖病临床特点的是,可发生于身体各处,此愈彼起，日久不愈，反复发作,好发于项后发际部、背部,多发于儿童头部,好发于消渴患者,,,
E,肉瘤相当于西医的,血管瘤,骨骼肌肉瘤,平滑肌肉瘤,纤维肉瘤,脂肪瘤,,,
B,肿势软如棉，或硬如馒，形态各异，不红不热见于,脓肿,痰肿,风肿,气肿,湿肿,,,
B,经行风疹块风热证的经血特点是,月经多提前，量少色暗,月经多提前，量多色红,月经多推迟，量少色淡,月经多推迟，量少色红,月经多推迟，量多色淡,,,
D,凡妊娠12周内胚胎自然殒堕者称为,胎萎不长,胎漏,滑胎,堕胎,小产,,,
B,下列关于子宫位置的描述，不正确的是,带脉之下,神阙上方,小腹正中,膀胱之后,直肠之前,,,
B,月经先期脾气虚证的临床表现是,经量或多或少,色淡红，质清稀,面色晦暗,腰膝酸软,头晕耳鸣,,,
C,关于经期延长血瘀证的临床表现，错误的是,月经量多,色紫暗，有血块,气短懒言,经行腹痛,舌紫暗，脉弦涩,,,
B,乳婴儿药剂用量是成人量的, 1/6, 1/3, 1/2,1/2～2/3,以上均非,,,
E,传染性单核细胞增多症的发病年龄多见于,青少年和成人,儿童和成人,婴儿和幼儿,幼儿和儿童,年长儿和青少年,,,
A,流脑的特征性临床表现是,皮肤瘀点或瘀斑,皮肤斑丘疹,带状疱疹,皮肤瘙痒,皮肤荨麻疹,,,
C,患者脂瘤表皮中央有黑点；伴咽喉如有梅核堵塞，胸膈痞闷，情志抑郁，急躁易怒；舌淡，苔腻，脉滑，采用的治法为,清热化湿，和营解毒,清心泻火，凉血解毒,理气化痰散结,清肝泻火，祛瘀解毒,健脾益气，化湿解毒,,,
E,患者，女性，30岁，已婚。经来无期，量少淋沥不尽或量多势急，血色鲜红；面颊潮红，烦热少寐，咽干口燥，便结，舌红，少苔，脉细数。治疗应首选,逐瘀止血汤,血府逐瘀汤,少腹逐瘀汤,膈下逐瘀汤,上下相资汤,,,
C,下列各项，属混合毒者的毒蛇是,银环蛇,金环蛇,眼镜蛇,蝰蛇,海蛇,,,
A,前列腺增生症脾肾气虚证，采用的治疗方药为,补中益气汤,八正散,沉香散,知柏地黄丸,济生肾气丸,,,
C,虫咬皮炎热毒蕴结证采用的治法为,凉血清火，利湿止痒,养血润肤，祛风止痒,清热解毒，消肿止痒,清热利湿，解毒止痒,清热祛湿，凉血解毒,,,
A,有头疽好发于,项后、背部,面部,四肢部,臀部,颈前两侧,,,
E,治疗瘾疹胃肠湿热证，应采用的治法为,疏风清热止痒,疏风散寒止痒,养血祛风，润燥止痒,疏肝理气，清肝泻火,疏风解表，通腑泄热,,,
C,不属于湿疮特点的是,皮损对称分布,皮损呈多形损害,传染性强,易反复发作,瘙痒剧烈,,,
E,乳癖冲任失调证的治疗方剂是,归脾汤,逍遥蒌贝散,补中益气汤,二仙汤合开郁散,二仙汤合四物汤,,,
B,治疗口疮之虚火上浮证，应首选的方剂是,凉膈散,六味地黄丸,导赤散,泻黄散,清胃散,,,
C,下列隔离的叙述，不正确的是,防止病原体扩散,便于管理和消毒,隔离期是根据传染病的潜伏期而确定的,有效的隔离措施对控制其播散往往起决定性作用,不同的传染病病原学，采取的隔离措施也有所不同,,,
E,自然疫源性传染病是,患者,病原携带者,隐性感染者,家禽,野生动物,,,
A,传染病确诊的依据是,病原学检查,影像学检查,病例分析,血液分析,免疫检查,,,
A,下列哪项是霍乱大流行最重要的传播形式,水源污染,接触带菌者,食物污染,苍蝇传播,接触患者,,,
B,流行性出血热的病原体属于,支原体,病毒,螺旋体,细菌,立克次体,,,
D,患者，女性，26岁，已婚。分娩时失血较多，产后小腹隐隐作痛，喜按，恶露量少、色淡，头晕耳鸣，大便干燥，舌淡苔薄，脉虚细。应首先考虑的是,产后恶露过少,产后大便不通,产后血晕,产后腹痛,以上均非,,,
E,患儿，3岁。近日咳嗽频作，痰白质稀，鼻塞流涕，恶寒发热，无汗，查舌脉：苔薄白，脉浮紧。可选用的方剂是,杏苏散,桑杏汤,银翘散,桑菊饮,华盖散,,,
D,某患儿，发热重，恶风，有汗，头痛，鼻塞，流浊涕，喷嚏，咳嗽，痰稠色黄，咽红肿痛，口渴，舌质红，苔薄黄，脉浮数。其治法是,辛温解表，宣肺化痰,清瘟解表消毒,辛温解表，疏风散寒,辛凉解表，疏风清热,清暑解表，化湿和中,,,
A,患儿，5岁。发热39℃，喉核赤肿，咽喉疼痛，吞咽不利，鼻塞流涕，头痛身痛，舌红，苔薄黄，脉浮数。其证候是,风热搏结证,热毒炽盛证,肺胃阴虚证,脾胃积热证,肺胃蕴热证,,,
D,患儿，出生后10天。口腔内出现白屑散在，周围红晕不著，形体瘦弱，颧红，手足心热，口干不渴，舌红，苔少，指纹紫。治疗应首选,导赤散,泻黄散,竹叶石膏汤,知柏地黄丸,清热泻脾散,,,
B,关于直肠二度脱垂，错误的是,为直肠全层脱出,为直肠黏膜脱出,脱出物长5～10cm,便后有时需用手回复,脱出物表面为环状而有层次的黏膜皱襞,,,
B,寒邪的致病特点是,痛无定处，走窜迅速,痛有定处，得暖则减,多夹湿，热甚则痛,易侵下位，重浊黏腻,发病迅速，来势凶猛,,,
D,下列各项，属子满临床表现的是,妊娠4月，出现肢体面目肿胀,妊娠期出现头晕目眩,妊娠晚期突然发生眩晕倒扑，昏不知人，两目上视，牙关紧闭,妊娠5月出现腹大异常，胸膈满闷，甚则遍身俱肿,妊娠期间出现尿频、尿急、淋沥涩痛等症,,,
A,带下过多的治疗原则重在,除湿为主,益气养血,治本调经,疏肝养肝,调理冲任,,,
B,经行吐衄肺肾阴虚证的治法是,清肝调经,滋阴养肺,滋养肝肾,健脾摄血,滋阴降火,,,
E,不属于妊娠恶阻肝胃不和证临床表现的是,头胀而晕,胸满胁痛,嗳气叹息,口干口苦,呕吐清涎或痰涎,,,
A,不属于产后病病因病机的是,肝肾亏损,外感六淫,瘀血内阻,元气受损,亡血伤津,,,
A,治疗硬肿症之阳气虚衰证应首选的方剂是,参附汤,四物汤,血府逐瘀汤,附子理中汤,当归四逆汤,,,
B,治疗湿热郁蒸型黄疸所用的方剂是,八正散,茵陈蒿汤,茵陈理中汤,易黄汤,龙胆泻肝汤,,,
C,小儿尿频脾肾气虚证的主治方剂为,八正散,知柏地黄丸,缩泉丸,理中丸,以上均非,,,
A,关于流脑流行季节的叙述，正确的是,冬春季高发,夏秋季高发,只有夏秋季节发生,只有冬春季节发生,全年散发，无高峰,,,
C,儿童预防传染病起关键性预防作用的是,改善营养,锻炼身体,计划免疫,添加衣物,以上都不是,,,
C,乙脑病程中最早出现的抗体是,IgG抗体,中和抗体,特异性IgM抗体,补体结合抗体,血凝抑制抗体,,,
E,下列有关HIV病原学的叙述，不正确的是,56℃30分钟能使HIV失去感染性,75％乙醇能使HIV灭活,0.2％次氯酸钠能使HIV灭活,100℃20分钟能使HIV完全灭活,紫外线照射使HIV完全灭活,,,
B,梅毒血热蕴毒证的治法是,清热利湿，解毒祛梅,凉血解毒，泻热散瘀,活血解毒，通络止痛,滋补肝肾，填髓熄风,以上均非,,,
A,下列关于前列腺增生症直肠指诊，不正确的描述是,坚硬如石,前列腺增大,中央沟变浅或消失,表面光滑而无结节,中等硬度而富有弹性,,,
E,患者，男，38岁，右侧脚趾发麻，皮肤干燥，毫毛脱落，趾甲增厚变形，呈干性坏疽，口干欲饮，舌红苔黄，脉弦细数，其证候是,血脉瘀阻证,湿热壅盛证,营血两伤证,邪毒内陷证,热毒伤阴证,,,
D,患者项部皮损呈多角形皮疹融合成片，剧烈瘙痒，搔抓后皮损增厚，皮沟加深，皮嵴隆起，形成苔藓样变，诊断是,白疪,圆癣,白秃疮,牛皮癣,红蝴蝶疮,,,
E,患者孕6月，尿频尿急尿痛，尿意不尽，欲解不能，小腹坠胀，胸闷纳少，带下量多黄稠，舌红，苔黄腻，脉弦滑数，其治法是,滋阴清热，润燥通淋,清热泻火，利湿通淋,清心泻火，润燥通淋,清热利湿，泻火通淋,清热利湿，润燥通淋,,,
C,患儿，7岁。心悸不宁，胸闷憋气，心前区痛如针刺，脘闷呕恶，面色晦暗，唇甲青紫，舌体胖，舌质紫暗，舌苔腻，脉滑或结代。诊断为病毒性心肌炎，治疗应首选方剂是,葛根黄芩黄连汤,桂枝甘草龙骨牡蛎汤,瓜蒌薤白半夏汤合失笑散,血府逐瘀汤,生脉散,,,
E,患儿，4岁。平素喜食肥甘厚味，现症见汗出过多，以额、心胸为甚，汗出肤热，汗渍色黄，口臭，口渴不欲饮，小便色黄，舌质红，苔黄腻，脉滑数。治疗应首选,黄芪桂枝五物汤,当归六黄汤,玉屏风散,牡蛎散,泻黄散,,,
A,患儿，5岁。发热咳嗽3天。壮热不退，咳嗽剧烈，痰黄稠难咯或痰中带血，气急喘憋，呼吸困难，鼻翼扇动，神昏谵语，舌红少津，苔黄腻，脉洪数。其主治方剂是,黄连解毒汤合麻杏石甘汤,沙参麦冬汤,人参五味子汤,参附龙牡救逆汤,华盖散,,,
C,患儿，生后3天。症见面目皮肤发黄，色泽鲜明如橘，哭声响亮，不欲吮乳，口渴唇干，大便秘结，小便深黄，舌质红，苔黄腻。其证候是,寒湿阻滞,气滞血瘀,湿热郁蒸,胎黄动风,胎黄虚脱,,,
C,破伤风的潜伏期一般是,12小时,2～3天,4～14天,20～30天,1年,,,
D,疥疮的特异性皮损是,丘疹,丘疱疹,小水疱,隧道,结节,,,
B,中医外科学中，益气托毒法的代表方剂是,透脓散,托里消毒散,黄连解毒汤,桃红四物汤,清肝解郁汤,,,
A,不出现肛门部肿痛症状的是,息肉痔,肛漏,肛痈,内痔,血栓性外痔,,,
D,感受特殊之毒的致病特点是,好发于身体下部,好发于身体上部,易致气血凝滞,发病迅速，可具有传染性,多由情志异常表现,,,
E,阴挺之肾虚证的主治方剂是,四君子汤,六君子汤,补中益气汤,肾气丸,大补元煎,,,
C,子痰之浊痰凝结证，常选用的方剂是,黄连解毒汤加减,滋阴除湿汤加减,阳和汤加减,透脓散加减,橘核丸加减,,,
D,子淋之湿热下注证，应首选,小蓟饮子,八正散,导赤散,加味五苓散,知柏地黄丸,,,
E,胎漏之血瘀证，应首选,当归散,寿胎丸,胎元饮,保阴煎,桂枝茯苓丸合寿胎丸,,,
E,治疗经间期出血肾阴虚证，应首选,逐瘀止血汤,调肝汤,清肝止淋汤,左归丸,两地汤合二至丸,,,
E,不属于消毒方法分类的是,灭菌法,高效消毒法,中效消毒法,低效消毒法,辐射消毒,,,
D,下列有关AIDS患者进行抗病毒治疗的叙述，不正确的是,目前主要采用高效抗反转录病毒治疗,保存和恢复免疫功能,降低病死率,核苷类反转录酶抑制剂能抑制机体全部HIV反转录酶,非核苷类反转录酶抑制剂作用于HIV反转录酶的某位点,,,
D,治疗经间期出血湿热证，应首选的方剂是,举元煎,补中益气汤,加减一阴煎,清肝止淋汤,逐瘀止血汤,,,
C,患儿，9岁。诊断为病毒性心肌炎，现症见心悸不宁，活动后尤甚，少气懒言，神疲倦怠，头晕目眩，烦热口渴，夜寐不安，舌光红少苔，脉细数。治疗宜选用,葛根芩连汤,银翘散,炙甘草汤合生脉散,桂枝甘草龙骨牡蛎汤,瓜蒌薤白半夏汤合失笑散,,,
D,患儿，9个月。夜间突然啼哭，似见异物状，神情不安，时作惊惕，紧偎母怀，面色乍青乍白，哭声时高时低，时急时缓，舌苔正常，脉数，指纹色紫。其治法为,宁心安神，益气养阴,清心导赤，泻火安神,安神定志，清热除烦,定惊安神，补气养心,以上皆非,,,
B,脂溢性皮炎风热血燥证最佳方药为,五味消毒饮,消风散合当归饮子,七宝美髯丹,参苓白术散,八珍汤,,,
A,肛管直肠癌的早期症状除便血外，还可见,排便习惯改变,肛门潮湿,大便变形,腹胀肠鸣,脱出不纳,,,
D,乳岩治疗的关键为,清热解毒,消肿止痛,去腐生肌,早期诊断,以上均非,,,
C,下列属于多气多血的经脉是,足太阳膀胱经,足厥阴肝经,手阳明大肠经,手少阳三焦经,足太阴脾经,,,
D,治疗痛经气滞血瘀证，应首选,身痛逐瘀汤,通窍活血汤,血府逐瘀汤,膈下逐瘀汤,少腹逐瘀汤,,,
C,小儿睡时露睛，属于,脾胃不和,肝脾不和,脾虚气弱,胃气不降,肾不纳气,,,
E,痄腮的流行季节是,春夏,不分季节,夏秋,秋冬,冬春,,,
B,产后发热血瘀证，应首选,小柴胡汤,生化汤,荆穗四物汤,清营汤,补中益气汤,,,
E,产后发热血虚证，应首选,小柴胡汤,生化汤,荆穗四物汤,清营汤,补中益气汤,,,
D,顿咳的主证是,咳嗽，发热，流涕，经治表证解后，咳嗽渐止,突发阵发性痉咳，有异物吸入史,咳嗽无定时，夜间较多，喉间哮吼痰鸣,阵发性痉挛咳嗽，咳后有特殊的鸡鸣样吸气性吼声为特征,发热、咳嗽、痰壅、气喘，肺部闻及中细湿啰音，×线胸片见炎性阴影,,,
E,肺炎喘嗽的主证是,咳嗽，发热，流涕，经治表证解后，咳嗽渐止,突发阵发性痉咳，有异物吸入史,咳嗽无定时，夜间较多，喉间哮吼痰鸣,阵发性痉挛咳嗽，咳后有特殊的鸡鸣样吸气性吼声为特征,发热、咳嗽、痰壅、气喘，肺部闻及中细湿啰音，×线胸片见炎性阴影,,,
C,属于猩红热的皮疹特点是,玫瑰色细小斑丘疹,疹色紫暗或紫黑，形成斑块,全身布发猩红色皮疹，疹后脱屑脱皮,丘疹、疱疹、结痂同时存在,暗红色斑丘疹,,,
A,属于风疹的皮疹特点是,玫瑰色细小斑丘疹,疹色紫暗或紫黑，形成斑块,全身布发猩红色皮疹，疹后脱屑脱皮,丘疹、疱疹、结痂同时存在,暗红色斑丘疹,,,
D,患者经行发热，热势不扬，动则自汗出，经量多，色淡质薄；神疲肢软，少气懒言；舌淡，苔白润，脉虚缓。其证候是,痰热郁阻证,肝郁气滞证,瘀热壅阻证,血气虚弱证,肝肾阴虚证,,,
C,患者经期发热，腹痛，经色紫暗，夹有血块；舌暗，舌边有瘀点，脉沉弦数。其证候是,痰热郁阻证,肝郁气滞证,瘀热壅阻证,血气虚弱证,肝肾阴虚证,,,
E,伤寒病原治疗首选,氯霉素,复方磺氨甲基异唑,青霉素,头孢曲松,环丙沙星,,,
D,小儿伤寒治疗首选,氯霉素,复方磺氨甲基异唑,青霉素,头孢曲松,环丙沙星,,,
A,感染后病情最重的痢疾杆菌是,痢疾志贺菌,福氏志贺菌,宋内志贺菌,鲍氏志贺菌,舒氏志贺菌,,,
C,感染后病情较轻的痢疾杆菌是,痢疾志贺菌,福氏志贺菌,宋内志贺菌,鲍氏志贺菌,舒氏志贺菌,,,
D,甲型肝炎的主要传播途径是,土壤,体液,吸血节肢动物,消化道,呼吸道,,,
D,乳房与经络的关系密切，男性的乳房属,肝,胃,心,肾,脾,,,
B,乳房与经络的关系密切，女性的乳房属,肝,胃,心,肾,脾,,,
A,恶露量多，色红有臭气，其辨证是,血热证,血虚证,气虚证,血瘀证,气滞证,,,
D,恶露量多，色紫红，有块，腹痛拒按，其辨证是,血热证,血虚证,气虚证,血瘀证,气滞证,,,
E,奶麻邪郁肌表首选的治法是,疏风清热，利湿解毒,清热生津，以助康复,辛凉透表，清宣肺卫,清凉解毒，透疹达邪,疏风清热，宣透邪毒,,,
B,奶麻毒透肌肤首选的治法是,疏风清热，利湿解毒,清热生津，以助康复,辛凉透表，清宣肺卫,清凉解毒，透疹达邪,疏风清热，宣透邪毒,,,
D,可服用海藻玉壶汤的是,气瘿,肉瘤,痈瘿,肉瘿,失荣,,,
A,可服用四海舒郁丸的是,气瘿,肉瘤,痈瘿,肉瘿,失荣,,,
E,学龄期儿童中药用药量为,成人量的1/6,成人量的1/3～1/2,成人量的2/3,成人量的1/4,成人量,,,
A,新生儿中药用药量为,成人量的1/6,成人量的1/3～1/2,成人量的2/3,成人量的1/4,成人量,,,
A,小儿哮喘发作期的主要病机是,外邪引动伏痰，痰阻气道,感受外邪，肺气郁闭,感受外邪，肺气失宣,肺脾肾不足，痰饮内伏,脾肾阳虚，肾不纳气,,,
D,小儿哮喘缓解期的主要病机是,外邪引动伏痰，痰阻气道,感受外邪，肺气郁闭,感受外邪，肺气失宣,肺脾肾不足，痰饮内伏,脾肾阳虚，肾不纳气,,,
A,具有止血不留瘀，活血不动血的特点的药物是,牡丹皮、赤芍,牡丹皮、地骨皮,赤芍、白芍,紫草、牡丹皮,地骨皮、白薇,,,
D,下列各项中不属于肉桂功效的是,补火助阳,散寒止痛,温通经脉,回阳救逆,引火归原,,,
A,朱砂的功效为,镇心安神、清热解毒,镇惊安神、平肝潜阳,镇惊安神、纳气平喘,镇惊安神、收敛固涩,镇惊安神、利尿通淋,,,
C,下列各项中具有解鱼蟹之毒功效的药物是,白芷,细辛,紫苏,香薷,荆芥,,,
C,甘草具有的功效为,托毒生肌,生津养血,祛痰止咳,补气燥湿,益气养阴,,,
D,茯苓与薏苡仁均有的功效是,利水渗湿，宁心安神,利水渗湿，补益心脾,利水渗湿，消肿排脓,利水消肿，渗湿健脾,利水渗湿，利尿通淋,,,
E,慢性肾衰竭酸中毒患者静脉滴注碳酸氢钠后手足搐搦的原因是,血中结合钙降低,血磷量降低,高血钠而脑水肿,低钾血症,血中游离钙降低,,,
A,不属于行政处分种类的是,罚款,记过,降职,警告,开除,,,
E,在《传染病防治法》中属于乙类传染病分类，但依法采取甲类传染病的预防、控制措施的是,霍乱,淋病,伤寒,艾滋病,传染性非典型肺炎,,,
E,下列说法错误的是,津质地清稀,液质地稠厚,津起滋润作用,液起濡养作用,津主要分布于骨节、脏腑,,,
C,与生俱来的感知觉和运动能力概括为,神,魂,魄,意,志,,,
C,阴阳偏衰的治疗原则是,阴病治阳,阳病治阴,虚则补之,实则泻之,热者寒之,,,
C,与足三阴经和阴维脉交接的经脉是,督脉,带脉,任脉,冲脉,阴跷脉,,,
A,下列检查中对缺铁性贫血最有诊断价值的是,骨髓铁染色阴性,总铁结合力增高,血红蛋白减少,血清铁减少,红细胞呈小细胞低色素,,,
C,卫生行政部门应当自收到医疗事故争议处理申请之日起，于多少日之内进行审查，作出是否受理的决定,5日,8日,10日,12日,13日,,,
A,“血之余”是指,发,爪,毛,唇,面,,,
E,阴中求阳阐述的阴阳关系是,阴阳消长,阴阳交感,阴阳转化,阴阳对立,阴阳互根,,,
A,薤白的功效是,通阳散结，行气导滞,疏肝解郁，行气止痛,行气散结，散寒止痛,行气止痛，温中止呕,行气止痛，健脾消食,,,
A,属于妇科调经要药的是,茜草,三七,蒲黄,白及,小蓟,,,
A,栀子的功效是,泻火除烦，凉血解毒,清热明目，润肠通便,清热泻火，除烦利尿,清热泻火，生津止渴,清热泻火，消肿排脓,,,
A,具有活血行气止痛、消肿生肌之功的药物是,乳香,姜黄,郁金,川芎,延胡索,,,
D,治疗肝郁气滞证，久疟痞块，应选用的药物是,陈皮,木香,枳实,青皮,乌药,,,
A,可以治疗风湿痹痛，诸骨鲠咽的药物为,威灵仙,羌活,五加皮,桑寄生,木瓜,,,
C,下列哪项属于升浮药物的功效,镇惊安神,息风潜阳,发表透疹,收敛固涩,止咳平喘,,,
B,与女子胞功能最为密切的经脉是,冲脉、督脉,任脉、冲脉,督脉、任脉,带脉、阴跷脉,督脉、带脉,,,
C,寒极生热，热极生寒说明了阴阳之间的哪种关系,互根互用,消长平衡,相互转化,相互交感,对立制约,,,
D,导致肾性骨病最主要的原因是,铝中毒,铁负荷减少,活性维生素A缺乏,继发甲状旁腺功能亢进,营养不良,,,
C,属慢性心力衰竭病因治疗措施的是,应用血管紧张素转换酶抑制剂,应用利尿剂,控制肺部感染,应用正性肌力药,应用血管扩张药,,,
C,急性白血病最主要的死亡原因是,肝功能衰竭,中枢神经系统浸润,严重感染,严重贫血,大出血,,,
A,肺炎链球菌肺炎患者痰量明显增多的病理学时期是,消散期,恢复期,潜伏期,渗出期,实变期,,,
E,下列各项属于管理人员行为规范的是,不违规签署医学证明文件,加强药品不良反应监测,认真执行医疗文书制度,竭诚协助医生诊治,认真履行管理职责,,,
A,火邪的致病特点错误的是,火易伤肺,火热易扰心神,火热易伤津耗气,火热易生风动血,火邪易致疮痈,,,
E,下列各项中不属于穿山甲功效的是,通经,下乳,活血消癥,消肿排脓,消积止痛,,,
B,气味芳香的药物其煎煮方法宜选用,先煎,后下,包煎,另煎,烊化,,,
B,治疗风湿痹证，筋骨痿软，小儿行迟，体虚乏力，应首选,秦艽,五加皮,桂枝,白花蛇,防己,,,
A,下列哪项是羚羊角、天麻、钩藤的共同功效,息风止痉、平抑肝阳,息风止痉、清肺平喘,息风止痉、清肝明目,息风止痉、祛风通络,息风止痉、清热解毒,,,
C,治疗热病伤津，烦热口渴，呕逆时作，舌燥少津者，应首选,知母,天花粉,芦根,栀子,石膏,,,
D,瘀血的疼痛特点叙述正确的是,多为胀痛,痛处游走不定,病在气分,夜间痛甚,遇温痛减,,,
B,贯心脉以行血气和下蓄丹田以资先天的是,元气,宗气,营气,卫气,正气,,,
D,同司疏泄，共主勇怯的脏腑是,心与肺,肺与大肠,脾与胃,肝与胆,肝与心,,,
A,起居有常是属于哪一种养生原则,顺应自然,养性调神,护肾保精,调摄饮食,体魄锻炼,,,
C,子行亢盛，损伤母行，以致子盛母衰，一般称为,五行相乘,五行相侮,子盗母气,子病犯母,五行相生,,,
A,具有繁衍生命，濡养脏腑，化血，化气，化神功能的是,精,气,血,津,液,,,
A,在发病过程中，邪气的作用是,发病的重要条件,对疾病无影响,决定疾病的病程,决定疾病的性质,发病的决定因素,,,
D,阴中求阳的治法适用于,阳盛,阴阳两虚,阴虚,阳虚,阴盛,,,
B,水谷之悍气指的是,营气,卫气,宗气,水谷之气,脏腑之气,,,
E,胃液分析显示胃酸缺乏，应考虑的诊断是,胃息肉,胃泌素瘤,B型胃炎,慢性浅表性胃炎,A型胃炎,,,
E,下列哪项不是原发性肝癌的致癌因素,病毒性肝炎,家族史及遗传因素,黄曲霉污染食物,肝硬化,胆道感染,,,
B,津液耗损导致血行瘀滞不畅的病机是,津枯血燥,津亏血瘀,血瘀水停,水停气阻,气随津脱,,,
C,在内踝尖上八寸以下，按经脉顺序，中间的经脉是,太阳经,少阳经,太阴经,厥阴经,少阴经,,,
B,咳嗽1周，咳嗽时胸背痛，咳吐大量脓痰，素有便秘，舌苔黄，脉滑数。治疗宜首选,柴胡、枳壳,瓜蒌仁、鱼腥草,浙贝母、桃仁,薏苡仁、冬瓜仁,柴胡、桔梗,,,
B,具有开胃摄唾作用的药物是,磁石,益智仁,天南星,天竺黄,浙贝母,,,
A,除哪项外均有下乳作用,山楂,穿山甲,王不留行,通草,漏芦,,,
C,既能补益肝肾又能收敛固涩的药物是,花椒,吴茱萸,山茱萸,肉桂,小茴香,,,
A,具有润肺止咳，散结消肿功效的药物是,川贝母,旋覆花,百部,杏仁,桔梗,,,
A,下列各项，不属胃癌癌前状态的是,胃平滑肌瘤,胃大部切除术后残胃,萎缩性胃炎,胃溃疡,胃息肉,,,
B,具有藏泄互用关系的两脏是,肝与脾,肝与肾,肺与肝,肝与心,脾与肾,,,
E,头面部经脉的分布错误的是,足阳明经行于额部,少阳经主要行于侧头部,手太阳经主要行于面颊部,足太阳经行于头顶和头后部,手阳明经行于额部,,,
C,决明子的功效是,泻火除烦，清热利湿,清热泻火，生津止渴,清热明目，润肠通便,清热燥湿，泻火解毒,清热燥湿，泻肝胆火,,,
C,病机十九条中叙述错误的是,诸风掉眩，皆属于肝,诸痛痒疮，皆属于心,诸厥固泄，皆属于上,诸躁狂越，皆属于火,诸逆冲上，皆属于火,,,
D,下列属于证的表述是,麻疹,水痘,头痛,风热感冒,恶寒,,,
D,《素问·上古天真论》说的“肾气衰，发堕齿槁”等生理表现，所指男子的年龄段是,二八,三八,四八,五八,六八,,,
C,孤脏指的是,心,肝,脾,肺,胃,,,
B,以下有“腐熟水谷”作用的脏腑是,大肠,胃,小肠,三焦,脾,,,
B,中医治疗出血证时，常加入一定量的补气药，其根据是,气能行血,气能摄血,气能生血,血能生气,血能载气,,,
E,下列药物中既为补肾阴之要药，又为养血补虚之要药的是,人参,鹿茸,当归,阿胶,熟地黄,,,
D,能治疗目珠夜痛，乳痈肿痛的药物是,栀子,桑叶,白芷,夏枯草,白茅根,,,
A,甘遂的功效为,泻水逐饮，消肿散结,泻下逐水，去积杀虫,泻下逐饮，润肺止咳,泻下逐水，凉血解毒,泻下逐水，祛痰利咽,,,
D,下列清热毒药中，兼有止血功效的是,白鲜皮,熊胆,穿心莲,马齿苋,金银花,,,
C,半夏、天南星均具有的功效是,消痞散结,降逆止呕,消肿止痛,利气通络,祛风止痉,,,
D,黄精的功效不包括的是,健脾,益肾,润肺,明目,补气养阴,,,
C,生南星的毒性能被生姜消除，这种配伍关系属于,相杀,相使,相畏,相反,相恶,,,
B,患儿，3岁。平素反复外感。面白少华，形体消瘦，肌肉松软，鸡胸龟背，腰膝酸软，形寒肢冷，发育迟后，动则气喘，少气懒言，多汗易汗，食少纳呆，大便稀溏，舌质淡，苔薄白，脉沉细无力。其治法是,调和营卫，益气固表,温补肾阳，健脾益气,养阴润肺，益气健脾,补肺固表，健脾益气,健脾益气，养阴益胃,,,
A,湿邪致病可见，水肿、湿疹等症的主要原因是,湿性趋下，故其症以下肢为多见,湿性重浊下注，分泌物秽浊,湿为阴邪，易阻气机，损伤阳气,湿性黏滞，排泄物涩滞不畅,湿性黏滞，疾病缠绵难愈,,,
D,不耐久站，欲倚他物多见于,肝风内动,精津亏虚,阴虚火旺,气虚血衰,形盛气弱,,,
C,尿后余沥不尽的病机是,肾精亏虚,肾阴亏虚,肾气不固,膀胱湿热,肾不纳气,,,
D,下列哪一项不属于细辛的功效,解表散寒,祛风止痛,通窍,燥湿止带,温肺化饮,,,
E,白虎汤证与白虎加人参汤证两证的鉴别要点是,阳气损伤程度的轻重,阴津损伤程度的轻重,气血损伤程度的轻重,外感邪毒的轻重,津气损伤程度的轻重,,,
D,天南星具有祛风止痉的功效，故善于治疗的病证是,肝风内动病证,热极动风病证,阴虚风动病证,风痰眩晕病证,小儿惊风,,,
E,六腑中太仓所指的是,小肠,三焦,脾,大肠,胃,,,
B,肉瘿相当于西医的,甲状腺癌,甲状腺腺瘤,急性甲状腺炎,单纯性甲状腺肿,亚急性甲状腺炎,,,
A,石瘿相当于西医的,甲状腺癌,甲状腺腺瘤,急性甲状腺炎,单纯性甲状腺肿,亚急性甲状腺炎,,,
E,顿咳初咳期的治法是,清热解毒，利湿化痰,宣肺散邪，清热化痰,养阴润肺，健脾益气,泻肺清热，涤痰镇咳,疏风祛邪，宣肺止咳,,,
C,顿咳恢复期的治法是,清热解毒，利湿化痰,宣肺散邪，清热化痰,养阴润肺，健脾益气,泻肺清热，涤痰镇咳,疏风祛邪，宣肺止咳,,,
C,属于流行性出血热早期表现为,高热、意识障碍、惊厥或抽搐、脑膜刺激征,高热、惊厥、循环衰竭、呼吸衰竭,头痛、腰痛、眼眶痛,眼红、腿痛、淋巴结肿大,高热、相对缓脉、脾大,,,
A,属于乙脑极期表现的为,高热、意识障碍、惊厥或抽搐、脑膜刺激征,高热、惊厥、循环衰竭、呼吸衰竭,头痛、腰痛、眼眶痛,眼红、腿痛、淋巴结肿大,高热、相对缓脉、脾大,,,
C,患者两胁胀痛，舌紫暗，可见瘀斑，脉涩，其病机是,气虚血瘀,气血两虚,气滞血瘀,气随血脱,气不摄血,,,
E,患者气短乏力，兼见月经量多，其病机是,气虚血瘀,气血两虚,气滞血瘀,气随血脱,气不摄血,,,
D,治疗久咳虚喘，久泻久痢，遗精滑精，自汗盗汗，崩漏下血，应选用的药物是,诃子,乌梅,五味子,五倍子,龙骨,,,
C,主治久咳虚喘，久泻久痢，遗精滑精，自汗盗汗，心悸失眠，应选用的药物是,诃子,乌梅,五味子,五倍子,龙骨,,,
C,治疗急性淋病的主方是,清营汤,萆薢渗湿汤,龙胆泻肝汤,萆薢化毒汤,知柏地黄丸,,,
E,治疗慢性淋病的主方是,清营汤,萆薢渗湿汤,龙胆泻肝汤,萆薢化毒汤,知柏地黄丸,,,
D,月经后期气滞证，应首选的方剂是,八珍汤,芎归二陈汤,六味地黄丸,乌药汤,滋血汤,,,
B,月经后期痰湿证，应首选的方剂是,八珍汤,芎归二陈汤,六味地黄丸,乌药汤,滋血汤,,,
A,治疗痛经气血虚弱证，应首选的方剂是,圣愈汤,归脾汤,养血和血汤,益肾调经汤,补中益气汤,,,
D,治疗痛经肾气亏损证，应首选的方剂是,圣愈汤,归脾汤,养血和血汤,益肾调经汤,补中益气汤,,,
E,月经过少肾虚证的治法是,补气摄血固冲,养血益气调经,补肾益气，调理冲任,补气摄血，固冲调经,补肾益精，养血调经,,,
B,月经过少血虚证的治法是,补气摄血固冲,养血益气调经,补肾益气，调理冲任,补气摄血，固冲调经,补肾益精，养血调经,,,
E,治疗小儿疳肿胀，宜选用,肥儿丸,八珍汤,泻心导赤散,参苓白术散,防己黄芪汤合五苓散,,,
A,治疗小儿疳积证，宜选用,肥儿丸,八珍汤,泻心导赤散,参苓白术散,防己黄芪汤合五苓散,,,
C,小儿囟陷的病因病机是,肾气不足，肾精亏损,火邪上攻，脑髓有病,吐泻伤津，气血不足,先天不足，发育不良,脾气虚弱，运化不良,,,
B,小儿囟填的病因病机是,肾气不足，肾精亏损,火邪上攻，脑髓有病,吐泻伤津，气血不足,先天不足，发育不良,脾气虚弱，运化不良,,,
E,身热面赤，口渴，脉大，但欲盖衣被，口渴喜热饮，脉大而无力。此属,上寒下热,上热下寒,表寒里热,表热里寒,真寒假热,,,
B,胸中烦热，腹痛喜暖，大便稀薄。此属,上寒下热,上热下寒,表寒里热,表热里寒,真寒假热,,,
C,病室有蒜臭味的是,消渴晚期,肾衰竭,有机磷中毒,溃腐疮疡,脏腑衰败,,,
B,病室有尿臊气的是,消渴晚期,肾衰竭,有机磷中毒,溃腐疮疡,脏腑衰败,,,
C,股肿的主要表现是,肌肉痉挛,筋脉盘曲如蚯蚓,肢体肿胀,坚而色紫,患肢发凉,,,
E,属于脱疽的表现是,肌肉痉挛,筋脉盘曲如蚯蚓,肢体肿胀,坚而色紫,患肢发凉,,,
E,具有生风动血特点的病邪是,风,暑,湿,燥,火,,,
C,具有阻遏气机特点的病邪是,风,暑,湿,燥,火,,,
A,精血不足者可见,肌肤粗糙，如枯鱼之鳞,肌肤肿胀，按之凹陷不起,肌肤热甚,肌肤凉,肌肤润泽,,,
D,泄泻少气者可见,肌肤粗糙，如枯鱼之鳞,肌肤肿胀，按之凹陷不起,肌肤热甚,肌肤凉,肌肤润泽,,,
E,天王补心丹和桑螵蛸散两方主治病证的病位均涉及,肝、脾,肺、肾,肝、肾,心、脾,心、肾,,,
A,完带汤和逍遥散两方主治病证的病位均涉及,肝、脾,肺、肾,肝、肾,心、脾,心、肾,,,
A,功能凉肝息风、增液舒筋的方剂是,羚角钩藤汤,镇肝息风汤,天麻钩藤饮,消风散,大定风珠,,,
B,功能镇肝息风、滋阴潜阳的方剂是,羚角钩藤汤,镇肝息风汤,天麻钩藤饮,消风散,大定风珠,,,
A,AIDS并发肺孢子菌肺炎时用药为,复方磺胺甲噁唑,克拉霉素,长春新碱,乙胺丁醇,制霉菌素,,,
C,AIDS并发卡波西肉瘤时用药为,复方磺胺甲噁唑,克拉霉素,长春新碱,乙胺丁醇,制霉菌素,,,
B,属于化学灭菌剂的是,臭氧,环氧乙烷,碘伏消毒,过氧化氢,洗必泰,,,
C,属于中效消毒法的是,臭氧,环氧乙烷,碘伏消毒,过氧化氢,洗必泰,,,
A,具有凉血退蒸、清泄肺热功效的药物是,地骨皮,青蒿,白薇,银柴胡,胡黄连,,,
B,具有退虚热、凉血、解暑功效的药物是,地骨皮,青蒿,白薇,银柴胡,胡黄连,,,
E,维持生命活动的物质基础，是气的何种功能,推动功能,温煦功能,防御功能,固摄功能,气化功能,,,
C,易于外感病邪，是气的何种功能减弱,推动功能,温煦功能,防御功能,固摄功能,气化功能,,,
D,使血不溢出脉外而在脉中循行，是气的何种功能,推动功能,温煦功能,防御功能,固摄功能,气化功能,,,
E,机体内物质转化和能量转化有赖于气的何种功能,推动功能,温煦功能,防御功能,固摄功能,气化功能,,,
A,热邪已退的舌象是,厚苔化薄,腻苔化松,厚苔骤剥,燥苔转润,黄苔转白,,,
C,胃气衰败的舌象是,厚苔化薄,腻苔化松,厚苔骤剥,燥苔转润,黄苔转白,,,
D,对关节起润泽和滑利作用的主要是,气,血,津,液,精,,,
C,对孔窍起滋润作用的主要是,气,血,津,液,精,,,
A,具有生长、升发、条达舒畅性质的事物和现象所属的五行为,木,火,土,金,水,,,
E,五行中，“土”的“所胜”之行是,木,火,土,金,水,,,
D,柴葛解肌汤与大柴胡汤的组成药物中均含有的是,桔梗、芍药,黄芩、半夏,黄芩、桔梗,黄芩、芍药,枳实、芍药,,,
D,痛泻要方的组成药物不包括,白芍,白术,陈皮,半夏,防风,,,
E,以下各疾病中，可引起胸痛的是,食管炎,食管癌,肝脓肿,纵隔气肿,以上都是,,,
C,下列关于血清尿素氮的改变及临床意义的叙述，正确的是,大面积烧伤时，血尿素氮减少,慢性肾盂肾炎，血尿素氮减少,血清尿素氮不是肾小球滤过功能的敏感指标,血清尿素氮是肾小球滤过功能的特异性指标,上消化道出血时，血尿素氮减少,,,
E,下列关于人体实验的道德原则叙述正确的是,知情同意原则,科学对照的原则,为医学目的的原则,维护病人利益的原则,以上都是,,,
D,支气管哮喘典型发作的表现是,伴哮鸣音的呼吸困难，粉红色泡沫痰,发作24小时以上伴咯血,吸气性呼吸困难,伴有哮鸣音的呼气性呼吸困难,伴哮鸣音的混合性呼吸困难,,,
E,不属于太阳中风证临床表现的是,发热,汗出,恶风,鼻鸣,脉浮紧,,,
D,下列不属于气陷证临床表现的是,头晕眼花,大便稀溏,形体消瘦,口开目合,脘腹坠胀感,,,
C,下列各项中，常见于因肝风内动所致的是,胞睑下垂,闭目障碍,目睛凝视,昏睡露睛,瞳孔缩小,,,
D,痰湿内阻所致头晕的特征，常伴有,刺痛,眼花,耳鸣,头重,胀痛,,,
B,血白细胞总数增多，可见于,再生障碍性贫血,急性大出血,使用氯霉素的影响,脾功能亢进,伤寒杆菌感染,,,
B,下列叩诊中可见过清音的是,叩击含有大量气体的空腔脏器时出现,叩击含气量增多、弹性减退的肺组织时出现,叩击不含气的实质性脏器时出现,叩击各种原因所致含气减少的肺组织时出现,叩击富有弹性、含气量正常的肺组织所产生的音响,,,
D,肝癌、结肠癌发生淋巴结转移时常出现在,颈部,腋窝,滑车上,左锁骨上窝,右锁骨上窝,,,
E,以下属于颅内出血的是,硬膜外出血,硬膜下出血,脑内出血,脑室出血,以上都是,,,
A,传染科（室）的道德要求不包括,承担风险，团结协作,严格执行消毒隔离制度,坚持预防为主的积极防疫思想,热爱本职工作，具有无私奉献精神,遵守国家法律规定，及时上报疫情,,,
C,下列哪项是医德评价的方式,自我评价,患者评价,内心信念,绩效工资,晋级职位,,,
E,三阳热极，阴液枯竭之候，多为临死前的脉象表现为,鱼翔脉,雀啄脉,屋漏脉,虾游脉,釜沸脉,,,
B,下列各项，不属清燥救肺汤组成的药物是,石膏,生地,桑叶,阿胶,人参,,,
C,理中丸除温中祛寒外，还具有的功用是,和胃止呕,和中缓急,补气健脾,养血通脉,降逆止痛,,,
B,大秦艽汤的功用是,疏风养血，清热除湿,祛风清热，养血活血,祛风除湿，化痰通络,疏风止血，养血通脉,化痰开窍，息风止痉,,,
D,胸痛伴面色苍白、大汗、血压下降多考虑,食管疾病,气管、支气管、肺或胸膜疾病,肺炎、肺脓肿、肺梗死或支气管肺癌,急性心肌梗死、主动脉夹层或大块肺栓塞,肺炎链球菌肺炎、自发性气胸、渗出性胸膜炎,,,
D,下列哪项不属于脑脊液检查的适应证,有脑膜刺激症状需明确诊断者,疑有颅内出血,疑有中枢神经系统恶性肿瘤,有脑疝先兆者,中枢神经系统手术前的常规检查,,,
E,可引起红细胞及血红蛋白绝对性增多的疾病是,脾功能亢进,严重腹泻,系统性红斑狼疮,大面积烧伤,真性红细胞增多症,,,
E,下列各项，属周围血管征的是,毛细血管搏动征,杜氏双重杂音,水冲脉,枪击音,以上都是,,,
A,舌苔紧贴舌面，刮之难去者属于,真苔,假苔,全苔,偏苔,腐苔,,,
D,下列不属于舌颤动病因的是,亡阳伤津,热极生风,酒毒所伤,心脾有热,气血两虚,,,
D,下列哪项与牙齿干燥如枯骨关系最密切,阳明热盛,热盛伤津,肺阴亏虚,肾阴枯涸,胃阴不足,,,
E,肝硬化门脉高压侧支循环形成时，其血管杂音连续性的嗡鸣音常可被闻及的部位是,下腹部,右侧腹部,左侧腹部,右肋缘下,脐周部,,,
D,呕血与黑便最常见的疾病是,十二指肠炎,慢性胃炎,急性胃黏膜病变,消化性溃疡,胃底、食管静脉曲张破裂,,,
B,巨大脾多见于,慢性淋巴细胞白血病,慢性粒细胞性白血病,急性淋巴细胞白血病,急性粒细胞性白血病,肝硬化脾功能亢进,,,
D,医学道德的作用不包括的是,对医学科学的促进作用,对社会文明的推动作用,对医院人际关系的调节作用,对经济效益的保障作用,对医疗质量的保证作用,,,
C,肝硬化肝功能衰竭患者腹水下肢显著水肿患者，利尿后体重减轻的适宜水平是,每天100g,每天500g,每天1000g,每天1500g,每天2000g,,,
E,下列不属于柴葛解肌汤组成药物的是,白芷,芍药,黄芩,石膏,薄荷,,,
E,身热多汗，心胸烦闷，气逆欲呕，口干喜饮，气短神疲，舌红苔少，脉虚数。治宜选用,清胃散,香薷散,吴茱萸汤,藿香正气散,竹叶石膏汤,,,
D,生脉散和四君子汤组成中均含有的药物是,附子,白术,炙甘草,人参,茯苓,,,
D,舌强不能言，足废不能用，口干不欲饮，足冷面赤，脉沉细弱。治疗首选,一贯煎,大补阴丸,六味地黄丸,地黄饮子,肾气丸,,,
A,治疗肾虚便秘，大便秘结，小便清长，头目眩晕，腰膝酸软，舌淡苔白，脉沉迟，应首选,济川煎,真武汤,地黄饮子,六味地黄丸,肾气丸,,,
C,健脾丸中含有,莱菔子,薏苡仁,黄连,黄芪,鸡内金,,,
E,由于摄入过多导致的高钙血症是,肺癌,多发性骨髓瘤,急性肾衰竭,大量应用维生素D,静脉输入钙过多,,,
D,腹壁紧张度增加，触诊呈揉面感，多见于,急性腹膜炎,急性胃肠道穿孔,急性胆囊炎,结核性腹膜炎,急性阑尾炎,,,
B,铅管样肌张力过高见于,脑桥损害,锥体外系损害,锥体系损害,小脑损害,脊髓前角损害,,,
A,皮肤突然色红成片，如染脂涂丹，焮热肿胀，边界清楚者属于,丹毒,流火,赤游丹,热气疮,抱头火丹,,,
E,痰蒙心神证的表现不包括的是,神情痴呆,举止失常,意识模糊,喃喃自语,惊悸失眠,,,
A,下列属于风寒表证特征的是,恶寒重发热轻,恶寒轻发热重,发热重而恶风自汗,恶寒重而发热自汗,发热轻而恶风自汗,,,
C,用以确定被检查部位的脏器状态有无异常的是,按法,弹法,触法,叩法,摸法,,,
E,带下呈豆腐渣状，气味酸臭，伴阴部瘙痒者多属,肝肾不足,肝气郁滞,寒凝血瘀,痰湿阻滞,湿浊下注,,,
B,犀角地黄汤的功用为,清热解毒，养阴生津,清热解毒，凉血散瘀,清营解毒，透热养阴,养阴清热，除烦止渴,清热解暑，生津止渴,,,
B,易黄汤的功用为,滋阴清热，固经止血,固肾止带，清热祛湿,固冲摄血，益气健脾,调补心肾，涩精止遗,固肾止带，补中益气,,,
D,清暑益气汤的功用是,清暑益气，和胃止呕,益气养阴，清透暑热,清暑除烦，益气和胃,清暑益气，养阴生津,清暑利湿，益气和胃,,,
C,脘腹痞满胀痛，嗳腐吞酸，恶食呕逆，大便泄泻，舌苔厚腻，脉滑。用方首选的是,半夏白术天麻汤,归脾汤,保和丸,枳实消痞丸,健脾丸,,,
C,四逆散的组成药物不包括,芍药,柴胡,枳壳,枳实,炙甘草,,,
A,组成药物中含有连翘的方剂是,凉膈散,导赤散,温脾汤,清胃散,温胆汤,,,
D,失笑散的功用是,养血祛瘀，温经止痛,化瘀生新，行气止痛,活血化瘀，疏肝通络,活血祛瘀，散结止痛,温经散寒，祛瘀养血,,,
E,恶寒发热，头身疼痛，无汗，喘咳，痰涎清稀量多，头面四肢浮肿，舌苔白滑，脉浮。治宜选用,旋覆代赭汤,枳实导滞丸,半夏泻心汤,甘草泻心汤,小青龙汤,,,
A,下列各项，属内源性中毒引起抽搐的是,尿毒症,乙醇,一氧化碳,有机磷农药,阿托品,,,
C,溶血性贫血时红细胞呈现,小细胞低色素性贫血,正常细胞正常色素性贫血,大细胞性红细胞,镰形RBC,缗钱状,,,
E,咳吐脓血腥臭痰者属于,寒痰,燥痰,湿痰,热痰,肺痈,,,
D,突发耳鸣，声大如雷，按之鸣声不减的病因不包括的是,肝胆火盛,痰火壅结,气血瘀阻,肾精亏虚,风邪上袭,,,
A,上焦病证是温热之邪侵袭了下列哪二经所导致的各类证候表现,手太阴肺经、手厥阴心包经,足厥阴肝经、足阳明胃经,足少阳胆经、手太阴肺经,手厥阴心包经、足太阴脾经,足少阳肾经、手太阴肺经,,,
E,下列不属于正常舌象表现的是,舌质淡红,舌体柔软,舌苔薄白,舌体滋润,舌质淡嫩少苔,,,
E,小儿指纹鲜红者多属,惊风,实证,疼痛,里热证,外感表证,,,
E,按寸口脉分候脏腑，右关脉可候,心肺,心肾,肝胆,肺肾,脾胃,,,
E,舌面的脏腑分部中，反映肝胆病变的是,舌苔,舌根,舌尖,舌中,舌两侧,,,
C,食少难消，脘腹痞闷，大便溏薄，倦怠乏力，苔腻微黄，脉虚弱。治疗宜选用,保和丸,枳实导滞丸,健脾丸,逍遥丸,四逆散,,,
C,病室中有尸臭气多为,肾衰,失血过多,脏腑衰败,瘟疫发作,消渴病重,,,
C,手足时时掣动，动作弛缓无力，如虫之蠕行称为,手足拘急,手足颤动,手足蠕动,扬手踯足,循衣摸床，撮空理线,,,
B,形痩食多者多属于,中气虚弱,中焦有火,脾失健运,形盛气虚,形气有余,,,
A,长期微热，烦劳则甚，兼见有少气自汗、倦怠乏力等症状表现的发热属于,气虚发热,血虚发热,阴虚发热,气郁发热,小儿夏季热,,,
E,下列各项中，不属于失眠表现的是,彻夜不眠,经常不易入睡,睡而易醒，不能再睡,睡而不酣，时易惊醒,经常不自主地入睡,,,
A,症见新起恶寒，头身疼痛，无汗，鼻塞流涕，舌苔白，脉浮紧，此为,伤寒证,里寒证,内寒证,虚寒证,中寒证,,,
B,体瘦多食者，多属于,中气虚弱,中焦有火,阴虚不足,阳气不足,痰湿内盛,,,
E,除哪项外均是燥邪犯卫证的临床表现,咽干鼻燥,咳嗽少痰,头痛少汗,发热恶寒,舌红脉浮,,,
C,患者面色苍白，时而泛红如妆，其证型属于,真热假寒,实热内炽,真寒假热,阴虚火旺,肝胆湿热,,,
A,小便频数，短赤急迫者为,膀胱湿热，气化不利,肾气不固，膀胱失约,肾阴亏虚，开多合少,气化不利，水湿内停,湿热蕴结，肠道气机不畅,,,
D,舌短缩，色红绛而干者多属于,寒凝筋脉,气血俱虚,痰浊内蕴,热盛伤津,肝风内动,,,
E,下列属于阴黄面色表现的是,苍黄,黄而鲜明,淡黄消瘦,淡黄水肿,面黄晦暗如烟熏,,,
E,不属于皮下出血的是,瘀点,紫癜,瘀斑,血肿,蜘蛛痣,,,
B,支气管哮喘呼吸困难的类型是,吸气性,呼气性,混合性,阵发性,腹式呼吸消失,,,
E,不属于患者道德义务的是,遵守医院的规章制度,积极配合诊疗,保持和恢复健康,支持医学科学发展,协助护理其他患者,,,
D,下列关于生命价值论的叙述正确的是,生命价值论是生命质量与生命价值论的统一,生命价值论是义务论与公益论的统一,生命价值论是生命神圣与人道论的统一,生命价值论是生命神圣与生命质量的统一,生命价值论是美德论与义务论的统一,,,
E,根据美国哈佛医学院提出的脑死亡概念，不能确诊脑死亡的条件是,诱导反射消失,自主运动和自主呼吸消失,脑电波平直或等电位,对外部刺激和内部需求毫无知觉和反应,体温低于32.2℃或服用中枢抑制药物者,,,
D,脉形如豆，厥厥动摇，滑数有力的脉象是,疾脉,促脉,短脉,动脉,实脉,,,
C,苏合香丸的功效为,清热开窍，息风止痉,化浊开窍，清热解毒,芳香开窍，行气止痛,清热解毒，开窍醒神,通阳散结，行气祛痰,,,
E,半夏泻心汤与小柴胡汤两方组成中均含有的药物是,柴胡、人参、黄芩、炙甘草、生姜,半夏、黄连、黄芩、炙甘草、大枣,人参、黄芩、半夏、干姜、甘草,人参、生姜、半夏、炙甘草、大枣,半夏、黄芩、人参、炙甘草、大枣,,,
B,一身面目俱黄，黄色鲜明，发热，无汗，口渴欲饮，恶心呕吐，小便短赤，大便秘结，舌红苔黄腻，脉沉数。选方为,三仁汤,茵陈蒿汤,八正散,五苓散,藿香正气散,,,
C,治疗患者肩背疼不可回顾，头痛身重，腰脊疼痛，舌苔白，脉浮，应选用,三仁汤,小青龙汤,羌活胜湿汤,麻黄汤,独活寄生汤,,,
D,大青龙汤中不含有的药物是,麻黄,石膏,杏仁,干姜,大枣,,,
A,定喘汤的组成药物中含有,麻黄、白果,桑白皮、地骨皮,黄芩、陈皮,紫苏子、橘红,半夏、当归,,,
E,下列哪项心电图改变对鉴别心肌梗死与心绞痛最有意义,ST段抬高,ST段降低,T波测量,高尖T波,病理性Q波,,,
B,关于麻疹黏膜斑的描述，以下正确的是,位于颊黏膜上，高出黏膜表面,位于第二磨牙的颊黏膜上，针尖大小白色斑点,位于第一磨牙的颊黏膜上，片状白斑,颊黏膜上出现瘀斑,颊黏膜上出现黑色色素沉着,,,
A,下列除哪项外，常可引起肝细胞性黄疸,胆管癌,急性甲型肝炎,中毒性肝炎,钩端螺旋体病,肝癌,,,
B,儿童和青年多见的是,脊柱骨折,骨关节结核,椎间盘突出,急性化脓性骨髓炎,慢性化脓性骨髓炎,,,
C,青壮年多发的是,脊柱骨折,骨关节结核,椎间盘突出,急性化脓性骨髓炎,慢性化脓性骨髓炎,,,
E,可用作尿路感染筛选试验的检查是,尿图片镜检细菌,尿培养及菌落计数,血常规,尿抗体包裹细菌检查,尿亚硝酸盐试验,,,
D,为鉴别膀胱炎和肾盂肾炎，应做的检查是,尿图片镜检细菌,尿培养及菌落计数,血常规,尿抗体包裹细菌检查,尿亚硝酸盐试验,,,
E,我国医学伦理学的具体原则是,防病治病，救死扶伤，实行医学人道主义，全心全、意为人民健康服务,全心全意为人民健康服务,救死扶伤，忠于职守；钻研医术，精益求精；一视同仁，平等对待；语言文明，平等待人；廉洁奉公，遵纪守法；互尊互学，团结协作,一视同仁，平等待人,不伤害，有利，公正，自主,,,
C,我国医学道德规范的基本内容,防病治病，救死扶伤，实行医学人道主义，全心全、意为人民健康服务,全心全意为人民健康服务,救死扶伤，忠于职守；钻研医术，精益求精；一视同仁，平等对待；语言文明，平等待人；廉洁奉公，遵纪守法；互尊互学，团结协作,一视同仁，平等待人,不伤害，有利，公正，自主,,,
D,脑出血患者表现为眩晕、共济失调而无瘫痪，可能的出血部位是,壳核出血,丘脑出血,脑桥出血,小脑出血,脑叶出血,,,
C,脑出血患者出现交叉性瘫痪、针尖样瞳孔和昏迷，判定出血部位是,壳核出血,丘脑出血,脑桥出血,小脑出血,脑叶出血,,,
C,低位肠梗阻的临床表现是,呕吐物为隔餐食物，带腐臭味,呕吐物为黄绿色,呕吐物有粪臭味,呕吐物为血液,吐出胃内容物后仍干呕不止,,,
C,甲型肝炎主要传播途径是,飞沫传播,血液传播,消化道传播,性接触传播,垂直传播,,,
A,传染性非典型肺炎主要传播途径是,飞沫传播,血液传播,消化道传播,性接触传播,垂直传播,,,
B,我国近年来引起菌痢最常见的病原菌是,痢疾志贺菌,福氏志贺菌,舒密次志贺菌,鲍氏志贺菌,宋内志贺菌,,,
A,能产生神经毒素的志贺菌是,痢疾志贺菌,福氏志贺菌,舒密次志贺菌,鲍氏志贺菌,宋内志贺菌,,,
A,流行性脑脊髓膜炎的治疗首选,青霉素,氯霉素,甲硝唑,环丙沙星,庆大霉素,,,
D,伤寒的治疗首选,青霉素,氯霉素,甲硝唑,环丙沙星,庆大霉素,,,
C,突发事件监测机构、医疗卫生机构和有关单位在发现突发公共卫生事件后，向所在地县级人民政府卫生行政主管部门报告的时限是,以最快速度,1小时,2小时,6小时,12小时,,,
B,省级人民政府在接到突发公共卫生事件报告后，向国务院卫生行政部门报告的时限是,以最快速度,1小时,2小时,6小时,12小时,,,
A,心肌梗死合并急性左心衰竭的主要治疗药物是,吗啡和利尿剂,硝普钠,毛花苷C,卡托普利,美托洛尔,,,
D,高血压伴心力衰竭的患者应选用的药物是,吗啡和利尿剂,硝普钠,毛花苷C,卡托普利,美托洛尔,,,
B,急性腹膜炎患者多为,辗转体位,强迫仰卧位,强迫坐位,强迫俯卧位,强迫蹲位,,,
C,急性左心功能不全多为,辗转体位,强迫仰卧位,强迫坐位,强迫俯卧位,强迫蹲位,,,
C,蛛网膜下隙出血的特征是,昏迷,脑膜刺激征阴性,血性脑脊液,“三偏”征,失语,,,
D,内囊区出血和血栓的共同表现是,昏迷,脑膜刺激征阴性,血性脑脊液,“三偏”征,失语,,,
B,解除有机磷中毒时烟碱样毒性作用，首选,阿托品,解磷定,美解眠,尼可刹米,甘露醇,,,
A,解除有机磷中毒时毒蕈碱样毒性作用，首选,阿托品,解磷定,美解眠,尼可刹米,甘露醇,,,
A,腹膜刺激征多见于,急性腹膜炎,胆囊结石,急性阑尾炎,急性胰腺炎,肾结石,,,
C,麦氏点压痛多考虑,急性腹膜炎,胆囊结石,急性阑尾炎,急性胰腺炎,肾结石,,,
A,明确疾病的诊断和药物的性能，选择治本或标本兼治的药物符合,对症下药、剂量安全,合理配伍、细致观察,节约费用、公正分配,关心患者、体贴入微,精诚团结、密切协作,,,
C,根据病情的轻重缓急，进行全面考虑，合理使用药物符合,对症下药、剂量安全,合理配伍、细致观察,节约费用、公正分配,关心患者、体贴入微,精诚团结、密切协作,,,
C,肾病综合征的主要临床表现是,水肿、血尿、高血压,发作性肉眼血尿、高血压、无水肿,水肿、蛋白尿、高脂血症、低蛋白血症,水肿、蛋白尿、血尿、高血压、低蛋白血症,蛋白尿、血尿、高血压、肾功能损害,,,
E,慢性肾小球肾炎的主要临床表现是,水肿、血尿、高血压,发作性肉眼血尿、高血压、无水肿,水肿、蛋白尿、高脂血症、低蛋白血症,水肿、蛋白尿、血尿、高血压、低蛋白血症,蛋白尿、血尿、高血压、肾功能损害,,,
E,公正的医学伦理学原则体现在,医师选择利益大于危险或利益大于伤害的医疗行为,将有关的类似个案以同样的准则加以处理，而将不同的个案以不同的准则加以处理,人在患病后，有权接受或拒绝医师制订的诊治方案和参加人体试验,医师在诊疗中，使用了不文明的语言,医师依据医学标准和社会价值标准，选择需要器官移植的患者,,,
A,有利的医学伦理学原则体现在,医师选择利益大于危险或利益大于伤害的医疗行为,将有关的类似个案以同样的准则加以处理，而将不同的个案以不同的准则加以处理,人在患病后，有权接受或拒绝医师制订的诊治方案和参加人体试验,医师在诊疗中，使用了不文明的语言,医师依据医学标准和社会价值标准，选择需要器官移植的患者,,,
B,降压治疗的目标是使血压降至,血压小于130/80mmHg,血压小于140/90mmHg,血压小于160/80mmHg,血压小于110/70mmHg,血压小于120/80mmHg,,,
A,合并有糖尿病、肾病变的患者，血压应控制在,血压小于130/80mmHg,血压小于140/90mmHg,血压小于160/80mmHg,血压小于110/70mmHg,血压小于120/80mmHg,,,
A,上述各项中，属失血性休克病因的是,上消化道大出血,急性心肌梗死,中毒性痢疾,严重低血压,张力性气胸,,,
E,上述各项中，属心脏压塞性休克病因的是,上消化道大出血,急性心肌梗死,中毒性痢疾,严重低血压,张力性气胸,,,
A,毒性药品每次每张处方不超过,两日极量,四日极量,两日常用量,三日常用量,七日常用量,,,
D,第一类精神药品每次每张处方不超过,两日极量,四日极量,两日常用量,三日常用量,七日常用量,,,
D,肝硬化并发上消化道出血，首选的治疗方法是,奥美拉唑静脉注射,胃内注入去甲肾上腺素,气囊压迫止血,垂体后叶素静脉注射,手术治疗,,,
A,消化性溃疡并发上消化道出血，首选的治疗方法是,奥美拉唑静脉注射,胃内注入去甲肾上腺素,气囊压迫止血,垂体后叶素静脉注射,手术治疗,,,
B,慢性肾小球肾炎患者，尿蛋白≥1g/d，血压应控制在,120/70mmHg以下,125/75mmHg以下,130/80mmHg以下,140/80mmHg以下,140/85mmHg以下,,,
C,慢性肾小球肾炎患者，尿蛋白小于1g/d，血压应控制在,120/70mmHg以下,125/75mmHg以下,130/80mmHg以下,140/80mmHg以下,140/85mmHg以下,,,
D,不属于手少阴心经的腧穴是,少海,通里,少冲,少泽,少府,,,
D,治疗行痹，在主穴基础上，应加,大椎、曲池,阴陵泉、足三里,合谷、内关,膈俞、血海,肾俞、关元,,,
D,尿血之肾虚火旺证，应首选的方剂是,黄土汤,泻心汤,小蓟饮子,知柏地黄丸,地榆散,,,
E,头痛的辨证，应首辨的要点是,虚实缓急,寒热虚实,脏腑经络,寒热缓急,外感内伤,,,
A,患者男性，67岁，排尿不畅3年，加重1个月，小便点滴而出，小腹胀痛，腰膝酸痛，神疲乏力，畏寒肢冷，舌质淡，苔白，脉沉细无力，应诊为,癃闭,淋证,关格,少尿,腰痛,,,
E,患者，男性，35岁。素患腰痛，近日因劳累后症状加重，腰部触之僵硬，俯仰困难，其痛固定不移，舌紫暗，脉弦涩。其治疗主穴宜选用,命门、阿是穴、委中,腰眼、委中、阿是穴,命门、大肠俞、肾俞,阿是穴、委中、阳陵泉,大肠俞、阿是穴、委中,,,
C,某女，28岁。产后乳少，乳房胀满疼痛，胸胁胀闷，舌红，苔薄黄，脉弦。除乳根、膻中、少泽外，应加取,中脘、天枢、期门,足三里、脾俞、胃俞,太冲、内关,外关、肝俞,膈俞、期门,,,
B,噎膈之瘀血内结证的主治方剂是,启膈散,通幽汤,沙参麦冬汤,补气运脾汤,血府逐瘀汤,,,
E,胃痛肝气犯胃证，应首选的方剂是,小建中汤,当归建中汤,吴茱萸汤,良附丸,柴胡疏肝散,,,
C,清热化痰，宣肺平喘用于喘证的哪一个证型,风寒袭肺,表寒里热,痰热郁肺,痰浊阻肺,肺气郁闭,,,
C,肺痿的主症是,咳大量脓血痰,胸胁饱满，咳唾引痛,咳吐浊唾涎沫、气短,胸部膨满，憋闷如塞,咳嗽、咳血、潮热、盗汗,,,
C,肺的募穴所属的经脉是,脾经,肾经,肺经,任脉,胃经,,,
B,四缝穴的位置在,手1～4指掌侧，指骨关节横纹中点处,手2～5指掌侧，近端指骨关节横纹中点处,手1～4指掌侧，近端指骨关节横纹中点处,手2～5指掌侧，掌指关节横纹中点处,手1～5指间，指蹼缘后方赤白肉际处,,,
A,下列各项，不属水肿病因的是,情志内伤,久病劳倦,风邪袭表,外感水湿,疮毒内犯,,,
A,患者，女，55岁，胸胁支满，心下痞闷，胃中有振水音，脘腹喜温畏冷，背寒，呕吐清水痰涎，水入易吐，口渴不欲饮，心悸，气短，头昏目眩，食少，形体逐渐消瘦，舌苔白滑，脉弦细而滑。其治疗方剂是,苓桂术甘汤合小半夏加茯苓汤,甘遂半夏汤,柴枳半夏汤,己椒苈黄丸,以上均非,,,
A,患者，男性，26岁。干咳少痰，咳声短促，痰中带血，五心烦热，时有盗汗，形体消瘦，胸部闷痛隐隐，舌红少苔，脉细数。治疗宜选用,月华丸,参苓白术散,百合固金汤,秦艽鳖甲散,以上均非,,,
D,患者小便点滴不通，烦渴欲饮，咽干，呼吸短促，咳嗽，舌苔薄黄，脉数。其主治方剂是,代抵当丸,沉香散,八正散,清肺饮,以上均非,,,
E,患者，男性，52岁。两膝关节红肿热痛，兼身热，口渴，舌苔黄燥，脉滑数。治疗除选取主穴外，应加用的腧穴是,脾俞、气海,肾俞、合谷,脾俞、胃俞,血海、曲池,大椎、曲池,,,
A,患者王某，暴病耳聋，鸣声隆隆，伴畏寒，发热，脉浮，宜在翳风、听会、侠溪、中渚基础上，加取,外关、合谷,丰隆、脾俞,风门、合谷,足三里、三阴交,太冲、丘墟,,,
D,眩晕的病理因素是,热、毒、痰、瘀,风、痰、饮、瘀,风、寒、湿、瘀,风、火、痰、瘀,风、热、寒、湿,,,
E,中风的好发年龄是,50岁以上,60岁以上,20岁以上,30岁以上,40岁以上,,,
B,下列各项，不属于黄疸病因的是,病后续发,情志内伤,外感疫毒,内伤饮食,劳倦,,,
D,哮病的治疗原则是,宣肺降逆为主,祛痰利气为主,扶正治本为主,发时治标，平时治本,攻邪治标为主,,,
E,形成心悸的主要原因不包括,心阳不足,心胆气虚,胆郁痰扰,脾肾阳虚,肺气亏虚,,,
D,属于直接灸的是,蒜泥灸,实按灸,隔姜灸,瘢痕灸,温灸器灸,,,
A,采用背俞穴治疗骨蒸潮热，应首选,肺俞,脾俞,三焦俞,心俞,肝俞,,,
E,患者胁肋胀痛，走窜不定，甚则引及胸背肩臂，疼痛每因情志变化而增减，胸闷腹胀，嗳气频作，得嗳气而胀痛稍舒，纳少口苦，舌苔薄白，脉弦。其证候是,肝郁化热证,肝脾不调证,肝胃不和证,肝络瘀阻证,肝郁气滞证,,,
E,患者，女性，37岁。精神抑郁善忧，情绪不宁，伴胸胁胀满，脘闷嗳气，不思饮食，大便不调，脉弦。治疗除取主穴外，还应选用的穴位是,行间、侠溪、外关,太溪、三阴交、肝俞、肾俞,养老、曲泉,三阴交、太溪、通里、心俞,膻中、期门,,,
E,感冒暑湿伤表证的治法,益气解表,滋阴解表,辛温解表,辛凉解表,清暑祛湿解表,,,
E,感冒有很多别名，不包括的是,冒寒,伤风,冒风,重伤风,伤寒,,,
E,治疗寒湿腰痛的主方是,青娥丸,四妙丸,左归丸,右归丸,甘姜苓术汤,,,
C,下列症状对胃痛和胁痛的鉴别诊断最具有价值者为,疼痛的兼症,疼痛的诱因,疼痛的部位,疼痛的性质,疼痛的持续时间,,,
B,下列哪项不是实证呕吐的特点,有邪实之象,时发时止,发病较急,病程较短,多由外邪及饮食所伤而发,,,
D,肺痿的病位在肺，与其密切相关的脏腑为,脾、肾,脾、胃,脾、心、肾,脾、胃、肾,脾、肝、肾,,,
A,黄疸阴黄之寒湿阻遏证，应首选,茵陈术附汤,茵陈蒿汤,麻黄连翘赤小豆汤,栀子柏皮汤,茵陈五苓散,,,
A,尿血与血淋的鉴别，主要在于,有无尿痛,尿味的情况,尿色的深浅,尿量的多少,以上均非,,,
A,循行于腹中线旁开2寸，胸中线旁开4寸的经脉是,足阳明胃经,足太阴脾经,足厥阴肝经,手太阴肺经,手少阴心经,,,
C,下列腧穴中，治疗汗证首选的是,阴谷,大钟,复溜,然谷,太溪,,,
E,循喉咙之后，上入颃颡的经脉是,足少阴肾经,足少阳胆经,足太阴脾经,足阳明胃经,足厥阴肝经,,,
B,慢性胃炎最主要的病因是,饮食因素,幽门螺杆菌感染,自身免疫反应,十二指肠液反流,遗传因素,,,
B,患者，男，60岁。今晨突然昏仆，不省人事，牙关紧闭，口噤不开，两手握固，大小便闭，肢体强痉，面赤身热，气粗口臭，躁扰不宁，苔黄腻，脉弦滑而数。辨证为,中风中脏腑之痰热腑实证,中风中脏腑之痰火瘀闭证,中风中经络之风痰入络证,中风中经络之风阳上扰证,以上均非,,,
A,患者，男性，38岁。两年前因高处跌落致腰痛，至今未愈，腰部僵硬，刺痛明显。治疗除选取主穴外，应加用,次髎、膈俞,风池、腰阳关,命门、太冲,太溪、肝俞,志室、太溪,,,
D,用俞募配穴法治疗小儿遗尿选,关元、肾俞,气海、膀胱俞,天枢、肾俞,中极、膀胱俞,中极、肾俞,,,
E,突然呕吐，脘闷不舒，兼见恶寒发热，头身疼痛，舌苔白腻，脉濡缓。主方为,保和丸,小半夏汤,香苏散,平胃散,藿香正气散,,,
E,下列哪项不是阳黄和阴黄的鉴别要点,发病的急与缓,舌苔的黄与不黄,黄疸鲜明与晦暗,热证与寒证,有无恶心呕吐,,,
D,下列哪一项不是内伤咳嗽的分型,痰湿蕴肺,肝火犯肺,痰热郁肺,肺气郁痹,肺阴亏耗,,,
A,常用于保健并具有强壮作用的穴是,足三里,肾俞,脾俞,关元俞,委中,,,
C,漏肩风主要与以下哪组经脉的阻滞不通有关,手太阳、手少阳、手阳明、手厥阴,手太阳、手阳明、手太阴、手厥阴,手太阳、手阳明、手少阳、手太阴,手太阴、手厥阴、足少阳、足阳明,手阳明、手阳明、足少阳、足阳明,,,
B,下列哪项不是普通感冒的特征,恶寒发热,呈流行性,头身疼痛,鼻塞流涕,喷嚏频作,,,
E,下列有关乙脑止痉的处理，不正确的是,高热所致者以降温为主,脑水肿所致者以脱水降低颅内压为主,因脑实质病变引起的抽搐，可使用镇静剂,脑水肿以20%甘露醇快速静脉滴注,脑实质病变引起的抽搐，首选山梗菜碱,,,
B,患者，男，28岁。暴病耳聋1周，兼头胀，面赤，咽干，脉弦。宜在听会、翳风、中渚、侠溪基础上，加取,外关、合谷,行间、丘墟,丰隆、阴陵泉,气海、足三里,肾俞、肝俞,,,
B,胃痛的主要病变脏腑在胃，与下列何脏腑关系最密切,肺、脾,肝、脾,胆、肾,心、肾,心、肺,,,
D,下列关于痰饮内阻型呕吐的症状，哪项是错误的,呕吐清水痰涎,脘闷不食,头眩心悸,脉濡缓,苔白腻,,,
A,呃逆与干呕、嗳气共同的病机是,胃气上逆,肝胃气逆,肺胃气逆,食积化热上冲,寒气上逆,,,
E,热秘若燥热不甚，或药后大便不爽者，应选用,麻子仁丸,更衣丸,润肠丸,大承气汤,青麟丸,,,
D,下列哪项不是辨别中风闭证与脱证的依据,口开目合与口噤不开,手撒肢冷与两手握固,二便自遗与大小便闭,躁动不安与静而不烦,肢体软瘫与肢体强痉,,,
C,膏淋最佳选方是,八正散,知柏地黄丸,程氏萆薢分清饮,导赤散,沉香散,,,
B,下列有关募穴概念的叙述，错误的是,是脏腑经气汇聚的地方,在各脏腑所属的经脉循行线上,位于相关脏腑的附近,均位于胸腹部,有为单穴者，也有为双穴者,,,
C,下列各项中，不属于对症选穴的是,发热取大椎,痰多取丰隆,腰痛取委中,落枕取外劳宫,面瘫取牵正,,,
C,斜刺时，针身与皮肤表面约呈,15°,30°,45°,60°,90°,,,
E,循行中“贯脊柱”的经脉是,足太阳膀胱经,足少阳胆经,督脉,带脉,足少阴肾经,,,
C,患儿，18个月，症见多汗夜惊，烦躁不安，发稀枕秃，囟门增大，伴有轻度骨骼改变，形体虚胖，肌肉松软，食欲不振，易反复感冒，舌淡苔薄白，脉细无力。诊断为维生素D缺乏性佝偻病，治疗宜选用的方剂为,归脾汤,六味地黄丸,人参五味子汤,苓桂术甘汤,大补阴丸,,,
A,患儿，2岁。患有痫证，起病前常有惊吓史。每次发作时惊叫，吐舌，急啼，面色时红时白，惊惕不安，四肢抽搐，大便黏稠，舌淡红，舌苔白，指纹色青。治疗应首选的方剂是,镇惊丸,涤痰汤,定痫丸,远志丸,定魄丸,,,
B,痿证见手足痿弱，形体瘦削，肌肤甲错者为瘀血久留，可用,补阳还五汤,圣愈汤送服大黄廑虫丸,身痛逐瘀汤,桃红四物汤,六味地黄丸,,,
B,下列各项中，被称为“一源三歧”的是,带脉、任脉、督脉,冲脉、任脉、督脉,冲脉、任脉、带脉,督脉、任脉、阳跷脉,督脉、任脉、阳维脉,,,
A,漏肩风肩后部疼痛明显，属于哪经病证,手太阳小肠经,手少阳三焦经,手阳明大肠经,手太阴肺经,手少阴心经,,,
A,治疗感冒的主穴是,列缺、合谷、风池、大椎、太阳,列缺、合谷、大椎、风门、肺俞,列缺、合谷、曲池、尺泽、鱼际,列缺、合谷、大椎、风门、迎香,列缺、合谷、曲池、太阳、少商,,,
E,患者，女，45岁。失眠2年，心悸健忘，面色无华，易汗出，纳差倦怠，舌淡，脉细弱。治疗除取主穴外，还应加,心俞、厥阴俞、脾俞,心俞、肾俞、太溪、足三里,心俞、胆俞、大陵、丘墟,肝俞、间使、太冲,脾俞、心俞、足三里,,,
C,患者，女，26岁。经前腹痛剧烈，拒按，经色紫黑，有血块，血块下后疼痛缓解。治疗应首选,三阴交、足三里、气海、地机,三阴交、脾俞、胃俞、地机,三阴交、中极、次谬、地机,三阴交、肝俞、肾俞、地机,三阴交、太溪、悬钟、地机,,,
E,下列各项，不属列缺穴主治病证是,项强,齿痛,头痛,口角歪斜,呕吐,,,
D,治疗腹痛中虚脏寒证，应首选的方剂是,补中益气汤,良附丸合正气天香散,保和丸,小建中汤,附子粳米汤,,,
C,水肿的发病病机中，其标在肺，其制在脾，其本在,三焦,膀胱,肾,心,肝,,,
C,下列关于奇穴的描述，错误的是,主治范围比较单一,对某些病证有特殊疗效,分布都不在十四经循行路线上,有固定名称和位置,某些奇穴是多个穴点的组合,,,
C,在下列特定穴中治疗脏病一般多用,下合穴,络穴,背俞穴,郗穴,募穴,,,
E,下列有关针刺治疗落枕的说法哪一项是错误的,毫针泻法,可加灸法,先刺远端穴，再针局部穴,远端穴位可持续捻转,捻针时嘱患者不可活动颈项部,,,
A,外感咳嗽治疗原则是,祛邪利肺,疏风散寒,调和营卫,解表发汗,祛风化痰,,,
A,肺炎型流感在临床中最常见的人群是,2岁以下的小儿,孕妇,中老年,青少年,学龄前儿童,,,
A,肺癌阴虚毒热证的治疗方剂是,沙参麦冬汤合五味消毒饮,左归丸合败毒散,四妙勇安汤,知柏地黄丸,百合固金汤合黄连解毒汤,,,
E,痰饮的治疗原则是,补肾,发汗,宣肺,健脾,温化,,,
A,中冲穴的主治病证是,热病、舌强肿痛,咯血、肘臂挛痛,心痛、心悸,胃痛、呕吐,热病、疟疾,,,
E,患儿，6岁。发热恶风，喷嚏流涕，轻微咳嗽，精神倦怠，饮食欠佳，皮疹先起于头面、躯干，随即遍及四肢，分布均匀，疹点稀疏细小，疹色淡红，一般2～3日渐见消退，肌肤轻度瘙痒，耳后及枕部臖核肿大触痛，舌质偏红，脉浮数。治疗应首选,葱豉汤,桑菊饮,杏苏散,清营汤,银翘散,,,
A,承山穴的定位是,腓肠肌两肌腹之间凹陷的顶端处,腓肠肌两肌腹中间,飞扬穴内下1寸,委中穴直下2寸,委阳穴直下2寸,,,
A,少腹拘急冷痛，苔白，脉沉紧，其病理为,下焦受寒，厥阴之气失于疏泄,肾阳不足，寒邪内侵,脾阳不振，寒邪内侵,寒邪内侵，阳气不运,阴寒内盛，外寒入侵,,,
B,善治多种神志疾患的腧穴是,太溪,神门,悬钟,后溪,大椎,,,
B,下列腧穴中，治疗急性吐泻有速效的是,委阳,委中,承山,飞扬,昆仑,,,
C,善于治疗髓之病证的是,后溪,大杼,悬钟,太溪,膈俞,,,
B,颈椎病病在少阳，应选用的配穴是,申脉,外关,合谷,后溪,列缺,,,
A,症见呃声洪亮，冲逆而出，口臭烦渴，喜冷饮，便干溲黄，脉滑数者，证属,胃火上炎,胃阴不足,气机郁滞,胃中寒冷,脾胃阳虚,,,
D,症见呃声沉缓有力，膈间及胃脘不舒，得热则减，得寒则甚，口中和，食纳少，舌苔白，脉迟缓者，证属,胃火上炎,胃阴不足,气机郁滞,胃中寒冷,脾胃阳虚,,,
C,急黄神昏舌绛者，其治法是,清热利湿，佐以泻下,利湿化浊，佐以清热,清热解毒，凉血开窍,疏肝泄热，利胆退黄,温中化湿，健脾和胃,,,
E,阴黄寒湿阻遏证者，其治法是,清热利湿，佐以泻下,利湿化浊，佐以清热,清热解毒，凉血开窍,疏肝泄热，利胆退黄,温中化湿，健脾和胃,,,
C,痹证日久，除见关节肿痛外，兼见气血不足及肝肾亏虚症状，治疗宜选用,双合汤加味,炙甘草汤加味,独活寄生汤,蠲痹汤,犀角散加味,,,
A,痹症日久，痰瘀痹阻,双合汤加味,炙甘草汤加味,独活寄生汤,蠲痹汤,犀角散加味,,,
B,在腕前区，桡骨茎突与舟状骨之间，拇长展肌腱尺侧凹陷中的穴位是,外关,太渊,阳溪,阳池,鱼际,,,
C,在腕区，腕背侧远端横纹桡侧，桡骨茎突远端，解剖学“鼻烟窝”凹陷中的穴位是,外关,太渊,阳溪,阳池,鱼际,,,
A,中风风痰入络证选用的方剂是,真方白丸子,天麻钩藤饮,解语丹,镇肝息风汤,涤痰汤,,,
C,中风风痰瘀阻证选用的方剂是,真方白丸子,天麻钩藤饮,解语丹,镇肝息风汤,涤痰汤,,,
D,治疗痿证湿热浸淫证，应首选,疏凿饮子,越婢加术汤,龙胆泻肝汤,加味二妙散,虎潜丸,,,
A,治疗水肿湿热壅盛证，应首选,疏凿饮子,越婢加术汤,龙胆泻肝汤,加味二妙散,虎潜丸,,,
C,治疗阴虚痢的主方是,不换金正气散,桃花汤,驻车丸,连理汤,芍药汤,,,
A,治疗寒湿痢的主方是,不换金正气散,桃花汤,驻车丸,连理汤,芍药汤,,,
B,珍珠母的功效是,既能平肝潜阳，又能重镇降逆,既能平肝潜阳，又能清肝明目,既能平肝潜阳，又能软坚散结,既能平肝潜阳，又能清热解毒,既能平肝潜阳，又能息风止痉,,,
A,代赭石的功效是,既能平肝潜阳，又能重镇降逆,既能平肝潜阳，又能清肝明目,既能平肝潜阳，又能软坚散结,既能平肝潜阳，又能清热解毒,既能平肝潜阳，又能息风止痉,,,
D,能止咳平喘，润肠通便，但有小毒的药物是,黄药子,葶苈子,紫苏子,杏仁,白芥子,,,
C,能止咳平喘，润肠通便，且无毒性的药物是,黄药子,葶苈子,紫苏子,杏仁,白芥子,,,
B,关于癃的特点说法正确的是,小便淋漓不尽,小便不利，点滴而短少，病势较缓,小便频急,尿道灼痛,小便闭塞，点滴不通，病势较急,,,
E,关于闭的特点说法正确的是,小便淋漓不尽,小便不利，点滴而短少，病势较缓,小便频急,尿道灼痛,小便闭塞，点滴不通，病势较急,,,
D,喘而胸满闷塞，甚则胸盈仰息，咳嗽，痰多黏腻色白，咯吐不利，兼有呕恶，食少，口黏不渴，舌苔白腻，脉象滑或濡。证属,风寒壅肺证,表寒肺热证,痰热郁肺证,痰浊阻肺证,肺气郁痹证,,,
A,喘息咳逆，呼吸急促，胸部胀闷，痰多稀薄而带泡沫，色白质黏，常有头痛，恶寒，或有发热，口不渴，无汗，苔薄白而滑，脉浮紧。证属,风寒壅肺证,表寒肺热证,痰热郁肺证,痰浊阻肺证,肺气郁痹证,,,
D,治疗郁证气郁化火证，应首选的方剂是,生铁落饮,二阴煎合琥珀养心丹,癫狂梦醒汤,丹栀逍遥散,朱砂安神丸,,,
A,治疗狂证痰火扰神证，应首选的方剂是,生铁落饮,二阴煎合琥珀养心丹,癫狂梦醒汤,丹栀逍遥散,朱砂安神丸,,,
B,治疗喘咳，奔豚，乳痈，应首选,章门,期门,大敦,曲泉,神门,,,
A,治疗胸胁痛，黄疸，痞块，应首选,章门,期门,大敦,曲泉,神门,,,
C,内关位于腕掌侧远端横纹上,0.5寸,1寸,2寸,3寸,5寸,,,
E,郄门位于腕掌侧远端横纹上,0.5寸,1寸,2寸,3寸,5寸,,,
C,吞咽食物哽噎不顺，饮食难下，或纳而复出的病证是,嗳气,梅核气,噎膈,呃逆,干呕,,,
B,自觉咽中如物梗塞不适，吐之不出，吞之不下，胸部闷塞的病证是,嗳气,梅核气,噎膈,呃逆,干呕,,,
E,与气的生成关系最密切的是,肺、肝,肺、肾,心、肺,心、肝,肺、脾,,,
B,与呼吸运动关系最密切的是,肺、肝,肺、肾,心、肺,心、肝,肺、脾,,,
E,以突然昏仆，不省人事，口吐白沫，两目上视，四肢抽搐为主要表现的病证是,痿证,痉证,痹证,厥证,痫病,,,
D,以突然昏倒，不省人事，伴有四肢逆冷为主要表现的是,痿证,痉证,痹证,厥证,痫病,,,
B,呃逆的特点是指,有物有声,喉间气逆有声,有物无声,无物有声,嗳气声缓,,,
D,干呕的特点是指,有物有声,喉间气逆有声,有物无声,无物有声,嗳气声缓,,,
D,"被称为""十二经脉之海""的是",带脉,任脉,督脉,冲脉,阳维脉,,,
D,"被称为""五脏六腑之海""的是",带脉,任脉,督脉,冲脉,阳维脉,,,
C,小儿营养不良的标准是体重低于正常均值的,体重低于正常均值的95％,体重低于正常均值的90％,体重低于正常均值的85％,体重低于正常均值的70％,体重低于正常均值的60％,,,
C,曾用过抗菌药物疑为伤寒的患者，最有诊断价值的实验室检查是,血嗜酸性粒细胞计数,血培养,骨髓培养,粪培养,肥达反应,,,
A,传染病的预防分为,管理传染源，切断传播途径，保护易感人群,管理食物、水源、粪便、消灭蚊蝇,切断社会因素和自然因素,环境卫生管理，水源食物管理、灭蝇,管理水，管理饮食，卫生管理，灭蝇,,,
C,在流行性出血热血液生化检查中，血肌酐浓度最高的是,低血压休克期,发热后期,多尿移行期末,多尿后期,发热期,,,
A,患者王某，38岁。患臁疮日久，疮面苍白，肉芽色淡，周围皮色黑暗、板硬；肢体沉重，倦怠乏力；舌淡紫或有瘀斑，苔白，脉细涩无力。辨证为,气虚血瘀证,湿热下注证,寒湿阻络证,气滞血瘀证,外伤瘀滞证,,,
B,患者，男，40岁。急性子痈2天，左侧附睾肿大疼痛，阴囊皮肤红肿，焮热疼痛，少腹抽痛，舌红苔黄腻，脉滑数，治疗方剂为,橘核丸,枸橘汤,透脓散,滋阴除湿汤,萆薢化毒汤,,,
A,患者，女性，28岁。月经周期先后不稳定，量多如注，持续十余日不净，婚后半年，未采取避孕措施而一直未孕。可诊断为,崩漏,经期延长,不孕症,月经先后无定期,月经过多,,,
C,患儿，1岁。泄泻半月余，时轻时重。症见：大便稀溏，色淡不臭，面色萎黄，形体消瘦，神疲倦怠，舌淡苔白，脉缓弱，指纹淡。治疗选用,理中汤,补中益气汤,参苓白术散,附子理中汤,六君子汤,,,
E,患儿，7岁，男。症见多动难静，急躁易怒，冲动任性，难以自控，神思涣散，注意力不集中，难以静坐，舌质红，舌苔薄，脉细弦。治疗应首选方剂是,清心涤痰汤,黄连温胆汤,龙胆泻肝汤,泻心导赤散,杞菊地黄丸,,,
D,黄水疮主要治法为,健脾除湿,凉血息风,益气补血,清暑利湿,滋补肝肾,,,
C,直肠全层脱出，脱出物长5～10cm，为直肠脱垂,轻度,一度,二度,三度,四度,,,
B,以直肠黏膜及直肠反复脱出肛门外伴肛门松弛为特点的疾病称为,肛裂,脱肛,内痔,肛瘘,肛周脓肿,,,
D,不孕症肝气郁结证，应首选的方剂是,调肝汤,柴胡疏肝散,逍遥散,开郁种玉汤,定经汤,,,
A,水痘的好发年龄是,6～9岁,9岁以上,6月～1岁,1～3岁,3～6岁,,,
E,下列哪项是传染性非典型肺炎的主要传染源,潜伏期感染者,慢性感染者,康复的病人,隐性感染者,患者,,,
B,患者，右足怕冷，麻木、疼痛，间歇性跛行年余。近两个月来足痛加剧，夜难入寐，步履艰难，足背动脉搏动消失。应诊断为,痹证,脱疽,糖尿病足,下肢静脉炎,雷诺综合征,,,
A,患者，女性，35岁。颈部皮肤有7～8个细软的丝状突起，呈褐色，自行脱落后又有新的长出。其诊断是,丝状疣,常跖疣,寻常疣,传染性软疣,扁平疣,,,
C,患者经行面浮肢肿，按之没指，晨起头面肿甚，月经推迟，经行量多，色淡，质薄；腹胀纳减，腰膝酸软，大便溏薄；舌淡，苔白腻，脉沉缓。其治法为,健脾渗湿，理气调经,温阳补肾，利水渗湿,温肾化气，健脾利水,补血益气，温补肾阳,健脾益肾，利湿解毒,,,
A,患者月经量少，色淡红，质清稀，小腹空坠，头晕眼花，心悸怔忡，面色萎黄；舌淡红，脉细。其治法是,养血益气调经,滋肾养血调经,补益脾肾调经,健脾益气调经,养血活血调经,,,
D,患儿，4岁。突然出现神昏惊厥，伴发热头痛，咳嗽流涕，咽红，舌苔薄黄，脉象浮数。治疗应首选的方剂是,桑菊饮,紫雪丹,柴葛解肌汤,银翘散,银翘散合羚角钩藤汤,,,
B,西医的急慢性附睾炎或睾丸炎，中医称为,子痰,子痈,子核,脱囊,囊痈,,,
E,关于脂溢性皮炎，说法错误的是,皮肤多脂发亮,皮肤瘙痒,可出现红斑,覆有鳞屑,老年人多见,,,
B,乳痈正虚毒恋证宜采用的治法是,清热解毒透脓,益气和营托毒,疏肝清胃消肿,托里透脓消肿,以上均非,,,
D,下列各项中，需用砭镰法治疗的是,蛇眼疔,蛀节疔,托盘疔,红丝疔,颜面部疔,,,
B,二仙汤合开郁散可用于治疗乳岩的证型是,气血两亏证,冲任失调证,脾虚胃弱证,肝郁痰凝证,血瘀痰凝证,,,
C,患者产后恶露不绝的主要病因是,气虚、血虚、寒湿,气虚、肝郁、血热,气虚、血热、血瘀,气虚、血虚、血瘀,气虚、血虚、血热,,,
B,治疗崩漏实热证，应首选,固本止崩汤,清热固经汤,清热调血汤,左归丸,保阴煎,,,
E,治疗产后恶露不绝血瘀证，除主方外，常加用,蒲黄、五灵脂,桃仁、赤芍,黑荆芥、茜草,红花、赤芍,益母草、炒蒲黄,,,
E,受孕初期仍能按月经周期有少量出血而无损于胎儿，称为,胎漏,暗产,暗经,居经,激经,,,
D,蛲虫病的主要特征是,夜寐磨牙,食欲异常,腹部有移动包块,夜间肛门奇痒,阵发性腹痛,,,
A,下列有关流脑传染源的叙述，不正确的是,人不是唯一宿主,带菌者是重要的传染源,患者是本病的传染源,流行期间以A群为主,B和C群以散发为主,,,
A,乙脑见体温39℃以下，神志始终清楚，有轻度头痛、恶心呕吐、嗜睡等，无抽搐，脑膜刺激征不明显。病程5～7日。其临床分型属于,轻型,普通型,中型,重型,极重型,,,
A,下列哪项是流感病毒容易发生变异的原因,核酸分节段,核心中含RNA多聚酶,外层为脂质双层膜,有两层包膜,包膜内层为基质蛋白,,,
C,乙脑后遗症可持续终生的是,痴呆,强直性瘫痪,癫痫,扭转痉挛,精神失常,,,
E,丙型病毒性肝炎的传播途径为,接触传播,消化道,土壤,母婴传播,血液和体液传播,,,
E,子淋阴虚津亏证的中医治法是,清热利湿，养阴通淋,交通心肾，清热利尿,清心泻火，润燥通淋,清热利湿，润燥通淋,滋阴清热，润燥通淋,,,
D,患儿，1岁。形体消瘦显著，面色萎黄，食欲不振，肚腹膨胀，青筋暴露，毛发稀疏结穗，精神烦躁，夜卧不宁，舌淡苔腻，脉沉细而滑。诊断为疳证，治疗宜用,健脾丸,资生健脾丸,消食导滞丸,肥儿丸,八珍汤,,,
B,脂瘤痰气凝结证最佳选方为,龙胆泻肝汤合仙方活命饮,二陈汤合四七汤,芩连二母丸合凉血地黄汤,丹栀逍遥散合清肝芦荟丸,顺气归脾丸,,,
B,西医的直肠脱垂相当于中医的,肛裂,脱肛,内痔,外痔,混合痔,,,
E,下列各项中不属血瘤特点的是,边界不清,触之如海绵状,大多数为先天性,色泽鲜红或暗紫,盘曲如蚯蚓状,,,
C,中医所说的脂瘤相当于西医的,体表肿物,恶性肿瘤,皮脂腺囊肿,体内肿瘤,内脏肿瘤,,,
B,疖的病因病机不包括,内郁湿火，外感风邪,跌打损伤，瘀血留滞,汗出不畅，湿热蕴蒸肌肤,搔抓痱子，破伤染毒,感受暑毒,,,
D,不属于中医外科辨病方法的是,详询病史,注重局部,全面体检,综合治疗,选用必要的辅助检查,,,
C,痒的常见病因中，不包括,风胜,血虚,痰阻,湿胜,虫淫,,,
D,溃疡疮口太小，脓腐难去，常用的腐蚀药是,八宝丹,九黄丹,红灵丹,白降丹,七三丹,,,
B,关于蛇串疮的特点，说法正确的是,瘙痒性风团，发无定处，骤起骤退,带状分布，皮肤上成簇的水疱,皮肤上浅在性脓疱和脓痂,皮肤黏膜交界处成群的水疱,对称分布，多形损害，剧烈瘙痒,,,
E,顺经汤可用于治疗经行吐衄的证型是,肝肾阴虚证,阴虚火旺证,肝经郁火证,脾气虚弱证,肺肾阴虚证,,,
E,婴儿期是指,出生后到满4周岁,出生后到满2周岁,出生后到满5周岁,出生后到满3周岁,出生后到满1周岁,,,
B,治疗反复呼吸道感染肺脾气虚证应首选的方剂是,生脉散合沙参麦冬汤,玉屏风散合六君子汤,补中益气汤,黄芪桂枝五物汤,金匮肾气丸合理中丸,,,
D,小儿泄泻发病率较高的季节是,冬春,秋冬,春夏,夏秋,四季无差异,,,
B,夏季热的主要临床特征是,发热，口渴多饮，多尿，多汗,长期发热，口渴多饮，多尿，汗闭,发热，口渴，便秘，尿少,大热，大渴，大汗，脉洪大,发热，多食多饮，多尿，消瘦,,,
D,4岁小儿的正常身高约为,55cm,62cm,73cm,98cm,120cm,,,
A,麻疹收没期症状特点是,有色素沉着，并有糠麸状脱屑,有色素斑痕，可见脱皮,无色素斑痕及脱屑,有色素斑痕，无脱屑,无色素斑痕，可见脱皮,,,
D,母婴传播属于,血液传播,直接接触传播,间接接触传播,垂直传播,体液传播,,,
B,治疗不孕症之肾气虚证，首选,肾气丸,毓麟珠,温胞饮,养精种玉汤,知柏地黄丸,,,
D,治疗急性盆腔炎湿热瘀结证，治法宜选用,祛寒除湿，活血化瘀,益气健脾，化瘀散结,清热解毒，利湿排脓,清热利湿，化瘀止痛,清热利湿，化瘀消癥,,,
E,对于产后腹痛气血两虚证，治疗应首选,血府逐瘀汤,当归芍药散,小建中汤,八珍汤,肠宁汤,,,
D,患者尿道有灼热感，尿频，尿急，尿痛，排尿终末或大便时偶有白浊，会阴、腰骶、睾丸、少腹坠胀疼痛。苔黄腻，脉滑数，诊断为慢性前列腺炎，治疗可选用的方药为,逍遥散,济生肾气丸,知柏地黄汤,八正散,前列腺汤,,,
E,已婚女性患者，28岁。停经48天，妊娠试验阳性，恶心呕吐不食，甚则食入即吐，头晕体倦，脘痞腹胀，舌淡苔白，脉滑缓无力，中医诊断为妊娠恶阻，其证候是,气阴两虚证,脾虚痰滞证,肝气犯胃证,肝郁气滞证,脾胃虚弱证,,,
D,患儿，男，10岁，平日好动，烦躁易怒，现症见面红耳赤，皱眉眨眼，张口歪嘴，摇头耸肩，发作频繁，抽动有力，口出异声秽语，大便秘结，小便短赤，舌红苔黄，脉弦数。其治疗首选的方剂是,失笑散,逍遥散,柴胡疏肝散,清肝达郁汤,镇肝息风汤,,,
A,疮疡溃后，不宜使用的是,酊剂,腐蚀药,生肌收口药,提脓去腐药,平胬药,,,
C,疳疮不经治疗，自然消失的时间为,1～2周,2～4周,3～8周,5～10周,5～12周,,,
A,治疗急惊风邪陷心肝证应首选的方剂是,羚角钩藤汤,清瘟败毒饮,黄连解毒汤合白头翁汤,琥珀抱龙丸,大定风珠,,,
B,按公式计算，正常4岁小儿的收缩压是,80mmHg,88mmHg,95mmHg,100mmHg,105mmHg,,,
A,痛经之气滞血瘀证的治法是,理气化瘀止痛,温经暖宫止痛,益气养血止痛,清热除湿，化瘀止痛,益肾养肝止痛,,,
A,关于“天癸”的说法，下列错误的是,天癸就是月经,先有天癸后有月经,肾气盛才能天癸至,天癸男女都有,天癸是一种阴精物质,,,
D,下列哪项不属于肾阳虚带下过多的主要证候,带下量多，清稀如水,腰酸如折，畏寒肢冷,小便清长，夜尿频繁，大便溏薄,面色萎黄，四肢倦怠，纳少便溏,舌淡苔白润，脉沉迟,,,
A,产后用药三禁是指,禁大汗、禁峻下、禁利小便,禁祛寒、禁开郁、禁化瘀,禁活血、禁通便、禁消导,禁清热、禁凉血、禁滋阴,以上均非,,,
D,下列哪项不是医师的义务,遵纪守法，操作规范,尽职敬业，服务患者,关爱患者，保护隐私,参加专业培训,宣传保健知识,,,
E,患者，女，57岁。患慢性肺心病5年。现因呼吸道感染，原有症状、体征加重。又因睡眠障碍服用镇静剂，3天后出现精神恍惚、烦躁不安等症状。患者可能出现的并发症是,消化道出血,休克早期,呼吸衰竭,酸碱平衡失调,肺性脑病,,,
A,陈某，女，婚后5年未怀孕，月经多推后几天，经来小腹胀痛，经色紫黯，有血块，块下痛减，有时经行不畅；伴见肛门坠痛，性交痛；舌质紫黯，脉弦细涩。治疗选用,少腹逐瘀汤,苍附导痰丸,百灵调肝汤,养精种玉汤,以上均非,,,
A,患儿，7个月。近期夜间啼哭，啼哭时哭声低弱，时哭时止，睡喜蜷曲，腹喜摩按，四肢欠温，吮乳无力，胃纳欠佳，大便溏薄，小便色清，面色青白，唇色淡红，舌苔薄白，指纹多淡红。其治法为,温经散寒，行气止痛,温经散寒，补气养心,温补脾肾，益阴养血,健脾化湿，行气止痛,滋脾养胃，佐以助运,,,
B,阳和解凝膏用于,肿疡脓成,阴证疮疡未溃者,阳证急性期,渗出较多的肿疡,阴证疮疡已溃者,,,
D,流痰最容易发生的部位是,四肢长骨,髂骨,膝关节,脊椎,淋巴结,,,
E,肿势软如棉，或硬如馒，大小不一，形态各异，无处不生，不红不热，皮色不变为,热肿,气肿,风肿,湿肿,痰肿,,,
D,乳房与哪些经脉相关,肝经、胆经,脾经、肾经、督带脉,肝经、肾经、带脉、督脉,肝经、肾经、胃经、冲任脉,脾经、胃经、带脉、督脉,,,
C,下列哪一项与臁疮关系最密切,好发于易受压迫及摩擦的部位,气血亏虚，或因局部受压，肌肤失养,多由湿热下注，瘀血凝滞经络所致,主要表现为水肿、疼痛、浅静脉曲张三大主证,可并发肺梗死而危及生命.,,,
C,内痔消痔灵注射法一次注射总量为,5～100ml,10～15ml,15～30ml,20～35ml,25～40ml,,,
A,髂窝流注的病侧下肢主要表现为,内收,内旋,外展,外旋,僵直,,,
E,乳癖的肿块特点是,形如鸡卵，光滑，柔韧，活动，无痛,坚硬如石，表面不平，固定不活动，与皮肤粘连,结节样肿块，位于乳晕下，按压乳窍溢血,肿胀疼痛，皮肤灼热焮红，形成脓肿,肿块扁圆，活动度好，轻度疼痛,,,
B,发于皮里膜外、由脂肪组织过度增生而形成的良性肿瘤是,血瘤,肉瘤,脂瘤,脂肪肉瘤,失荣,,,
C,儿科发病率最高的疾病是,肾系病证,心肝系病证,肺系病证,脾系病证,虫证,,,
A,胎黄的病变脏腑是,肝胆、脾胃,心、肝,肾、脾胃,肺、肝胆,肾、心肺,,,
C,下列哪些情志因素最易导致妇产科疾病,怒、忧、思,思、悲、恐,怒、思、恐,怒、思、悲,忧、思、悲,,,
E,患者，男，24岁。服毒物后昏迷、呼吸衰竭，呼气有特殊的大蒜臭味。毒物可能是,安眠药,麻醉剂,一氧化碳,砷,有机磷杀虫药,,,
B,患者，男，49岁。腹泻3～5次/日，便稀，时带黏液及血，2年来时重时轻。左下腹有压痛。曾用利福平治疗无效。今日结肠镜检查示：黏膜充血、水肿、易脆，伴糜烂和溃疡。应首先考虑的诊断是,阿米巴肠炎,溃疡性结肠炎,结肠癌,细菌性痢疾,肠结核,,,
B,患者，女，46岁。因患糖尿病肾病，长期予利尿剂、胰岛素治疗。近日出现乏力，尿少，恶心，呕吐，站立时头晕，时有腓肠肌痉挛。实验室检查：血糖4.6mmol/L，血钠122mmol/L，血钾3.9mmol/L，尿素氮5.2mmol/L，肌酐98μmol/L。应首先考虑的诊断是,等渗性失水,低渗性失水,水中毒,低血糖症,高渗性失水,,,
A,患者突发头面部皮肤发红成片，色如涂丹，焮红灼热，肿胀疼痛，甚则发生水疱，眼胞肿胀难睁。伴恶寒，发热，头痛。舌质红，苔薄黄，脉浮数。治疗宜选用,普济消毒饮,柴胡清肝汤,龙胆泻肝汤,五神汤,萆薢渗湿汤,,,
E,女子的乳房，属,心,肾,脾,肝,胃,,,
A,子痰未成脓者，外治应选用,冲和膏,白玉膏,金黄散,黄连膏,青黛散油膏,,,
C,乳痈热毒炽盛证最常用的方剂是,瓜蒌牛蒡汤加减,托里消毒散加减,透脓散加减,逍遥蒌贝散加减,开郁散加减,,,
B,血栓性浅静脉炎多见于,胸腹壁,下肢,上肢,面颈部,背部,,,
E,小儿发生强烈传染性疾病的病邪很多，其中最重要的是,风邪,寒邪,燥邪,湿邪,疫疠,,,
C,小儿硬肿症重症的肛温,高于腋温,等于腋温,低于腋温,高于正常,等于正常,,,
D,寒痛的特点是,痛无定处，忽彼忽此,攻痛无常，喜缓怒甚,痛而酸胀，肢体沉重,酸痛，得热缓解,持续性固定性胀痛,,,
A,下列关于痰饮瘀血的叙述，正确的是,既是病理产物，又是致病因素,仅是病理产物,仅是致病因素,痰饮常单独为病,瘀血常单独为病,,,
B,外感六淫中，属于暑邪的致病特性的是,发病迅速，来势猛急，焮红灼热,焮红灼热，糜烂流脓，或痒或痛,肿势散漫，痛有定处，不红不热,其性趋下，重浊黏腻，酸胀沉重,肿势宣浮，痛无定处，走注甚速,,,
E,鼠乳的外治法是,推疣法,敷贴法,摩擦法,洗涤法,挑刺法,,,
A,慢性前列腺炎气滞血瘀证的代表方剂是,前列腺汤,八正散,龙胆泻肝汤,抵当丸,知柏地黄汤,,,
A,十二经脉中，多气多血之经是,手阳明大肠经,手太阳小肠经,足太阳膀胱经,足少阳胆经,足太阴脾经,,,
D,乳痈气滞热壅证代表方为,逍遥蒌贝散,二仙汤合四物汤,托里消毒散,瓜蒌牛蒡汤,透脓散,,,
A,慢性盆腔炎与急性盆腔炎共有的证型是,湿热瘀结,气滞血瘀,寒湿凝滞,气虚血瘀,热毒炽盛,,,
C,小儿急性肾小球肾炎的诊断要点，下列错误的是,起病前1～3周有链球菌感染史,有水肿、少尿、血尿、高血压等临床特征,尿常规有大量的蛋白,补体C3下降,伴或不伴ASO升高,,,
E,下列各项，不属于溻渍法适应证的是,阳证疮疡初起,半阴半阳证,阴证疮疡,美容,肛裂,,,
C,小儿紫癜之阴虚火旺证的治疗方药应为,连翘败毒散加减,归脾汤加减,大补阴丸加减,桃仁汤加减,羚角钩藤汤加减,,,
A,小儿紫癜之风热伤络证的治疗方药应为,连翘败毒散加减,归脾汤加减,大补阴丸加减,桃仁汤加减,羚角钩藤汤加减,,,
A,中气虚而下陷，可导致,崩漏,带下病,闭经,恶阻,滑胎,,,
A,气虚冲任不固，可导致,崩漏,带下病,闭经,恶阻,滑胎,,,
C,慢性盆腔炎湿热瘀结证用,仙方活命饮,五味消毒饮,银甲丸,清营汤,理冲汤,,,
A,急性盆腔炎湿热瘀结证用,仙方活命饮,五味消毒饮,银甲丸,清营汤,理冲汤,,,
A,成人慢性湿疮应选用的外治药物是,5%硫黄软膏,黄柏霜,炉甘石洗剂,马齿苋合剂,青黛散油,,,
B,婴儿干性湿疮应选用的外治药物是,5%硫黄软膏,黄柏霜,炉甘石洗剂,马齿苋合剂,青黛散油,,,
A,虚寒月经后期，月经的改变应是,周期延后，经量少，色淡，质清稀,周期延后，经量少，色黯，有块,周期延后，经量少，色淡，质黏,周期延后，经量多，色淡，质清稀,以上都不是,,,
A,血虚月经后期，月经的改变应是,周期延后，经量少，色淡，质清稀,周期延后，经量少，色黯，有块,周期延后，经量少，色淡，质黏,周期延后，经量多，色淡，质清稀,以上都不是,,,
B,治疗小儿抽动障碍脾虚痰聚证，应首选,涤痰汤,十味温胆汤,黄连温胆汤,通窍活血汤合二陈汤,三子养亲汤,,,
D,治疗小儿五迟、五软痰瘀阻滞证，应首选,涤痰汤,十味温胆汤,黄连温胆汤,通窍活血汤合二陈汤,三子养亲汤,,,
A,病毒性心肌炎痰瘀阻络证的证候是,心悸不宁，胸闷憋气，心前区痛如针刺，面色晦暗，唇甲青紫，舌质紫暗，脉结代,心悸不宁，憋气乏力，少气懒言，烦热口渴，舌红少苔，脉细数,心悸怔忡，神疲乏力，畏寒肢冷，舌质淡胖，脉缓无力,寒热起伏，全身肌肉酸痛，心悸胸闷，舌质红，苔黄腻，脉濡数或结代,心悸气短，胸闷胸痛，发热咳嗽，咽红肿痛，舌红脉数,,,
D,病毒性心肌炎湿热侵心证的证候是,心悸不宁，胸闷憋气，心前区痛如针刺，面色晦暗，唇甲青紫，舌质紫暗，脉结代,心悸不宁，憋气乏力，少气懒言，烦热口渴，舌红少苔，脉细数,心悸怔忡，神疲乏力，畏寒肢冷，舌质淡胖，脉缓无力,寒热起伏，全身肌肉酸痛，心悸胸闷，舌质红，苔黄腻，脉濡数或结代,心悸气短，胸闷胸痛，发热咳嗽，咽红肿痛，舌红脉数,,,
C,牛皮癣的特征是,瘙痒，有红斑，上覆银白色鳞屑,瘙痒，有红斑、丘疹、糜烂、渗液,瘙痒，有苔藓样皮损,瘙痒，有风团,瘙痒，无原发皮损,,,
A,白疕的特征是,瘙痒，有红斑，上覆银白色鳞屑,瘙痒，有红斑、丘疹、糜烂、渗液,瘙痒，有苔藓样皮损,瘙痒，有风团,瘙痒，无原发皮损,,,
C,发生于阴囊部的急性化脓性感染是,子痈,子痰,囊痈,阴茎痰核,水疝,,,
D,发生于阴茎海绵体的纤维性硬结是,子痈,子痰,囊痈,阴茎痰核,水疝,,,
A,伤食泻证见,大便稀薄，夹有残渣，泻后痛减,大便稀溏，色淡不臭，食后作泻,大便水样，泻下急迫，气味秽臭,大便清稀，完谷不化，澄澈清冷,大便清稀，夹有泡沫，臭气不甚,,,
D,脾肾阳虚泻证见,大便稀薄，夹有残渣，泻后痛减,大便稀溏，色淡不臭，食后作泻,大便水样，泻下急迫，气味秽臭,大便清稀，完谷不化，澄澈清冷,大便清稀，夹有泡沫，臭气不甚,,,
A,血瘀证妊娠腹痛治疗选方,桂枝茯苓丸合寿胎丸,少腹逐瘀汤合寿胎丸,血府逐瘀汤合寿胎丸,补肾祛瘀方,身痛逐瘀汤合寿胎丸,,,
A,血瘀证胎动不安治疗选方,桂枝茯苓丸合寿胎丸,少腹逐瘀汤合寿胎丸,血府逐瘀汤合寿胎丸,补肾祛瘀方,身痛逐瘀汤合寿胎丸,,,
E,溃疡腐肉已脱，肉芽灰白，新肉不长，可选用的外用药是,黄芪六一散,青黛散,桂麝散,月白珍珠散,回阳玉龙散,,,
D,溃疡腐肉脱而未尽，新肉不长，久难收口，可选用的外用药是,黄芪六一散,青黛散,桂麝散,月白珍珠散,回阳玉龙散,,,
C,直肠周围注射法治疗脱肛常用体位是,侧卧位,膝胸位,截石位,蹲位,倒置位,,,
B,电烙法治疗息肉痔常用的体位是,侧卧位,膝胸位,截石位,蹲位,倒置位,,,
C,多局限于指甲一侧的疔疮称为,螺疔,蛇头疔,蛇眼疔,蛀节疔,蛇肚疔,,,
E,生于指腹部的疔疮称为,螺疔,蛇头疔,蛇眼疔,蛀节疔,蛇肚疔,,,
E,以上属于补虚泻实治疗原则的是,热则疾之,寒则留之,标本同治,三因制宜,陷下则灸之,,,
C,以上属于治病求本治疗原则的是,热则疾之,寒则留之,标本同治,三因制宜,陷下则灸之,,,
A,以皮下水疱、趾间浸渍糜烂、渗流滋水、角化过度、脱屑、瘙痒等为特征的疾病是,脚湿气,白秃疮,鹅掌风,白癜风,肥疮,,,
C,初起为掌心或指缝水疱或掌部皮肤角化脱屑、水疱的疾病是,脚湿气,白秃疮,鹅掌风,白癜风,肥疮,,,
B,治疗肺炎喘嗽肺脾气虚证，应首选,沙参麦冬汤,人参五味子汤,杏苏散,四君子汤,补中益气汤,,,
B,治疗顿咳恢复期脾胃气虚证，应首选,沙参麦冬汤,人参五味子汤,杏苏散,四君子汤,补中益气汤,,,
A,适用于宫腔注入法治疗的妇科疾病是,宫腔粘连,子宫肌瘤,宫颈炎,子宫脱垂,盆腔淤血综合征,,,
E,适用于直肠导入法治疗的妇科疾病是,宫腔粘连,子宫肌瘤,宫颈炎,子宫脱垂,盆腔淤血综合征,,,
C,高位单纯性肛漏特点为,有一条管道，通过外括约肌深层以上,有两个以上外口及管道有分支窦道，其主管道通过外括约肌深层以上，有一个或两个以上内口者,仅有一条管道，漏管穿过外括约肌深层以上，内口位于肛窦部位,漏管在外括约肌深层以下，有两个以上外口，或两条以上管道，内口在肛窦部位,只有一个漏管，并通过外括约肌深层以下，内口在肛窦附近,,,
E,低位单纯性肛漏特点为,有一条管道，通过外括约肌深层以上,有两个以上外口及管道有分支窦道，其主管道通过外括约肌深层以上，有一个或两个以上内口者,仅有一条管道，漏管穿过外括约肌深层以上，内口位于肛窦部位,漏管在外括约肌深层以下，有两个以上外口，或两条以上管道，内口在肛窦部位,只有一个漏管，并通过外括约肌深层以下，内口在肛窦附近,,,
C,患者，男，45岁。进行性吞咽困难伴消瘦1年。现症：食入格拒不下，入而复出，心烦口干，胃脘灼热，大便干结如羊屎，形体消瘦，皮肤干枯，小便短赤，舌质光红，干裂少津，脉细数。其治疗应选用,启膈散,通幽汤,沙参麦冬汤,补气运脾汤,竹叶石膏汤,,,
C,患者，女，48岁。眩晕耳鸣，头胀痛，每因烦劳或恼怒而增剧，急躁易怒，少寐多梦，舌红苔黄，脉弦数。治疗宜首选,柴胡疏肝散,镇肝息风汤,天麻钩藤饮,丹栀逍遥散,黄连温胆汤,,,
D,患者男，45岁；颈部岩肿迁延日久，肿块迅速增大，中央变软、周围坚硬，溃破后渗流血水，状如翻花，并向四周漫肿，范围可波及面部、胸部、肩背等处。伴疼痛，发热，消瘦，头颈活动受限。舌质红，苔黄，脉数。治法为,补益气血，解毒化瘀,理气解郁，化痰散结,温阳散寒，化痰散结,清热解毒，化痰散瘀,以上均非,,,
D,头皮瘙痒，多脂多屑，头发脱落，其临床意义是,肾精亏损,血虚受风,肝经风热,血热化燥,脾胃蕴热,,,
C,寒凝血瘀，月经不调，少腹冷痛，当选用下列何种性味的药,咸、寒,甘、温,辛、温,苦、寒,辛、凉,,,
C,按照药性升降浮沉理论，具有沉降性质的性味是,甘、温,辛、温,苦、寒,甘、寒,咸、温,,,
E,心阳不振、心悸、脉结代者，用药宜选用,桂枝配白芍,桂枝配附子,桂枝配茯苓,桂枝配大枣,桂枝配甘草,,,
C,使用大黄的注意点，以下说法不妥的是,妇女月经期忌用,妇女哺乳期忌用,产后瘀阻腹痛忌用,孕妇忌用,脾胃虚弱者慎用,,,
C,下列各项，表现为颈胸部生白色小疱疹，晶莹如粟，擦破流水，身热不扬的是,水痘,湿疹,白瘩,瘾疹,热气疮,,,
E,咳声如犬吠，伴有声音嘶哑，吸气困难是,邪热犯肺,肺阴亏虚,燥邪犯肺,寒痰湿浊停肺,阴虚疫毒攻喉,,,
D,外用有清热收湿作用，可用治湿疮、湿疹、痱子等皮肤病的药物是,茯苓,猪苓,车前子,滑石,芒硝,,,
A,脾在窍为,口,耳,鼻,目,舌,,,
C,郁李仁的功效是,润肠通便，润肺止咳,疏散风热，清肺利咽,润肠通便，利水消肿,润肠通便，祛痰利咽,润肠通便，消肿散结,,,
D,桑叶和菊花相比较，长于,平抑肝阳,清肝明目,疏散风热,清肺润燥,清热解毒,,,
A,患儿，生后3天。症见全身冰冷，全身肌肤板硬而肿，气息微弱，僵卧少动，哭声低怯，吸吮困难，反应极差，皮肤暗红，少尿，面色苍白，唇舌色淡，指纹淡红不显。其治法是,益气温阳，通经活血,温阳散寒，活血化瘀,温中健脾，活血通络,温补脾肾，通经活络,健脾益气，补血通络,,,
E,患儿，3岁。咽痛6天，喉核肿大暗红，咽干咽痒，日久不愈，干咳少痰，大便干结，小便黄少，舌质红，苔少，脉细数。应首选的方剂是,银翘马勃散,清燥救肺汤,银翘散,牛蒡甘桔汤,养阴清肺汤,,,
D,患儿，3岁。昨天外出游玩，今天舌边尖溃烂，症见色赤疼痛，饮食困难，心烦不安，口干欲饮，小便短赤，舌尖红，苔薄黄。应首选的方剂是,导赤散,凉膈散,泻心汤,泻心导赤散,黄连解毒汤,,,
E,下列除哪项外，均属于阳水证的临床表现,水肿处皮肤紧绷光亮,起病急，病程短,上半身肿甚,水肿先从头面肿起,肢冷，腰酸痛,,,
C,身热夜甚，心烦不寐，斑疹隐现，舌红绛，脉细数，其临床意义是,卫分证,气分证,营分证,血分证,热盛伤阴证,,,
A,川楝子、槟榔皆具有的功效是,杀虫、行气,杀虫、利水,行气、利水,行气、疏肝,行气、健脾,,,
A,温毒邪盛感而暴发，属于,卒发,徐发,伏而后发,继发,复发,,,
D,头发呈斑片状脱落的原因是,肾精亏损,气血两虚,久病体弱,血虚受风,血热,,,
E,腰痛剧烈，向小腹放射，尿血，是因,肾气亏虚,寒湿阻滞,湿热下注,瘀血阻络,结石阻滞,,,
D,湿热下注之足膝红肿热痛，当选用哪组药物治疗,羌活、独活,薏苡仁、泽泻,猪苓、茯苓,黄柏、苍术,细辛、防风,,,
E,防己的功效是,祛风湿，舒经络，利小便,祛风湿，利关节，解毒,祛风湿，止痛，清虚热,祛风湿，止痛，安胎,祛风湿，止痛，利水消肿,,,
D,适用于真热假寒的治则是,塞因塞用,寒者热之,热因热用,寒因寒用,通因通用,,,
C,具有“五脏六腑之海”之称的是,督脉,任脉,冲脉,带脉,维脉,,,
A,具有“温分肉、充皮肤、肥腠理”功能的气是,卫气,营气,元气,脏腑之气,水谷之气,,,
C,口气酸臭，食欲不振，脘腹胀满者属,肝火犯胃,胃肠蕴热,食积胃肠,内有脓疡,口腔不洁,,,
E,巅顶部位头痛属于,阳明头痛,少阳头痛,太阴头痛,少阴头痛,厥阴头痛,,,
E,风邪袭表证的脉象特点是,浮滑,浮紧,浮数,浮弦,浮缓,,,
C,小儿鼻柱、眉间及口唇四周青紫的表现属于,寒凝气滞,瘀血内阻,小儿惊风,疼痛剧烈,肝郁脾虚,,,
B,下列各项，不属于八纲辨证所应辨析的内容是,病性的寒热,病变的吉凶,邪正的盛衰,病情的类别,病位的深浅,,,
C,阳气不足，不能制阴，出现寒证，此为,阴胜则寒,阴虚则热,阳虚则寒,阳损及阴,阳胜则热,,,
B,《灵枢》中：肝藏血，血摄,神,魂,意,志,魄,,,
A,下列脏腑中与水液代谢关系最密切的是,肺、肾、脾,肝、胆、肾,肝、肺、脾,心、肾、肺,脾、胃、肝,,,
E,下列各项中不属于莲子功效的是,止带,补脾止泻,益肾固精,养心安神,收敛止血,,,
D,乌药的功效是,行气止痛，杀虫,行气止痛，散寒调中,行气止痛，健脾消食,行气止痛，温肾散寒,行气宽中，利水消肿,,,
B,患儿，6岁。梦中遗尿，寐不安宁，烦躁叫扰，白天多动少静，难以自制，五心烦热，形体较瘦，舌质红，苔薄少津，脉沉细而数。治疗应首选,菟丝子散,交泰丸合导赤散,补中益气汤合缩泉丸,龙胆泻肝汤,牡蛎散,,,
A,下列安神药中不宜入煎剂的药物是,朱砂,磁石,龙骨,牡蛎,酸枣仁,,,
E,患者，女，60岁。喉中哮鸣有声，胸膈烦闷，呼吸急促，喘咳气逆，咳痰不爽，痰黏色黄，烦躁，发热，恶寒，无汗，身痛，口干欲饮，大便偏干，舌苔白腻，舌尖边红，脉弦紧。此病证的治法为,补肺纳肾，降气化痰,祛风涤痰，降气平喘,清热宣肺，化痰定喘,宣肺散寒，化痰平喘,解表散寒，清化痰热,,,
D,患儿，10个月。近半个月不思乳食，嗳腐酸馊，脘腹胀满疼痛，大便酸臭，烦躁啼哭，舌质红，苔黄厚腻，指纹紫滞。其诊断是,厌食,腹痛,疳证,积滞,呕吐,,,
D,患儿，12岁。反复喘促5年余。现症见气喘，喉间哮鸣，喘促胸满，动则喘甚，咳嗽，痰稀易咯，畏寒，面色欠华，神疲纳少，舌淡苔白，脉弱。其治法是,温肺散寒，化痰定喘,清肺涤痰，止咳平喘,健脾益气，补肺固表,泻肺平喘，补肾纳气,健脾温肾，固摄纳气,,,
D,臀痈患者，痈溃后腐肉大片脱落，疮口较深，形成空腔，收口缓慢，面色萎黄，神疲乏力，纳差。舌质淡，苔薄白，脉细。治疗宜选用,仙方活命饮,黄连解毒汤,四君子汤,八珍汤,桃红四物汤,,,
C,既能清热泻火，又能滋阴润燥的药物是,石膏,芦根,知母,葛根,决明子,,,
B,寒邪伤人，出现脘腹冷痛、呕吐等症的主要原因是,寒性凝滞，气血运行不畅,寒邪伤阳，直中脾胃,寒性伤阳，直中少阴,寒性收引，经脉拘急,寒性黏滞，气机不畅,,,
C,酸痛的常见原因是,火邪窜至经络,寒邪阻滞经络,湿侵肌肉关节,气血亏虚,风邪偏胜,,,
A,葶苈子的性味为,苦、辛，大寒,甘，寒,辛，温,甘、苦，微温,苦、甘，微寒,,,
D,蝉蜕的主要归经是,肺、脾,肺、肾,肺、心,肺、肝,肺、大肠,,,
B,恶寒战栗与高热交替发作，发有定时，属于,少阳病,疟疾,阳明病,表寒内热证,阴盛格阳证,,,
C,呕吐呈喷射状者是因,热伤胃肠,脾胃阳虚,热扰神明,食滞胃脘,饮邪犯胃,,,
C,威灵仙除能祛风湿，通经络，止痹痛外，还具有的功效是,清虚热,补肝肾,治骨鲠,强筋骨,止痉,,,
A,下列能够治疗水肿、脚气肿痛的是,槟榔,鸡内金,小蓟,大蓟,麦芽,,,
C,塞因塞用属于,治本,正治,反治,治标,标本同治,,,
C,情绪与肝有关是因为,肝能藏血和调节血量,肝主升发,肝主疏泄能调节情志,肝能调节女子月经和男子排精,肝为刚脏,,,
D,下列方剂中含有杏仁、白蔻仁、薏苡仁的是,三子养亲汤,杏苏散,桑杏汤,三仁汤,定喘汤,,,
E,与女子胞的功能活动关系密切的脏腑是,心、肝、脾、肺,肺、脾、肾,心、肺、肾,心、肺、脾,心、肝、脾、肾,,,
B,在病理上，一般是脏病多,实,虚,虚实夹杂,真实假虚,真虚假实,,,
A,下列药物中均能凉血止血、散瘀解毒消痈的药物是,小蓟、大蓟,地榆、槐花,三七、茜草,白及、蒲黄,侧柏叶、白茅根,,,
D,患者，男，14岁。患1型糖尿病2年，今日在家中用胰岛素治疗后突然出现昏迷。其昏迷原因最可能是,高渗性昏迷,酮症酸中毒,乳酸性酸中毒,低血糖昏迷,急性脑血管病,,,
E,既能泻肺平喘，又能利水消肿的是,桑白皮、枇杷叶,紫菀、款冬,海藻、昆布,川贝母、浙贝母,桑白皮、葶苈子,,,
C,邪入营血证的舌象是,舌色淡红,舌质淡白,舌质绛红,舌质紫暗,舌起红刺,,,
A,"能上助心阳、中温脾阳、下补肾阳，为""回阳救逆第一品药""的是",附子,干姜,丁香,吴茱萸,小茴香,,,
E,"""六气""是指",六种时令疫邪,六种致病因素,六种病理产物,六种外感病邪的总称,六种自然界的气候变化,,,
E,四逆汤的组成药物是,人参、干姜、炙甘草,人参、肉桂、炙甘草,生附子、人参、炙甘草,生附子、肉桂、炙甘草,生附子、干姜、炙甘草,,,
C,下列药物为麦门冬汤组成部分的是,人参、生姜、甘草、大枣,人参、干姜、甘草、大枣,人参、大枣、甘草、粳米,人参、干姜、甘草、粳米,人参、生姜、甘草、粳米,,,
D,胡黄连除能清湿热外，还具有的功用是,清泄肺热,清热凉血,泻肝火,除疳热,清心热,,,
B,表现为气血两亏者，多是哪两脏同病,心、肺,心、脾,心、肝,肺、脾,肺、肾,,,
E,"《灵枢·本神》所言""因志而存变""谓之",志,智,虑,意,思,,,
A,既是六腑，又是奇恒之腑者是,胆,胃,大肠,小肠,三焦,,,
E,宗气积聚之处为,息道,喉咙,气街,丹田,胸中,,,
E,自肺开始叩诊肝脏相对浊音界时其叩诊音应是,由清音转为实音,由浊音变为实音,由清音转为鼓音,由过清音转为实音,由清音转为浊音,,,
E,醋制甘遂的目的是,增强止痛功能,引经入药,便于储存,矫味,减低毒性,,,
B,观察舌苔以辨别病邪浅深的主要依据是,舌苔的有无,苔质的厚薄,苔色的黄白,苔质的润燥,舌苔的真假,,,
D,从头走足的经脉是,手三阴经,足三阴经,手三阳经,足三阳经,以上均非,,,
C,治寒湿偏盛的疟疾当选用下列何药,常山,槟榔,草果,青蒿,柴胡,,,
B,苏合香丸的主治病证不包括,猝然昏仆,高热神昏,心腹卒痛,苔白脉迟,中寒昏厥,,,
B,土不足时，木对土的过度制约，属于,相克,相乘,相侮,母病及子,子病犯母,,,
E,温胆汤的功用是,清热化痰,温肺化痰,燥湿化痰,涤痰熄风,利胆和胃,,,
B,与人体情志活动关系最密切的是,心、肺、肝,心、肝、脾,肺、脾、肾,心、脾、肾,心、肝、肾,,,
D,薏苡仁具有的功效是,通便,清肝,清胃,除痹,解暑,,,
A,下列不属于肾气丸主治证的是,便秘,痰饮,消渴,脚气,转胞,,,
B,中医学理论体系的基本特点，主要是,四诊合参与辨证论治,整体观念与辨证论治,辨证求因与审因论治,阴阳五行与脏象经络,以五脏为主的整体观,,,
A,下列哪一项是肾中精气的主要生理功能,主生长发育和生殖,促进生殖功能的成熟,促进机体的生长发育,产生天癸的基础,人体生命活动的根本,,,
D,暑邪伤人出现气短乏力症状的主要原因是,暑为阳邪，其性炎热,暑邪伤人，损伤脾胃,暑多夹湿，阻遏气机,暑性升散，伤津耗气,以上均非,,,
D,下列哪种药物宜包煎,木香,沉香,砂仁,车前子,草豆蔻,,,
B,患者，男，20岁。突发胸闷，带哮鸣音的呼气性呼吸困难，咳嗽。听诊两肺满布哮鸣音。应首先考虑的诊断是,急性支气管炎,支气管哮喘,慢性支气管炎喘息型,心源性哮喘,气胸,,,
C,既祛痰，又解表的药物是,白前,旋覆花,前胡,柴胡,蔓荆子,,,
A,薄荷的功效是,疏散风热，利咽透疹,疏散风热，解毒透疹,疏散风热，升举阳气,疏散风热，熄风止痉,疏散风热，明目退翳,,,
E,组成药物中含有官桂的方剂是,乌梅丸,桂枝汤,猪苓汤,麻黄汤,芍药汤,,,
C,生痰之源是指,肝,心,脾,肺,肾,,,
D,贮痰之器是指,肝,心,脾,肺,肾,,,
B,“生之本”指的是,肝,心,脾,肺,肾,,,
E,气之根指的是,肝,心,脾,肺,肾,,,
D,五苓散中含有的药物是,白术、甘草,滑石、阿胶,白术、生姜,茯苓、桂枝,茯苓、甘草,,,
B,猪苓汤中含有的药物是,白术、甘草,滑石、阿胶,白术、生姜,茯苓、桂枝,茯苓、甘草,,,
A,脑性瘫痪可出现的是,剪刀步态,醉酒步态,慌张步态,跨阀步态,蹒跚步态,,,
D,腓总神经麻痹可出现的是,剪刀步态,醉酒步态,慌张步态,跨阀步态,蹒跚步态,,,
E,消渴重证，可闻到,口气臭秽,口气酸臭,口气酒臭,口气腐臭,口中散发烂水果气味,,,
B,胃有宿食，可闻到,口气臭秽,口气酸臭,口气酒臭,口气腐臭,口中散发烂水果气味,,,
D,补中益气汤的主治证是,表虚自汗证,气阴两虚证,心脾两虚证,脾虚气陷证,脾虚夹湿证,,,
A,玉屏风散的主治证是,表虚自汗证,气阴两虚证,心脾两虚证,脾虚气陷证,脾虚夹湿证,,,
D,既治厥阴头痛，又治脾肾阳虚之五更泄泻的药物是,附子,干姜,肉桂,吴茱萸,小茴香,,,
A,既治亡阳证，又治阳虚外感风寒的药物是,附子,干姜,肉桂,吴茱萸,小茴香,,,
C,注射乙肝疫苗后阳性的标志是,抗-HBe,HBcAg（+）,抗-HBs,HBeAg,抗-HB,,,
D,HBV处于复制状态，有传染性的标志是,抗-HBe,HBcAg（+）,抗-HBs,HBeAg,抗-HB,,,
B,七情致病，怒则,气下,气上,气乱,气消,气结,,,
A,七情致病，恐则,气下,气上,气乱,气消,气结,,,
E,七情致病，思则,气下,气上,气乱,气消,气结,,,
A,患者高热不退，手足抽搐，有时神昏，舌绛而干，脉弦数。治疗应选用,羚角钩藤汤,大定风珠,天麻钩藤饮,消风散,镇肝熄风汤,,,
D,患者皮肤疹出色红，瘙痒，抓破后渗出津水，舌苔白，脉浮数有力。治疗应选用,羚角钩藤汤,大定风珠,天麻钩藤饮,消风散,镇肝熄风汤,,,
B,属错杂关系的是,真寒假热,上热下寒,真实假虚,因实致虚,里虚寒证,,,
D,属转化关系的是,真寒假热,上热下寒,真实假虚,因实致虚,里虚寒证,,,
B,属于蒿芩清胆汤组成的是,香附、柴胡,枳壳、陈皮,枳实、半夏,甘草、大枣,白术、当归,,,
C,属于大柴胡汤组成的是,香附、柴胡,枳壳、陈皮,枳实、半夏,甘草、大枣,白术、当归,,,
B,小脑病变可见到的症状是,静止性震颤,动作性震颤,老年性震颤,扑翼样震颤,手足搐搦,,,
D,肝性脑病可见到的症状是,静止性震颤,动作性震颤,老年性震颤,扑翼样震颤,手足搐搦,,,
B,玉屏风散适用于哪种汗证,营卫不和,肺卫不固,邪热郁蒸,心血不足,阴虚火旺,,,
A,桂枝汤适用于哪种汗证,营卫不和,肺卫不固,邪热郁蒸,心血不足,阴虚火旺,,,
C,痛有定处，按之有形，推之不移的是,瘀血,痰饮,癥积,瘕聚,痞满,,,
D,痛无定处，按之无形，聚散不定的是,瘀血,痰饮,癥积,瘕聚,痞满,,,
C,壮热，大汗不止，突然体温下降，四肢厥冷，面色苍白，脉微欲绝者证属,上热下寒,表寒里热,热证转化为寒证,真寒假热,真热假寒,,,
B,恶寒发热，无汗，头痛，身痛，气喘，烦躁，口渴，脉浮紧者证属,上热下寒,表寒里热,热证转化为寒证,真寒假热,真热假寒,,,
A,"""宗气……贯心脉而行呼吸""是指气的",推动作用,温煦作用,防御作用,固摄作用,气化作用,,,
E,"""味归形，形归气""是指气的",推动作用,温煦作用,防御作用,固摄作用,气化作用,,,
E,精气血津液之间相互转化依靠气的,推动作用,温煦作用,防御作用,固摄作用,气化作用,,,
B,治疗气虚发热的方剂是,四君子汤,补中益气汤,生脉散,当归补血汤,四物汤,,,
D,治疗血虚发热的方剂是,四君子汤,补中益气汤,生脉散,当归补血汤,四物汤,,,
B,四君子汤除益气外，还具有的功用是,健脾养心,健脾养胃,健脾温胃,健脾益阴,健脾温阳,,,
A,在手指末端交接的经脉是,手之阳经与手之阴经,手之阳经与足之阳经,手之阴经与足之阴经,足之阳经与足之阴经,手之阳经与足之阴经,,,
B,在头面部交接的经脉是,手之阳经与手之阴经,手之阳经与足之阳经,手之阴经与足之阴经,足之阳经与足之阴经,手之阳经与足之阴经,,,
E,下列各项，不属于重症传染性非典型肺炎(SARS)临床表现的是,出现休克或多器官功能障碍综合征(MODS),胸片多叶病变或病灶总面积在正位胸片上占双肺总面积的1/3以上,48小时内病灶面积增大超过50%，且在正位胸片上占双肺总面积的1/4以上,低氧血症，氧合指数低于300mmHg,成人休息状态下呼吸频率小于16次/分,,,
D,下列各项，不属全国突发事件应急预案内容的是,突发事件应急处理技术和监测机构及其任务,突发事件应急处理专业队伍的建设和培训,突发事件信息的收集、分析、报告、通报制度,突发事件的立法规划方案,突发事件的分级和应急处理工作方案,,,
B,下列除哪项外，均提示上消化道出血患者仍有活动性出血,网织红细胞计数持续增高,肠鸣音减弱或消失,在体液与尿量足够的情况下，血尿素氮持续增高,黑便转为暗红色,充分补液后周围循环衰竭表现无好转,,,
E,下列除哪项外，均是“阿托品化”的表现,皮肤干燥,肺部湿性啰音消失,瞳孔较前扩大,颜面潮红,心率较前减慢,,,
E,老年心力衰竭患者症状加重的最常见诱因是,过度劳累,摄入液体过多,心肌缺血,室性期前收缩,呼吸道感染,,,
E,患有幽门螺杆菌相关性胃炎的患者，下列治疗最佳的是,四环素,红霉素,庆大霉素,头孢力新,阿莫西林,,,
A,下列哪项为典型心绞痛的心电图改变,面对缺血区导联ST段水平压低≥0.1mV，T波倒置,面对缺血区导联ST段抬高，T波高尖,面对缺血区导联Q波加深，深度≥R波的1/4,面对缺血区导联Q波加宽，宽度≥0.04s,QRS波群宽大畸形,,,
C,医生的特殊干涉权不适用于,对精神病患者、意志丧失和自杀未遂等患者拒绝治疗时,患者要求了解自己疾病的真情，但当了解后不利于诊断治疗时,人体实验，为保守实验机密时,患者要求了解自己疾病的真情但有可能产生不良影响时,人体实验性治疗时，虽然患者已知情同意，但对一些高危的实验时,,,
C,HIV不宜使用的消毒方法是,75%乙醇,0.2%次氯酸钠,紫外线,焚烧,高压湿热消毒,,,
A,医院工作人员在医院内获得的感染属于,医院感染,医源性感染,原发感染,混合感染,重叠感染,,,
D,下列各项，影响铁剂吸收的因素是,番茄,菠菜,肉类,茶叶,植物油,,,
A,男，43岁。上腹部不适5年，近1个月来食后饱胀感，有时嗳气。近两天检查：大便隐血试验(++)；胃酸正常，血清抗壁细胞抗体阴性；胃镜检查示胃窦部可见血管网。应首先考虑的是,慢性萎缩性胃窦炎,慢性浅表性胃炎,慢性浅表性胃炎合并出血,慢性萎缩性胃体胃炎,慢性糜烂性出血性胃炎,,,
B,患者，男，30岁。突然不规则发热20余日，于5月8日急诊入院。查体：巩膜黄染，肝脾在肋下1.0cm。血白细胞总数4.0×109/L，总胆红素定量98μmol/L，ALT85U，尿蛋白(+)，肥达反应“O”1：80，“H”1：160，抗-HBs(+)。下列哪项检查最有利于确定诊断,血涂片检疟原虫,骨髓细菌培养,粪便细菌培养,凝溶试验,肝活检,,,
B,在同班同学患甲型肝炎后，对一10岁小儿检查发现，血清抗-HAVIgM阳性，肝功正常。此种情况属,显性感染,隐性感染,潜在性感染,病原携带,易感者,,,
A,患者因右上腹持续钝痛，伴恶寒发热、皮肤黄染入院，经检查诊断为急性胆囊炎、胆石症，上午情况尚好，中午出现休克症状，下午进行了积极治疗，下班时虽未好转，也未加重。晚6时夜班医师回家吃晚饭，此时患者症状加重，护士找不到医师，至晚7时找来一位门诊医师急救，抢救无效死亡。此时夜班医师才回病房。此事故的责任主体是,夜班医师,白班医师,夜班护士,急救的门诊医师,夜班医师和护士,,,
C,右上肺中心型肺癌的典型×线表现是,两上肺锁骨下区的片状阴影,肺内有多发的肿块影,肺门肿块和右肺上叶不张连在一起形成横行“S”状的下缘,肺内有多发的薄壁空洞,靠近肺门处可见支气管充气征,,,
B,关于体温测量，正确的是,腋下温度正常值为35～37℃,正常人24小时内体温相差不超过1℃,口测法适用于婴幼儿,腋测法容易发生交叉感染,肛门温度正常值为36.3～37.2℃,,,
A,某老年患者患有肝癌，生命垂危，家属明确要求不惜一切代价抢救，医师应选择,尊重家属意见，不惜一切代价进行抢救,有限度地治疗与抢救,实施积极安乐死,实施消极安乐死,说服家属彻底放弃治疗与抢救,,,
E,原发性支气管肺癌对化疗最敏感的病理类型是,腺癌,类癌,鳞状上皮细胞癌,大细胞癌,小细胞肺癌,,,
A,下列可引起淋巴细胞绝对值增多的疾病是,流行性腮腺炎,猩红热,荨麻疹,库欣综合征,再生障碍性贫血,,,
D,下列最不符合三度房室传导阻滞的是,P波与QRS波无传导关系,心房率快于心室率,QRS波群形态正常,心房率慢于心室率,QRS波群宽大畸形,,,
E,下列最能提示腹膜炎存在的是,肠鸣音减弱,振水音阳性,移动性浊音阳性,腹部压痛,反跳痛,,,
B,下列各项中，可引起心尖搏动增强的是,心包积液,甲状腺功能亢进症,心肌炎,左侧气胸,左侧胸腔积液,,,
E,下列有关SARS进展期的叙述，错误的是,多发生在病程的8～14天,胸闷、气促、呼吸困难等进行性加重,发热及感染中毒症状持续存在,肺部阴影发展迅速,多数患者出现ARDS,,,
D,关于SARS的临床表现，错误的是,常以发热为首发和主要症状,严重者出现呼吸窘迫,肺部体征不明显,常伴有呼吸道卡他症状,部分患者有腹泻,,,
A,下列各项，白细胞减少症是指周围血中,白细胞小于4.0×109/L,白细胞小于3.5×109/L,白细胞小于2.0×109/L,白细胞小于1.0×109/L,白细胞小于0.5×109/L,,,
D,风湿性心瓣膜病二尖瓣狭窄最重要的体征是,二尖瓣面容,肺动脉瓣区第2心音减弱,肺动脉瓣区第2心音分裂,心尖区舒张中晚期隆隆样杂音,心尖区吹风样收缩期杂音,,,
D,清暑益气汤的药物组成不包括,荷梗、知母,石斛、麦冬,西洋参、西瓜翠衣,金银花、连翘,甘草、粳米,,,
C,麻杏甘石汤的功用为,疏风清热，宣肺止咳,辛凉透表，解肌清热,辛凉疏表，清肺平喘,清热解毒，疏风散邪,辛凉透表，清热解毒,,,
D,患者，女，30岁。家人发现其神志不清2小时，双瞳孔缩小，呼气有大蒜味。可能的病因是,脑出血,脑膜炎,脑炎,有机磷农药中毒,安眠药中毒,,,
E,患者，男，41岁，养鸡专业户。两天来体温39℃，伴随鼻塞、流涕、咳嗽咽痛，体征可见眼结膜轻度充血，咽部充血，肺部有干啰音，疑为人感染高致病性禽流感。应做何种检查进行确诊,血常规,血生化,×线,CT,呼吸道标本病毒分离,,,
D,鉴别尿路感染与尿道综合征的最根本特点是,尿白细胞的多少,尿红细胞的多少,尿白细胞管型的有无,真性细菌尿的有无,尿路刺激症状的有无,,,
C,肝硬化消化道出血，伴高血压冠心病患者，下列止血措施中最不恰当的是,三腔二囊管压迫,食管静脉曲张套扎术,垂体后叶素静脉滴注,6-氨基己酸静脉滴注,冰生理盐水洗胃,,,
C,Graves病最重要的体征是,皮肤湿润多汗，手颤,眼裂增大，眼球突出,弥漫性甲状腺肿大伴血管杂音,收缩压升高，舒张压降低,心脏扩大，心律不齐,,,
C,当腹腔内游离液体超过多少时，可出现移动性浊音,300ml,500ml,1000ml,1500ml,2000ml,,,
D,关于步态检查，下列哪一项是错误的,痉挛性偏瘫步态见于急性脑血管疾病的后遗症,醉酒步态见于小脑病变,间歇性跛行见于严重下肢动脉硬化,慌张步态见于进行性肌营养不良,蹒跚步态见于佝偻病、大骨节病,,,
E,下列哪项不属于医患关系的发展趋势,医患关系结构的人机化趋势,医患交往的经济化趋势,医患要求的多元化趋势,医患关系调节的法制化趋势,医患关系调节的科学化趋势,,,
D,发展中医药事业应遵循的原则,预防与保健相结合,继承与发扬相结合,发扬与创新相结合,继承与创新相结合,以上都不是,,,
C,小肠以下部位出血，大便通常不会出现下列哪种情况,鲜红色血便,暗红色血便,柏油便,洗肉水样便,脓血便,,,
A,下列哪一项不属于医学道德的作用,对经济发展具有促进作用,对医院人际关系具有调节作用,对医疗质量具有保证作用,对医学科学具有促进作用,对社会文明具有推动作用,,,
C,发现传染病病情应及时按照规定内容、程序、方式和时限报告，报告疫情应遵循的原则是,系统控制原则,系统通报原则,属地管理原则,隶属关系原则,直接向上级领导报告,,,
E,县级以上人民政府卫生行政主管部门应当指定机构负责开展突发事件的,医疗救助方案,预防控制体系,应急演练,技能培训,日常监测,,,
E,男，60岁。患胃溃疡已10年，近3个月来上腹痛变为无规律，食欲减退，体重下降，有胃溃疡恶变可能。考虑溃疡型胃癌，做×线钡餐检查，下列最有助于诊断的表现是,胃壁僵硬,龛影突出胃腔之外,龛影>2.5cm,龛影边缘不整齐,向溃疡聚集的皱襞有融合中断现象,,,
C,女，26岁。初起恶寒发热，全身酸痛，鼻塞流涕，经治疗好转，约10天后出现晨起眼睑水肿，午后则下肢轻度水肿。实验室检查：尿常规示蛋白(+)，镜检红细胞(+)/HP，白细胞0～7/HP。其最可能的诊断是,急性肾盂肾炎,慢性肾小球肾炎,急性肾小球肾炎,急进性肾炎,慢性肾功能不全,,,
E,患者，男，20岁。突起畏寒，发热，伴头痛、呕吐4天于4月20日来诊。查体：体温39.5℃，全身皮肤黏膜有散在出血点，脑膜刺激征阳性，脑脊液检查呈化脓性改变。临床诊断为流脑普通型。下列哪项治疗措施不正确,用物理降温或药物退热,大剂量青霉素抗菌,20%甘露醇脱水,注意补充水及电解质,应用低分子右旋糖酐预防休克,,,
E,患者，女，50岁。多食，大便2～3次/日。查体：血压140/60mmHg，双眼突出，心律不齐，脉搏短绌。应首先考虑的是,糖尿病合并缺血性心脏病,高血压性心脏病伴阵心房纤颤,高血压性心脏病伴阵发性心动过速,甲状腺功能亢进症伴阵发性心动过速,甲状腺功能亢进症伴心房纤颤,,,
C,患者，女，15岁。持续发热2周，入院经血培养、肥达检测确诊为“伤寒”，经抗生素治疗10天，体温降至正常，入院后第12天，突然出现剧烈腹痛，出冷汗。查体：腹部压痛及反跳痛，肝浊音界消失。血常规：WBC3.6×109/L，N0.85。腹部×线摄片示膈下游离气体，考虑并发“胃肠穿孔”。最可能的部位是,胃、十二指肠,空肠末端,回肠末端,横结肠,升结肠,,,
C,患者，男，20岁。患丙型肝炎，其最主要的传染途径是,飞沫,性接触,输血,食物,母婴,,,
A,《传染病防治法》规定，传染病暴发、流行时，县以上地方人民政府应当,立即组织力量进行防治，切断传染病的传播途径,公告限制或者停止集市、集会等人群聚集活动,公告停业、停工、停课,封闭可能造成传染病扩散的场所（原为：临时征用房屋、交通工具）,宣布为疫区,,,
B,若患者胸痛部位在胸骨中上段后方，并向左肩部放射，最可能的疾病为,胸膜疾病,心绞痛,肋间神经症,食管炎症,肋软骨炎,,,
D,医学人道主义的核心内容包括,尊重患者的情感,尊重患者的义务,尊重患者的品德,尊重患者的人格,尊重患者的地位,,,
E,医生在器官移植问题上的道德责任，错误的是,对活体的捐献，要保证供者的利他动机,杜绝任何商业目的的器官移植活动,对尸体捐献需要有亲属签订的知情同意书,对器官分配应遵循医学与社会标准,医生在被抢救的患者病故后，可立即摘取器官,,,
A,下列关于AIDS无症状感染期的叙述，正确的是,持续时间较长，可达数年或更长,血中一般检测不出HIV,抗-HIV阴性,可出现卡波西肉瘤,无传染性,,,
A,救治伴有休克的霍乱患者最关键的措施是,根据脱水程度快速静脉输注生理盐水等液体,静脉输注低分子右旋糖酐以扩充血容量,使用利尿剂防止肾功能不全,使用升压药提升血压纠正休克,应用糖皮质激素及抗菌治疗,,,
B,确诊伤寒最可靠的依据来自以下哪一项,发热、中毒症状、白细胞减少,血培养,粪便培养,胆汁培养,肥达反应,,,
E,关于暴发型流脑休克型的治疗，下列哪项是错误的,控制感染,控制DIC,补充血容量,纠正酸中毒,禁用肾上腺皮质激素,,,
C,人免疫缺陷病毒的主要特征是,单链DNA病毒，外有类脂包膜,双链DNA病毒，外有类脂包膜,单链RNA病毒，外有类脂包膜,双链RNA病毒，含反转录酶,双链DNA病毒，含反转录酶,,,
C,不符合成人特发性血小板减少性紫癜特征的是,紫癜多出现于四肢,女性可以仅表现为月经过多,脾大，多超过肋下5cm,口腔黏膜血疱,牙龈出血,,,
D,下列哪项可导致感染性发热,无菌性坏死组织吸收,风湿热,甲状腺功能亢进症,肺炎支原体感染,烧伤,,,
C,触觉语颤增强主要见于,胸腔积液,气胸,压迫性肺不张,胸膜肥厚粘连,肺气肿,,,
A,卫生法基本原则中的卫生保护原则，其主要内容之一是,人人有获得卫生保护的权利,维护医务人员的合法权益,维护患者的合法权益,维护社会公共卫生秩序,提高群众自我保健意识,,,
A,中医医疗机构从事中医医疗活动，应按规定办理审批手续，取得,医疗机构执业许可证,医疗机构营业执照,中医机构执业许可证,中医制剂许可证,医疗机构开业证明,,,
B,完全性脑卒中发病后达到最高峰的时间一般是,小于2小时,小于6小时,小于12小时,小于24小时,小于36小时,,,
A,痰饮饮停心肺的临床表现是,胸闷心悸，气短不得卧,肋间饱满，咳唾引痛，胸闷息促,头目眩晕，舌苔白滑，脉弦或滑,泛吐清水，脘腹痞胀，腹部水声辘辘,胸部紧闷，咳吐清稀痰涎，或喉间哮鸣有声,,,
D,患者，女，60岁，因一氧化碳中毒急诊入院。查体：深昏迷，呼吸平稳，余无异常。为加快一氧化碳的排出，宜采取的最佳治疗是,高浓度给氧,持续低流量给氧,上呼吸机,高压氧舱治疗,使用呼吸兴奋剂,,,
D,患者，男，30岁。自11月30日起出现发热，头痛，并皮肤黏膜出血，3天后出现少尿，此时血常规白细胞35×109/L，尿常规见尿蛋白(+++)。此时最可能的诊断是,肾小球肾炎,尿毒症,白血病,流行性出血热,重型感冒,,,
B,尿路感染最常见的致病菌是,副大肠埃希菌,大肠埃希菌,粪链球菌,变形杆菌,克雷白杆菌,,,
B,关于肺癌的临床表现，哪一项不正确,肺癌转移至淋巴结的典型部位为前斜角肌区,转移淋巴结的大小反映了病程的早晚,咯血以中央型肺癌多见,发热的原因多为肿瘤继发感染,气促可由于心包积液引起,,,
C,下列哪项不符合心房颤动的临床表现,心音强弱不一,心律绝对不齐,容易听到第四心音,心率>脉率,心电图示各导联上P波消失，代之以大小不一、频率350～600次/分的f波,,,
B,关于腹痛部位，下列叙述正确的是,胃、十二指肠溃疡疼痛多在脐周,急性阑尾炎疼痛在右下腹麦氏点,小肠疾病疼痛多在右上腹,胆囊炎疼痛多在左上腹,肝脓肿疼痛多在中下腹,,,
D,鉴别胸膜摩擦音和心包摩擦音主要依靠,声音粗糙的程度,声音发出的部位,声音持续时间的长短,屏住呼吸是否存在,伴有其他杂音,,,
D,干性咳嗽可见于,慢性咽喉炎,慢性支气管炎,肺炎,胸膜炎,支气管扩张症,,,
C,心包积液坐位时心脏浊音界呈,靴形,梨形,烧瓶形,普大型,心腰部凸出,,,
C,医学伦理学关于尊重原则的叙述，错误的是,医患双方应该真诚地尊重对方的人格,医务人员应该尊重患者的自主决定权,尊重原则的关键是医方对患方的尊重,尊重原则不包括尊重患者的姓名权、荣誉权,实现尊重原则是保障患者根本权益的必要条件,,,
B,发生霍乱时，对疫区内接触者，规定的隔离观察时间是,3天,5天,7天,10天,14天,,,
A,国家实行预防接种证制度的对象是,儿童,在校学生,未成年人,传染病高发地区的居民,全体社会公民,,,
A,正常人两上肢血压的差别一般是,5～10mmHg,11～15mmHg,16～20mmHg,21～25mmHg,26～30mmHg,,,
E,选择辅助检查时医生应遵循的道德要求不包括,综合考虑，确定检查项目,知情同意，尽职尽责,向患者解释清楚检查的危害性,综合分析，避免片面性,病情的需要是唯一的,,,
C,下列关于保密原则的说法中，错误的是,对他人和社会有害的医疗保密不属于保密的范围,要求医务人员不有意探听患者的隐私,只有在患者提出保密的要求的情况下，医师应为患者的病史等保密,它是医学伦理学中最有生命力的医德范畴,它是医学伦理学中最古老的医德范畴,,,
A,医学道德评价的标准是,疗效标准、社会标准、科学标准,疗效标准、法律标准、科学标准,疗效标准、行为标准、社会标准,科学标准、实践标准、法律标准,经济标准、社会标准、科学标准,,,
C,伤寒患者传染性最强的时期是,潜伏期,起病1周内,起病后第2～4周,潜伏末期到起病1周内,起病后第1～2周,,,
C,慢性型特发性血小板减少性紫癜发作期的首选治疗是,输浓缩血小板,血浆置换,糖皮质激素,骨髓移植,应用免疫抑制剂,,,
E,下列各项中，不属于气滞血瘀证临床表现的是,情志抑郁,胸胁胀满疼痛,痞块刺痛拒按,舌紫暗，脉弦涩,神疲乏力，少气懒言,,,
C,伤寒患者解除隔离的标志是,体温下降至正常,血嗜酸粒细胞恢复正常,临床症状消失后粪便培养连续2次阴性,临床症状消失后2周,自发病之日起已隔离满2周,,,
D,男，45岁。感冒后发热、咳嗽咳痰较多且黄而黏稠，两肺纹理增粗，鼻流黄涕。以下治疗错误的是,多饮水,抗生素,抗病毒,镇咳,雾化吸入,,,
D,女，42岁。间歇性上腹疼痛10年，疼痛多为餐前，进食后可缓解。体格检查：腹平软，剑下偏右有压痛，肝脾未扪及。钡剂造影见十二指肠壶腹部变形。应首选的诊断是,十二指肠炎,慢性胃炎,十二指肠壶腹后溃疡,十二指肠壶腹部溃疡,非溃疡性消化不良,,,
C,一患者受凉后咳嗽、高热、咳铁锈色痰，胸痛，随呼吸运动而加重，屏住呼吸时减轻。此患者在听诊时最易出现的体征为下列哪一项,哮鸣音,鼾音,胸膜摩擦音,捻发音,哨笛音,,,
D,患者，男，18岁。右侧呼吸运动减弱，语颤消失，右下肺叩诊实音，实音区上方闻及支气管呼吸音。首先应考虑为,支气管哮喘,大叶性肺炎,支气管扩张,胸腔积液,支气管肺癌,,,
C,患者，男，22岁。2小时前突发全腹剧烈疼痛。查体：全腹肌紧张，压痛及反跳痛。既往有胃溃疡病史。下述哪项支持消化性溃疡合并穿孔的诊断,腹痛伴呕吐,腹痛伴无排气排便,腹痛伴肝浊音界缩小或消失,腹痛伴黄疸,腹痛伴发热,,,
B,下列各项，不属于艾滋病传播途径的是,母婴,虫媒,器官移植,性接触,血液,,,
E,心电图的临床应用范围不包括,分析各种心律失常,心肌梗死的诊断,观察某些药物的影响,协助心包疾病的诊断,判断心功能状态,,,
C,关于医德规范，下述提法中错误的是,医德规范是医德原则的具体体现和补充,医德规范是医德行为的具体标准,《中国医学生誓言》是我国唯一的医德规范,医德规范是协调各种医疗关系的行为准则,医德规范是把医德理想变成医德实践的中间环节,,,
D,具有喜润恶燥特性的脏腑是,肝,肺,脾,胃,大肠,,,
B,关于实施人类辅助生殖技术的伦理原则，不当的是,知情同意的原则,限制商品化的原则,互盲和保密的原则,维护供受双方利益的原则,维护后代利益的原则,,,
D,某医生因技术过失致患者组织器官损伤造成功能障碍。在调查中发现其涂改、伪造病案和有关资料，给调查带来极大的困难，情节较为严重。其所在单位采取的措施是,罚款,责令书面检查,记大过,吊销医师执业资格证书,交有关部门追究刑事责任,,,
B,病毒性肝炎最常见的症状是,发热,疲倦乏力,体重减轻,肝区痛,食欲减退,,,
A,糖尿病酮症酸中毒急救的首要措施是,补液,补钾,小剂量胰岛素,适量补钠,碱治疗,,,
C,伴有血流动力学异常的阵发性室性心动过速，治疗应首选的是,静注美托洛尔,静注胺碘酮,同步直流电复律,静注利多卡因,超速起搏,,,
E,太阴病证的辨证要点为,寒热往来、胸胁苦满,恶寒、无汗、头身痛、脉浮紧,畏寒肢厥、下利清谷、脉微细,少腹急结、小便自利、大便色黑,腹泻、腹满时痛、四肢欠温，脉沉缓,,,
A,病邪从肺卫而传入心包者，称为,逆传,顺传,直中,合病,并病,,,
B,以口苦，咽干，目眩，寒热往来，胸胁苦满，默默不欲饮食，心烦欲呕，脉弦为主要表现的病证是,阳明病,少阳病,太阳病,少阴病,厥阴病,,,
B,急性肾盂肾炎常发生于,女童,育龄妇女,青年男性,中年男性,男童,,,
A,男性，52岁。有多年吸烟史，出现刺激性干咳伴咯血痰。应首先考虑,支气管肺癌,肺脓肿,支气管扩张,肺气肿,慢性支气管炎,,,
C,分泌肠毒素，激活环磷酸腺苷介质系统引起小肠过度分泌，造成剧烈水泻的是,痢疾杆菌,伤寒杆菌,霍乱弧菌,大肠杆菌,副伤寒甲杆菌,,,
A,具有侵袭力的菌株进入肠黏膜固有层并在其中繁殖，引起炎症与溃疡的是,痢疾杆菌,伤寒杆菌,霍乱弧菌,大肠杆菌,副伤寒甲杆菌,,,
D,口角歪斜，常见于,心功能不全,贫血,维生素B2缺乏症,脑血管疾病,急性支气管炎,,,
A,口唇发绀，常见于,心功能不全,贫血,维生素B2缺乏症,脑血管疾病,急性支气管炎,,,
D,阻塞性黄疸可见,脓血便,鲜血便,柏油样便,灰白色便,稀糊状便,,,
C,上消化道出血可见,脓血便,鲜血便,柏油样便,灰白色便,稀糊状便,,,
C,非洛地平属于,α-受体阻滞剂,β-受体阻滞剂,钙离子拮抗剂,ACEI类,ARB类,,,
E,缬沙坦属于,α-受体阻滞剂,β-受体阻滞剂,钙离子拮抗剂,ACEI类,ARB类,,,
D,治疗哮病寒包热哮证，应首选,射干麻黄汤,三子养亲汤,定喘汤,厚朴麻黄汤,麻杏甘石汤,,,
E,治疗喘证表寒肺热证，应首选,射干麻黄汤,三子养亲汤,定喘汤,厚朴麻黄汤,麻杏甘石汤,,,
E,肝硬化，雌激素灭活障碍，可出现,扑翼样震颤,出血倾向,皮肤色素沉着,脾脏肿大,蜘蛛痣,,,
D,肝硬化门脉高压，可出现,扑翼样震颤,出血倾向,皮肤色素沉着,脾脏肿大,蜘蛛痣,,,
D,各级各类卫生防疫机构按照专业分工应,在必要时可以采取停工、停业、停课等措施,承担本单位及负责地段的传染病预防、控制和疫情管理工作,做出对甲类传染病疫区实施封锁管理的决定,承担责任范围内的传染病监测管理工作,对违反《中华人民共和国传染病防治法》的行为给予行政处罚,,,
B,各级各类医疗保健机构设立的预防保健组织或人员应,在必要时可以采取停工、停业、停课等措施,承担本单位及负责地段的传染病预防、控制和疫情管理工作,做出对甲类传染病疫区实施封锁管理的决定,承担责任范围内的传染病监测管理工作,对违反《中华人民共和国传染病防治法》的行为给予行政处罚,,,
A,胃小弯处见龛影，多见于,胃溃疡,胃癌,胃肠道穿孔,肠梗阻,以上都不是,,,
C,×线透视可见两侧膈下线条状或新月状透光影，多见于,胃溃疡,胃癌,胃肠道穿孔,肠梗阻,以上都不是,,,
C,上述各项中符合急诊科道德要求的是,尊重病人的人格,精诚团结，密切协作,分秒必争，全力以赴,具有无私奉献精神,保守隐私和秘密,,,
D,上述各项中符合传染科道德要求的是,尊重病人的人格,精诚团结，密切协作,分秒必争，全力以赴,具有无私奉献精神,保守隐私和秘密,,,
A,支气管哮喘与心源性哮喘的主要鉴别依据是,咳粉红色泡沫样痰,呼吸困难,肺部呼吸音,有多年咳嗽咳痰史,支气管镜检查,,,
D,支气管哮喘与喘息型慢性支气管炎的主要鉴别依据是,咳粉红色泡沫样痰,呼吸困难,肺部呼吸音,有多年咳嗽咳痰史,支气管镜检查,,,
E,法的各种具体表现形式是指,法律的规范,卫生法,卫生法律,卫生法规,卫生法的渊源,,,
A,法律形式也叫做,法律的渊源,卫生法,卫生法律,卫生法规,卫生法的渊源,,,
B,负责组织医疗事故技术鉴定工作的医学会，应当自受理医疗事故技术鉴定之日起，多长时间内通知医疗事故争议双方当事人提交进行医疗事故技术鉴定所需的材料,3日内,5日内,8日内,10日内,15日内,,,
D,当事人应当自收到医学会的通知之日起，多长时间内提交有关医疗事故技术鉴定的材料、书面陈述及答辩,3日内,5日内,8日内,10日内,15日内,,,
D,用于支气管哮喘缓解期的药物是,茶碱类药,抗胆碱能药,β2受体激动剂,吸入型糖皮质激素,钙拮抗剂,,,
C,缓解急性支气管哮喘的药物是,茶碱类药,抗胆碱能药,β2受体激动剂,吸入型糖皮质激素,钙拮抗剂,,,
D,治疗细菌性痢疾只用于慢性菌痢的是,氟喹诺酮类,头孢三代,地西泮,大蒜素液,黄连素,,,
C,治疗细菌性痢疾只用于中毒型菌痢的是,氟喹诺酮类,头孢三代,地西泮,大蒜素液,黄连素,,,
D,慢性支气管炎与肺结核的主要鉴别依据是,有无发热,有无咳嗽,有无咯血,痰菌检查,支气管造影,,,
E,慢性支气管炎与支气管扩张症的主要鉴别依据是,有无发热,有无咳嗽,有无咯血,痰菌检查,支气管造影,,,
C,霍乱典型表现为,发热，腹痛，腹泻，洗肉水样大便,发热，腹痛，腹泻，脓血便，里急后重,腹泻，呕吐，水样大便，无发热，无腹痛,发热，腹痛，腹泻，水样大便,低热，腹痛，腹泻，果酱样大便,,,
B,急性菌痢典型表现为,发热，腹痛，腹泻，洗肉水样大便,发热，腹痛，腹泻，脓血便，里急后重,腹泻，呕吐，水样大便，无发热，无腹痛,发热，腹痛，腹泻，水样大便,低热，腹痛，腹泻，果酱样大便,,,
A,能产生神经毒素的痢疾杆菌是,志贺痢疾杆菌,福氏痢疾杆菌,舒密次痢疾杆菌,鲍氏痢疾杆菌,宋内痢疾杆菌,,,
E,胃溃疡的胃液酸度是,升高,明显减少,明显升高,常减少,正常或减少,,,
B,萎缩性胃体胃炎的胃液酸度是,升高,明显减少,明显升高,常减少,正常或减少,,,
A,患者，女，50岁。甲亢症状较轻，甲状腺中度肿大。治疗应选用,抗甲状腺药物,无机碘液,普萘洛尔,放射性碘治疗,手术治疗,,,
E,患者，女，36岁。甲状腺肿大压迫气管。治疗应选用,抗甲状腺药物,无机碘液,普萘洛尔,放射性碘治疗,手术治疗,,,
C,长期低热，兼见颧红、五心烦热等症状表现的发热属于,气虚发热,血虚发热,阴虚发热,气郁发热,小儿夏季热,,,
B,反映肾浓缩、稀释功能的是,血清尿素氮,昼夜尿比重,二氧化碳结合力,血清胆红素,以上都不是,,,
A,反映肾小球滤过功能的是,血清尿素氮,昼夜尿比重,二氧化碳结合力,血清胆红素,以上都不是,,,
E,以下哪项不是尺泽穴的主治病证,咯血、咽痛,咳嗽、气喘,急性吐泻,中暑、小儿惊风,齿痛、口眼斜,,,
A,以下哪项不是天枢穴的主治病证,疝气,痛经,月经不调,腹痛、腹胀,便秘、腹泻,,,
B,治疗便秘的主穴是,天枢、神阙、足三里、公孙、合谷,天枢、上巨虚、大肠俞、支沟,天枢、上巨虚、阴陵泉、水分、合谷,天枢、支沟、下脘、关元、合谷,天枢、支沟、足三里、中脘、太冲,,,
D,耻骨联合上缘至髌底的骨度分寸是,12寸,14寸,16寸,18寸,19寸,,,
C,感冒的主要病机是,风寒外束，肺气失宣,气虚卫弱，风寒乘袭,卫表不和，肺失宣降,风热犯表，卫表失和,营卫不和，风寒外束,,,
C,流行性脑脊髓膜炎密切接触者应医学观察,3天,3～5天,1周,3周,1个月,,,
E,对痰饮的论述下列哪项不准确,广义痰饮包括溢饮、支饮、悬饮、痰饮,水液在体内运化输布失常，停积某部,病机关键为肺脾肾气化功能失调,病痰饮者，当以温药和之,饮稠而痰清，顽痰生怪病,,,
E,治疗浊瘀阻塞之癃闭首选,血府逐瘀汤,桃红四物汤,失笑散,丹参饮,代抵挡丸,,,
B,下列厥证的病因应除外,饮食不节,外感风寒,情志内伤,体虚劳倦,亡血失津,,,
E,患者，女，40岁。一侧头痛反复发作十余年，每次发作持续数小时，发作前出现眼前闪烁暗点。针灸治疗除局部穴外，宜主取的是,督脉及手、足太阳经穴,督脉及手、足少阳经穴,督脉及手、足阳明经穴,足厥阴及手、足阳明经穴,足厥阴及手、足少阳经穴,,,
B,患儿，9岁，咳嗽不爽，痰黄黏稠，不易咯出，口渴咽痛，鼻流浊涕，伴有发热恶风，头痛，微汗出，舌红苔薄黄，脉浮数，指纹浮紫。应辨证为,阴虚咳嗽证,风热咳嗽证,痰热咳嗽证,风燥咳嗽证,风寒闭肺证,,,
E,消渴的中医基本病机是,禀赋不足，阴精亏虚,劳欲过度，耗伤肾精,肝郁化火，消灼津液,饮食失节，酿成内热,阴津亏损，燥热偏胜,,,
E,治疗哮病之肺脾气虚证宜选用,金匮肾气丸合参蛤散,参附汤,生脉散合补肺汤,生脉地黄汤合金水六君煎,六君子汤,,,
A,虚喘的病位主要在,肺、肾,肺、脾,肺、心,脾、肾,心、肾,,,
A,治疗瘀血头痛，应首选,通窍活血汤,桃红四物汤,血府逐瘀汤,丹参饮,失笑散,,,
C,治疗中风中脏腑阴闭证，应首选,局方至宝丹,参附汤,苏合香丸,镇肝熄风汤,补阳还五汤,,,
B,五输穴中，主治身热的是,井穴,荥穴,输穴,经穴,合穴,,,
D,"被称为""阳脉之海""的经脉是",带脉,任脉,冲脉,督脉,阴维脉,,,
E,遗尿除背部选穴外，还应加哪一经的穴位,足太阳、足少阴,足太阳、手太阴,足太阳、手少阳,任脉、足太阳,任脉、足太阴,,,
B,以下穴位采用提捏进针法的是,睛明穴,印堂穴,大椎穴,关元穴,鸠尾穴,,,
C,消渴病并发白内障、耳聋、雀盲，治疗首选,六味地黄丸,石斛夜光丸,杞菊地黄丸,龙胆泻肝丸,镇肝熄风汤,,,
E,肺俞穴的主治病证是,肘臂疼痛,胃脘痛,呃逆、呕吐,腹痛、腹泻,咳嗽、气喘,,,
B,临床上具有发作性痰鸣气喘特点的疾患,咳嗽,哮病,喘证,肺痈,痫证,,,
C,冷秘的首选方是,麻子仁丸,六磨汤,温脾汤,黄芪汤,润肠丸,,,
C,大柴胡汤与当归四逆汤组成中均含有的药物是,大枣、人参,生姜、芍药,芍药、大枣,生姜、大枣,黄芪、桂枝,,,
B,患者心烦不寐，痰多胸闷，嗳气吞酸，恶心欲吐，饮食减少，口苦目眩，舌红苔黄腻，脉滑数。治疗应首选,丹栀逍遥散,温胆汤,黄连阿胶汤,归脾汤,安神定志丸,,,
E,《金匮要略》认为治疗水气病，腰以下肿当利小便，腰以上肿应用之法为,吐,清,消,和,汗,,,
C,气郁发热型的内伤发热首选方剂为,龙胆泻肝汤,化肝煎,丹栀逍遥散,四逆散,小柴胡汤,,,
B,气虚便秘的首选方是,济川煎,黄芪汤,麻子仁丸,增液汤,温脾汤,,,
B,古人采用验痰和验口味以诊断的疾患是,肺痨,肺痈,哮证,喘证,咳嗽,,,
B,循行于上肢外侧前缘的经脉是,肺经,大肠经,三焦经,小肠经,心经,,,
D,悬钟穴归属的经脉是,足太阴脾经,足少阴肾经,足阳明胃经,足少阳胆经,足太阳膀胱经,,,
D,位于手指尖端的腧穴是,劳宫,外劳宫,少冲,十宣,中渚,,,
A,上消化道大出血患者，治疗时最首要措施是,补充血容量,静脉滴注止血药,制酸药,西咪替丁静脉滴注,冰盐水洗胃,,,
E,痢久不愈或反复发作，最易损伤的脏腑是,肝、胃,脾、胃,肝、脾,肝、肾,脾、肾,,,
C,下列疾病出现弥漫性与不定位性腹痛的是,急性胆囊炎,肠穿孔,腹膜转移癌,急性胰腺炎,异位妊娠破裂,,,
D,关于时行感冒流行期间的注意事项，错误的是,可用贯众、板蓝根、生甘草煎服，预防感冒,注意防护，尽量少去人口密集的公共场所,室内可用食醋熏蒸，作空气消毒,不要触碰时行感冒患者，以防传染,戴口罩，多食用富含维生素C的食物,,,
A,下列各项中白细胞减少症主要治疗是,病因治疗,使用糖皮质激素,使用促粒细胞生成药物,休息,增加营养,,,
B,手三阳与手三阴交于,头面部,手,足,胸腹,头部,,,
A,丘墟的定位,足外踝前下方，趾长伸肌腱的外侧凹陷处,内踝尖直上1寸,足内侧，第一跖基底之前下凹处赤白肉际,足趾内侧，第一跖关节前下方赤白肉际,足拇指内侧，距趾甲角1分许,,,
C,治疗瘀血内结积证的主方是,血府逐瘀汤,身痛逐瘀汤,膈下逐瘀汤,通窍活血汤,旋覆花汤,,,
C,针灸治疗痛经应取哪些经脉,任脉、足少阴经,任脉、足厥阴经,任脉、足太阴经,冲脉、足厥阴经,督脉、足厥阴经,,,
D,对于吐血胃热壅盛证，治疗应首选,玉女煎,龙胆泻肝汤,地榆散合槐角丸,泻心汤合十灰散,加味清胃散合泻心汤,,,
B,患者，男，23岁。发热，微恶风，鼻塞喷嚏，流稠涕，咽痛，咳嗽痰稠，舌苔薄黄，脉浮数。其治法是,辛温解表,辛凉解表,清暑解表,益气解表,滋阴解表,,,
B,治疗消渴并见视物昏蒙，耳鸣耳聋，舌红少苔，脉细数者应首选,六味地黄丸,杞菊地黄丸,七味白术散,金匮肾气丸,天王补心丹,,,
B,腕横纹中央，掌长肌腱的腧穴是,神门,大陵,列缺,太渊,内关,,,
B,不属于实喘的是,风寒壅肺,肾虚不纳,表寒肺热,痰热郁肺,肺气郁痹,,,
A,咳嗽的辨证，应首先辨清,表里,虚实,寒热,阴阳,上下,,,
B,具有调节肢体运动和眼睑开合功能的是,督脉,阴跷与阳跷,足太阳膀胱经,足少阳胆经,十二经筋,,,
D,下列各项中不属理中丸主治范围的是,阳虚失血,脾胃虚寒之腹痛,中焦虚寒之小儿慢惊风,肝胃虚寒之胃脘痛,脾胃虚寒之胸痹,,,
D,下列各项中不是足太阴经主治范围的是,妇科病,胃病,前阴病,心病,脾病,,,
A,胃溃疡的疼痛特点,餐后0.5～2小时痛,餐时痛,夜间痛,空腹痛,餐后3～4小时痛,,,
C,甲状腺功能亢进症患者，由甲状腺素分泌过多引起的临床表现是,突眼,甲状腺增大,怕热，多汗，多食而消瘦,畏寒,眼裂增宽，凝视,,,
C,心痛的主要病机是,气滞血瘀，风痰痹阻,寒凝气滞，痰阻血瘀,阴寒凝滞，胸阳不振,寒凝血瘀，心脉痹阻,阳气不足，湿聚生痰,,,
C,治疗心痛气滞血瘀证，应首选,瓜蒌薤白白酒汤,瓜蒌薤白半夏汤,血府逐瘀汤,八珍汤,天王补心丹,,,
B,足太阳膀胱经的起止穴是,涌泉-俞府,睛明-至阴,瞳子髎-窍阴,大敦-期门,承泣-厉兑,,,
C,根据骨度分寸，除哪项外，两者间距都是9寸,两完骨间,天突至歧骨,剑突联合至脐中,腋前、后纹头至肘横纹（平肘尖）,前两额角发际（头维）之间,,,
B,下合穴中可治疗肠痈、痢疾的是,足三里,上巨虚,下巨虚,委中,阳陵泉,,,
C,痞满胃阴不足的治法为,补气健脾，升清降浊,疏肝解郁，和胃消痞,养阴益胃，调中消痞,清热化湿，和胃消痞,除湿化痰，理气和中,,,
C,噎膈痰气交阻证的病机概要是,阻滞食道，通降失司，肌肤失养,气郁化火，阴津枯竭，虚火上逆,肝气郁结，痰气交阻，胃气上逆,脾肾阳虚，中阳衰微，温煦失职,热积胃肠，腑气不畅，胃火上冲,,,
D,噎膈之气虚阳微证的治法是,滋阴养血,破血行瘀,开郁化痰,温补脾肾,润燥降气,,,
A,患者，男，32岁。发热微恶寒，咳嗽，咯白色黏沫痰，痰量渐多，胸痛，咳时痛甚，呼吸不利，口干鼻燥，舌苔薄黄，脉浮滑数。诊断为肺痈。其病期是,初期,成痈期,溃脓期,恢复期,晚期,,,
A,患者，男，34岁。恶寒发热，寒重热轻，头身痛楚，鼻塞流涕，舌苔薄白，脉浮紧。治疗应首选,列缺、合谷、大椎、太阳、风池、风门、肺俞,大椎、曲池、合谷、鱼际,太阳、印堂、外关、少商,肺俞、迎香、曲池、合谷,尺泽、太渊、丰隆、迎香,,,
D,胃脘隐痛，喜温喜按，得食痛减，神疲乏力，手足欠温，纳差便溏，舌淡苔白，脉迟缓者，治疗选用,良附丸,理中丸,小建中汤,黄芪建中汤,大建中汤,,,
C,与胁痛发病关系最为密切的脏腑是,心、肺,脾、胃,肝、胆,肝、肾,脾、肾,,,
C,鼓胀的发生与哪些脏腑有关,胃、肝、脾,胃、脾、肾,肝、脾、肾,胃、肝、肾,脾、胃、心,,,
C,组成药物中不含有甘草的方剂是,蒿芩清胆汤,小蓟饮子,猪苓汤,桂苓甘露散,八正散,,,
B,神门与通里两穴之间骨度分寸是,0.5寸,1寸,1.5寸,2寸,3寸,,,
C,固冲汤的组成药物中不含有的是,白术,生黄芪,五味子,海螵蛸,山萸肉,,,
B,变异型心绞痛的主要特征是,疼痛时间延长、程度加重,发作时ST段抬高,含服硝酸甘油不见缓解,T波倒置或变低平,发作时ST段下降,,,
D,进入阴毛中，上达小腹的经脉是,任脉,冲脉,足太阴脾经,足厥阴肝经,足少阴肾经,,,
B,肩峰前下方，当肩峰与肱骨大结节之间的腧穴是,肩髎,肩髃,肩贞,天宗,曲垣,,,
B,用于治疗脏腑急性病证的是,原穴,郄穴,募穴,络穴,下合穴,,,
A,眶上神经痛取攒竹穴的刺法为,向外平刺,直刺,向下斜刺,向内平刺,向上斜刺,,,
C,心脏后负荷过度引起心力衰竭的疾病是,主动脉瓣关闭不全,二尖瓣关闭不全,高血压,二尖瓣狭窄,心包填塞,,,
A,引起肝硬化上消化道出血的最主要原因是,食管胃底静脉曲张破裂,胃黏膜糜烂,合并溃疡,凝血因子减少,反流性食管炎,,,
A,治疗风热头痛，应首选,芎芷石膏汤,天麻钩藤饮,大补元煎,龙胆泻肝汤,半夏白术天麻汤,,,
E,治疗痢疾、便秘、肠痈常选,内庭,丰隆,下巨虚,条口,上巨虚,,,
A,治疗胃痛寒邪犯胃证的首选配穴是,胃俞,太冲,膈俞,气海,三阴交,,,
C,可治疗气病的八会穴是,中脘,太渊,膻中,悬钟,章门,,,
A,在耳穴中，肝位于,耳甲艇后下部,耳甲艇后上部,对耳屏内侧面,对耳轮下脚的前2/3处,耳垂正面下部,,,
C,下列是四物汤主治证候的是,郁怒伤肝,阴精亏虚,营血虚滞,劳倦内伤,脾不统血,,,
B,患者，女，65岁。身体素弱，饮食稍有不慎即呕吐未消化食物，面色白，倦怠乏力，四肢不温，便溏，舌淡苔白，脉濡弱。治疗应首选,吴茱萸汤,理中丸,黄芪建中汤,苓桂术甘汤,四君子汤,,,
C,患者，女，29岁。咽喉肿痛1d，咽干，口渴，便秘。治疗应首选,少泽,太溪,少商,少海,太渊,,,
E,治疗水肿之脾阳虚衰证，应首选,真武汤,越婢加术汤,五皮饮,五苓散,实脾饮,,,
E,胸痹的主要病机是,肺气不足,气滞血瘀,痰热壅肺,阴寒痹阻,心脉痹阻,,,
B,喘证表寒肺热证选用方剂为,麻黄汤合华盖散,麻杏甘石汤,桑白皮汤,二陈汤合三子养亲汤,五磨饮子,,,
D,下列各项，不属于感冒常见病因的是,风寒,风热,暑湿,食滞,时行病毒,,,
E,下列哪个不属于痢疾的诊断要点,腹痛,里急后重,大便次数增多,泻下赤白脓血便,肛门灼热,,,
E,下列各项，不属青皮主治病证的是,胸胁胀痛,乳房胀痛,食积腹痛,疝气疼痛,巅顶疼痛,,,
A,肘横纹中，肱二头肌腱桡侧凹陷中的腧穴是,尺泽,曲泽,少海,小海,曲池,,,
E,循上肢外侧中线上达肩部的经脉是,手阳明大肠经,手少阴心经,手太阳小肠经,手太阴肺经,手少阳三焦经,,,
D,消化性溃疡的疼痛特征是,进食后饱胀,夜间疼痛,转移性上腹疼痛,慢性、周期性、节律性,持续性疼痛，伴阵发性加剧,,,
A,头痛牵引项背多属,太阳经头痛,厥阴经头痛,少阳经头痛,阳明经头痛,少阴经头痛,,,
B,小肠的下合穴是,上巨虚,下巨虚,足三里,阳陵泉,委中,,,
A,分布于上肢内侧前缘的经脉是,手太阴肺经,手阳明大肠经,手厥阴心包经,手少阴心经,手太阳小肠经,,,
E,针灸治疗漏肩风时，属于远部取穴的是,关元,肩前,肩贞,商阳,合谷,,,
E,高血压合并心率增快者宜首选,卡托普利,硝酸异山梨酯,维拉帕米,洋地黄,美托洛尔,,,
A,崩漏实证选穴应以何经脉为主,任脉、足太阴脾经,任脉、足阳明胃经,足太阴脾经、足阳明胃经,任脉、冲脉,冲脉、足太阴脾经,,,
A,足太阴脾经在胸部循行距前正中线旁开多少寸,6寸,5寸,4寸,3寸,2寸,,,
C,血府逐瘀汤具有的功用为,疏肝通络,温经止痛,行气止痛,散结止痛,补气通络,,,
A,外邪犯胃之呕吐，若风寒偏重，寒热无汗，其治疗方宜,藿香正气散加荆芥、防风,藿香正气散加木香、枳壳,藿香正气散去白术，加鸡内金、神曲,新加香薷饮,黄连解毒汤,,,
C,外邪犯胃之呕吐，若伴见脘痞嗳腐、饮食停滞者，其治疗方宜,藿香正气散加荆芥、防风,藿香正气散加木香、枳壳,藿香正气散去白术，加鸡内金、神曲,新加香薷饮,黄连解毒汤,,,
A,肝火扰心型不寐治法宜,疏肝泻火，镇心安神,清肝泻火，镇心安神,镇惊定志，养心安神,健脾养心，益气补血,滋阴清热，镇惊安神,,,
C,心虚胆怯型心悸治法宜,疏肝泻火，镇心安神,清肝泻火，镇心安神,镇惊定志，养心安神,健脾养心，益气补血,滋阴清热，镇惊安神,,,
C,别道奇行的经脉是,十二经脉,十二经别,奇经八脉,十二皮部,十二经筋,,,
B,有离、入、出、合特点的经脉是,十二经脉,十二经别,奇经八脉,十二皮部,十二经筋,,,
E,治疗心悸心阳不振证，应首选,知柏地黄丸,桃仁红花煎,归脾汤,苓桂术甘汤,桂枝甘草龙骨牡蛎汤,,,
D,治疗心悸水饮凌心证，应首选,知柏地黄丸,桃仁红花煎,归脾汤,苓桂术甘汤,桂枝甘草龙骨牡蛎汤,,,
D,诊断积聚的主要依据是,目睛黄染,皮肤发黄,胁肋疼痛,腹内积块,腹大胀满,,,
A,诊断黄疸的主要依据是,目睛黄染,皮肤发黄,胁肋疼痛,腹内积块,腹大胀满,,,
B,鼓胀的病位主要在,肺、胃、肾,肝、脾、肾,心、肾、肺,胃、肝、脾,脾、肾、肺,,,
A,消渴的病位主要在,肺、胃、肾,肝、脾、肾,心、肾、肺,胃、肝、脾,脾、肾、肺,,,
E,喘证的必伤之脏是,心,肝,脾,肾与膀胱,肺,,,
D,淋证的主要病位是,心,肝,脾,肾与膀胱,肺,,,
D,络脑的经脉是,足阳明胃经,足少阳胆经,足厥阴肝经,足太阳膀胱经,足少阴肾经,,,
C,环阴器的经脉是,足阳明胃经,足少阳胆经,足厥阴肝经,足太阳膀胱经,足少阴肾经,,,
E,对发生医疗事故的赔偿等民事责任争议问题处理时，可以考虑的方式是,医疗事故损害后果与患者原有疾病状况之间的关系,患者的经济状况,患者亲友在纠纷处理过程中的态度,无过错输血感染造成的不良后果,医患双方协商解决,,,
A,医疗事故赔偿确定具体赔偿数额，应当考虑的因素是,医疗事故损害后果与患者原有疾病状况之间的关系,患者的经济状况,患者亲友在纠纷处理过程中的态度,无过错输血感染造成的不良后果,医患双方协商解决,,,
D,痰热郁肺咳嗽主症为,久咳，干咳少痰或痰中带血，午后潮热,久咳气逆，干咳少痰，咳引胸胁痛,久咳痰多，痰白易出，胸脘痞闷,咳嗽新起，咳声粗亢，痰稠色黄,咳嗽新起，咽干鼻燥，咳声嘶哑，痰少黏稠，难以咳出,,,
E,风燥伤肺咳嗽主症为,久咳，干咳少痰或痰中带血，午后潮热,久咳气逆，干咳少痰，咳引胸胁痛,久咳痰多，痰白易出，胸脘痞闷,咳嗽新起，咳声粗亢，痰稠色黄,咳嗽新起，咽干鼻燥，咳声嘶哑，痰少黏稠，难以咳出,,,
B,水湿困脾型臌胀的主症是,腹大胀满，脉络怒张,腹大胀满，如囊裹水,腹大胀满，早宽暮急,腹大胀满，脘腹撑急,脘腹坚满，痛如针刺,,,
E,瘀结水留型臌胀的主症是,腹大胀满，脉络怒张,腹大胀满，如囊裹水,腹大胀满，早宽暮急,腹大胀满，脘腹撑急,脘腹坚满，痛如针刺,,,
A,治疗鼻衄胃热壅盛证，应首选,玉女煎,泻心汤合十灰散,龙胆泻肝汤,加味清胃散合泻心汤,泻白散合黛蛤散,,,
D,治疗血淋虚证，应首选,清骨散,八正散,滋水清肝饮,知柏地黄丸,丹栀逍遥散,,,
E,治疗内伤发热肝郁证，应首选,清骨散,八正散,滋水清肝饮,知柏地黄丸,丹栀逍遥散,,,
D,两肩胛骨内缘之间的骨度分寸是,13寸,12寸,9寸,6寸,5寸,,,
A,内辅骨下廉至内踝高点的骨度分寸是,13寸,12寸,9寸,6寸,5寸,,,
C,治疗气虚便秘的最佳选方是,四磨饮,五磨饮,黄芪汤,黄芪建中汤,六磨汤,,,
E,治疗气滞便秘的最佳选方是,四磨饮,五磨饮,黄芪汤,黄芪建中汤,六磨汤,,,
B,治疗痰热郁肺型咳嗽的代表方剂是,二陈平胃散合三子养亲汤,清金化痰汤,桑杏汤,黛蛤散合黄芩泻白散,三拗汤合止嗽散,,,
A,治疗痰湿蕴肺型咳嗽的代表方剂是,二陈平胃散合三子养亲汤,清金化痰汤,桑杏汤,黛蛤散合黄芩泻白散,三拗汤合止嗽散,,,
B,尿浊的主症是,小便点滴短少,小便混浊如米泔水,小便时尿道刺痛有血,小便点滴不通,小便有血,,,
C,血淋的主症是,小便点滴短少,小便混浊如米泔水,小便时尿道刺痛有血,小便点滴不通,小便有血,,,
C,治疗水肿脾阳虚衰证，应首选,疏凿饮子,越婢加术汤,实脾饮,五皮饮合胃苓汤,济生肾气丸合真武汤,,,
E,太阳经的引经药为,黄芩、蔓荆子,柴胡、川芎,吴茱萸、藁本,葛根、白芷,羌活、川芎,,,
C,厥阴经的引经药为,黄芩、蔓荆子,柴胡、川芎,吴茱萸、藁本,葛根、白芷,羌活、川芎,,,
B,有机磷农药中毒的瞳孔变化是,瞳孔扩大,瞳孔缩小,瞳孔呈白色,两瞳孔大小不等,瞳孔形状不规则,,,
A,阿托品中毒的瞳孔变化是,瞳孔扩大,瞳孔缩小,瞳孔呈白色,两瞳孔大小不等,瞳孔形状不规则,,,
B,下列除哪项外，均属病理性胎黄,新生儿初生24小时内出现黄疸,足月儿于生后10～14天黄疸消退,黄疸持续3周仍不消退,黄疸持续加深,黄疸退而复现,,,
C,在夏季三伏天，用延胡索、白芥子、甘遂、细辛研末，以生姜汁调成药饼，敷于肺俞、膏肓、百劳穴上，用于治疗的疾病是,肺炎后期湿性啰音经久不消,热性哮喘,寒性哮喘,肺虚哮喘,肺炎喘嗽,,,
D,陈旧性肛裂伴有肛管狭窄应选择的手术方法是,扩肛法,切开疗法,肛裂侧切术,纵切横缝法,挂线法,,,
D,下列关于股肿主要临床表现的叙述，错误是,患肢疼痛,肿胀,皮肤温度升高,足背动脉搏动减弱,浅静脉扩张,,,
C,下列各项中，有特殊鼠尿味的是,白秃疮,脚湿气,肥疮,体癣,花斑癣,,,
D,肺炎喘嗽心阳虚衰的基本病机是,肾阳虚损，心阳不振,脾阳虚损，心阳失养,肺气虚弱，心阳失养,气滞血瘀，心阳不振,肺气郁闭，百脉失养,,,
D,下列除哪项外，均为儿科推拿疗法的作用,神气安定,经络畅通,气血循行,凉血止血,脏腑调和,,,
E,产后恶露不绝分为,气虚型、血瘀型、邪毒型,气虚型、血虚型、血瘀型,气虚型、血瘀型,血瘀型、血热型,气虚型、血热型、血瘀型,,,
B,下列月经病中，哪项与血瘀无关,经行身痛,经行吐衄,经行头痛,经行发热,以上均与血瘀有关,,,
E,医学道德的基本范畴有,权利与义务,审慎与保密,荣誉与幸福,情感与良心,以上均是,,,
A,患者肝病日久，两胁胀满疼痛，并见舌质瘀斑、瘀点。其病机为,气滞血瘀,气不摄血,气随血脱,气血两虚,气血失和,,,
B,患者月经周期延后，量少，色暗淡，质清稀，平时带下清稀；腰膝酸软，头晕耳鸣，面色晦暗；舌淡，苔薄白，脉沉细。其证候是,虚寒证,肾虚证,气滞证,血瘀证,血虚证,,,
D,患儿，3岁。平素饮食肥甘厚味，现症见汗出，以自汗为主，以额、心胸为甚，汗出肤热，汗渍色黄，口臭，口渴不欲饮，小便色黄，舌质红，苔黄腻，脉滑数。诊断为汗证，其治法为,益气养阴,调和营卫,益气固表,清热泻脾,清热固表,,,
A,乳核的好发年龄是,20～25岁,25～30岁,30～40岁,40～50岁,50～60岁,,,
B,泌尿男性病表现为肾子硬结，少腹或会阴胀痛，排尿困难或闭塞不通，属于,湿热下注,气血瘀滞,浊痰凝结,寒湿凝聚,肾虚,,,
C,婴儿前半年平均每月增长的体重是,0.3kg,0.5kg,0.7kg,1kg,2kg,,,
A,病毒性心肌炎的发病内因是,正气亏虚,温热邪毒侵袭,感受疫疠之毒,寒湿之邪侵袭,七情内伤,,,
B,益气托毒法的常用方剂是,透脓散,托里消毒散,神功内托散,仙方活命饮,清肝解郁汤,,,
E,能腐蚀漏管，蚀去内痔，攻溃瘰疬的药物是,九一丹,八宝丹,红灵丹,阳毒内消散,三品一条枪,,,
A,紫癜风热伤络证的治法是,疏风散邪，清热凉血,清热解毒，凉血止血,滋阴降火，凉血止血,健脾养心，益气摄血,疏肝清肺，凉血止血,,,
B,手足口病的病位在,心、肝,肺、脾,心、肺,心、肝,肺、肾,,,
E,属心而络于胞中的经脉是,冲脉,任脉,督脉,带脉,胞脉,,,
C,明确子宫直肠凹陷积液的性质，应选用,超声检查,诊断性刮宫,后穹隆穿刺,阴道脱落细胞检查,宫颈黏液检查,,,
B,下列哪项为带下病,女子在发育成熟期白带增多,女子带下量多，质黏稠，有秽臭味,妊娠初期白带量多,月经前期白带量多,月经后期白带量多,,,
E,下列关于外科疾病总的发病机制的叙述，错误的是,气血凝滞,经络阻塞,邪正盛衰,脏腑失和,热毒火毒,,,
A,妊娠恶阻肝胃不和证，应首选,橘皮竹茹汤,人参养荣汤,参苓白术散,香砂六君子汤,小半夏加茯苓汤,,,
C,乳蛾肺胃阴虚证的主治方剂为,牛蒡甘桔汤,银翘马勃散,养阴清肺汤,沙参麦冬汤,以上均非,,,
A,胎怯的病变脏腑主要在,脾、肾,肺、脾,肝、肾,肺、心,心、脾,,,
D,有关功利论的叙述正确的是,功利论主张医护人员遵守既定的原则规范,功利论以人们的动机为道德价值基础,功利论是关于责任、担当的理论,认为人的本性就是追求快乐和幸福,功利论考虑个别主体利益需求,,,
A,患者，女，22岁。婚后2周突发恶寒，高热，尿频，尿痛。查体：肾区有叩击痛。实验室检查：尿镜检白细胞增多，并见白细胞管型，尿细菌培养阳性；血WBC11×109/L。其诊断是,急性肾盂肾炎,急性膀胱炎,急性肾小球肾炎,慢性肾盂肾炎,肾结石,,,
C,患者妊娠40天，阴道少量出血6天，色淡红，质稀薄，腰酸、小腹坠痛3天，面色（白光）白，心悸气短，神疲肢倦；舌淡，苔薄白，脉细弱略滑，其证候是,脾虚证,血瘀证,气血虚弱证,肾虚证,血热证,,,
C,适用于乳漏之疮口漏乳不止和乳房部漏脓腐脱尽后的外治法是,腐蚀法,切开法,垫棉法,挂线法,溻渍法,,,
D,下列各项中，除哪项外，均正确反映了脏腑功能与外科疾病的关系,脾胃湿热，火毒蕴结，可以发为疮疡,诸痛痒疮，皆属于心,体表的疮疡可以影响脏腑而发生病变,五善、七恶均是脏腑功能失常的表现,脏腑的病变可以反映于体表,,,
D,大便澄澈清冷、完谷不化的病机是,感受风寒,饮食停滞,胃强脾弱,脾肾阳虚,气阴两伤,,,
D,小儿五脏六腑的形和气都相对的不足，其中尤以哪三脏最为突出,心、肺、肾,肝、肺、肾,心、肝、肾,肺、脾、肾,肝、脾、肾,,,
B,小儿发生痉咳的病机是,外感时令疠气，肺气失宣,邪痰交结于气道，肺失肃降，肺气上逆,外邪引动伏痰，一触即发,感受风邪，肺气郁闭,外感六淫，肺失宣肃,,,
C,流行性出血热患者全身各组织器官都可有充血、出血、变性、坏死，表现最为明显的器官是,心,肺,肾,脑垂体,胃肠,,,
C,治疗肝郁不孕症，应首选,柴胡疏肝散,加味逍遥散,开郁种玉汤,桃红四物汤,少腹逐瘀汤,,,
C,治疗恶阻脾胃虚弱证应首选的方剂是,参苓白术散,四君子汤,香砂六君子汤,小半夏加茯苓汤,苏叶黄连汤,,,
B,直肠与肛管的交界线是,（肛）白线,齿状线,括约肌间线,半月线,肛门皮肤线,,,
B,小儿易感冒、咳喘，原因主要是,脾常不足,肺脏娇嫩,肾常虚,稚阳未充,稚阴未长,,,
B,治疗风热咳嗽的首选方剂是,银翘散,桑菊饮,杏苏散,金沸草散,清金化痰汤,,,
C,下列各项中不属岩的特点的是,质地坚硬,表面凹凸不平,多发于青少年,皮色不变,预后不良,,,
C,下列不属于妇科杂病的是,盆腔炎,不孕症,恶阻,子宫脱垂,阴痒,,,
D,不属于牛皮癣的症状特点的是,局部皮肤增厚、干燥成席纹状,大多数发于颈项部,可以泛发全身,严重时可见汗水淋漓,瘙痒较甚,,,
B,男性淋病一般不出现下列哪个部位的炎症,尿道炎,膀胱炎,精囊炎,前列腺炎,附睾炎,,,
A,引起小儿外感咳嗽最常见的病因是,风,寒,暑,湿,燥,,,
D,下列关于慢性特发性血小板减少性紫癜的叙述，正确的是,儿童多见,发病前有感染病史,脾脏明显肿大,女性多见,多数自发缓解,,,
D,长于益气健脾、渗湿止泻的方剂是,四神丸,平胃散,痛泻要方,参苓白术散,香砂六君子汤,,,
C,"被称为""卫生行政法规""的规范性文件的制定者是",全国人民代表大会,全国人民代表大会常务委员会,国务院,国务院有关部委,各级人民政府,,,
E,能够引起晕厥的心脏瓣膜病是,二尖瓣关闭不全,主动脉瓣关闭不全,三尖瓣关闭不全,肺动脉瓣狭窄,主动脉瓣狭窄,,,
D,男性患者，26岁，突然发作睾丸疼痛，行动和站立时加重，疼痛沿输精管放射至腹股沟及下腹部，伴恶寒发热、口渴欲饮、尿黄便秘。该患者考虑诊断为,子痰,囊痈,阴茎痰核,子痈,以上均不是,,,
D,患者，女，26岁。2天来发热38℃左右，开始有上腹部疼痛、恶心，8小时后出现右下腹疼痛，并且逐渐加重，大便1～2次/日，月经正常。查体：麦氏点有压痛，无反跳痛和肌紧张，腰大肌征阳性。可能的诊断为,急性胃炎,急性肠炎,异位妊娠,急性阑尾炎,泌尿系结石,,,
D,患者，男，70岁。1年前有脑卒中史，体检发现患者双侧额纹对称，右侧鼻唇沟变浅，伸舌舌尖偏向右侧，右上肢肢体在床面上能水平移动，但不能抬离床面，右下肢肢体能抬离床面，但不能抗阻力。其右下肢肢体肌力为,0级,1级,2级,3级,4级,,,
D,患者，男，17岁。不明原因的发热、牙龈出血1周。查体：轻度贫血貌，颌下及腹股沟淋巴结肿大，胸骨压痛，肝脏肋下2指。应考虑诊断为,败血症,淋巴结结核,再生障碍性贫血,急性白血病,急性病毒性肝炎,,,
C,某患者24小时尿量为3000ml，尿比重为1.035（正常为1.015～1.025）。应考虑诊断为,大量饮水后,肾功能不全,糖尿病,尿崩症,精神性多尿,,,
D,岩瘤的病机是,标本俱实,标本俱虚,气机不畅,本虚标实,气滞血瘀,,,
B,干疳的主要治法是,养血柔肝,补益气血,滋阴生津,健脾温阳,调脾健运,,,
E,下列除哪项外，均是两地汤的组成成分,麦冬、地骨皮,生地黄、白芍,阿胶,玄参,麦冬、牡丹皮,,,
D,治疗胎怯肾精薄弱证首选方剂是,保元汤,归脾汤,金匮肾气丸,补肾地黄丸,六味地黄丸,,,
C,治疗阴痒湿热下注证，应首选的方剂是,易黄汤,止带方,萆薢渗湿汤,托里消毒散,蛇床子汤,,,
B,痄腮毒窜睾腹证的治法是,疏风清热，散结消肿,清肝泻火，活血止痛,清热解毒，软坚散结,清热解毒，熄风开窍,清肝泻火，软坚散结,,,
D,妇人癥瘕的主症是,下腹部胀满,下腹部疼痛,腰腹部疼痛,下腹部结块,月经过多,,,
B,在泌尿系统、男性前阴疾病中，治疗肝经湿热证的方剂是,萆薢分清饮,龙胆泻肝汤,八正散,萆薢渗湿汤,导赤散,,,
C,治疗风疹邪入气营证的首选方剂是,银翘散,白虎汤,透疹凉解汤,清气凉营汤,解肌透痧汤,,,
E,哮喘急性发作的主要原因是,肺气不足，感受外邪,脾失健运，停湿生痰,肾阳虚衰，水饮蕴积,肝郁气滞，气机逆乱,感受外邪，引动伏痰,,,
A,宜选用捣烂外敷腮部治疗痄腮的中药是,马齿苋,延胡索,白芥子,吴茱萸,芫荽子,,,
A,治疗疳气证的首选方剂是,资生健脾丸,六君子汤,四君子汤,肥儿丸,八珍汤,,,
A,治疗产后腹痛气血两虚证，应首选的方剂是,肠宁汤,八珍汤,生化汤,四君子汤,人参养荣汤,,,
A,下列哪项不是清经散的组成药物,生地、玄参,丹皮、茯苓,黄柏、地骨皮,熟地、白芍,青蒿,,,
A,香棱丸治疗癥瘕的适用证候是,气滞血瘀证,痰湿瘀结证,湿热瘀阻证,肝气郁结证,肾虚血瘀证,,,
E,治疗口疮风热乘脾证的首选方剂是,导赤散,泻黄散,清胃散,凉膈散,银翘散,,,
D,不孕症常见的证型不包括下列哪项,肾虚,肝郁,瘀滞胞宫,脾虚,痰湿内阻,,,
D,善除有汗之骨蒸的药物是,知母,青蒿,连翘,地骨皮,牡丹皮,,,
E,导致自汗、多尿、流涎等症状形成的机理是,气的推动功能减弱,气的温煦功能低下,气的防御功能失常,气的调控功能紊乱,气的固摄功能不足,,,
E,胞宫的主要生理功能是,主月经,主带下,主孕育胎儿,主月经和孕育胎儿,主经、带、胎、产,,,
D,下列除哪项外，均是胞宫的别称,子处,女子胞,子宫,子门,胞室,,,
D,白疕（寻常型）血热内蕴证采用的治疗方药为,清瘟败毒饮,萆薢渗湿汤,桃红四物汤,犀角地黄汤,当归饮子,,,
A,患者，女，19岁。月经29天一行，量多，色紫红，质稠，心烦，口渴，舌红苔黄，脉滑数有力。其诊断是,月经过多血热证,月经先期血热证,月经先期虚热证,月经先期肝热证,月经过多气虚证,,,
D,患者，男，55岁。2个月前出现吃干硬食物时有哽噎感、喜软食，且哽噎感越来越明显，查体无阳性体征，钡餐造影见局限性食管管壁僵硬，化验检查无明显异常。首先应考虑的是,食管憩室,食管炎,食管静脉曲张,食管癌,贲门失弛缓症,,,
C,患者，男，20岁。1周来发热、食欲减退、厌油、恶心、呕吐、尿黄，黄疸急剧加重。近2天出现嗜睡，烦躁不安。查体：牙龈出血，皮下瘀斑，肝肋下未扪及。实验室检查：血清总胆红素170μmol/L，凝血酶原活动度35%。应首先考虑诊断为,急性肝炎,中毒性肝炎,急性重型肝炎,淤胆型肝炎,慢性肝炎,,,
B,治疗麻疹逆证邪陷心肝的首选方剂是,朱砂滚痰丸,羚角钩藤汤,涤痰汤,加味温胆汤,小儿回春丹,,,
B,妊娠恶阻的主要病机是,胃气亏虚，和降失司,冲脉之气上逆，胃失和降,肝郁化热，气逆犯胃,痰湿内蕴，胃失和降,气血逆乱，冲气上逆,,,
A,"产后""三急""是指",呕吐、盗汗、泄泻,心悸、气短、抽搐,发热、腹痛、泄泻,便难、尿闭、汗出,头晕、发热、抽搐,,,
C,下列各项中不属特殊之毒中脏腑而致失和的是,虫毒,蛇毒,冻伤,疯犬毒,疫毒,,,
E,对慢性湿疮的叙述，错误的是,常由急性、亚急性湿疮转变而来,皮损多局限于某一部位,皮损增厚，有色素沉着,常有鳞屑，伴抓痕、血痂,常先有瘙痒感，随后再起皮疹,,,
B,小儿咳嗽风寒束肺证宜选用的方剂是,小青龙汤,金沸草散,清宁散,沙参麦冬汤,二陈汤合三子养亲汤,,,
C,治疗血瘀不孕症，应首选,血府逐瘀汤,膈下逐瘀汤,少腹逐瘀汤,桃红四物汤,开郁种玉汤,,,
A,下列关于接触性皮炎的皮损特点的叙述，错误的是,皮损以丘疹、结痂、鳞屑为主,皮损多局限于接触部位，边界清楚，形状与接触物大抵一致,发生于组织疏松部位，表现为皮肤局限性水肿,皮损为红斑、肿胀、丘疹、水疱等,皮疹不仅局限于接触部位，还可泛发全身,,,
C,"被誉为""儿科之圣""的古代医家是",扁鹊,巢元方,钱乙,万全,吴鞠通,,,
A,治疗癥瘕湿热瘀阻证，应首选的方剂是,大黄牡丹汤,大黄（庶虫）虫丸,银甲丸,清热调血汤,龙胆泻肝汤,,,
D,"提出""外疡实从内出论""观点的医家是",陈实功,巢元方,王惟德,高锦庭,汪机,,,
C,下列各项中不属瘤的特点的是,局限性肿块,生于体表,局部漫肿,发展缓慢,一般无自觉症状,,,
C,"下列各项中不属有机磷农药中毒治疗中""阿托品化""临床表现的是",瞳孔较前扩大,心率加快,流涎加重,颜面潮红,肺部湿啰音消失,,,
B,下列不是慢性肾小球肾炎基本临床表现的是,蛋白尿,不同程度的肾功能减退,高血压,水肿,血尿,,,
A,濡脉的脉象特征是,浮细无力,沉细无力,浮细有力,沉细有力,浮而中空,,,
C,治疗急性坏死型胰腺炎的较好药物是,大量使用抗生素,积极抗休克治疗,生长抑素及其类似物,用吗啡止痛,补充液体和电解质,,,
C,下列各项中可在使用有效抗结核药物的同时，加用糖皮质激素的是,伴咯血,空洞形成,急性粟粒型肺结核,干性胸膜炎,抗痨药引起肝损伤,,,
B,黄水疮暑湿热蕴证代表方为,黄连解毒汤,清暑汤,参苓白术散,七宝美髯丹,五味消毒饮,,,
A,患儿，见壮热不退，烦躁不安，口渴欲饮，面红目赤，皮疹分布较密，疹色紫暗，疱浆混浊，甚至可见出血性皮疹、紫癜，大便干结，小便短黄，舌红或绛，苔黄糙而干，脉数有力。治宜,清气凉营，解毒化湿,疏风散火，清热解毒,清热利湿，凉血解毒,清心凉血，泻火解毒,疏风清热，利湿解毒,,,
E,某患者受冷风吹面后，次日晨起发现口角流涎。查体：一侧眼裂较大，不能皱额，鼻唇沟变浅，口角下垂。应首先考虑诊断为,蛛网膜下隙出血,脑瘤,脑梗死,脑出血,周围性面神经麻痹,,,
A,患者，男，31岁。突发寒战，体温39℃。腹泻十余次，伴里急后重，便为稀便，很快转化为脓血便。粪常规示：红细胞5/HP，白细胞10/HP，脓细胞(++)。最可能的诊断是,细菌性痢疾,伤寒,阿米巴痢疾,肠炎,食物中毒,,,
B,小儿感冒易引起惊厥的年龄是,6个月以内,6个月～3岁,6个月～5岁,6个月～7岁,任何年龄,,,
D,下述各项不属于急性肾小球肾炎临床特点的是,水肿,血尿,少尿,高脂血症,高血压,,,
B,阴痒的病机是,肾阴虚损，阴虚燥热,肝经湿热，肝肾阴虚,肝郁血虚，血虚生风,会阴损伤，湿热虫蚀,痰湿瘀结，郁而化热,,,
A,月经先期脾气虚证，治疗应首选,补中益气汤,固阴煎,清经散,两地汤,丹栀逍遥散,,,
C,下列哪项不是月经的生理现象,周期21～35天,经期3～7天,经量100～150ml,经色暗红,经质不稀不稠，无血块，无特殊气味,,,
B,良方温经汤可用于哪一型月经后期,虚寒型,实寒型,血虚型,寒湿型,肾虚型,,,
C,现存最早的妇产科专著是,《经效产宝》,《内经》,《胎产书》,《金匮要略》,《十产论》,,,
D,治疗肾虚型子肿的代表方剂是,白术散,六味地黄丸,五苓散,真武汤,健固汤,,,
D,原发性不孕是指,曾有过妊娠，而后未避孕，又连续2年未再受孕者,女子婚后未避孕，有正常性生活，同居2年，而未受孕者,女子婚后未避孕，有正常性生活，同居半年，而未受孕者,女子婚后未避孕，有正常性生活，同居1年，而未受孕者,女子婚后未避孕，有正常性生活，同居3年，而未受孕者,,,
B,小儿易发生好动、惊惕、抽风等症，原因主要是,心常有余,肝常有余,脾常不足,稚阳未充,肾常虚,,,
B,肺炎合并心力衰竭呼吸超过,50次/分,60次/分,140次/分,180次/分,200次/分,,,
D,肺炎合并心力衰竭心率超过,50次/分,60次/分,140次/分,180次/分,200次/分,,,
C,八脉交会穴中通带脉的是,阳陵泉,悬钟,足临泣,公孙,足三里,,,
A,八会穴中的筋会穴是,阳陵泉,悬钟,足临泣,公孙,足三里,,,
D,足太阴脾经的原穴是,三阴交,地机,隐白,太白,公孙,,,
B,足太阴脾经的郄穴是,三阴交,地机,隐白,太白,公孙,,,
A,口疳的病机是,脾病及心,脾病及肺,脾病及肝,阳虚水泛,脾病及肾,,,
D,疳肿胀的病机是,脾病及心,脾病及肺,脾病及肝,阳虚水泛,脾病及肾,,,
A,内陷的病因病机是,正虚,邪实,阴伤,腑实,表虚,,,
B,走黄的病因病机是,正虚,邪实,阴伤,腑实,表虚,,,
A,脾胃虚弱恶阻的辨证要点是,妊娠初期，呕吐不食，或呕吐清涎,妊娠初期，恶心欲呕，晨起尤甚,妊娠初期，呕吐酸水、苦水,妊娠初期，呕吐痰涎，胸脘满闷,妊娠初期，呕吐剧烈，干呕或呕吐苦黄水甚则血水,,,
C,肝胃不和恶阻的辨证要点是,妊娠初期，呕吐不食，或呕吐清涎,妊娠初期，恶心欲呕，晨起尤甚,妊娠初期，呕吐酸水、苦水,妊娠初期，呕吐痰涎，胸脘满闷,妊娠初期，呕吐剧烈，干呕或呕吐苦黄水甚则血水,,,
C,治疗产后发热血虚证，应首选,五味消毒饮,生化汤,补中益气汤,荆防四物汤,银翘散,,,
B,治疗产后发热血瘀证，应首选,五味消毒饮,生化汤,补中益气汤,荆防四物汤,银翘散,,,
D,遗尿肺脾气虚证的治法是,清热利湿，通利膀胱,温补肾阳，固涩小便,温补脾肾，升提固摄,补肺益脾，固涩膀胱,培元益气，安神固脬,,,
C,尿频脾肾气虚证的治法是,清热利湿，通利膀胱,温补肾阳，固涩小便,温补脾肾，升提固摄,补肺益脾，固涩膀胱,培元益气，安神固脬,,,
E,蛔虫病蛔厥证的腹痛特征是,满腹疼痛，拒按,下腹部疼痛，拒按,腹痛绵绵喜按，得温则舒,腹痛绕脐喜按，得食则减,突然右上腹部疼痛伴呕吐,,,
D,蛔虫病肠虫证的腹痛特点是,满腹疼痛，拒按,下腹部疼痛，拒按,腹痛绵绵喜按，得温则舒,腹痛绕脐喜按，得食则减,突然右上腹部疼痛伴呕吐,,,
B,治疗丹痧毒炽气营证，应首选,解肌透痧汤,凉营清气汤,沙参麦冬汤,银翘散,清胃解毒汤,,,
A,治疗丹痧邪侵肺卫证，应首选,解肌透痧汤,凉营清气汤,沙参麦冬汤,银翘散,清胃解毒汤,,,
E,走黄属毒盛入血型的主方为,普济消毒饮,阳和汤,托里消毒散,五神汤,犀角地黄汤,,,
A,丹毒属风热毒蕴型的主方为,普济消毒饮,阳和汤,托里消毒散,五神汤,犀角地黄汤,,,
D,治疗月经过少肾虚证，应首选,血府逐瘀汤,启宫丸,乌药汤,归肾丸,滋血汤,,,
E,治疗月经过少血虚证，应首选,血府逐瘀汤,启宫丸,乌药汤,归肾丸,滋血汤,,,
A,风寒咳嗽的治疗方法是,疏风散寒，宣肺止咳,疏风清肺,辛温解表,辛凉解表,清肺化痰,,,
C,风寒感冒的治疗方法是,疏风散寒，宣肺止咳,疏风清肺,辛温解表,辛凉解表,清肺化痰,,,
E,新生儿～1岁小儿每分钟的脉搏为,35～30次,45～40次,90～70次,120～100次,160～120次,,,
C,4～6个月婴儿每分钟呼吸约为,45～50次,40～45次,30～40次,20～25次,18～20次,,,
B,治疗痄腮邪犯少阳证主方为,桑菊饮,柴胡葛根汤,黄连解毒汤,普济消毒饮,三黄石膏汤,,,
D,治疗痄腮热毒壅盛证主方为,桑菊饮,柴胡葛根汤,黄连解毒汤,普济消毒饮,三黄石膏汤,,,
E,泻心导赤散可用于治疗,疳气,疳积,干疳,眼疳,口疳,,,
A,滋生健脾丸可用于治疗,疳气,疳积,干疳,眼疳,口疳,,,
D,望妇人面色，若面色淡白无华者多为,脾虚,气虚,阳虚,血虚,阴虚,,,
A,望妇人面色，若面色萎黄者多为,脾虚,气虚,阳虚,血虚,阴虚,,,
B,海绵状血管瘤的显著特点是,皮色鲜红,压缩性大,青筋累累,边界不清,质地坚硬,,,
B,下列各项中符合海绵状血管瘤特点的是,皮色鲜红,压缩性大,青筋累累,边界不清,质地坚硬,,,
